# WaveFront *.obj file (generated by Autodesk ATF)

mtllib Template Extruder.mtl

g Template Extruder

v 8.982180 -48.100000 7.081133
v 9.904859 -48.100000 7.081133
v 9.991896 -49.100000 7.081133
v 9.825174 -49.100000 7.081133
v -9.904859 -48.100000 7.081133
v -8.982180 -48.100000 7.081133
v -9.825174 -49.100000 7.081133
v -9.991896 -49.100000 7.081133
v -9.904859 -48.100000 6.600000
v -9.991896 -49.100000 6.914549
v -9.967230 -48.690090 6.600000
v -10.291998 -49.100000 6.600000
v -10.093012 -49.100000 6.810735
v -10.193049 -49.100000 6.705882
v 9.967230 -48.690090 6.600000
v 10.291998 -49.100000 6.600000
v 10.193049 -49.100000 6.705882
v 10.093012 -49.100000 6.810735
v 9.991896 -49.100000 6.914549
v 9.904859 -48.100000 6.600000
v -7.965228 -48.100000 7.908631
v -6.872496 -48.100000 8.633119
v -5.714380 -48.100000 9.247703
v -4.501900 -48.100000 9.746537
v -3.246589 -48.100000 10.124876
v -1.960391 -48.100000 10.379119
v -0.655543 -48.100000 10.506848
v 0.655543 -48.100000 10.506848
v 1.960391 -48.100000 10.379119
v 3.246589 -48.100000 10.124876
v 4.501900 -48.100000 9.746537
v 5.714380 -48.100000 9.247703
v 6.872496 -48.100000 8.633119
v 7.965228 -48.100000 7.908631
v 8.809717 -49.100000 7.986312
v 7.711311 -49.100000 8.788811
v 6.540298 -49.100000 9.481074
v 5.307704 -49.100000 10.056584
v 4.025134 -49.100000 10.509921
v 2.704665 -49.100000 10.836817
v 1.358729 -49.100000 11.034194
v -0.000000 -49.100000 11.100193
v -1.358729 -49.100000 11.034194
v -2.704665 -49.100000 10.836817
v -4.025134 -49.100000 10.509921
v -5.307704 -49.100000 10.056584
v -6.540298 -49.100000 9.481074
v -7.711311 -49.100000 8.788811
v -8.809717 -49.100000 7.986312
v -14.250000 -60.500000 -2.918867
v -14.181382 -60.500000 -4.315611
v -13.976190 -60.500000 -5.698904
v -13.636400 -60.500000 -7.055423
v -13.165283 -60.500000 -8.372106
v -12.567378 -60.500000 -9.636270
v -11.848442 -60.500000 -10.835742
v -11.015399 -60.500000 -11.958971
v -10.076272 -60.500000 -12.995138
v -9.040104 -60.500000 -13.934266
v -7.916876 -60.500000 -14.767309
v -6.717403 -60.500000 -15.486245
v -5.453239 -60.500000 -16.084150
v -4.136557 -60.500000 -16.555266
v -2.780037 -60.500000 -16.895057
v -1.396744 -60.500000 -17.100249
v -0.000000 -60.500000 -17.168867
v 1.396744 -60.500000 -17.100249
v 2.780037 -60.500000 -16.895057
v 4.136557 -60.500000 -16.555266
v 5.453239 -60.500000 -16.084150
v 6.717403 -60.500000 -15.486245
v 7.916876 -60.500000 -14.767309
v 9.040104 -60.500000 -13.934266
v 10.076272 -60.500000 -12.995138
v 11.015399 -60.500000 -11.958971
v 11.848442 -60.500000 -10.835742
v 12.567378 -60.500000 -9.636270
v 13.165283 -60.500000 -8.372106
v 13.636400 -60.500000 -7.055423
v 13.976190 -60.500000 -5.698904
v 14.181382 -60.500000 -4.315611
v 14.250000 -60.500000 -2.918867
v 14.181382 -60.500000 -1.522122
v 13.976190 -60.500000 -0.138830
v 13.636400 -60.500000 1.217690
v 13.165283 -60.500000 2.534372
v 12.567378 -60.500000 3.798537
v 11.848442 -60.500000 4.998009
v 11.015399 -60.500000 6.121238
v 10.076272 -60.500000 7.157405
v 9.040104 -60.500000 8.096532
v 7.916876 -60.500000 8.929575
v 6.717403 -60.500000 9.648511
v 5.453239 -60.500000 10.246417
v 4.136557 -60.500000 10.717533
v 2.780037 -60.500000 11.057324
v 1.396744 -60.500000 11.262516
v -0.000000 -60.500000 11.331133
v -1.396744 -60.500000 11.262516
v -2.780037 -60.500000 11.057324
v -4.136557 -60.500000 10.717533
v -5.453239 -60.500000 10.246417
v -6.717403 -60.500000 9.648511
v -7.916876 -60.500000 8.929575
v -9.040104 -60.500000 8.096532
v -10.076272 -60.500000 7.157405
v -11.015399 -60.500000 6.121238
v -11.848442 -60.500000 4.998009
v -12.567378 -60.500000 3.798537
v -13.165283 -60.500000 2.534372
v -13.636400 -60.500000 1.217690
v -13.976190 -60.500000 -0.138830
v -14.181382 -60.500000 -1.522122
v -14.250000 -59.600000 -2.918867
v -14.181382 -59.600000 -1.522122
v -13.976190 -59.600000 -0.138830
v -13.636400 -59.600000 1.217690
v -13.165283 -59.600000 2.534372
v -12.567378 -59.600000 3.798537
v -11.848442 -59.600000 4.998009
v -11.015399 -59.600000 6.121238
v -10.076272 -59.600000 7.157405
v -9.040104 -59.600000 8.096532
v -7.916876 -59.600000 8.929575
v -6.717403 -59.600000 9.648511
v -5.453239 -59.600000 10.246417
v -4.136557 -59.600000 10.717533
v -2.780037 -59.600000 11.057324
v -1.396744 -59.600000 11.262516
v -0.000000 -59.600000 11.331133
v 1.396744 -59.600000 11.262516
v 2.780037 -59.600000 11.057324
v 4.136557 -59.600000 10.717533
v 5.453239 -59.600000 10.246417
v 6.717403 -59.600000 9.648511
v 7.916876 -59.600000 8.929575
v 9.040104 -59.600000 8.096532
v 10.076272 -59.600000 7.157405
v 11.015399 -59.600000 6.121238
v 11.848442 -59.600000 4.998009
v 12.567378 -59.600000 3.798537
v 13.165283 -59.600000 2.534372
v 13.636400 -59.600000 1.217690
v 13.976190 -59.600000 -0.138830
v 14.181382 -59.600000 -1.522122
v 14.250000 -59.600000 -2.918867
v 14.181382 -59.600000 -4.315611
v 13.976190 -59.600000 -5.698904
v 13.636400 -59.600000 -7.055423
v 13.165283 -59.600000 -8.372106
v 12.567378 -59.600000 -9.636270
v 11.848442 -59.600000 -10.835742
v 11.015399 -59.600000 -11.958971
v 10.076272 -59.600000 -12.995138
v 9.040104 -59.600000 -13.934266
v 7.916876 -59.600000 -14.767309
v 6.717403 -59.600000 -15.486245
v 5.453239 -59.600000 -16.084150
v 4.136557 -59.600000 -16.555266
v 2.780037 -59.600000 -16.895057
v 1.396744 -59.600000 -17.100249
v -0.000000 -59.600000 -17.168867
v -1.396744 -59.600000 -17.100249
v -2.780037 -59.600000 -16.895057
v -4.136557 -59.600000 -16.555266
v -5.453239 -59.600000 -16.084150
v -6.717403 -59.600000 -15.486245
v -7.916876 -59.600000 -14.767309
v -9.040104 -59.600000 -13.934266
v -10.076272 -59.600000 -12.995138
v -11.015399 -59.600000 -11.958971
v -11.848442 -59.600000 -10.835742
v -12.567378 -59.600000 -9.636270
v -13.165283 -59.600000 -8.372106
v -13.636400 -59.600000 -7.055423
v -13.976190 -59.600000 -5.698904
v -14.181382 -59.600000 -4.315611
v 15.000000 -48.100000 6.600000
v 15.000000 -49.100000 6.600000
v -15.000000 -49.100000 6.600000
v -15.000000 -48.100000 6.600000
v 10.450000 -49.100000 9.081133
v 10.502815 -49.100000 9.482303
v 10.657661 -49.100000 9.856133
v 10.903984 -49.100000 10.177149
v 11.225000 -49.100000 10.423473
v 11.598830 -49.100000 10.578318
v 12.000000 -49.100000 10.631133
v 12.401170 -49.100000 10.578318
v 12.775000 -49.100000 10.423473
v 13.096016 -49.100000 10.177149
v 13.342339 -49.100000 9.856133
v 13.497185 -49.100000 9.482303
v 13.550000 -49.100000 9.081133
v 13.497185 -49.100000 8.679964
v 13.342339 -49.100000 8.306133
v 13.096016 -49.100000 7.985118
v 12.775000 -49.100000 7.738794
v 12.401170 -49.100000 7.583948
v 12.000000 -49.100000 7.531133
v 11.598830 -49.100000 7.583948
v 11.225000 -49.100000 7.738794
v 10.903984 -49.100000 7.985118
v 10.657661 -49.100000 8.306133
v 10.502815 -49.100000 8.679964
v -13.550000 -49.100000 9.081133
v -13.497185 -49.100000 9.482303
v -13.342339 -49.100000 9.856133
v -13.096016 -49.100000 10.177149
v -12.775000 -49.100000 10.423473
v -12.401170 -49.100000 10.578318
v -12.000000 -49.100000 10.631133
v -11.598830 -49.100000 10.578318
v -11.225000 -49.100000 10.423473
v -10.903984 -49.100000 10.177149
v -10.657661 -49.100000 9.856133
v -10.502815 -49.100000 9.482303
v -10.450000 -49.100000 9.081133
v -10.502815 -49.100000 8.679964
v -10.657661 -49.100000 8.306133
v -10.903984 -49.100000 7.985118
v -11.225000 -49.100000 7.738794
v -11.598830 -49.100000 7.583948
v -12.000000 -49.100000 7.531133
v -12.401170 -49.100000 7.583948
v -12.775000 -49.100000 7.738794
v -13.096016 -49.100000 7.985118
v -13.342339 -49.100000 8.306133
v -13.497185 -49.100000 8.679964
v 15.000000 -49.100000 19.600000
v -4.620000 -49.100000 19.600000
v -4.620000 -49.100000 25.600000
v -8.620000 -49.100000 25.600000
v -8.620000 -49.100000 19.600000
v -15.000000 -49.100000 19.600000
v -15.000000 -29.000000 19.600000
v -15.000000 -29.000000 9.600000
v -15.000000 -25.402641 9.600000
v -15.000000 -25.402641 19.600000
v 15.288235 -21.056811 9.600000
v 15.257476 -20.986031 9.600000
v 15.209677 -20.925441 9.600000
v 15.148002 -20.879049 9.600000
v 15.076534 -20.849927 9.600000
v 15.000000 -20.840000 9.600000
v 15.000000 -19.400000 9.600000
v 18.400000 -19.400000 9.600000
v 18.400000 -25.800000 9.600000
v 17.300000 -26.900000 9.600000
v 17.261274 -26.900000 9.600000
v 15.000000 -29.000000 9.600000
v 15.000000 -25.402641 9.600000
v 15.076534 -25.392714 9.600000
v 15.148002 -25.363591 9.600000
v 15.209677 -25.317200 9.600000
v 15.257476 -25.256609 9.600000
v 15.288235 -25.185830 9.600000
v 15.318872 -25.105667 9.600000
v 15.362491 -25.031762 9.600000
v 15.417863 -24.966199 9.600000
v 16.844878 -23.539184 9.600000
v 16.910442 -23.483812 9.600000
v 16.984347 -23.440192 9.600000
v 17.064509 -23.409556 9.600000
v 17.135289 -23.378796 9.600000
v 17.195879 -23.330997 9.600000
v 17.242271 -23.269323 9.600000
v 17.271394 -23.197854 9.600000
v 17.281320 -23.121320 9.600000
v 17.271394 -23.044787 9.600000
v 17.242271 -22.973318 9.600000
v 17.195879 -22.911643 9.600000
v 17.135289 -22.863845 9.600000
v 17.064509 -22.833085 9.600000
v 16.984347 -22.802449 9.600000
v 16.910442 -22.758829 9.600000
v 16.844878 -22.703457 9.600000
v 15.417863 -21.276442 9.600000
v 15.362491 -21.210879 9.600000
v 15.318872 -21.136974 9.600000
v 15.000000 -29.000000 19.600000
v 15.000000 -25.402641 19.600000
v -15.000000 -19.400000 9.600000
v -15.000000 -19.400000 19.600000
v -15.000000 -20.840000 19.600000
v -15.000000 -20.840000 9.600000
v -15.000000 -48.100000 19.600000
v 15.000000 -48.100000 19.600000
v 15.000000 -20.840000 19.600000
v 15.000000 -19.400000 19.600000
v -17.261274 -26.900000 9.600000
v -17.300000 -26.900000 9.600000
v -18.400000 -25.800000 9.600000
v -18.400000 -19.400000 9.600000
v -15.076534 -20.849927 9.600000
v -15.148002 -20.879049 9.600000
v -15.209677 -20.925441 9.600000
v -15.257476 -20.986031 9.600000
v -15.288235 -21.056811 9.600000
v -15.318872 -21.136974 9.600000
v -15.362491 -21.210879 9.600000
v -15.417863 -21.276442 9.600000
v -16.844878 -22.703457 9.600000
v -16.910442 -22.758829 9.600000
v -16.984347 -22.802449 9.600000
v -17.064509 -22.833085 9.600000
v -17.135289 -22.863845 9.600000
v -17.195879 -22.911643 9.600000
v -17.242271 -22.973318 9.600000
v -17.271394 -23.044787 9.600000
v -17.281320 -23.121320 9.600000
v -17.271394 -23.197854 9.600000
v -17.242271 -23.269323 9.600000
v -17.195879 -23.330997 9.600000
v -17.135289 -23.378796 9.600000
v -17.064509 -23.409556 9.600000
v -16.984347 -23.440192 9.600000
v -16.910442 -23.483812 9.600000
v -16.844878 -23.539184 9.600000
v -15.417863 -24.966199 9.600000
v -15.362491 -25.031762 9.600000
v -15.318872 -25.105667 9.600000
v -15.288235 -25.185830 9.600000
v -15.257476 -25.256609 9.600000
v -15.209677 -25.317200 9.600000
v -15.148002 -25.363591 9.600000
v -15.076534 -25.392714 9.600000
v 15.417863 -21.276442 24.700000
v 15.375288 -21.228128 24.704058
v 15.339127 -21.174843 24.716166
v 15.309955 -21.117434 24.736133
v 15.288235 -21.056811 24.763642
v 15.339127 -21.174843 12.127274
v 15.339127 -21.174843 14.654547
v 15.339127 -21.174843 17.181821
v 15.339127 -21.174843 19.709094
v 15.339127 -21.174843 22.236368
v 16.844878 -22.703457 24.700000
v 17.064509 -22.833085 24.763642
v 17.003887 -22.811365 24.736133
v 16.946477 -22.782193 24.716166
v 16.893192 -22.746032 24.704058
v 16.946477 -22.782193 12.127274
v 16.946477 -22.782193 14.654547
v 16.946477 -22.782193 17.181821
v 16.946477 -22.782193 19.709094
v 16.946477 -22.782193 22.236368
v 17.064509 -23.409556 24.763642
v 17.109701 -23.392463 24.783511
v 17.151562 -23.368338 24.796052
v 17.189008 -23.337806 24.800941
v 17.221067 -23.301658 24.798049
v 17.246907 -23.260833 24.787453
v 17.265858 -23.216389 24.769428
v 17.277430 -23.169479 24.744439
v 17.281320 -23.121320 24.713137
v 17.277430 -23.073161 24.744439
v 17.265858 -23.026252 24.769428
v 17.246907 -22.981808 24.787453
v 17.221067 -22.940983 24.798049
v 17.189008 -22.904835 24.800941
v 17.151562 -22.874303 24.796052
v 17.109701 -22.850177 24.783511
v 17.135289 -22.863845 11.120094
v 17.135289 -22.863845 12.640188
v 17.135289 -22.863845 14.160282
v 17.135289 -22.863845 15.680376
v 17.135289 -22.863845 17.200470
v 17.135289 -22.863845 18.720564
v 17.135289 -22.863845 20.240658
v 17.135289 -22.863845 21.760752
v 17.135289 -22.863845 23.280846
v 17.195879 -22.911643 11.120094
v 17.195879 -22.911643 12.640188
v 17.195879 -22.911643 14.160282
v 17.195879 -22.911643 15.680376
v 17.195879 -22.911643 17.200470
v 17.195879 -22.911643 18.720564
v 17.195879 -22.911643 20.240658
v 17.195879 -22.911643 21.760752
v 17.195879 -22.911643 23.280846
v 17.242271 -22.973318 11.120094
v 17.242271 -22.973318 12.640188
v 17.242271 -22.973318 14.160282
v 17.242271 -22.973318 15.680376
v 17.242271 -22.973318 17.200470
v 17.242271 -22.973318 18.720564
v 17.242271 -22.973318 20.240658
v 17.242271 -22.973318 21.760752
v 17.242271 -22.973318 23.280846
v 17.271394 -23.044787 11.120094
v 17.271394 -23.044787 12.640188
v 17.271394 -23.044787 14.160282
v 17.271394 -23.044787 15.680376
v 17.271394 -23.044787 17.200470
v 17.271394 -23.044787 18.720564
v 17.271394 -23.044787 20.240658
v 17.271394 -23.044787 21.760752
v 17.271394 -23.044787 23.280846
v 17.281320 -23.121320 11.120094
v 17.281320 -23.121320 12.640188
v 17.281320 -23.121320 14.160282
v 17.281320 -23.121320 15.680376
v 17.281320 -23.121320 17.200470
v 17.281320 -23.121320 18.720564
v 17.281320 -23.121320 20.240658
v 17.281320 -23.121320 21.760752
v 17.281320 -23.121320 23.280846
v 17.271394 -23.197854 11.120094
v 17.271394 -23.197854 12.640188
v 17.271394 -23.197854 14.160282
v 17.271394 -23.197854 15.680376
v 17.271394 -23.197854 17.200470
v 17.271394 -23.197854 18.720564
v 17.271394 -23.197854 20.240658
v 17.271394 -23.197854 21.760752
v 17.271394 -23.197854 23.280846
v 17.242271 -23.269323 11.120094
v 17.242271 -23.269323 12.640188
v 17.242271 -23.269323 14.160282
v 17.242271 -23.269323 15.680376
v 17.242271 -23.269323 17.200470
v 17.242271 -23.269323 18.720564
v 17.242271 -23.269323 20.240658
v 17.242271 -23.269323 21.760752
v 17.242271 -23.269323 23.280846
v 17.195879 -23.330997 11.120094
v 17.195879 -23.330997 12.640188
v 17.195879 -23.330997 14.160282
v 17.195879 -23.330997 15.680376
v 17.195879 -23.330997 17.200470
v 17.195879 -23.330997 18.720564
v 17.195879 -23.330997 20.240658
v 17.195879 -23.330997 21.760752
v 17.195879 -23.330997 23.280846
v 17.135289 -23.378796 11.120094
v 17.135289 -23.378796 12.640188
v 17.135289 -23.378796 14.160282
v 17.135289 -23.378796 15.680376
v 17.135289 -23.378796 17.200470
v 17.135289 -23.378796 18.720564
v 17.135289 -23.378796 20.240658
v 17.135289 -23.378796 21.760752
v 17.135289 -23.378796 23.280846
v 16.844878 -23.539184 24.700000
v 16.893192 -23.496608 24.704058
v 16.946477 -23.460448 24.716166
v 17.003887 -23.431276 24.736133
v 16.946477 -23.460448 12.127274
v 16.946477 -23.460448 14.654547
v 16.946477 -23.460448 17.181821
v 16.946477 -23.460448 19.709094
v 16.946477 -23.460448 22.236368
v 15.417863 -24.966199 24.700000
v 15.288235 -25.185830 24.763642
v 15.309955 -25.125207 24.736133
v 15.339127 -25.067797 24.716166
v 15.375288 -25.014512 24.704058
v 15.339127 -25.067797 12.127274
v 15.339127 -25.067797 14.654547
v 15.339127 -25.067797 17.181821
v 15.339127 -25.067797 19.709094
v 15.339127 -25.067797 22.236368
v 14.923466 -25.392714 19.600000
v 14.851998 -25.363591 19.600000
v 14.790323 -25.317200 19.600000
v 14.742524 -25.256609 19.600000
v 14.711765 -25.185830 19.600000
v 14.711765 -25.185830 24.763642
v 14.728857 -25.231021 24.783511
v 14.752982 -25.272883 24.796052
v 14.783515 -25.310328 24.800941
v 14.819662 -25.342387 24.798049
v 14.860488 -25.368227 24.787453
v 14.904931 -25.387179 24.769428
v 14.951841 -25.398750 24.744439
v 15.000000 -25.402641 24.713137
v 15.048159 -25.398750 24.744439
v 15.095069 -25.387179 24.769428
v 15.139512 -25.368227 24.787453
v 15.180338 -25.342387 24.798049
v 15.216485 -25.310328 24.800941
v 15.247018 -25.272883 24.796052
v 15.271143 -25.231021 24.783511
v 15.257476 -25.256609 11.120094
v 15.257476 -25.256609 12.640188
v 15.257476 -25.256609 14.160282
v 15.257476 -25.256609 15.680376
v 15.257476 -25.256609 17.200470
v 15.257476 -25.256609 18.720564
v 15.257476 -25.256609 20.240658
v 15.257476 -25.256609 21.760752
v 15.257476 -25.256609 23.280846
v 15.209677 -25.317200 11.120094
v 15.209677 -25.317200 12.640188
v 15.209677 -25.317200 14.160282
v 15.209677 -25.317200 15.680376
v 15.209677 -25.317200 17.200470
v 15.209677 -25.317200 18.720564
v 15.209677 -25.317200 20.240658
v 15.209677 -25.317200 21.760752
v 15.209677 -25.317200 23.280846
v 15.148002 -25.363591 11.120094
v 15.148002 -25.363591 12.640188
v 15.148002 -25.363591 14.160282
v 15.148002 -25.363591 15.680376
v 15.148002 -25.363591 17.200470
v 15.148002 -25.363591 18.720564
v 15.148002 -25.363591 20.240658
v 15.148002 -25.363591 21.760752
v 15.148002 -25.363591 23.280846
v 15.076534 -25.392714 11.120094
v 15.076534 -25.392714 12.640188
v 15.076534 -25.392714 14.160282
v 15.076534 -25.392714 15.680376
v 15.076534 -25.392714 17.200470
v 15.076534 -25.392714 18.720564
v 15.076534 -25.392714 20.240658
v 15.076534 -25.392714 21.760752
v 15.076534 -25.392714 23.280846
v 14.923466 -25.392714 20.240658
v 14.923466 -25.392714 21.760752
v 14.923466 -25.392714 23.280846
v 14.851998 -25.363591 20.240658
v 14.851998 -25.363591 21.760752
v 14.851998 -25.363591 23.280846
v 14.790323 -25.317200 20.240658
v 14.790323 -25.317200 21.760752
v 14.790323 -25.317200 23.280846
v 14.742524 -25.256609 20.240658
v 14.742524 -25.256609 21.760752
v 14.742524 -25.256609 23.280846
v 18.400000 -25.800000 19.600000
v 17.300000 -26.900000 19.600000
v 18.400000 -19.400000 19.600000
v -18.400000 -19.400000 19.600000
v -16.546578 -19.400000 19.600000
v -16.058084 -19.400000 19.945418
v -15.710080 -19.400000 19.600000
v 15.710080 -19.400000 19.600000
v 16.058084 -19.400000 19.945418
v 16.546578 -19.400000 19.600000
v -18.400000 -25.800000 19.600000
v -14.923466 -20.849927 19.600000
v -14.851998 -20.879049 19.600000
v -14.790323 -20.925441 19.600000
v -14.742524 -20.986031 19.600000
v -14.711765 -21.056811 19.600000
v -14.711765 -21.056811 24.763642
v -14.728857 -21.011620 24.783511
v -14.752982 -20.969758 24.796052
v -14.783515 -20.932312 24.800941
v -14.819662 -20.900254 24.798049
v -14.860488 -20.874413 24.787453
v -14.904931 -20.855462 24.769428
v -14.951841 -20.843891 24.744439
v -15.000000 -20.840000 24.713137
v -15.048159 -20.843891 24.744439
v -15.095069 -20.855462 24.769428
v -15.139512 -20.874413 24.787453
v -15.180338 -20.900254 24.798049
v -15.216485 -20.932312 24.800941
v -15.247018 -20.969758 24.796052
v -15.271143 -21.011620 24.783511
v -15.288235 -21.056811 24.763642
v -15.257476 -20.986031 11.120094
v -15.257476 -20.986031 12.640188
v -15.257476 -20.986031 14.160282
v -15.257476 -20.986031 15.680376
v -15.257476 -20.986031 17.200470
v -15.257476 -20.986031 18.720564
v -15.257476 -20.986031 20.240658
v -15.257476 -20.986031 21.760752
v -15.257476 -20.986031 23.280846
v -15.209677 -20.925441 11.120094
v -15.209677 -20.925441 12.640188
v -15.209677 -20.925441 14.160282
v -15.209677 -20.925441 15.680376
v -15.209677 -20.925441 17.200470
v -15.209677 -20.925441 18.720564
v -15.209677 -20.925441 20.240658
v -15.209677 -20.925441 21.760752
v -15.209677 -20.925441 23.280846
v -15.148002 -20.879049 11.120094
v -15.148002 -20.879049 12.640188
v -15.148002 -20.879049 14.160282
v -15.148002 -20.879049 15.680376
v -15.148002 -20.879049 17.200470
v -15.148002 -20.879049 18.720564
v -15.148002 -20.879049 20.240658
v -15.148002 -20.879049 21.760752
v -15.148002 -20.879049 23.280846
v -15.076534 -20.849927 11.120094
v -15.076534 -20.849927 12.640188
v -15.076534 -20.849927 14.160282
v -15.076534 -20.849927 15.680376
v -15.076534 -20.849927 17.200470
v -15.076534 -20.849927 18.720564
v -15.076534 -20.849927 20.240658
v -15.076534 -20.849927 21.760752
v -15.076534 -20.849927 23.280846
v -15.000000 -20.840000 20.240658
v -15.000000 -20.840000 21.760752
v -15.000000 -20.840000 23.280846
v -14.923466 -20.849927 20.240658
v -14.923466 -20.849927 21.760752
v -14.923466 -20.849927 23.280846
v -14.851998 -20.879049 20.240658
v -14.851998 -20.879049 21.760752
v -14.851998 -20.879049 23.280846
v -14.790323 -20.925441 20.240658
v -14.790323 -20.925441 21.760752
v -14.790323 -20.925441 23.280846
v -14.742524 -20.986031 20.240658
v -14.742524 -20.986031 21.760752
v -14.742524 -20.986031 23.280846
v -17.300000 -26.900000 19.600000
v -14.681128 -21.136974 19.600000
v -14.637509 -21.210879 19.600000
v -14.582137 -21.276442 19.600000
v -14.582137 -21.276442 24.700000
v -14.624712 -21.228128 24.704058
v -14.660873 -21.174844 24.716166
v -14.690045 -21.117434 24.736133
v -14.660873 -21.174844 22.181821
v -17.261274 -26.900000 19.600000
v -13.155122 -22.703457 19.600000
v -13.155122 -22.703457 24.700000
v -13.089558 -22.758829 19.600000
v -13.015653 -22.802449 19.600000
v -12.935491 -22.833085 19.600000
v -12.935491 -22.833085 24.763642
v -12.996113 -22.811365 24.736133
v -13.053523 -22.782193 24.716166
v -13.106808 -22.746032 24.704058
v -13.053523 -22.782193 22.181821
v -12.864711 -22.863845 19.600000
v -12.804121 -22.911643 19.600000
v -12.757729 -22.973318 19.600000
v -12.728606 -23.044787 19.600000
v -12.718680 -23.121320 19.600000
v -12.728606 -23.197854 19.600000
v -12.757729 -23.269323 19.600000
v -12.804121 -23.330997 19.600000
v -12.864711 -23.378796 19.600000
v -12.935491 -23.409556 19.600000
v -12.935491 -23.409556 24.763642
v -12.890299 -23.392463 24.783511
v -12.848438 -23.368338 24.796052
v -12.810992 -23.337806 24.800941
v -12.778933 -23.301658 24.798049
v -12.753093 -23.260833 24.787453
v -12.734142 -23.216389 24.769428
v -12.722570 -23.169479 24.744439
v -12.718680 -23.121320 24.713137
v -12.722570 -23.073161 24.744439
v -12.734142 -23.026252 24.769428
v -12.753093 -22.981808 24.787453
v -12.778933 -22.940983 24.798049
v -12.810992 -22.904835 24.800941
v -12.848438 -22.874303 24.796052
v -12.890299 -22.850177 24.783511
v -12.864711 -22.863845 20.900235
v -12.864711 -22.863845 22.200470
v -12.864711 -22.863845 23.500705
v -12.804121 -22.911643 20.900235
v -12.804121 -22.911643 22.200470
v -12.804121 -22.911643 23.500705
v -12.757729 -22.973318 20.900235
v -12.757729 -22.973318 22.200470
v -12.757729 -22.973318 23.500705
v -12.728606 -23.044787 20.900235
v -12.728606 -23.044787 22.200470
v -12.728606 -23.044787 23.500705
v -12.718680 -23.121320 20.900235
v -12.718680 -23.121320 22.200470
v -12.718680 -23.121320 23.500705
v -12.728606 -23.197854 20.900235
v -12.728606 -23.197854 22.200470
v -12.728606 -23.197854 23.500705
v -12.757729 -23.269323 20.900235
v -12.757729 -23.269323 22.200470
v -12.757729 -23.269323 23.500705
v -12.804121 -23.330997 20.900235
v -12.804121 -23.330997 22.200470
v -12.804121 -23.330997 23.500705
v -12.864711 -23.378796 20.900235
v -12.864711 -23.378796 22.200470
v -12.864711 -23.378796 23.500705
v -13.015653 -23.440192 19.600000
v -13.089558 -23.483811 19.600000
v -13.155122 -23.539184 19.600000
v -13.155122 -23.539184 24.700000
v -13.106808 -23.496608 24.704058
v -13.053523 -23.460448 24.716166
v -12.996113 -23.431276 24.736133
v -13.053523 -23.460448 22.181821
v -14.582137 -24.966199 19.600000
v -14.582137 -24.966199 24.700000
v -14.637509 -25.031762 19.600000
v -14.681128 -25.105667 19.600000
v -14.711765 -25.185830 19.600000
v -14.711765 -25.185830 24.763642
v -14.690045 -25.125207 24.736133
v -14.660873 -25.067797 24.716166
v -14.624712 -25.014512 24.704058
v -14.660873 -25.067797 22.181821
v 7.464665 -60.500000 25.600000
v 7.920000 -61.514232 25.600000
v 7.920000 -61.514232 20.600000
v 7.464665 -60.500000 20.600000
v -7.475037 -60.500000 20.600000
v -7.920000 -61.514232 20.600000
v -7.920000 -61.514232 25.600000
v -7.475037 -60.500000 25.600000
v 16.000000 -60.500000 25.600000
v 7.020000 -60.500000 20.600000
v 7.020000 -60.500000 25.600000
v -7.020000 -60.500000 25.600000
v -7.020000 -60.500000 20.600000
v -16.000000 -60.500000 25.600000
v -16.000000 -60.500000 19.600000
v -16.000000 -60.500000 -8.900000
v -18.500000 -60.500000 -11.400000
v -18.500000 -60.500000 -18.400000
v 18.500000 -60.500000 -18.400000
v 18.500000 -60.500000 -11.400000
v 16.000000 -60.500000 -8.900000
v 16.000000 -60.500000 19.600000
v 7.020000 -63.600000 25.600000
v -7.020000 -63.600000 25.600000
v 7.020000 -59.600000 25.600000
v -7.020000 -59.600000 25.600000
v -7.020000 -58.007980 25.600000
v -10.020000 -54.846947 25.600000
v -10.020000 -53.318967 25.600000
v 10.020000 -53.318967 25.600000
v 10.020000 -54.846947 25.600000
v 7.020000 -58.007980 25.600000
v -7.920000 -63.600000 25.600000
v -19.126993 -63.600000 25.600000
v -19.126993 -59.500000 25.600000
v -17.000000 -59.500000 25.600000
v 17.000000 -59.500000 25.600000
v 19.126993 -59.500000 25.600000
v 19.126993 -63.600000 25.600000
v 7.920000 -63.600000 25.600000
v 0.000000 -38.200000 25.600000
v -0.547118 -38.130883 25.600000
v -1.059858 -37.927875 25.600000
v -1.506004 -37.603731 25.600000
v -1.857521 -37.178819 25.600000
v -2.092324 -36.679837 25.600000
v -2.195659 -36.138139 25.600000
v -2.161032 -35.587761 25.600000
v -1.990620 -35.063286 25.600000
v -1.695129 -34.597667 25.600000
v -1.293128 -34.220163 25.600000
v -0.809874 -33.954492 25.600000
v -0.275733 -33.817348 25.600000
v 0.275733 -33.817348 25.600000
v 0.809874 -33.954492 25.600000
v 1.293128 -34.220163 25.600000
v 1.695129 -34.597667 25.600000
v 1.990620 -35.063286 25.600000
v 2.161032 -35.587761 25.600000
v 2.195659 -36.138139 25.600000
v 2.092324 -36.679837 25.600000
v 1.857521 -37.178819 25.600000
v 1.506004 -37.603731 25.600000
v 1.059858 -37.927875 25.600000
v 0.547118 -38.130883 25.600000
v 4.523139 -14.198011 25.600000
v 4.520602 -14.200000 25.600000
v 4.524695 -14.200000 25.600000
v 4.675114 -14.444026 25.600000
v 4.768394 -14.715086 25.600000
v 4.800000 -15.000000 25.600000
v 4.768394 -15.284914 25.600000
v 4.675114 -15.555974 25.600000
v 4.524695 -15.800000 25.600000
v 4.520602 -15.800000 25.600000
v 4.523139 -15.801989 25.600000
v 4.283767 -16.037164 25.600000
v 3.992173 -16.203232 25.600000
v 3.667784 -16.289127 25.600000
v 3.332216 -16.289127 25.600000
v 3.007827 -16.203232 25.600000
v 2.716233 -16.037164 25.600000
v 2.476861 -15.801989 25.600000
v 2.479398 -15.800000 25.600000
v 2.475305 -15.800000 25.600000
v 2.324886 -15.555974 25.600000
v 2.231606 -15.284914 25.600000
v 2.200000 -15.000000 25.600000
v 2.231606 -14.715086 25.600000
v 2.324886 -14.444026 25.600000
v 2.475305 -14.200000 25.600000
v 2.479398 -14.200000 25.600000
v 2.476861 -14.198011 25.600000
v 2.716233 -13.962836 25.600000
v 3.007827 -13.796768 25.600000
v 3.332216 -13.710873 25.600000
v 3.667784 -13.710873 25.600000
v 3.992173 -13.796768 25.600000
v 4.283767 -13.962836 25.600000
v 26.637504 -12.801070 25.600000
v 25.000000 -13.251070 25.600000
v 25.000000 -6.771424 25.600000
v 31.317357 -0.454067 25.600000
v 34.077782 -12.801070 25.600000
v 24.938638 -5.559993 25.600000
v 24.681802 -6.453226 25.600000
v 20.546774 -2.318198 25.600000
v 21.689812 -1.811556 25.600000
v 27.299644 3.798276 25.600000
v 30.798276 0.299644 25.600000
v 11.464466 -23.121320 25.600000
v 15.000000 -19.585786 25.600000
v 18.535534 -23.121320 25.600000
v 15.000000 -26.656854 25.600000
v 26.545933 4.317357 25.600000
v 20.228576 -2.000000 25.600000
v 13.748930 -2.000000 25.600000
v 14.198930 -0.434978 25.600000
v 14.198930 7.077782 25.600000
v -20.228576 -2.000000 25.600000
v -26.545933 4.317357 25.600000
v -14.198930 7.077782 25.600000
v -14.198930 -0.434978 25.600000
v -13.748930 -2.000000 25.600000
v -15.000000 -19.585786 25.600000
v -11.464466 -23.121320 25.600000
v -15.000000 -26.656854 25.600000
v -18.535534 -23.121320 25.600000
v -24.681802 -6.453226 25.600000
v -24.938638 -5.559993 25.600000
v -30.798276 0.299644 25.600000
v -27.299644 3.798276 25.600000
v -21.689812 -1.811556 25.600000
v -20.546774 -2.318198 25.600000
v -25.000000 -13.251070 25.600000
v -26.637504 -12.801070 25.600000
v -34.077782 -12.801070 25.600000
v -31.317357 -0.454067 25.600000
v -25.000000 -6.771424 25.600000
v -4.520602 -14.200000 25.600000
v -4.523139 -14.198011 25.600000
v -4.283767 -13.962836 25.600000
v -3.992173 -13.796768 25.600000
v -3.667784 -13.710873 25.600000
v -3.332216 -13.710873 25.600000
v -3.007827 -13.796768 25.600000
v -2.716233 -13.962836 25.600000
v -2.476861 -14.198011 25.600000
v -2.479398 -14.200000 25.600000
v -2.475305 -14.200000 25.600000
v -2.324886 -14.444026 25.600000
v -2.231606 -14.715086 25.600000
v -2.200000 -15.000000 25.600000
v -2.231606 -15.284914 25.600000
v -2.324886 -15.555974 25.600000
v -2.475305 -15.800000 25.600000
v -2.479398 -15.800000 25.600000
v -2.476861 -15.801989 25.600000
v -2.716233 -16.037164 25.600000
v -3.007827 -16.203232 25.600000
v -3.332216 -16.289127 25.600000
v -3.667784 -16.289127 25.600000
v -3.992173 -16.203232 25.600000
v -4.283767 -16.037164 25.600000
v -4.523139 -15.801989 25.600000
v -4.520602 -15.800000 25.600000
v -4.524695 -15.800000 25.600000
v -4.675114 -15.555974 25.600000
v -4.768394 -15.284914 25.600000
v -4.800000 -15.000000 25.600000
v -4.768394 -14.715086 25.600000
v -4.675114 -14.444026 25.600000
v -4.524695 -14.200000 25.600000
v -4.620000 -52.818967 25.600000
v -8.620000 -52.818967 25.600000
v 19.576993 -59.500000 25.600000
v 20.000000 -59.500000 25.600000
v 20.782172 -59.438442 25.600000
v 21.545085 -59.255283 25.600000
v 22.269952 -58.955033 25.600000
v 22.938926 -58.545085 25.600000
v 23.535534 -58.035534 25.600000
v 24.045085 -57.438926 25.600000
v 24.455033 -56.769952 25.600000
v 24.755283 -56.045085 25.600000
v 24.938442 -55.282172 25.600000
v 25.000000 -54.500000 25.600000
v 25.000000 -13.701070 25.600000
v 35.000000 -13.701070 25.600000
v 35.000000 -12.801070 25.600000
v 32.071068 0.299644 25.600000
v 27.299644 5.071068 25.600000
v 14.198930 8.000000 25.600000
v 13.298930 8.000000 25.600000
v 13.298930 -2.000000 25.600000
v 1.733891 -2.000000 25.600000
v 1.733891 -1.500000 25.600000
v -0.500000 -1.500000 25.600000
v -0.500000 -2.000000 25.600000
v 1.500000 -2.000000 25.600000
v 1.500000 -3.500000 25.600000
v 4.400000 -3.500000 25.600000
v 4.400000 -7.500000 25.600000
v -3.400000 -7.500000 25.600000
v -3.400000 -3.500000 25.600000
v -0.500000 -3.500000 25.600000
v -13.298930 -2.000000 25.600000
v -13.298930 8.000000 25.600000
v -14.198930 8.000000 25.600000
v -27.299644 5.071068 25.600000
v -32.071068 0.299644 25.600000
v -35.000000 -12.801070 25.600000
v -35.000000 -13.701070 25.600000
v -25.000000 -13.701070 25.600000
v -25.000000 -54.500000 25.600000
v -24.938442 -55.282172 25.600000
v -24.755283 -56.045085 25.600000
v -24.455033 -56.769952 25.600000
v -24.045085 -57.438926 25.600000
v -23.535534 -58.035534 25.600000
v -22.938926 -58.545085 25.600000
v -22.269952 -58.955033 25.600000
v -21.545085 -59.255283 25.600000
v -20.782172 -59.438442 25.600000
v -20.000000 -59.500000 25.600000
v -19.576993 -59.500000 25.600000
v -20.026993 -60.840359 25.600000
v -20.026993 -63.283068 25.600000
v -28.689892 -55.398872 25.600000
v -25.863591 -55.398872 25.600000
v -25.027018 -54.948872 25.600000
v -25.027018 -54.498872 25.600000
v -30.027018 -54.498872 25.600000
v -30.027018 -55.398872 25.600000
v -20.026993 -64.500000 25.600000
v 20.026993 -64.500000 25.600000
v 30.027018 -55.398872 25.600000
v 30.027018 -54.498872 25.600000
v 25.027018 -54.498872 25.600000
v 25.027018 -54.948872 25.600000
v 26.143774 -55.398872 25.600000
v 28.689892 -55.398872 25.600000
v 20.026993 -63.283068 25.600000
v 20.026993 -61.495828 25.600000
v -17.000000 -59.500000 19.600000
v -16.000000 -54.500000 19.600000
v -16.000000 -54.500000 21.600000
v -16.000000 -48.000000 21.600000
v -16.000000 -48.000000 8.600000
v -16.000000 -52.500000 8.600000
v -16.000000 -52.500000 -8.900000
v 17.000000 -59.500000 19.600000
v 20.000000 -59.500000 19.600000
v 19.576993 -59.500000 20.600000
v 19.126993 -59.500000 20.600000
v 7.920000 -63.600000 20.600000
v 19.126993 -63.600000 20.600000
v 20.026993 -61.495828 20.600000
v 20.026993 -63.283068 20.600000
v 28.689892 -55.398872 20.600000
v 26.143774 -55.398872 20.600000
v 25.027018 -54.948872 20.600000
v 25.027018 -54.498872 20.600000
v 30.027018 -54.498872 20.600000
v 30.027018 -55.398872 20.600000
v 20.026993 -64.500000 20.600000
v -20.026993 -64.500000 20.600000
v -30.027018 -55.398872 20.600000
v -30.027018 -54.498872 20.600000
v -25.027018 -54.498872 20.600000
v -25.027018 -54.948872 20.600000
v -25.863591 -55.398872 20.600000
v -28.689892 -55.398872 20.600000
v -20.026993 -63.283068 20.600000
v -20.026993 -60.840359 20.600000
v -19.576993 -59.500000 20.600000
v -19.126993 -59.500000 20.600000
v -19.126993 -63.600000 20.600000
v -7.920000 -63.600000 20.600000
v -7.020000 -63.600000 20.600000
v 7.020000 -63.600000 20.600000
v 7.020000 -58.007980 19.600000
v 7.020000 -59.600000 19.600000
v -7.020000 -59.600000 19.600000
v -7.020000 -58.007980 19.600000
v -4.620000 -52.818967 25.400000
v -8.620000 -52.818967 25.400000
v -4.620000 -53.318967 25.400000
v -8.620000 -53.318967 25.400000
v -4.620000 -53.318967 19.600000
v -8.620000 -53.318967 19.600000
v -10.020000 -53.318967 19.600000
v -10.020000 -54.846947 19.600000
v -15.100000 -59.600000 19.600000
v -15.100000 -49.400000 19.600000
v -15.000000 -49.400000 19.600000
v 10.020000 -53.318967 19.600000
v -2.008284 -53.318967 22.600000
v -1.939854 -53.318967 23.119782
v -1.739225 -53.318967 23.604142
v -1.420071 -53.318967 24.020071
v -1.004142 -53.318967 24.339225
v -0.519782 -53.318967 24.539854
v 0.000000 -53.318967 24.608284
v 0.519782 -53.318967 24.539854
v 1.004142 -53.318967 24.339225
v 1.420071 -53.318967 24.020071
v 1.739225 -53.318967 23.604142
v 1.939854 -53.318967 23.119782
v 2.008284 -53.318967 22.600000
v 1.939854 -53.318967 22.080218
v 1.739225 -53.318967 21.595858
v 1.420071 -53.318967 21.179929
v 1.004142 -53.318967 20.860775
v 0.519782 -53.318967 20.660146
v 0.000000 -53.318967 20.591716
v -0.519782 -53.318967 20.660146
v -1.004142 -53.318967 20.860775
v -1.420071 -53.318967 21.179929
v -1.739225 -53.318967 21.595858
v -1.939854 -53.318967 22.080218
v 10.750000 -49.400000 9.081133
v 10.792593 -49.400000 9.404657
v 10.917468 -49.400000 9.706133
v 11.116117 -49.400000 9.965017
v 11.375000 -49.400000 10.163665
v 11.676476 -49.400000 10.288541
v 12.000000 -49.400000 10.331133
v 12.323524 -49.400000 10.288541
v 12.625000 -49.400000 10.163665
v 12.883883 -49.400000 9.965017
v 13.082532 -49.400000 9.706133
v 13.207407 -49.400000 9.404657
v 13.250000 -49.400000 9.081133
v 13.207407 -49.400000 8.757610
v 13.082532 -49.400000 8.456133
v 12.883883 -49.400000 8.197250
v 12.625000 -49.400000 7.998602
v 12.323524 -49.400000 7.873726
v 12.000000 -49.400000 7.831133
v 11.676476 -49.400000 7.873726
v 11.375000 -49.400000 7.998602
v 11.116117 -49.400000 8.197250
v 10.917468 -49.400000 8.456133
v 10.792593 -49.400000 8.757610
v -13.250000 -49.400000 9.081133
v -13.207407 -49.400000 9.404657
v -13.082532 -49.400000 9.706133
v -12.883883 -49.400000 9.965017
v -12.625000 -49.400000 10.163665
v -12.323524 -49.400000 10.288541
v -12.000000 -49.400000 10.331133
v -11.676476 -49.400000 10.288541
v -11.375000 -49.400000 10.163665
v -11.116117 -49.400000 9.965017
v -10.917468 -49.400000 9.706133
v -10.792593 -49.400000 9.404657
v -10.750000 -49.400000 9.081133
v -10.792593 -49.400000 8.757610
v -10.917468 -49.400000 8.456133
v -11.116117 -49.400000 8.197250
v -11.375000 -49.400000 7.998602
v -11.676476 -49.400000 7.873726
v -12.000000 -49.400000 7.831133
v -12.323524 -49.400000 7.873726
v -12.625000 -49.400000 7.998602
v -12.883883 -49.400000 8.197250
v -13.082532 -49.400000 8.456133
v -13.207407 -49.400000 8.757610
v 15.000000 -49.400000 -18.400000
v 15.000000 -49.400000 19.600000
v 15.000000 -42.508220 19.600000
v 15.000000 -42.508220 -18.400000
v -15.000000 -49.400000 -18.400000
v -15.000000 -42.508220 -18.400000
v -15.000000 -42.508220 19.600000
v 16.000000 -48.000000 21.600000
v 18.000000 -46.000000 21.600000
v 18.000000 -48.000000 23.600000
v 25.000000 -46.000000 21.600000
v 25.000000 -48.000000 23.600000
v 18.000000 -54.500000 23.600000
v 16.000000 -54.500000 21.600000
v 16.000000 -48.000000 8.600000
v 18.000000 -46.000000 8.600000
v 21.043690 -46.000000 8.600000
v 21.043690 -46.000000 19.600000
v 25.000000 -46.000000 19.600000
v 16.000000 -52.500000 8.600000
v 21.043690 -47.456310 8.600000
v 16.000000 -54.500000 19.600000
v 16.000000 -52.500000 -8.900000
v -18.000000 -46.000000 21.600000
v -18.000000 -48.000000 23.600000
v -18.000000 -54.500000 23.600000
v -25.000000 -48.000000 23.600000
v -25.000000 -46.000000 21.600000
v -18.000000 -46.000000 8.600000
v -21.043690 -46.000000 8.600000
v -21.043690 -47.456310 8.600000
v -25.000000 -46.000000 19.600000
v -21.043690 -46.000000 19.600000
v 20.782172 -59.438442 19.600000
v 21.545085 -59.255283 19.600000
v 22.269952 -58.955033 19.600000
v 22.938926 -58.545085 19.600000
v 23.535534 -58.035534 19.600000
v 24.045085 -57.438926 19.600000
v 24.455033 -56.769952 19.600000
v 24.755283 -56.045085 19.600000
v 24.938442 -55.282172 19.600000
v 25.000000 -54.500000 19.600000
v 25.000000 -54.500000 23.600000
v -25.000000 -54.500000 19.600000
v -24.938442 -55.282172 19.600000
v -24.755283 -56.045085 19.600000
v -24.455033 -56.769952 19.600000
v -24.045085 -57.438926 19.600000
v -23.535534 -58.035534 19.600000
v -22.938926 -58.545085 19.600000
v -22.269952 -58.955033 19.600000
v -21.545085 -59.255283 19.600000
v -20.782172 -59.438442 19.600000
v -20.000000 -59.500000 19.600000
v -25.000000 -54.500000 23.600000
v 10.020000 -54.846947 19.600000
v -1.708284 -53.018967 22.600000
v -1.650076 -53.018967 23.042137
v -1.479418 -53.018967 23.454142
v -1.207939 -53.018967 23.807939
v -0.854142 -53.018967 24.079418
v -0.442137 -53.018967 24.250076
v 0.000000 -53.018967 24.308284
v 0.442137 -53.018967 24.250076
v 0.854142 -53.018967 24.079418
v 1.207939 -53.018967 23.807939
v 1.479418 -53.018967 23.454142
v 1.650076 -53.018967 23.042137
v 1.708284 -53.018967 22.600000
v 1.650076 -53.018967 22.157863
v 1.479418 -53.018967 21.745858
v 1.207939 -53.018967 21.392061
v 0.854142 -53.018967 21.120582
v 0.442137 -53.018967 20.949924
v 0.000000 -53.018967 20.891716
v -0.442137 -53.018967 20.949924
v -0.854142 -53.018967 21.120582
v -1.207939 -53.018967 21.392061
v -1.479418 -53.018967 21.745858
v -1.650076 -53.018967 22.157863
v -18.500000 -50.000000 -11.400000
v 18.500000 -50.000000 -11.400000
v -16.000000 -57.000000 -14.400000
v -18.500000 -57.000000 -14.400000
v -18.500000 -50.000000 -14.400000
v -16.000000 -52.500000 -14.400000
v -18.500000 -57.000000 -18.400000
v -16.000000 -57.000000 -18.400000
v -16.000000 -52.500000 -18.400000
v 18.500000 -57.000000 -14.400000
v 16.000000 -57.000000 -14.400000
v 16.000000 -52.500000 -14.400000
v 18.500000 -50.000000 -14.400000
v 18.500000 -57.000000 -18.400000
v 16.000000 -57.000000 -18.400000
v -21.043690 -42.508220 19.600000
v -21.043690 -42.508220 -18.400000
v -21.043690 -47.456310 -18.400000
v 21.043690 -47.456310 -18.400000
v 21.043690 -42.508220 -18.400000
v 21.043690 -42.508220 19.600000
v 16.000000 -52.500000 -18.400000
v -15.100000 -49.400000 -18.400000
v -15.100000 -59.600000 -18.400000
v 15.100000 -59.600000 -18.400000
v 15.100000 -49.400000 -18.400000
v 15.100000 -49.400000 19.600000
v 15.100000 -59.600000 19.600000
v -0.401613 -15.800000 19.600000
v 0.401613 -15.800000 19.600000
v 0.429388 -15.900746 19.600000
v 0.460438 -16.000530 19.600000
v 0.494729 -16.099248 19.600000
v 0.682558 -16.030545 19.600000
v 0.805714 -16.319403 19.600000
v 0.958389 -16.593804 19.600000
v 1.138910 -16.850744 19.600000
v 0.981504 -16.974127 19.600000
v 1.427142 -17.437880 19.600000
v 1.956517 -17.803152 19.600000
v 2.548244 -18.055186 19.600000
v 3.178418 -18.183800 19.600000
v 3.821582 -18.183800 19.600000
v 4.451756 -18.055186 19.600000
v 5.043483 -17.803152 19.600000
v 5.572858 -17.437880 19.600000
v 6.018496 -16.974127 19.600000
v 5.861090 -16.850744 19.600000
v 6.041611 -16.593804 19.600000
v 6.194286 -16.319403 19.600000
v 6.317442 -16.030545 19.600000
v 6.505271 -16.099248 19.600000
v 6.650942 -15.558181 19.600000
v 6.700000 -15.000000 19.600000
v 6.650942 -14.441819 19.600000
v 6.505271 -13.900752 19.600000
v 6.317442 -13.969455 19.600000
v 6.194286 -13.680597 19.600000
v 6.041611 -13.406196 19.600000
v 5.861090 -13.149256 19.600000
v 6.018496 -13.025873 19.600000
v 5.572858 -12.562120 19.600000
v 5.043483 -12.196848 19.600000
v 4.451756 -11.944814 19.600000
v 3.821582 -11.816200 19.600000
v 3.178418 -11.816200 19.600000
v 2.548244 -11.944814 19.600000
v 1.956517 -12.196848 19.600000
v 1.427142 -12.562120 19.600000
v 0.981504 -13.025873 19.600000
v 1.138910 -13.149256 19.600000
v 0.958389 -13.406196 19.600000
v 0.805714 -13.680597 19.600000
v 0.682558 -13.969455 19.600000
v 0.494729 -13.900752 19.600000
v 0.460438 -13.999470 19.600000
v 0.429388 -14.099254 19.600000
v 0.401613 -14.200000 19.600000
v -0.401613 -14.200000 19.600000
v -0.429388 -14.099254 19.600000
v -0.460438 -13.999470 19.600000
v -0.494729 -13.900752 19.600000
v -0.682558 -13.969455 19.600000
v -0.805714 -13.680597 19.600000
v -0.958389 -13.406196 19.600000
v -1.138910 -13.149256 19.600000
v -0.981504 -13.025873 19.600000
v -1.427142 -12.562120 19.600000
v -1.956517 -12.196848 19.600000
v -2.548244 -11.944814 19.600000
v -3.178418 -11.816200 19.600000
v -3.821582 -11.816200 19.600000
v -4.451756 -11.944814 19.600000
v -5.043483 -12.196848 19.600000
v -5.572858 -12.562120 19.600000
v -6.018496 -13.025873 19.600000
v -5.861090 -13.149256 19.600000
v -6.041611 -13.406196 19.600000
v -6.194286 -13.680597 19.600000
v -6.317442 -13.969455 19.600000
v -6.505271 -13.900752 19.600000
v -6.650942 -14.441819 19.600000
v -6.700000 -15.000000 19.600000
v -6.650942 -15.558181 19.600000
v -6.505271 -16.099248 19.600000
v -6.317442 -16.030545 19.600000
v -6.194286 -16.319403 19.600000
v -6.041611 -16.593804 19.600000
v -5.861090 -16.850744 19.600000
v -6.018496 -16.974127 19.600000
v -5.572858 -17.437880 19.600000
v -5.043483 -17.803152 19.600000
v -4.451756 -18.055186 19.600000
v -3.821582 -18.183800 19.600000
v -3.178418 -18.183800 19.600000
v -2.548244 -18.055186 19.600000
v -1.956517 -17.803152 19.600000
v -1.427142 -17.437880 19.600000
v -0.981504 -16.974127 19.600000
v -1.138910 -16.850744 19.600000
v -0.958389 -16.593804 19.600000
v -0.805714 -16.319403 19.600000
v -0.682558 -16.030545 19.600000
v -0.494729 -16.099248 19.600000
v -0.460438 -16.000530 19.600000
v -0.429388 -15.900746 19.600000
v 2.200000 -36.000000 19.600000
v 2.130883 -35.452882 19.600000
v 1.927875 -34.940142 19.600000
v 1.603731 -34.493996 19.600000
v 1.178819 -34.142479 19.600000
v 0.679837 -33.907676 19.600000
v 0.138139 -33.804341 19.600000
v -0.412239 -33.838968 19.600000
v -0.936714 -34.009380 19.600000
v -1.402333 -34.304871 19.600000
v -1.779837 -34.706872 19.600000
v -2.045508 -35.190126 19.600000
v -2.182652 -35.724267 19.600000
v -2.182652 -36.275733 19.600000
v -2.045508 -36.809874 19.600000
v -1.779837 -37.293128 19.600000
v -1.402333 -37.695129 19.600000
v -0.936714 -37.990620 19.600000
v -0.412239 -38.161032 19.600000
v 0.138139 -38.195659 19.600000
v 0.679837 -38.092324 19.600000
v 1.178819 -37.857521 19.600000
v 1.603731 -37.506004 19.600000
v 1.927875 -37.059858 19.600000
v 2.130883 -36.547118 19.600000
v -25.000000 -13.701070 19.600000
v -19.417751 -8.118821 19.600000
v -19.374811 -8.161760 19.600000
v -20.946362 -9.733311 19.600000
v -20.988394 -9.691279 19.600000
v -23.621847 -12.324731 19.600000
v -14.923466 -25.392714 19.600000
v -14.851998 -25.363591 19.600000
v -14.790323 -25.317200 19.600000
v -14.742524 -25.256609 19.600000
v -13.494877 -17.184797 19.600000
v -13.536909 -17.142764 19.600000
v -9.859953 -13.465809 19.600000
v -9.817921 -13.507841 19.600000
v -7.184469 -10.874389 19.600000
v -14.677987 -3.380871 19.600000
v -17.311439 -6.014323 19.600000
v -17.269407 -6.056356 19.600000
v -18.840958 -7.627906 19.600000
v -18.883897 -7.584967 19.600000
v -13.298930 -2.000000 19.600000
v -0.500000 -2.000000 19.600000
v -0.500000 -3.100000 19.600000
v -1.500000 -3.100000 19.600000
v -1.500000 -2.900000 19.600000
v -4.000000 -2.900000 19.600000
v -4.000000 -8.100000 19.600000
v -1.500000 -8.100000 19.600000
v -1.500000 -7.900000 19.600000
v -0.500000 -7.900000 19.600000
v -0.500000 -8.100000 19.600000
v 1.500000 -8.100000 19.600000
v 1.500000 -7.900000 19.600000
v 2.500000 -7.900000 19.600000
v 2.500000 -8.100000 19.600000
v 5.000000 -8.100000 19.600000
v 5.000000 -2.900000 19.600000
v 2.500000 -2.900000 19.600000
v 2.500000 -3.100000 19.600000
v 1.500000 -3.100000 19.600000
v 1.500000 -2.000000 19.600000
v 13.298930 -2.000000 19.600000
v 18.883897 -7.584967 19.600000
v 18.840958 -7.627906 19.600000
v 17.269407 -6.056356 19.600000
v 17.311439 -6.014323 19.600000
v 14.677987 -3.380871 19.600000
v 7.184469 -10.874389 19.600000
v 9.817921 -13.507841 19.600000
v 9.859953 -13.465809 19.600000
v 13.536909 -17.142764 19.600000
v 13.494877 -17.184797 19.600000
v 14.923466 -20.849927 19.600000
v 14.851998 -20.879049 19.600000
v 14.790323 -20.925441 19.600000
v 14.742524 -20.986031 19.600000
v 14.711765 -21.056811 19.600000
v 14.681128 -21.136974 19.600000
v 14.637509 -21.210879 19.600000
v 14.582137 -21.276442 19.600000
v 13.155122 -22.703457 19.600000
v 13.089558 -22.758829 19.600000
v 13.015653 -22.802449 19.600000
v 12.935491 -22.833085 19.600000
v 12.864711 -22.863845 19.600000
v 12.804121 -22.911643 19.600000
v 12.757729 -22.973318 19.600000
v 12.728606 -23.044787 19.600000
v 12.718680 -23.121320 19.600000
v 12.728606 -23.197854 19.600000
v 12.757729 -23.269323 19.600000
v 12.804121 -23.330997 19.600000
v 12.864711 -23.378796 19.600000
v 12.935491 -23.409556 19.600000
v 13.015653 -23.440192 19.600000
v 13.089558 -23.483811 19.600000
v 13.155122 -23.539184 19.600000
v 14.582137 -24.966199 19.600000
v 14.637509 -25.031762 19.600000
v 14.681128 -25.105667 19.600000
v 17.261274 -26.900000 19.600000
v 23.621847 -12.324731 19.600000
v 20.988394 -9.691279 19.600000
v 20.946362 -9.733311 19.600000
v 19.374811 -8.161760 19.600000
v 19.417751 -8.118821 19.600000
v 25.000000 -13.701070 19.600000
v 2.500000 -3.100000 22.600000
v 1.500000 -3.100000 22.600000
v 2.500000 -2.900000 22.600000
v 5.000000 -2.900000 22.600000
v 5.000000 -8.100000 22.600000
v 2.500000 -8.100000 22.600000
v 2.500000 -7.900000 22.600000
v 1.500000 -7.900000 22.600000
v 1.500000 -8.100000 22.600000
v -0.500000 -8.100000 22.600000
v -0.500000 -7.900000 22.600000
v -1.500000 -7.900000 22.600000
v -1.500000 -8.100000 22.600000
v -4.000000 -8.100000 22.600000
v -4.000000 -2.900000 22.600000
v -1.500000 -2.900000 22.600000
v -1.500000 -3.100000 22.600000
v -0.500000 -3.100000 22.600000
v -0.500000 -3.500000 22.600000
v -3.400000 -3.500000 22.600000
v -3.400000 -7.500000 22.600000
v 4.400000 -7.500000 22.600000
v 4.400000 -3.500000 22.600000
v 1.500000 -3.500000 22.600000
v 1.500000 -2.000000 25.400000
v -0.500000 -2.000000 25.400000
v 1.733891 -2.000000 25.400000
v 1.733891 -1.500000 25.400000
v -0.500000 -1.500000 25.400000
v 13.748930 -2.000000 19.600000
v 20.228576 -2.000000 19.600000
v 20.228576 -2.000000 15.200000
v 19.966609 -2.000000 15.200000
v 13.298930 -2.000000 18.501311
v 15.000000 -20.840000 24.713137
v 15.048159 -20.843891 24.744439
v 15.095069 -20.855462 24.769428
v 15.139512 -20.874413 24.787453
v 15.180338 -20.900254 24.798049
v 15.216485 -20.932312 24.800941
v 15.247018 -20.969758 24.796052
v 15.271143 -21.011620 24.783511
v 12.718680 -23.121320 24.713137
v 12.722570 -23.073161 24.744439
v 12.734142 -23.026252 24.769428
v 12.753093 -22.981808 24.787453
v 12.778933 -22.940983 24.798049
v 12.810992 -22.904835 24.800941
v 12.848438 -22.874303 24.796052
v 12.890299 -22.850177 24.783511
v 12.935491 -22.833085 24.763642
v 12.996113 -22.811365 24.736133
v 13.053523 -22.782193 24.716166
v 13.106808 -22.746032 24.704058
v 13.155122 -22.703457 24.700000
v 14.582137 -21.276442 24.700000
v 14.624712 -21.228128 24.704058
v 14.660873 -21.174844 24.716166
v 14.690045 -21.117434 24.736133
v 14.711765 -21.056811 24.763642
v 14.728857 -21.011620 24.783511
v 14.752982 -20.969758 24.796052
v 14.783515 -20.932312 24.800941
v 14.819662 -20.900254 24.798049
v 14.860488 -20.874413 24.787453
v 14.904931 -20.855462 24.769428
v 14.951841 -20.843891 24.744439
v 12.935491 -23.409556 24.763642
v 12.890299 -23.392463 24.783511
v 12.848438 -23.368338 24.796052
v 12.810992 -23.337806 24.800941
v 12.778933 -23.301658 24.798049
v 12.753093 -23.260833 24.787453
v 12.734142 -23.216389 24.769428
v 12.722570 -23.169479 24.744439
v 14.690045 -25.125207 24.736133
v 14.660873 -25.067797 24.716166
v 14.624712 -25.014512 24.704058
v 14.582137 -24.966199 24.700000
v 13.155122 -23.539184 24.700000
v 13.106808 -23.496608 24.704058
v 13.053523 -23.460448 24.716166
v 12.996113 -23.431276 24.736133
v 15.076534 -20.849927 11.120094
v 15.076534 -20.849927 12.640188
v 15.076534 -20.849927 14.160282
v 15.076534 -20.849927 15.680376
v 15.076534 -20.849927 17.200470
v 15.076534 -20.849927 18.720564
v 15.076534 -20.849927 20.240658
v 15.076534 -20.849927 21.760752
v 15.076534 -20.849927 23.280846
v 14.923466 -20.849927 23.280846
v 14.923466 -20.849927 21.760752
v 14.923466 -20.849927 20.240658
v 15.148002 -20.879049 11.120094
v 15.148002 -20.879049 12.640188
v 15.148002 -20.879049 14.160282
v 15.148002 -20.879049 15.680376
v 15.148002 -20.879049 17.200470
v 15.148002 -20.879049 18.720564
v 15.148002 -20.879049 20.240658
v 15.148002 -20.879049 21.760752
v 15.148002 -20.879049 23.280846
v 15.209677 -20.925441 11.120094
v 15.209677 -20.925441 12.640188
v 15.209677 -20.925441 14.160282
v 15.209677 -20.925441 15.680376
v 15.209677 -20.925441 17.200470
v 15.209677 -20.925441 18.720564
v 15.209677 -20.925441 20.240658
v 15.209677 -20.925441 21.760752
v 15.209677 -20.925441 23.280846
v 15.257476 -20.986031 11.120094
v 15.257476 -20.986031 12.640188
v 15.257476 -20.986031 14.160282
v 15.257476 -20.986031 15.680376
v 15.257476 -20.986031 17.200470
v 15.257476 -20.986031 18.720564
v 15.257476 -20.986031 20.240658
v 15.257476 -20.986031 21.760752
v 15.257476 -20.986031 23.280846
v 14.851998 -20.879049 23.280846
v 14.851998 -20.879049 21.760752
v 14.851998 -20.879049 20.240658
v 14.790323 -20.925441 23.280846
v 14.790323 -20.925441 21.760752
v 14.790323 -20.925441 20.240658
v 14.742524 -20.986031 23.280846
v 14.742524 -20.986031 21.760752
v 14.742524 -20.986031 20.240658
v 14.660873 -21.174844 22.181821
v 13.053523 -22.782193 22.181821
v 14.660873 -25.067797 22.181821
v 13.053523 -23.460448 22.181821
v 12.864711 -23.378796 20.900235
v 12.864711 -23.378796 22.200470
v 12.864711 -23.378796 23.500705
v 12.804121 -23.330997 20.900235
v 12.804121 -23.330997 22.200470
v 12.804121 -23.330997 23.500705
v 12.757729 -23.269323 20.900235
v 12.757729 -23.269323 22.200470
v 12.757729 -23.269323 23.500705
v 12.728606 -23.197854 20.900235
v 12.728606 -23.197854 22.200470
v 12.728606 -23.197854 23.500705
v 12.718680 -23.121320 20.900235
v 12.718680 -23.121320 22.200470
v 12.718680 -23.121320 23.500705
v 12.728606 -23.044787 20.900235
v 12.728606 -23.044787 22.200470
v 12.728606 -23.044787 23.500705
v 12.757729 -22.973318 20.900235
v 12.757729 -22.973318 22.200470
v 12.757729 -22.973318 23.500705
v 12.804121 -22.911643 20.900235
v 12.804121 -22.911643 22.200470
v 12.804121 -22.911643 23.500705
v 12.864711 -22.863845 20.900235
v 12.864711 -22.863845 22.200470
v 12.864711 -22.863845 23.500705
v 25.000000 -13.251070 19.600000
v 25.000000 -13.701070 18.498620
v 25.000000 -7.038826 15.200000
v 25.000000 -6.771424 15.200000
v 25.000000 -6.771424 19.600000
v 13.858600 -5.224522 21.344498
v 13.633140 -5.850712 21.627857
v 13.330980 -6.443709 21.833510
v 12.956884 -6.994162 21.958213
v 12.516751 -7.493390 22.000000
v 11.296988 -8.713153 22.000000
v 10.797759 -9.153286 21.958213
v 10.247307 -9.527382 21.833510
v 9.654310 -9.829542 21.627857
v 9.028120 -10.055002 21.344498
v 13.467455 -8.444094 22.000000
v 12.247692 -9.663857 22.000000
v 19.509327 -14.485967 22.000000
v 20.008556 -14.045834 21.958213
v 20.559009 -13.671738 21.833510
v 21.152006 -13.369578 21.627857
v 21.778196 -13.144118 21.344498
v 16.947716 -17.974598 21.344498
v 17.173176 -17.348408 21.627857
v 17.475336 -16.755411 21.833510
v 17.849432 -16.204958 21.958213
v 18.289564 -15.705730 22.000000
v 17.338861 -14.755026 22.000000
v 18.558624 -13.535263 22.000000
v 19.158928 -12.934959 21.931565
v 19.743729 -12.350158 21.728027
v 20.297926 -11.795961 21.394641
v 20.807205 -11.286681 20.940019
v 21.258416 -10.835470 20.375900
v 21.639906 -10.453980 19.716852
v 20.932799 -9.746874 19.716852
v 20.951575 -9.728098 19.678134
v 20.970107 -9.709566 19.639182
v 23.166968 -12.249961 19.974518
v 22.707313 -12.215001 20.324264
v 22.423489 -12.498825 20.709815
v 22.112641 -12.809673 21.051147
v 0.682558 -13.969455 22.600000
v 0.494729 -13.900752 22.600000
v 1.138910 -13.149256 22.600000
v 0.958389 -13.406196 22.600000
v 0.805714 -13.680597 22.600000
v 0.981504 -13.025873 22.600000
v 6.018496 -13.025873 22.600000
v 5.572858 -12.562120 22.600000
v 5.043483 -12.196848 22.600000
v 4.451756 -11.944814 22.600000
v 3.821582 -11.816200 22.600000
v 3.178418 -11.816200 22.600000
v 2.548244 -11.944814 22.600000
v 1.956517 -12.196848 22.600000
v 1.427142 -12.562120 22.600000
v 5.861090 -13.149256 22.600000
v 6.317442 -13.969455 22.600000
v 6.194286 -13.680597 22.600000
v 6.041611 -13.406196 22.600000
v 6.505271 -13.900752 22.600000
v 6.505271 -16.099248 22.600000
v 6.650942 -15.558181 22.600000
v 6.700000 -15.000000 22.600000
v 6.650942 -14.441819 22.600000
v 6.317442 -16.030545 22.600000
v 0.460438 -13.999470 22.600000
v 0.429388 -14.099254 22.600000
v 0.401613 -14.200000 22.600000
v 0.401613 -15.800000 22.600000
v 0.429388 -15.900746 22.600000
v 0.460438 -16.000530 22.600000
v 0.494729 -16.099248 22.600000
v 0.682558 -16.030545 22.600000
v 0.805714 -16.319403 22.600000
v 0.958389 -16.593804 22.600000
v 1.138910 -16.850744 22.600000
v 0.981504 -16.974127 22.600000
v 1.427142 -17.437880 22.600000
v 1.956517 -17.803152 22.600000
v 2.548244 -18.055186 22.600000
v 3.178418 -18.183800 22.600000
v 3.821582 -18.183800 22.600000
v 4.451756 -18.055186 22.600000
v 5.043483 -17.803152 22.600000
v 5.572858 -17.437880 22.600000
v 6.018496 -16.974127 22.600000
v 5.861090 -16.850744 22.600000
v 6.041611 -16.593804 22.600000
v 6.194286 -16.319403 22.600000
v 21.590342 -3.361766 18.200000
v 21.625279 -3.396702 18.575288
v 21.727707 -3.499131 18.925000
v 21.890647 -3.662071 19.225305
v 22.102995 -3.874418 19.455737
v 22.350279 -4.121702 19.600592
v 22.615647 -4.387071 19.650000
v 22.881015 -4.652439 19.600592
v 23.128299 -4.899723 19.455737
v 23.340647 -5.112071 19.225305
v 23.503587 -5.275011 18.925000
v 23.606015 -5.377439 18.575288
v 23.640952 -5.412376 18.200000
v 23.606015 -5.377439 17.824712
v 23.503587 -5.275011 17.475000
v 23.340647 -5.112071 17.174695
v 23.128299 -4.899723 16.944263
v 22.881015 -4.652439 16.799408
v 22.615647 -4.387071 16.750000
v 22.350279 -4.121702 16.799408
v 22.102995 -3.874418 16.944263
v 21.890647 -3.662071 17.174695
v 21.727707 -3.499131 17.475000
v 21.625279 -3.396702 17.824712
v 18.636901 -7.337972 19.454698
v 18.424891 -7.125961 19.223984
v 18.262297 -6.963368 18.923562
v 18.160190 -6.861260 18.573885
v 18.125519 -6.826590 18.198755
v 18.160645 -6.861716 17.823710
v 18.263177 -6.964248 17.474281
v 18.426135 -7.127205 17.174255
v 18.638425 -7.339496 16.944056
v 18.885597 -7.586667 16.799354
v 19.150824 -7.851894 16.750000
v 19.416050 -8.117121 16.799354
v 19.663222 -8.364292 16.944056
v 19.875512 -8.576583 17.174255
v 20.038470 -8.739540 17.474281
v 20.141002 -8.842072 17.823710
v 20.176128 -8.877198 18.198755
v 20.141457 -8.842528 18.573885
v 20.039350 -8.740420 18.923562
v 19.876757 -8.577827 19.223984
v 19.664746 -8.365816 19.454698
v 19.236587 -8.031848 19.637690
v 19.102313 -7.900405 19.650000
v 18.970870 -7.766130 19.637690
v 16.632769 -5.333840 15.200000
v 21.668878 -10.369948 15.200000
v 24.681802 -6.453226 19.600000
v 20.546774 -2.318198 19.600000
v 16.018599 -18.903715 20.324264
v 16.302423 -18.619891 20.709815
v 16.613271 -18.309043 21.051147
v 8.099003 -10.984119 20.324264
v 14.787717 -4.295405 20.324264
v 14.503893 -4.579229 20.709815
v 14.193045 -4.890077 21.051147
v 8.693675 -10.389447 21.051147
v 8.382827 -10.700295 20.709815
v 7.639348 -10.949159 19.974518
v 14.752757 -3.835750 19.974518
v 11.647388 -10.264161 21.931565
v 11.062587 -10.848962 21.728027
v 10.508390 -11.403159 21.394641
v 9.999110 -11.912439 20.940019
v 9.547899 -12.363650 20.375900
v 9.166410 -12.745139 19.716852
v 9.873516 -13.452246 19.716852
v 9.854741 -13.471022 19.678134
v 9.836209 -13.489554 19.639182
v 13.513164 -17.166509 19.639182
v 13.531696 -17.147977 19.678134
v 13.550472 -17.129201 19.716852
v 14.257578 -17.836308 19.716852
v 14.639068 -17.454818 20.375900
v 15.090279 -17.003607 20.940019
v 15.599559 -16.494328 21.394641
v 16.153755 -15.940131 21.728027
v 16.738557 -15.355330 21.931565
v 9.864269 -13.461493 19.638998
v 9.868790 -13.456972 19.677949
v 9.452313 -12.825015 20.326355
v 9.790561 -12.848351 20.927956
v 10.176705 -12.813710 21.508184
v 10.606099 -12.719663 22.053244
v 10.987576 -12.338187 22.647995
v 11.428208 -11.897555 23.154419
v 11.917880 -11.407883 23.560892
v 12.445353 -10.880410 23.858084
v 12.998519 -10.327244 24.039172
v 13.564680 -9.761082 24.100000
v 14.130842 -9.194921 24.039172
v 14.684008 -8.641755 23.858084
v 15.211481 -8.114282 23.560892
v 15.701153 -7.624610 23.154419
v 16.141785 -7.183978 22.647995
v 16.523261 -6.802501 22.053244
v 16.617308 -6.373107 21.508184
v 16.651949 -5.986963 20.927956
v 16.628613 -5.648715 20.326355
v 16.548737 -5.362812 19.716852
v 17.255844 -6.069918 19.716852
v 17.260570 -6.065192 19.677949
v 17.265091 -6.060671 19.638998
v 20.942046 -9.737627 19.638998
v 20.937525 -9.742148 19.677949
v 21.354003 -10.374105 20.326355
v 21.015755 -10.350769 20.927956
v 20.629611 -10.385409 21.508184
v 20.200217 -10.479457 22.053244
v 19.818740 -10.860933 22.647995
v 19.378108 -11.301565 23.154419
v 18.888436 -11.791237 23.560892
v 18.360963 -12.318710 23.858084
v 17.807797 -12.871876 24.039172
v 17.241635 -13.438038 24.100000
v 16.675474 -14.004199 24.039172
v 16.122308 -14.557365 23.858084
v 15.594835 -15.084838 23.560892
v 15.105163 -15.574510 23.154419
v 14.664531 -16.015142 22.647995
v 14.283054 -16.396619 22.053244
v 14.189007 -16.826013 21.508184
v 14.154367 -17.212157 20.927956
v 14.177703 -17.550405 20.326355
v 13.545746 -17.133928 19.677949
v 13.541225 -17.138449 19.638998
v 16.167247 -5.744302 20.375900
v 15.716036 -6.195513 20.940019
v 15.206757 -6.704792 21.394641
v 14.652560 -7.258989 21.728027
v 14.067759 -7.843790 21.931565
v 17.293152 -6.032611 19.639182
v 17.274620 -6.051143 19.678134
v 16.631754 -14.047919 23.000000
v 16.015261 -14.664412 22.939381
v 15.410631 -15.269042 22.758689
v 14.829501 -15.850172 22.461404
v 19.653770 -11.025903 22.461404
v 19.072640 -11.607033 22.758689
v 18.468010 -12.211663 22.939381
v 17.851517 -12.828156 23.000000
v 14.174562 -9.151201 23.000000
v 14.791055 -8.534707 22.939381
v 15.395684 -7.930078 22.758689
v 15.976814 -7.348948 22.461404
v 11.152546 -12.173216 22.461404
v 11.733676 -11.592087 22.758689
v 12.338305 -10.987457 22.939381
v 12.954799 -10.370964 23.000000
v 27.299644 5.071068 19.600000
v 32.071068 0.299644 19.600000
v 35.000000 -12.801070 19.600000
v 35.000000 -13.701070 19.600000
v 26.637504 -12.801070 19.600000
v 34.077782 -12.801070 19.600000
v 31.317357 -0.454067 19.600000
v 24.938638 -5.559993 19.600000
v 30.798276 0.299644 19.600000
v 27.299644 3.798276 19.600000
v 21.689812 -1.811556 19.600000
v 26.545933 4.317357 19.600000
v 14.198930 7.077782 19.600000
v 14.198930 -0.434978 19.600000
v 13.298930 8.000000 19.600000
v 14.198930 8.000000 19.600000
v 4.520602 -14.200000 22.600000
v 4.524695 -14.200000 22.600000
v 4.675114 -14.444026 22.600000
v 4.768394 -14.715086 22.600000
v 4.800000 -15.000000 22.600000
v 4.768394 -15.284914 22.600000
v 4.675114 -15.555974 22.600000
v 4.524695 -15.800000 22.600000
v 4.520602 -15.800000 22.600000
v 4.523139 -15.801989 22.600000
v 4.283767 -16.037164 22.600000
v 3.992173 -16.203232 22.600000
v 3.667784 -16.289127 22.600000
v 3.332216 -16.289127 22.600000
v 3.007827 -16.203232 22.600000
v 2.716233 -16.037164 22.600000
v 2.476861 -15.801989 22.600000
v 4.523139 -14.198011 22.600000
v 2.476861 -14.198011 22.600000
v 2.716233 -13.962836 22.600000
v 3.007827 -13.796768 22.600000
v 3.332216 -13.710873 22.600000
v 3.667784 -13.710873 22.600000
v 3.992173 -13.796768 22.600000
v 4.283767 -13.962836 22.600000
v 2.479398 -14.200000 22.600000
v 2.475305 -14.200000 22.600000
v 2.475305 -15.800000 22.600000
v 2.324886 -15.555974 22.600000
v 2.231606 -15.284914 22.600000
v 2.200000 -15.000000 22.600000
v 2.231606 -14.715086 22.600000
v 2.324886 -14.444026 22.600000
v 2.479398 -15.800000 22.600000
v -13.748930 -2.000000 19.600000
v -13.298930 -2.000000 18.501311
v -19.966609 -2.000000 15.200000
v -20.228576 -2.000000 15.200000
v -20.228576 -2.000000 19.600000
v -17.281320 -23.121320 24.713137
v -17.277430 -23.073161 24.744439
v -17.265858 -23.026252 24.769428
v -17.246907 -22.981808 24.787453
v -17.221067 -22.940983 24.798049
v -17.189008 -22.904835 24.800941
v -17.151562 -22.874303 24.796052
v -17.109701 -22.850177 24.783511
v -17.064509 -22.833085 24.763642
v -17.003887 -22.811365 24.736133
v -16.946477 -22.782193 24.716166
v -16.893192 -22.746032 24.704058
v -16.844878 -22.703457 24.700000
v -15.417863 -21.276442 24.700000
v -15.375288 -21.228128 24.704058
v -15.339127 -21.174843 24.716166
v -15.309955 -21.117434 24.736133
v -15.000000 -25.402641 24.713137
v -15.048159 -25.398750 24.744439
v -15.095069 -25.387179 24.769428
v -15.139512 -25.368227 24.787453
v -15.180338 -25.342387 24.798049
v -15.216485 -25.310328 24.800941
v -15.247018 -25.272883 24.796052
v -15.271143 -25.231021 24.783511
v -15.288235 -25.185830 24.763642
v -15.309955 -25.125207 24.736133
v -15.339127 -25.067797 24.716166
v -15.375288 -25.014512 24.704058
v -15.417863 -24.966199 24.700000
v -16.844878 -23.539184 24.700000
v -16.893192 -23.496608 24.704058
v -16.946477 -23.460448 24.716166
v -17.003887 -23.431276 24.736133
v -17.064509 -23.409556 24.763642
v -17.109701 -23.392463 24.783511
v -17.151562 -23.368338 24.796052
v -17.189008 -23.337806 24.800941
v -17.221067 -23.301658 24.798049
v -17.246907 -23.260833 24.787453
v -17.265858 -23.216389 24.769428
v -17.277430 -23.169479 24.744439
v -14.728857 -25.231021 24.783511
v -14.752982 -25.272883 24.796052
v -14.783515 -25.310328 24.800941
v -14.819662 -25.342387 24.798049
v -14.860488 -25.368227 24.787453
v -14.904931 -25.387179 24.769428
v -14.951841 -25.398750 24.744439
v -17.135289 -23.378796 11.120094
v -17.135289 -23.378796 12.640188
v -17.135289 -23.378796 14.160282
v -17.135289 -23.378796 15.680376
v -17.135289 -23.378796 17.200470
v -17.135289 -23.378796 18.720564
v -17.135289 -23.378796 20.240658
v -17.135289 -23.378796 21.760752
v -17.135289 -23.378796 23.280846
v -17.195879 -23.330997 11.120094
v -17.195879 -23.330997 12.640188
v -17.195879 -23.330997 14.160282
v -17.195879 -23.330997 15.680376
v -17.195879 -23.330997 17.200470
v -17.195879 -23.330997 18.720564
v -17.195879 -23.330997 20.240658
v -17.195879 -23.330997 21.760752
v -17.195879 -23.330997 23.280846
v -17.242271 -23.269323 11.120094
v -17.242271 -23.269323 12.640188
v -17.242271 -23.269323 14.160282
v -17.242271 -23.269323 15.680376
v -17.242271 -23.269323 17.200470
v -17.242271 -23.269323 18.720564
v -17.242271 -23.269323 20.240658
v -17.242271 -23.269323 21.760752
v -17.242271 -23.269323 23.280846
v -17.271394 -23.197854 11.120094
v -17.271394 -23.197854 12.640188
v -17.271394 -23.197854 14.160282
v -17.271394 -23.197854 15.680376
v -17.271394 -23.197854 17.200470
v -17.271394 -23.197854 18.720564
v -17.271394 -23.197854 20.240658
v -17.271394 -23.197854 21.760752
v -17.271394 -23.197854 23.280846
v -17.281320 -23.121320 11.120094
v -17.281320 -23.121320 12.640188
v -17.281320 -23.121320 14.160282
v -17.281320 -23.121320 15.680376
v -17.281320 -23.121320 17.200470
v -17.281320 -23.121320 18.720564
v -17.281320 -23.121320 20.240658
v -17.281320 -23.121320 21.760752
v -17.281320 -23.121320 23.280846
v -17.271394 -23.044787 11.120094
v -17.271394 -23.044787 12.640188
v -17.271394 -23.044787 14.160282
v -17.271394 -23.044787 15.680376
v -17.271394 -23.044787 17.200470
v -17.271394 -23.044787 18.720564
v -17.271394 -23.044787 20.240658
v -17.271394 -23.044787 21.760752
v -17.271394 -23.044787 23.280846
v -17.242271 -22.973318 11.120094
v -17.242271 -22.973318 12.640188
v -17.242271 -22.973318 14.160282
v -17.242271 -22.973318 15.680376
v -17.242271 -22.973318 17.200470
v -17.242271 -22.973318 18.720564
v -17.242271 -22.973318 20.240658
v -17.242271 -22.973318 21.760752
v -17.242271 -22.973318 23.280846
v -17.195879 -22.911643 11.120094
v -17.195879 -22.911643 12.640188
v -17.195879 -22.911643 14.160282
v -17.195879 -22.911643 15.680376
v -17.195879 -22.911643 17.200470
v -17.195879 -22.911643 18.720564
v -17.195879 -22.911643 20.240658
v -17.195879 -22.911643 21.760752
v -17.195879 -22.911643 23.280846
v -17.135289 -22.863845 11.120094
v -17.135289 -22.863845 12.640188
v -17.135289 -22.863845 14.160282
v -17.135289 -22.863845 15.680376
v -17.135289 -22.863845 17.200470
v -17.135289 -22.863845 18.720564
v -17.135289 -22.863845 20.240658
v -17.135289 -22.863845 21.760752
v -17.135289 -22.863845 23.280846
v -16.946477 -22.782193 12.127274
v -16.946477 -22.782193 14.654547
v -16.946477 -22.782193 17.181821
v -16.946477 -22.782193 19.709094
v -16.946477 -22.782193 22.236368
v -15.339127 -21.174843 12.127274
v -15.339127 -21.174843 14.654547
v -15.339127 -21.174843 17.181821
v -15.339127 -21.174843 19.709094
v -15.339127 -21.174843 22.236368
v -15.076534 -25.392714 11.120094
v -15.076534 -25.392714 12.640188
v -15.076534 -25.392714 14.160282
v -15.076534 -25.392714 15.680376
v -15.076534 -25.392714 17.200470
v -15.076534 -25.392714 18.720564
v -15.076534 -25.392714 20.240658
v -15.076534 -25.392714 21.760752
v -15.076534 -25.392714 23.280846
v -15.000000 -25.402641 23.280846
v -15.000000 -25.402641 21.760752
v -15.000000 -25.402641 20.240658
v -15.148002 -25.363591 11.120094
v -15.148002 -25.363591 12.640188
v -15.148002 -25.363591 14.160282
v -15.148002 -25.363591 15.680376
v -15.148002 -25.363591 17.200470
v -15.148002 -25.363591 18.720564
v -15.148002 -25.363591 20.240658
v -15.148002 -25.363591 21.760752
v -15.148002 -25.363591 23.280846
v -15.209677 -25.317200 11.120094
v -15.209677 -25.317200 12.640188
v -15.209677 -25.317200 14.160282
v -15.209677 -25.317200 15.680376
v -15.209677 -25.317200 17.200470
v -15.209677 -25.317200 18.720564
v -15.209677 -25.317200 20.240658
v -15.209677 -25.317200 21.760752
v -15.209677 -25.317200 23.280846
v -15.257476 -25.256609 11.120094
v -15.257476 -25.256609 12.640188
v -15.257476 -25.256609 14.160282
v -15.257476 -25.256609 15.680376
v -15.257476 -25.256609 17.200470
v -15.257476 -25.256609 18.720564
v -15.257476 -25.256609 20.240658
v -15.257476 -25.256609 21.760752
v -15.257476 -25.256609 23.280846
v -14.923466 -25.392714 23.280846
v -14.923466 -25.392714 21.760752
v -14.923466 -25.392714 20.240658
v -14.851998 -25.363591 23.280846
v -14.851998 -25.363591 21.760752
v -14.851998 -25.363591 20.240658
v -14.790323 -25.317200 23.280846
v -14.790323 -25.317200 21.760752
v -14.790323 -25.317200 20.240658
v -14.742524 -25.256609 23.280846
v -14.742524 -25.256609 21.760752
v -14.742524 -25.256609 20.240658
v -15.339127 -25.067797 12.127274
v -15.339127 -25.067797 14.654547
v -15.339127 -25.067797 17.181821
v -15.339127 -25.067797 19.709094
v -15.339127 -25.067797 22.236368
v -16.946477 -23.460448 12.127274
v -16.946477 -23.460448 14.654547
v -16.946477 -23.460448 17.181821
v -16.946477 -23.460448 19.709094
v -16.946477 -23.460448 22.236368
v -25.000000 -13.251070 19.600000
v -25.000000 -6.771424 19.600000
v -25.000000 -6.771424 15.200000
v -25.000000 -7.038826 15.200000
v -25.000000 -13.701070 18.498620
v -12.516751 -7.493390 22.000000
v -12.956884 -6.994162 21.958213
v -13.330980 -6.443709 21.833510
v -13.633140 -5.850712 21.627857
v -13.858600 -5.224522 21.344498
v -9.028120 -10.055002 21.344498
v -9.654310 -9.829542 21.627857
v -10.247307 -9.527382 21.833510
v -10.797759 -9.153286 21.958213
v -11.296988 -8.713153 22.000000
v -12.247692 -9.663857 22.000000
v -13.467455 -8.444094 22.000000
v -21.778196 -13.144118 21.344498
v -21.152006 -13.369578 21.627857
v -20.559009 -13.671738 21.833510
v -20.008556 -14.045834 21.958213
v -19.509327 -14.485967 22.000000
v -18.289564 -15.705730 22.000000
v -17.849432 -16.204958 21.958213
v -17.475336 -16.755411 21.833510
v -17.173176 -17.348408 21.627857
v -16.947716 -17.974598 21.344498
v -18.558624 -13.535263 22.000000
v -17.338861 -14.755026 22.000000
v -21.639906 -10.453980 19.716852
v -21.258416 -10.835470 20.375900
v -20.807205 -11.286681 20.940019
v -20.297926 -11.795961 21.394641
v -19.743729 -12.350158 21.728027
v -19.158928 -12.934959 21.931565
v -22.112641 -12.809673 21.051147
v -22.423489 -12.498825 20.709815
v -22.707313 -12.215001 20.324264
v -23.166968 -12.249961 19.974518
v -20.970107 -9.709566 19.639182
v -20.951575 -9.728098 19.678134
v -20.932799 -9.746874 19.716852
v -4.523139 -14.198011 22.600000
v -4.520602 -14.200000 22.600000
v -4.524695 -14.200000 22.600000
v -4.675114 -14.444026 22.600000
v -4.768394 -14.715086 22.600000
v -4.800000 -15.000000 22.600000
v -4.768394 -15.284914 22.600000
v -4.675114 -15.555974 22.600000
v -4.524695 -15.800000 22.600000
v -4.520602 -15.800000 22.600000
v -4.523139 -15.801989 22.600000
v -4.283767 -16.037164 22.600000
v -3.992173 -16.203232 22.600000
v -3.667784 -16.289127 22.600000
v -3.332216 -16.289127 22.600000
v -3.007827 -16.203232 22.600000
v -2.716233 -16.037164 22.600000
v -2.476861 -15.801989 22.600000
v -2.479398 -15.800000 22.600000
v -2.475305 -15.800000 22.600000
v -2.324886 -15.555974 22.600000
v -2.231606 -15.284914 22.600000
v -2.200000 -15.000000 22.600000
v -2.231606 -14.715086 22.600000
v -2.324886 -14.444026 22.600000
v -2.475305 -14.200000 22.600000
v -2.479398 -14.200000 22.600000
v -2.476861 -14.198011 22.600000
v -2.716233 -13.962836 22.600000
v -3.007827 -13.796768 22.600000
v -3.332216 -13.710873 22.600000
v -3.667784 -13.710873 22.600000
v -3.992173 -13.796768 22.600000
v -4.283767 -13.962836 22.600000
v -0.682558 -13.969455 22.600000
v -0.494729 -13.900752 22.600000
v -0.460438 -13.999470 22.600000
v -0.429388 -14.099254 22.600000
v -0.401613 -14.200000 22.600000
v -0.401613 -15.800000 22.600000
v -0.429388 -15.900746 22.600000
v -0.460438 -16.000530 22.600000
v -0.494729 -16.099248 22.600000
v -0.682558 -16.030545 22.600000
v -0.805714 -16.319403 22.600000
v -0.958389 -16.593804 22.600000
v -1.138910 -16.850744 22.600000
v -0.981504 -16.974127 22.600000
v -1.427142 -17.437880 22.600000
v -1.956517 -17.803152 22.600000
v -2.548244 -18.055186 22.600000
v -3.178418 -18.183800 22.600000
v -3.821582 -18.183800 22.600000
v -4.451756 -18.055186 22.600000
v -5.043483 -17.803152 22.600000
v -5.572858 -17.437880 22.600000
v -6.018496 -16.974127 22.600000
v -5.861090 -16.850744 22.600000
v -6.041611 -16.593804 22.600000
v -6.194286 -16.319403 22.600000
v -6.317442 -16.030545 22.600000
v -6.505271 -16.099248 22.600000
v -6.650942 -15.558181 22.600000
v -6.700000 -15.000000 22.600000
v -6.650942 -14.441819 22.600000
v -6.505271 -13.900752 22.600000
v -6.317442 -13.969455 22.600000
v -6.194286 -13.680597 22.600000
v -6.041611 -13.406196 22.600000
v -5.861090 -13.149256 22.600000
v -6.018496 -13.025873 22.600000
v -5.572858 -12.562120 22.600000
v -5.043483 -12.196848 22.600000
v -4.451756 -11.944814 22.600000
v -3.821582 -11.816200 22.600000
v -3.178418 -11.816200 22.600000
v -2.548244 -11.944814 22.600000
v -1.956517 -12.196848 22.600000
v -1.427142 -12.562120 22.600000
v -0.981504 -13.025873 22.600000
v -1.138910 -13.149256 22.600000
v -0.958389 -13.406196 22.600000
v -0.805714 -13.680597 22.600000
v -21.590342 -3.361766 18.200000
v -21.625279 -3.396702 17.824712
v -21.727707 -3.499131 17.475000
v -21.890647 -3.662071 17.174695
v -22.102995 -3.874418 16.944263
v -22.350279 -4.121702 16.799408
v -22.615647 -4.387071 16.750000
v -22.881015 -4.652439 16.799408
v -23.128299 -4.899723 16.944263
v -23.340647 -5.112071 17.174695
v -23.503587 -5.275011 17.475000
v -23.606015 -5.377439 17.824712
v -23.640952 -5.412376 18.200000
v -23.606015 -5.377439 18.575288
v -23.503587 -5.275011 18.925000
v -23.340647 -5.112071 19.225305
v -23.128299 -4.899723 19.455737
v -22.881015 -4.652439 19.600592
v -22.615647 -4.387071 19.650000
v -22.350279 -4.121702 19.600592
v -22.102995 -3.874418 19.455737
v -21.890647 -3.662071 19.225305
v -21.727707 -3.499131 18.925000
v -21.625279 -3.396702 18.575288
v -19.664746 -8.365816 19.454698
v -19.876757 -8.577827 19.223984
v -20.039350 -8.740420 18.923562
v -20.141457 -8.842528 18.573885
v -20.176128 -8.877198 18.198755
v -20.141002 -8.842072 17.823710
v -20.038470 -8.739540 17.474281
v -19.875512 -8.576583 17.174255
v -19.663222 -8.364292 16.944056
v -19.416050 -8.117121 16.799354
v -19.150824 -7.851894 16.750000
v -18.885597 -7.586667 16.799354
v -18.638425 -7.339496 16.944056
v -18.426135 -7.127205 17.174255
v -18.263177 -6.964248 17.474281
v -18.160645 -6.861716 17.823710
v -18.125519 -6.826590 18.198755
v -18.160190 -6.861260 18.573885
v -18.262297 -6.963368 18.923562
v -18.424891 -7.125961 19.223984
v -18.636901 -7.337972 19.454698
v -18.970870 -7.766130 19.637690
v -19.102313 -7.900405 19.650000
v -19.236587 -8.031848 19.637690
v -21.668878 -10.369948 15.200000
v -16.632769 -5.333840 15.200000
v -24.681802 -6.453226 19.600000
v -20.546774 -2.318198 19.600000
v -16.018599 -18.903715 20.324264
v -16.613271 -18.309043 21.051147
v -16.302423 -18.619891 20.709815
v -14.787717 -4.295405 20.324264
v -8.099003 -10.984119 20.324264
v -8.382827 -10.700295 20.709815
v -8.693675 -10.389447 21.051147
v -14.193045 -4.890077 21.051147
v -14.503893 -4.579229 20.709815
v -7.639348 -10.949159 19.974518
v -14.752757 -3.835750 19.974518
v -9.166410 -12.745139 19.716852
v -9.547899 -12.363650 20.375900
v -9.999110 -11.912439 20.940019
v -10.508390 -11.403159 21.394641
v -11.062587 -10.848962 21.728027
v -11.647388 -10.264161 21.931565
v -9.836209 -13.489554 19.639182
v -9.854741 -13.471022 19.678134
v -9.873516 -13.452246 19.716852
v -16.738557 -15.355330 21.931565
v -16.153755 -15.940131 21.728027
v -15.599559 -16.494328 21.394641
v -15.090279 -17.003607 20.940019
v -14.639068 -17.454818 20.375900
v -14.257578 -17.836308 19.716852
v -13.550472 -17.129201 19.716852
v -13.531696 -17.147977 19.678134
v -13.513164 -17.166509 19.639182
v -9.868790 -13.456972 19.677949
v -9.864269 -13.461493 19.638998
v -13.541225 -17.138449 19.638998
v -13.545746 -17.133928 19.677949
v -14.177703 -17.550405 20.326355
v -14.154367 -17.212157 20.927956
v -14.189007 -16.826013 21.508184
v -14.283054 -16.396619 22.053244
v -14.664531 -16.015142 22.647995
v -15.105163 -15.574510 23.154419
v -15.594835 -15.084838 23.560892
v -16.122308 -14.557365 23.858084
v -16.675474 -14.004199 24.039172
v -17.241635 -13.438038 24.100000
v -17.807797 -12.871876 24.039172
v -18.360963 -12.318710 23.858084
v -18.888436 -11.791237 23.560892
v -19.378108 -11.301565 23.154419
v -19.818740 -10.860933 22.647995
v -20.200217 -10.479457 22.053244
v -20.629611 -10.385409 21.508184
v -21.015755 -10.350769 20.927956
v -21.354003 -10.374105 20.326355
v -20.937525 -9.742148 19.677949
v -20.942046 -9.737627 19.638998
v -17.265091 -6.060671 19.638998
v -17.260570 -6.065192 19.677949
v -17.255844 -6.069918 19.716852
v -16.548737 -5.362812 19.716852
v -16.628613 -5.648715 20.326355
v -16.651949 -5.986963 20.927956
v -16.617308 -6.373107 21.508184
v -16.523261 -6.802501 22.053244
v -16.141785 -7.183978 22.647995
v -15.701153 -7.624610 23.154419
v -15.211481 -8.114282 23.560892
v -14.684008 -8.641755 23.858084
v -14.130842 -9.194921 24.039172
v -13.564680 -9.761082 24.100000
v -12.998519 -10.327244 24.039172
v -12.445353 -10.880410 23.858084
v -11.917880 -11.407883 23.560892
v -11.428208 -11.897555 23.154419
v -10.987576 -12.338187 22.647995
v -10.606099 -12.719663 22.053244
v -10.176705 -12.813710 21.508184
v -9.790561 -12.848351 20.927956
v -9.452313 -12.825015 20.326355
v -17.274620 -6.051143 19.678134
v -17.293152 -6.032611 19.639182
v -14.067759 -7.843790 21.931565
v -14.652560 -7.258989 21.728027
v -15.206757 -6.704792 21.394641
v -15.716036 -6.195513 20.940019
v -16.167247 -5.744302 20.375900
v -14.829501 -15.850172 22.461404
v -15.410631 -15.269042 22.758689
v -16.015261 -14.664412 22.939381
v -16.631754 -14.047919 23.000000
v -17.851517 -12.828156 23.000000
v -18.468010 -12.211663 22.939381
v -19.072640 -11.607033 22.758689
v -19.653770 -11.025903 22.461404
v -15.976814 -7.348948 22.461404
v -15.395684 -7.930078 22.758689
v -14.791055 -8.534707 22.939381
v -14.174562 -9.151201 23.000000
v -12.954799 -10.370964 23.000000
v -12.338305 -10.987457 22.939381
v -11.733676 -11.592087 22.758689
v -11.152546 -12.173216 22.461404
v -32.071068 0.299644 19.600000
v -27.299644 5.071068 19.600000
v -14.198930 8.000000 19.600000
v -13.298930 8.000000 19.600000
v -14.198930 -0.434978 19.600000
v -14.198930 7.077782 19.600000
v -26.545933 4.317357 19.600000
v -21.689812 -1.811556 19.600000
v -27.299644 3.798276 19.600000
v -30.798276 0.299644 19.600000
v -24.938638 -5.559993 19.600000
v -31.317357 -0.454067 19.600000
v -34.077782 -12.801070 19.600000
v -26.637504 -12.801070 19.600000
v -35.000000 -13.701070 19.600000
v -35.000000 -12.801070 19.600000
vt -0.898218 -0.335000 0.000000
vt -0.990486 -0.335000 0.000000
vt -0.982517 -0.435000 0.000000
vt -0.999190 -0.435000 0.000000
vt 0.898218 -0.335000 0.000000
vt 0.982517 -0.435000 0.000000
vt 0.990486 -0.335000 0.000000
vt 0.999190 -0.435000 0.000000
vt -0.140905 -0.951887 0.000000
vt -0.140905 -1.000000 0.000000
vt -0.081799 -0.951887 0.000000
vt -0.040505 -0.983342 0.000000
vt -0.040505 -1.000000 0.000000
vt 0.046188 -3.329503 0.000000
vt 0.093520 -3.307261 0.000000
vt 0.046188 -3.315133 0.000000
vt 0.046188 -3.300764 0.000000
vt 0.046188 -3.286394 0.000000
vt 0.046188 -1.037540 0.000000
vt 0.046188 -1.051909 0.000000
vt 0.093520 -1.059782 0.000000
vt 0.046188 -1.066279 0.000000
vt 0.046188 -1.080649 0.000000
vt 0.140901 -0.951887 0.000000
vt 0.081797 -0.951887 0.000000
vt 0.140901 -1.000000 0.000000
vt 0.040504 -0.983342 0.000000
vt 0.040504 -1.000000 0.000000
vt 0.046188 -3.223038 0.000000
vt 0.161658 -3.161594 0.000000
vt 0.046188 -3.089754 0.000000
vt 0.161658 -3.027617 0.000000
vt 0.046188 -2.956469 0.000000
vt 0.161658 -2.893639 0.000000
vt 0.046188 -2.823185 0.000000
vt 0.161658 -2.759662 0.000000
vt 0.046188 -2.689901 0.000000
vt 0.161658 -2.625685 0.000000
vt 0.046188 -2.556617 0.000000
vt 0.161658 -2.491707 0.000000
vt 0.046188 -2.423332 0.000000
vt 0.161658 -2.357730 0.000000
vt 0.046188 -2.290048 0.000000
vt 0.161658 -2.223752 0.000000
vt 0.046188 -2.156764 0.000000
vt 0.161658 -2.089775 0.000000
vt 0.046188 -2.023480 0.000000
vt 0.161658 -1.955798 0.000000
vt 0.046188 -1.890195 0.000000
vt 0.161658 -1.821820 0.000000
vt 0.046188 -1.756911 0.000000
vt 0.161658 -1.687843 0.000000
vt 0.046188 -1.623627 0.000000
vt 0.161658 -1.553866 0.000000
vt 0.046188 -1.490342 0.000000
vt 0.161658 -1.419888 0.000000
vt 0.046188 -1.357058 0.000000
vt 0.161658 -1.285911 0.000000
vt 0.046188 -1.223774 0.000000
vt 0.161658 -1.151933 0.000000
vt 0.046188 -1.090490 0.000000
vt 1.100000 -4.336870 0.000000
vt 1.010000 -4.336870 0.000000
vt 1.100000 -4.476770 0.000000
vt 1.010000 -4.476770 0.000000
vt 1.100000 4.476770 0.000000
vt 1.010000 4.476770 0.000000
vt 1.100000 4.336870 0.000000
vt 1.010000 4.336870 0.000000
vt 1.100000 4.196971 0.000000
vt 1.010000 4.196971 0.000000
vt 1.100000 4.057072 0.000000
vt 1.010000 4.057072 0.000000
vt 1.100000 3.917173 0.000000
vt 1.010000 3.917173 0.000000
vt 1.100000 3.777274 0.000000
vt 1.010000 3.777274 0.000000
vt 1.100000 3.637375 0.000000
vt 1.010000 3.637375 0.000000
vt 1.100000 3.497476 0.000000
vt 1.010000 3.497476 0.000000
vt 1.100000 3.357577 0.000000
vt 1.010000 3.357577 0.000000
vt 1.100000 3.217678 0.000000
vt 1.010000 3.217678 0.000000
vt 1.100000 3.077779 0.000000
vt 1.010000 3.077779 0.000000
vt 1.100000 2.937880 0.000000
vt 1.010000 2.937880 0.000000
vt 1.100000 2.797981 0.000000
vt 1.010000 2.797981 0.000000
vt 1.100000 2.658082 0.000000
vt 1.010000 2.658082 0.000000
vt 1.100000 2.518183 0.000000
vt 1.010000 2.518183 0.000000
vt 1.100000 2.378284 0.000000
vt 1.010000 2.378284 0.000000
vt 1.100000 2.238385 0.000000
vt 1.010000 2.238385 0.000000
vt 1.100000 2.098486 0.000000
vt 1.010000 2.098486 0.000000
vt 1.100000 1.958587 0.000000
vt 1.010000 1.958587 0.000000
vt 1.100000 1.818688 0.000000
vt 1.010000 1.818688 0.000000
vt 1.100000 1.678789 0.000000
vt 1.010000 1.678789 0.000000
vt 1.100000 1.538890 0.000000
vt 1.010000 1.538890 0.000000
vt 1.100000 1.398990 0.000000
vt 1.010000 1.398990 0.000000
vt 1.100000 1.259091 0.000000
vt 1.010000 1.259091 0.000000
vt 1.100000 1.119192 0.000000
vt 1.010000 1.119192 0.000000
vt 1.100000 0.979293 0.000000
vt 1.010000 0.979293 0.000000
vt 1.100000 0.839394 0.000000
vt 1.010000 0.839394 0.000000
vt 1.100000 0.699495 0.000000
vt 1.010000 0.699495 0.000000
vt 1.100000 0.559596 0.000000
vt 1.010000 0.559596 0.000000
vt 1.100000 0.419697 0.000000
vt 1.010000 0.419697 0.000000
vt 1.100000 0.279798 0.000000
vt 1.010000 0.279798 0.000000
vt 1.100000 0.139899 0.000000
vt 1.010000 0.139899 0.000000
vt 1.100000 0.000000 0.000000
vt 1.010000 0.000000 0.000000
vt 1.100000 -0.139899 0.000000
vt 1.010000 -0.139899 0.000000
vt 1.100000 -0.279798 0.000000
vt 1.010000 -0.279798 0.000000
vt 1.100000 -0.419697 0.000000
vt 1.010000 -0.419697 0.000000
vt 1.100000 -0.559596 0.000000
vt 1.010000 -0.559596 0.000000
vt 1.100000 -0.699495 0.000000
vt 1.010000 -0.699495 0.000000
vt 1.100000 -0.839394 0.000000
vt 1.010000 -0.839394 0.000000
vt 1.100000 -0.979293 0.000000
vt 1.010000 -0.979293 0.000000
vt 1.100000 -1.119192 0.000000
vt 1.010000 -1.119192 0.000000
vt 1.100000 -1.259091 0.000000
vt 1.010000 -1.259091 0.000000
vt 1.100000 -1.398990 0.000000
vt 1.010000 -1.398990 0.000000
vt 1.100000 -1.538890 0.000000
vt 1.010000 -1.538890 0.000000
vt 1.100000 -1.678789 0.000000
vt 1.010000 -1.678789 0.000000
vt 1.100000 -1.818688 0.000000
vt 1.010000 -1.818688 0.000000
vt 1.100000 -1.958587 0.000000
vt 1.010000 -1.958587 0.000000
vt 1.100000 -2.098486 0.000000
vt 1.010000 -2.098486 0.000000
vt 1.100000 -2.238385 0.000000
vt 1.010000 -2.238385 0.000000
vt 1.100000 -2.378284 0.000000
vt 1.010000 -2.378284 0.000000
vt 1.100000 -2.518183 0.000000
vt 1.010000 -2.518183 0.000000
vt 1.100000 -2.658082 0.000000
vt 1.010000 -2.658082 0.000000
vt 1.100000 -2.797981 0.000000
vt 1.010000 -2.797981 0.000000
vt 1.100000 -2.937880 0.000000
vt 1.010000 -2.937880 0.000000
vt 1.100000 -3.077779 0.000000
vt 1.010000 -3.077779 0.000000
vt 1.100000 -3.217678 0.000000
vt 1.010000 -3.217678 0.000000
vt 1.100000 -3.357577 0.000000
vt 1.010000 -3.357577 0.000000
vt 1.100000 -3.497476 0.000000
vt 1.010000 -3.497476 0.000000
vt 1.100000 -3.637375 0.000000
vt 1.010000 -3.637375 0.000000
vt 1.100000 -3.777274 0.000000
vt 1.010000 -3.777274 0.000000
vt 1.100000 -3.917173 0.000000
vt 1.010000 -3.917173 0.000000
vt 1.100000 -4.057072 0.000000
vt 1.010000 -4.057072 0.000000
vt 1.100000 -4.196971 0.000000
vt 1.010000 -4.196971 0.000000
vt -0.990486 0.050000 0.000000
vt -1.500000 0.050000 0.000000
vt -0.996723 -0.009009 0.000000
vt -1.500000 -0.050000 0.000000
vt -1.029200 -0.050000 0.000000
vt 0.990486 0.050000 0.000000
vt 0.996723 -0.009009 0.000000
vt 1.500000 0.050000 0.000000
vt 1.500000 -0.050000 0.000000
vt 1.029200 -0.050000 0.000000
vt 1.011770 1.050281 0.000000
vt 1.081119 0.771131 0.000000
vt 1.051887 1.045000 0.000000
vt 1.161369 0.880972 0.000000
vt 1.092004 1.050281 0.000000
vt 1.129387 1.065766 0.000000
vt 1.161488 1.090398 0.000000
vt 1.251887 0.982517 0.000000
vt 1.251887 0.999190 0.000000
vt 0.974387 1.065766 0.000000
vt 1.011893 0.654030 0.000000
vt 0.942285 1.090398 0.000000
vt 0.954342 0.530770 0.000000
vt 0.917653 1.122500 0.000000
vt 0.909008 0.402513 0.000000
vt 0.902168 1.159883 0.000000
vt -0.000000 1.500000 0.000000
vt 0.896887 1.200000 0.000000
vt 0.902168 1.240117 0.000000
vt 0.917653 1.277500 0.000000
vt 0.942285 1.309602 0.000000
vt 0.974387 1.334234 0.000000
vt 1.011770 1.349719 0.000000
vt 1.300000 1.500000 0.000000
vt 1.051887 1.355000 0.000000
vt 1.092004 1.349719 0.000000
vt 1.129387 1.334234 0.000000
vt 1.161488 1.309602 0.000000
vt 1.186121 1.277500 0.000000
vt 1.201605 1.240117 0.000000
vt 1.206887 1.200000 0.000000
vt 1.300000 1.029200 0.000000
vt 1.201605 1.159883 0.000000
vt 1.289412 1.019305 0.000000
vt 1.278926 1.009301 0.000000
vt 1.268545 0.999190 0.000000
vt 1.186121 1.122500 0.000000
vt 1.092004 -1.349719 0.000000
vt 1.051887 -1.355000 0.000000
vt 1.300000 -1.500000 0.000000
vt 1.011770 -1.349719 0.000000
vt -0.000000 -1.500000 0.000000
vt 0.974387 -1.334234 0.000000
vt 0.942285 -1.309602 0.000000
vt 0.917653 -1.277500 0.000000
vt 0.902168 -1.240117 0.000000
vt 0.896887 -1.200000 0.000000
vt 0.000000 -0.862000 0.000000
vt 0.902168 -1.159883 0.000000
vt 0.909008 -0.402513 0.000000
vt 0.917653 -1.122500 0.000000
vt 0.954342 -0.530770 0.000000
vt 0.942285 -1.090398 0.000000
vt 1.011893 -0.654030 0.000000
vt 0.974387 -1.065766 0.000000
vt 1.081119 -0.771131 0.000000
vt 1.011770 -1.050281 0.000000
vt 1.051887 -1.045000 0.000000
vt 1.161369 -0.880972 0.000000
vt 1.092004 -1.050281 0.000000
vt 1.129387 -1.065766 0.000000
vt 1.161488 -1.090398 0.000000
vt 1.251887 -0.982517 0.000000
vt 1.251887 -0.999190 0.000000
vt 1.186121 -1.122500 0.000000
vt 1.201605 -1.159883 0.000000
vt 1.206887 -1.200000 0.000000
vt 1.300000 -1.029200 0.000000
vt 1.289412 -1.019305 0.000000
vt 1.278926 -1.009301 0.000000
vt 1.201605 -1.240117 0.000000
vt 1.186121 -1.277500 0.000000
vt 1.161488 -1.309602 0.000000
vt 1.129387 -1.334234 0.000000
vt 1.268545 -0.999190 0.000000
vt 0.000000 -0.462000 0.000000
vt 0.876318 -0.270466 0.000000
vt 0.856581 -0.135873 0.000000
vt 0.849981 -0.000000 0.000000
vt 0.856581 0.135873 0.000000
vt 0.876318 0.270466 0.000000
vt -0.600000 -0.462000 0.000000
vt -0.600000 -0.862000 0.000000
vt -2.010000 1.000000 0.000000
vt -2.369736 1.000000 0.000000
vt -2.010000 0.000000 0.000000
vt -2.369736 0.000000 0.000000
vt -0.358100 -0.333094 0.000000
vt -0.342062 -0.304053 0.000000
vt -0.355024 -0.326016 0.000000
vt -0.347599 -0.310609 0.000000
vt -0.351961 -0.318000 0.000000
vt -0.383848 -0.491697 0.000000
vt -0.362880 -0.339153 0.000000
vt -0.369048 -0.343792 0.000000
vt -0.376195 -0.346705 0.000000
vt -0.383848 -0.347697 0.000000
vt -0.043848 -0.491697 0.000000
vt -0.199360 -0.161351 0.000000
vt -0.192804 -0.155814 0.000000
vt -0.185413 -0.151452 0.000000
vt -0.177397 -0.148389 0.000000
vt -0.170319 -0.145313 0.000000
vt -0.164260 -0.140533 0.000000
vt -0.159621 -0.134365 0.000000
vt -0.156709 -0.127219 0.000000
vt -0.155716 -0.119565 0.000000
vt -0.043848 0.148303 0.000000
vt -0.156709 -0.111912 0.000000
vt -0.159621 -0.104765 0.000000
vt -0.153848 0.258303 0.000000
vt -0.164260 -0.098597 0.000000
vt -0.170319 -0.093818 0.000000
vt -0.157721 0.258303 0.000000
vt -0.177397 -0.090742 0.000000
vt -0.185413 -0.087678 0.000000
vt -0.192804 -0.083316 0.000000
vt -0.199360 -0.077779 0.000000
vt -0.342062 0.064923 0.000000
vt -0.383848 0.468303 0.000000
vt -0.358100 0.093964 0.000000
vt -0.362880 0.100023 0.000000
vt -0.369048 0.104662 0.000000
vt -0.376195 0.107574 0.000000
vt -0.383848 0.108567 0.000000
vt -0.355024 0.086886 0.000000
vt -0.347599 0.071479 0.000000
vt -0.351961 0.078870 0.000000
vt -0.999046 0.000000 0.000000
vt -0.639310 0.000000 0.000000
vt -0.999046 1.000000 0.000000
vt -0.639310 1.000000 0.000000
vt -2.970000 0.000000 0.000000
vt -2.826000 0.000000 0.000000
vt -2.970000 1.000000 0.000000
vt -2.826000 1.000000 0.000000
vt 0.509514 1.300000 0.000000
vt 0.000000 1.300000 0.000000
vt 0.509514 1.251887 0.000000
vt 0.703477 1.169137 0.000000
vt 0.601782 1.251887 0.000000
vt 0.812750 1.096688 0.000000
vt 0.000000 0.000000 0.000000
vt 0.928562 1.035230 0.000000
vt 1.049810 0.985346 0.000000
vt 1.175341 0.947512 0.000000
vt 1.303961 0.922088 0.000000
vt 1.434446 0.909315 0.000000
vt 3.000000 0.000000 0.000000
vt 1.565554 0.909315 0.000000
vt 1.696039 0.922088 0.000000
vt 1.824659 0.947512 0.000000
vt 1.950190 0.985346 0.000000
vt 2.071438 1.035230 0.000000
vt 2.187250 1.096688 0.000000
vt 3.000000 1.300000 0.000000
vt 2.296523 1.169137 0.000000
vt 2.490486 1.251887 0.000000
vt 2.398218 1.251887 0.000000
vt 2.490486 1.300000 0.000000
vt -0.183046 0.000000 0.000000
vt -0.039046 0.000000 0.000000
vt -0.183046 1.000000 0.000000
vt -0.039046 1.000000 0.000000
vt 0.034119 0.273570 0.000000
vt 0.218460 0.080190 0.000000
vt 0.260247 0.483570 0.000000
vt 0.234499 0.109231 0.000000
vt 0.239279 0.115290 0.000000
vt 0.030247 0.273570 0.000000
vt 0.046718 -0.078550 0.000000
vt 0.053796 -0.075474 0.000000
vt 0.061812 -0.072411 0.000000
vt -0.079753 0.163570 0.000000
vt 0.036020 -0.089498 0.000000
vt 0.040659 -0.083330 0.000000
vt -0.079753 -0.476430 0.000000
vt 0.032115 -0.104298 0.000000
vt 0.033107 -0.096644 0.000000
vt 0.260247 -0.476430 0.000000
vt 0.218460 -0.288786 0.000000
vt 0.075759 -0.146084 0.000000
vt 0.069203 -0.140547 0.000000
vt 0.260247 -0.332430 0.000000
vt 0.252593 -0.331437 0.000000
vt 0.245446 -0.328525 0.000000
vt 0.239279 -0.323886 0.000000
vt 0.234499 -0.317827 0.000000
vt 0.231423 -0.310749 0.000000
vt 0.223998 -0.295342 0.000000
vt 0.228360 -0.302732 0.000000
vt 0.061812 -0.136185 0.000000
vt 0.053796 -0.133121 0.000000
vt 0.046718 -0.130045 0.000000
vt 0.040659 -0.125265 0.000000
vt 0.036020 -0.119098 0.000000
vt 0.033107 -0.111951 0.000000
vt 0.069203 -0.068049 0.000000
vt 0.075759 -0.062511 0.000000
vt 0.231423 0.102153 0.000000
vt 0.223998 0.086746 0.000000
vt 0.228360 0.094137 0.000000
vt 0.245446 0.119929 0.000000
vt 0.252593 0.122842 0.000000
vt 0.260247 0.123834 0.000000
vt 1.600000 -0.017184 0.000000
vt 1.347273 -0.012888 0.000000
vt 1.600000 -0.025776 0.000000
vt 1.094545 -0.012888 0.000000
vt 0.841818 -0.012888 0.000000
vt 0.090000 0.000000 0.000000
vt 0.589091 -0.012888 0.000000
vt 0.336363 -0.012888 0.000000
vt 0.086387 -0.019332 0.000000
vt 0.088383 -0.012888 0.000000
vt 0.089594 -0.006444 0.000000
vt 1.600000 -0.008592 0.000000
vt 1.600000 0.000000 0.000000
vt 0.083636 -0.025776 0.000000
vt -0.000000 1.600000 0.000000
vt -0.000000 0.090000 0.000000
vt 0.201810 1.600000 0.000000
vt 0.201810 0.090000 0.000000
vt 1.600000 -0.017184 0.000000
vt 1.347273 -0.012888 0.000000
vt 1.600000 -0.025776 0.000000
vt 1.094545 -0.012888 0.000000
vt 0.841818 -0.012888 0.000000
vt 0.083636 0.000000 0.000000
vt 0.589091 -0.012888 0.000000
vt 0.336363 -0.012888 0.000000
vt 0.089594 -0.019332 0.000000
vt 0.088383 -0.012888 0.000000
vt 0.086387 -0.006444 0.000000
vt 1.600000 -0.008592 0.000000
vt 1.600000 0.000000 0.000000
vt 0.090000 -0.025776 0.000000
vt -1.600000 -0.063292 0.000000
vt -1.447991 -0.063292 0.000000
vt -1.600000 -0.055553 0.000000
vt -1.295981 -0.063292 0.000000
vt -1.143972 -0.063292 0.000000
vt -1.143972 -0.071031 0.000000
vt -0.991962 -0.071031 0.000000
vt -0.991962 -0.078770 0.000000
vt -0.839953 -0.078770 0.000000
vt -0.839953 -0.086509 0.000000
vt -0.687944 -0.086509 0.000000
vt -0.687944 -0.094248 0.000000
vt -0.535934 -0.094248 0.000000
vt -0.535934 -0.101987 0.000000
vt -0.383925 -0.101987 0.000000
vt -0.383925 -0.109726 0.000000
vt -0.231915 -0.109726 0.000000
vt -0.231915 -0.117464 0.000000
vt -0.080195 -0.113595 0.000000
vt -0.079906 -0.118432 0.000000
vt -0.080395 -0.123269 0.000000
vt -0.231915 -0.125203 0.000000
vt -0.081649 -0.128105 0.000000
vt -0.083636 -0.132942 0.000000
vt -0.383925 -0.125203 0.000000
vt -0.535934 -0.125203 0.000000
vt -0.535934 -0.117464 0.000000
vt -0.687944 -0.117464 0.000000
vt -0.687944 -0.109726 0.000000
vt -0.839953 -0.109726 0.000000
vt -0.839953 -0.101987 0.000000
vt -0.991962 -0.101987 0.000000
vt -0.991962 -0.094248 0.000000
vt -1.143972 -0.094248 0.000000
vt -1.143972 -0.086509 0.000000
vt -1.295981 -0.086509 0.000000
vt -1.295981 -0.078770 0.000000
vt -1.447991 -0.078770 0.000000
vt -1.447991 -0.071031 0.000000
vt -1.600000 -0.071031 0.000000
vt -1.600000 -0.078770 0.000000
vt -1.447991 -0.086509 0.000000
vt -1.295981 -0.094248 0.000000
vt -1.143972 -0.101987 0.000000
vt -0.991962 -0.109726 0.000000
vt -0.839953 -0.117464 0.000000
vt -0.687944 -0.125203 0.000000
vt -1.600000 -0.086509 0.000000
vt -1.447991 -0.094248 0.000000
vt -1.295981 -0.101987 0.000000
vt -1.143972 -0.109726 0.000000
vt -0.991962 -0.117464 0.000000
vt -0.839953 -0.125203 0.000000
vt -1.600000 -0.094248 0.000000
vt -1.447991 -0.101987 0.000000
vt -1.295981 -0.109726 0.000000
vt -1.143972 -0.117464 0.000000
vt -0.991962 -0.125203 0.000000
vt -1.600000 -0.132942 0.000000
vt -1.600000 -0.101987 0.000000
vt -1.447991 -0.109726 0.000000
vt -1.295981 -0.117464 0.000000
vt -1.143972 -0.125203 0.000000
vt -1.600000 -0.109726 0.000000
vt -1.447991 -0.117464 0.000000
vt -1.295981 -0.125203 0.000000
vt -1.600000 -0.117464 0.000000
vt -1.447991 -0.125203 0.000000
vt -1.600000 -0.125203 0.000000
vt -0.081255 -0.108758 0.000000
vt -0.083057 -0.103921 0.000000
vt -0.231915 -0.101987 0.000000
vt -0.085556 -0.099085 0.000000
vt -0.231915 -0.094248 0.000000
vt -0.088686 -0.094248 0.000000
vt -0.085556 -0.089411 0.000000
vt -0.231915 -0.086509 0.000000
vt -0.083057 -0.084574 0.000000
vt -0.231915 -0.078770 0.000000
vt -0.081255 -0.079737 0.000000
vt -0.080195 -0.074901 0.000000
vt -0.231915 -0.071031 0.000000
vt -0.079906 -0.070064 0.000000
vt -0.080395 -0.065227 0.000000
vt -0.231915 -0.063292 0.000000
vt -0.081649 -0.060390 0.000000
vt -0.383925 -0.063292 0.000000
vt -0.535934 -0.063292 0.000000
vt -0.383925 -0.071031 0.000000
vt -0.535934 -0.071031 0.000000
vt -0.383925 -0.078770 0.000000
vt -0.535934 -0.078770 0.000000
vt -0.383925 -0.086509 0.000000
vt -0.535934 -0.086509 0.000000
vt -0.383925 -0.094248 0.000000
vt -0.083636 -0.055553 0.000000
vt -0.687944 -0.063292 0.000000
vt -1.295981 -0.071031 0.000000
vt -0.991962 -0.063292 0.000000
vt -0.839953 -0.063292 0.000000
vt -0.687944 -0.071031 0.000000
vt -0.839953 -0.071031 0.000000
vt -1.143972 -0.078770 0.000000
vt -0.991962 -0.086509 0.000000
vt -0.839953 -0.094248 0.000000
vt -0.687944 -0.101987 0.000000
vt -0.535934 -0.109726 0.000000
vt -0.383925 -0.117464 0.000000
vt -0.687944 -0.078770 0.000000
vt 1.600000 -0.017184 0.000000
vt 1.347273 -0.012888 0.000000
vt 1.600000 -0.025776 0.000000
vt 1.094545 -0.012888 0.000000
vt 0.841818 -0.012888 0.000000
vt 0.090000 0.000000 0.000000
vt 0.589091 -0.012888 0.000000
vt 0.336363 -0.012888 0.000000
vt 0.086387 -0.019332 0.000000
vt 0.088383 -0.012888 0.000000
vt 0.089594 -0.006444 0.000000
vt 1.600000 -0.008592 0.000000
vt 1.600000 0.000000 0.000000
vt 0.083636 -0.025776 0.000000
vt -0.000000 1.600000 0.000000
vt -0.000000 0.090000 0.000000
vt 0.201810 1.600000 0.000000
vt 0.201810 0.090000 0.000000
vt 1.600000 -0.017184 0.000000
vt 1.347273 -0.012888 0.000000
vt 1.600000 -0.025776 0.000000
vt 1.094545 -0.012888 0.000000
vt 0.841818 -0.012888 0.000000
vt 0.083636 0.000000 0.000000
vt 0.589091 -0.012888 0.000000
vt 0.336363 -0.012888 0.000000
vt 0.089594 -0.019332 0.000000
vt 0.088383 -0.012888 0.000000
vt 0.086387 -0.006444 0.000000
vt 1.600000 -0.008592 0.000000
vt 1.600000 0.000000 0.000000
vt 0.090000 -0.025776 0.000000
vt -1.600000 -0.063292 0.000000
vt -1.447991 -0.063292 0.000000
vt -1.600000 -0.055553 0.000000
vt -1.295981 -0.063292 0.000000
vt -1.143972 -0.063292 0.000000
vt -1.143972 -0.071031 0.000000
vt -0.991962 -0.071031 0.000000
vt -0.991962 -0.078770 0.000000
vt -0.839953 -0.078770 0.000000
vt -0.839953 -0.086509 0.000000
vt -0.687944 -0.086509 0.000000
vt -0.600000 -0.094248 0.000000
vt -0.535934 -0.086509 0.000000
vt -0.383925 -0.101987 0.000000
vt -0.383925 -0.086509 0.000000
vt -0.231915 -0.101987 0.000000
vt -0.231915 -0.086509 0.000000
vt -0.088686 -0.094248 0.000000
vt -0.085556 -0.089411 0.000000
vt -1.447991 -0.071031 0.000000
vt -1.600000 -0.071031 0.000000
vt -1.447991 -0.078770 0.000000
vt -1.600000 -0.078770 0.000000
vt -1.447991 -0.086509 0.000000
vt -1.600000 -0.086509 0.000000
vt -1.600000 -0.094248 0.000000
vt -1.143972 -0.086509 0.000000
vt -1.295981 -0.086509 0.000000
vt -0.535934 -0.101987 0.000000
vt -0.600000 -0.101987 0.000000
vt -0.535934 -0.109726 0.000000
vt -0.600000 -0.109726 0.000000
vt -0.535934 -0.117464 0.000000
vt -0.600000 -0.117464 0.000000
vt -0.535934 -0.125203 0.000000
vt -0.600000 -0.125203 0.000000
vt -0.600000 -0.132942 0.000000
vt -0.383925 -0.125203 0.000000
vt -0.083636 -0.132942 0.000000
vt -0.231915 -0.125203 0.000000
vt -0.081649 -0.128105 0.000000
vt -0.080395 -0.123269 0.000000
vt -0.231915 -0.117464 0.000000
vt -0.079906 -0.118432 0.000000
vt -0.080195 -0.113595 0.000000
vt -0.231915 -0.109726 0.000000
vt -0.081255 -0.108758 0.000000
vt -0.083057 -0.103921 0.000000
vt -0.085556 -0.099085 0.000000
vt -0.083057 -0.084574 0.000000
vt -0.231915 -0.078770 0.000000
vt -0.383925 -0.078770 0.000000
vt -0.383925 -0.071031 0.000000
vt -0.535934 -0.071031 0.000000
vt -0.535934 -0.063292 0.000000
vt -0.687944 -0.063292 0.000000
vt -0.081649 -0.060390 0.000000
vt -0.083636 -0.055553 0.000000
vt -0.081255 -0.079737 0.000000
vt -0.080195 -0.074901 0.000000
vt -0.231915 -0.071031 0.000000
vt -0.079906 -0.070064 0.000000
vt -0.080395 -0.065227 0.000000
vt -0.231915 -0.063292 0.000000
vt -0.383925 -0.063292 0.000000
vt -1.295981 -0.071031 0.000000
vt -1.295981 -0.078770 0.000000
vt -0.991962 -0.063292 0.000000
vt -0.839953 -0.063292 0.000000
vt -0.687944 -0.071031 0.000000
vt -0.535934 -0.078770 0.000000
vt -0.839953 -0.071031 0.000000
vt -1.143972 -0.078770 0.000000
vt -0.991962 -0.086509 0.000000
vt -0.687944 -0.078770 0.000000
vt -0.383925 -0.109726 0.000000
vt -0.383925 -0.117464 0.000000
vt 1.000000 0.077782 0.000000
vt -0.000000 0.077782 0.000000
vt 1.000000 -0.077782 0.000000
vt -0.000000 -0.077782 0.000000
vt -0.110000 1.000000 0.000000
vt -0.750000 1.000000 0.000000
vt -0.110000 -0.000000 0.000000
vt -0.750000 0.000000 0.000000
vt 4.110000 -1.500000 0.000000
vt 3.110000 -1.500000 0.000000
vt 4.110000 -1.571008 0.000000
vt 4.110000 -1.654658 0.000000
vt 4.144542 -1.605808 0.000000
vt 3.110000 -1.840000 0.000000
vt 4.110000 -1.840000 0.000000
vt 4.110000 1.840000 0.000000
vt 3.110000 1.840000 0.000000
vt 4.110000 1.654658 0.000000
vt 3.110000 1.500000 0.000000
vt 4.110000 1.571008 0.000000
vt 4.110000 1.500000 0.000000
vt 4.144542 1.605808 0.000000
vt 0.750000 1.000000 0.000000
vt 0.110000 1.000000 0.000000
vt 0.750000 0.000000 0.000000
vt 0.110000 -0.000000 0.000000
vt 1.600000 0.063292 0.000000
vt 1.447991 0.063292 0.000000
vt 1.600000 0.055553 0.000000
vt 1.295981 0.063292 0.000000
vt 1.143972 0.063292 0.000000
vt 1.143972 0.071031 0.000000
vt 0.991962 0.071031 0.000000
vt 0.991962 0.078770 0.000000
vt 0.839953 0.078770 0.000000
vt 0.839953 0.086509 0.000000
vt 0.687944 0.086509 0.000000
vt 0.600000 0.094248 0.000000
vt 0.535934 0.086509 0.000000
vt 0.535934 0.094248 0.000000
vt 0.383925 0.094248 0.000000
vt 0.383925 0.101987 0.000000
vt 0.231915 0.101987 0.000000
vt 0.231915 0.109726 0.000000
vt 0.083057 0.103921 0.000000
vt 0.081255 0.108758 0.000000
vt 0.080195 0.113595 0.000000
vt 0.231915 0.117464 0.000000
vt 0.079906 0.118432 0.000000
vt 0.080395 0.123269 0.000000
vt 0.231915 0.125203 0.000000
vt 0.081649 0.128105 0.000000
vt 0.083636 0.132942 0.000000
vt 0.383925 0.125203 0.000000
vt 0.600000 0.132942 0.000000
vt 0.535934 0.125203 0.000000
vt 0.600000 0.125203 0.000000
vt 0.600000 0.117464 0.000000
vt 0.535934 0.117464 0.000000
vt 0.600000 0.109726 0.000000
vt 0.535934 0.109726 0.000000
vt 0.600000 0.101987 0.000000
vt 0.535934 0.101987 0.000000
vt 1.447991 0.071031 0.000000
vt 1.600000 0.071031 0.000000
vt 1.447991 0.078770 0.000000
vt 1.600000 0.078770 0.000000
vt 1.447991 0.086509 0.000000
vt 1.600000 0.086509 0.000000
vt 1.600000 0.094248 0.000000
vt 1.143972 0.086509 0.000000
vt 1.295981 0.086509 0.000000
vt 0.085556 0.099085 0.000000
vt 0.231915 0.094248 0.000000
vt 0.383925 0.086509 0.000000
vt 0.535934 0.078770 0.000000
vt 0.687944 0.078770 0.000000
vt 0.687944 0.071031 0.000000
vt 0.839953 0.071031 0.000000
vt 0.839953 0.063292 0.000000
vt 0.991962 0.063292 0.000000
vt 0.088686 0.094248 0.000000
vt 0.085556 0.089411 0.000000
vt 0.231915 0.086509 0.000000
vt 0.083057 0.084574 0.000000
vt 0.231915 0.078770 0.000000
vt 0.081255 0.079737 0.000000
vt 0.080195 0.074901 0.000000
vt 0.231915 0.071031 0.000000
vt 0.079906 0.070064 0.000000
vt 0.080395 0.065227 0.000000
vt 0.231915 0.063292 0.000000
vt 0.081649 0.060390 0.000000
vt 0.383925 0.063292 0.000000
vt 0.535934 0.063292 0.000000
vt 0.383925 0.071031 0.000000
vt 0.535934 0.071031 0.000000
vt 0.383925 0.078770 0.000000
vt 0.083636 0.055553 0.000000
vt 0.687944 0.063292 0.000000
vt 1.295981 0.071031 0.000000
vt 1.295981 0.078770 0.000000
vt 1.143972 0.078770 0.000000
vt 0.991962 0.086509 0.000000
vt 0.383925 0.109726 0.000000
vt 0.383925 0.117464 0.000000
vt -1.000000 -0.077782 0.000000
vt 0.000000 -0.077782 0.000000
vt -1.000000 0.077782 0.000000
vt 0.000000 0.077782 0.000000
vt -0.600000 -0.008592 0.000000
vt -0.341818 -0.012888 0.000000
vt -0.600000 0.000000 0.000000
vt -0.086387 -0.006444 0.000000
vt -0.083636 0.000000 0.000000
vt -0.600000 -0.017184 0.000000
vt -0.090000 -0.025776 0.000000
vt -0.089594 -0.019332 0.000000
vt -0.600000 -0.025776 0.000000
vt -0.088383 -0.012888 0.000000
vt 0.230000 1.000000 0.000000
vt 0.226127 1.000000 0.000000
vt 0.230000 -0.000000 0.000000
vt 0.226127 -0.000000 0.000000
vt 0.000000 0.600000 0.000000
vt -0.201810 0.600000 0.000000
vt 0.000000 0.090000 0.000000
vt -0.201810 0.090000 0.000000
vt 0.042118 3.110000 0.000000
vt 0.350717 3.110000 0.000000
vt 0.042118 4.110000 0.000000
vt 0.350717 4.110000 0.000000
vt -0.600000 -0.008592 0.000000
vt -0.341818 -0.012888 0.000000
vt -0.600000 0.000000 0.000000
vt -0.089594 -0.006444 0.000000
vt -0.090000 0.000000 0.000000
vt -0.600000 -0.017184 0.000000
vt -0.083636 -0.025776 0.000000
vt -0.086387 -0.019332 0.000000
vt -0.600000 -0.025776 0.000000
vt -0.088383 -0.012888 0.000000
vt 0.600000 0.063292 0.000000
vt 0.469976 0.063292 0.000000
vt 0.600000 0.055553 0.000000
vt 0.339953 0.063292 0.000000
vt 0.209929 0.063292 0.000000
vt 0.209929 0.071031 0.000000
vt 0.080395 0.065227 0.000000
vt 0.079906 0.070064 0.000000
vt 0.080195 0.074901 0.000000
vt 0.209929 0.078770 0.000000
vt 0.081255 0.079737 0.000000
vt 0.083057 0.084574 0.000000
vt 0.209929 0.086509 0.000000
vt 0.085556 0.089411 0.000000
vt 0.209929 0.094248 0.000000
vt 0.088686 0.094248 0.000000
vt 0.085556 0.099085 0.000000
vt 0.209929 0.101987 0.000000
vt 0.083057 0.103921 0.000000
vt 0.209929 0.109726 0.000000
vt 0.081255 0.108758 0.000000
vt 0.080195 0.113595 0.000000
vt 0.209929 0.117464 0.000000
vt 0.079906 0.118432 0.000000
vt 0.080395 0.123269 0.000000
vt 0.209929 0.125203 0.000000
vt 0.081649 0.128105 0.000000
vt 0.083636 0.132942 0.000000
vt 0.339953 0.125203 0.000000
vt 0.600000 0.132942 0.000000
vt 0.469976 0.125203 0.000000
vt 0.600000 0.125203 0.000000
vt 0.600000 0.117464 0.000000
vt 0.469976 0.117464 0.000000
vt 0.600000 0.109726 0.000000
vt 0.469976 0.109726 0.000000
vt 0.600000 0.101987 0.000000
vt 0.469976 0.101987 0.000000
vt 0.600000 0.094248 0.000000
vt 0.469976 0.094248 0.000000
vt 0.600000 0.086509 0.000000
vt 0.469976 0.086509 0.000000
vt 0.600000 0.078770 0.000000
vt 0.469976 0.078770 0.000000
vt 0.600000 0.071031 0.000000
vt 0.469976 0.071031 0.000000
vt 0.081649 0.060390 0.000000
vt 0.083636 0.055553 0.000000
vt 0.339953 0.071031 0.000000
vt 0.339953 0.078770 0.000000
vt 0.339953 0.086509 0.000000
vt 0.339953 0.094248 0.000000
vt 0.339953 0.101987 0.000000
vt 0.339953 0.109726 0.000000
vt 0.339953 0.117464 0.000000
vt -0.600000 -0.008592 0.000000
vt -0.341818 -0.012888 0.000000
vt -0.600000 0.000000 0.000000
vt -0.086387 -0.006444 0.000000
vt -0.083636 0.000000 0.000000
vt -0.600000 -0.017184 0.000000
vt -0.090000 -0.025776 0.000000
vt -0.089594 -0.019332 0.000000
vt -0.600000 -0.025776 0.000000
vt -0.088383 -0.012888 0.000000
vt -0.000000 0.600000 0.000000
vt -0.201810 0.600000 0.000000
vt -0.000000 0.090000 0.000000
vt -0.201810 0.090000 0.000000
vt -0.600000 -0.008592 0.000000
vt -0.341818 -0.012888 0.000000
vt -0.600000 0.000000 0.000000
vt -0.089594 -0.006444 0.000000
vt -0.090000 0.000000 0.000000
vt -0.600000 -0.017184 0.000000
vt -0.083636 -0.025776 0.000000
vt -0.086387 -0.019332 0.000000
vt -0.600000 -0.025776 0.000000
vt -0.088383 -0.012888 0.000000
vt -0.000000 0.600000 0.000000
vt -0.111175 0.600000 0.000000
vt -0.000000 0.100000 0.000000
vt -0.111175 0.100000 0.000000
vt -0.110755 0.100000 0.000000
vt -0.000000 0.100000 0.000000
vt -0.110755 0.600000 0.000000
vt -0.000000 0.600000 0.000000
vt 3.018138 2.391561 0.000000
vt 3.025000 2.251887 0.000000
vt 3.200000 2.850000 0.000000
vt 3.018138 2.112212 0.000000
vt 3.200000 0.000000 0.000000
vt 2.997619 1.973883 0.000000
vt 2.963640 1.838231 0.000000
vt 2.916528 1.706563 0.000000
vt 2.856738 1.580146 0.000000
vt 2.784844 1.460199 0.000000
vt 2.701540 1.347876 0.000000
vt 2.607627 1.244259 0.000000
vt 2.504010 1.150347 0.000000
vt 2.391688 1.067042 0.000000
vt 2.347504 -0.100000 0.000000
vt 3.200000 -0.600000 0.000000
vt 2.347504 -0.600000 0.000000
vt 2.271740 0.995149 0.000000
vt 2.145324 0.935358 0.000000
vt 2.302000 -0.100000 0.000000
vt 2.013656 0.888247 0.000000
vt 1.878004 0.854268 0.000000
vt 1.739674 0.833748 0.000000
vt 1.600000 0.826887 0.000000
vt 0.898000 -0.100000 0.000000
vt 1.460326 0.833748 0.000000
vt 1.321996 0.854268 0.000000
vt 1.186344 0.888247 0.000000
vt 1.054676 0.935358 0.000000
vt 0.853533 -0.100000 0.000000
vt 0.928260 0.995149 0.000000
vt 0.808312 1.067042 0.000000
vt -0.000000 0.000000 0.000000
vt 0.695990 1.150347 0.000000
vt 0.592373 1.244259 0.000000
vt 0.498460 1.347876 0.000000
vt 0.415156 1.460199 0.000000
vt 0.343262 1.580146 0.000000
vt 0.283472 1.706563 0.000000
vt 0.236360 1.838231 0.000000
vt 0.202381 1.973883 0.000000
vt 0.181862 2.112212 0.000000
vt 0.000000 2.850000 0.000000
vt 0.175000 2.251887 0.000000
vt 0.181862 2.391561 0.000000
vt 0.202381 2.529890 0.000000
vt 0.236360 2.665542 0.000000
vt 0.283472 2.797211 0.000000
vt 0.343262 2.923627 0.000000
vt 0.415156 3.043574 0.000000
vt -0.250000 3.100000 0.000000
vt -0.250000 3.800000 0.000000
vt 0.498460 3.155897 0.000000
vt 0.592373 3.259514 0.000000
vt 0.695990 3.353427 0.000000
vt 0.808312 3.436731 0.000000
vt 0.928260 3.508624 0.000000
vt 1.054676 3.568415 0.000000
vt 1.186344 3.615527 0.000000
vt 1.321996 3.649506 0.000000
vt 1.460326 3.670025 0.000000
vt 1.600000 3.676887 0.000000
vt 3.450000 3.800000 0.000000
vt 1.739674 3.670025 0.000000
vt 1.878004 3.649506 0.000000
vt 2.013656 3.615527 0.000000
vt 2.145324 3.568415 0.000000
vt 2.271740 3.508624 0.000000
vt 2.391688 3.436731 0.000000
vt 2.504010 3.353427 0.000000
vt 2.607627 3.259514 0.000000
vt 2.701540 3.155897 0.000000
vt 2.784844 3.043574 0.000000
vt 3.450000 3.100000 0.000000
vt 2.856738 2.923627 0.000000
vt 2.916528 2.797211 0.000000
vt 2.963640 2.665542 0.000000
vt 2.997619 2.529890 0.000000
vt 0.853533 -0.600000 0.000000
vt 0.000000 -0.600000 0.000000
vt 0.898000 -0.600000 0.000000
vt 2.302000 -0.600000 0.000000
vt 0.702000 -3.785000 0.000000
vt 0.792000 -3.576423 0.000000
vt 0.702000 -3.475000 0.000000
vt 0.746467 -3.475000 0.000000
vt 0.702000 -3.385000 0.000000
vt 0.702000 -3.225798 0.000000
vt 1.002000 -2.909695 0.000000
vt 1.600000 -3.475000 0.000000
vt 1.700000 -3.375000 0.000000
vt -0.702000 -3.785000 0.000000
vt 2.002699 -3.875000 0.000000
vt 0.792000 -3.785000 0.000000
vt -0.702000 -3.475000 0.000000
vt -0.792000 -3.576423 0.000000
vt -0.792000 -3.785000 0.000000
vt -2.002699 -3.875000 0.000000
vt -1.912699 -3.785000 0.000000
vt -2.002699 -3.753307 0.000000
vt -2.002699 -3.509036 0.000000
vt -1.912699 -3.375000 0.000000
vt -1.957699 -3.375000 0.000000
vt -2.500000 -2.875000 0.000000
vt -2.000000 -3.375000 0.000000
vt -2.078217 -3.368844 0.000000
vt -2.154508 -3.350528 0.000000
vt -2.226995 -3.320503 0.000000
vt -2.293893 -3.279508 0.000000
vt -2.353553 -3.228553 0.000000
vt -2.404508 -3.168893 0.000000
vt -2.445503 -3.101995 0.000000
vt -2.475528 -3.029508 0.000000
vt -2.493844 -2.953217 0.000000
vt -0.702000 -3.385000 0.000000
vt -0.747504 -3.475000 0.000000
vt -0.702000 -3.225798 0.000000
vt -1.002000 -2.909695 0.000000
vt -1.600000 -3.475000 0.000000
vt -1.700000 -3.375000 0.000000
vt -1.002000 -2.756897 0.000000
vt -0.862000 -2.335000 0.000000
vt -1.500000 -0.090685 0.000000
vt -0.219566 -1.038814 0.000000
vt -0.216103 -0.983776 0.000000
vt 1.002000 -2.756897 0.000000
vt -0.462000 -2.706897 0.000000
vt -0.862000 -2.706897 0.000000
vt 2.500000 -2.875000 0.000000
vt 1.500000 -0.090685 0.000000
vt 1.853553 0.262868 0.000000
vt 2.500000 1.204893 0.000000
vt 1.500000 0.616421 0.000000
vt 2.500000 1.249893 0.000000
vt 2.468180 1.929677 0.000000
vt 2.500000 1.897858 0.000000
vt 2.493864 2.019001 0.000000
vt 3.131736 2.529593 0.000000
vt 3.079828 2.604964 0.000000
vt 3.207107 2.604964 0.000000
vt 2.729964 3.082107 0.000000
vt 1.912699 -3.375000 0.000000
vt 1.957699 -3.375000 0.000000
vt 2.000000 -3.375000 0.000000
vt 2.002699 -3.574583 0.000000
vt 1.912699 -3.785000 0.000000
vt 2.002699 -3.753307 0.000000
vt 2.868989 -2.964887 0.000000
vt 3.002702 -2.964887 0.000000
vt 3.002702 -2.874887 0.000000
vt 0.054712 -1.238088 0.000000
vt 0.000000 -1.245000 0.000000
vt -0.462000 -2.335000 0.000000
vt -0.054712 -1.238088 0.000000
vt -0.105986 -1.217787 0.000000
vt -0.150600 -1.185373 0.000000
vt -0.185752 -1.142882 0.000000
vt -0.209232 -1.092984 0.000000
vt -0.199062 -0.931329 0.000000
vt -0.169513 -0.884767 0.000000
vt -1.146447 0.262868 0.000000
vt -0.129313 -0.847016 0.000000
vt -0.080987 -0.820449 0.000000
vt -0.333222 0.946087 0.000000
vt -0.027573 -0.806735 0.000000
vt -0.300783 0.954677 0.000000
vt 0.027573 -0.806735 0.000000
vt 0.300783 0.954677 0.000000
vt 0.333222 0.946087 0.000000
vt 0.080987 -0.820449 0.000000
vt 1.146447 0.262868 0.000000
vt 0.129313 -0.847016 0.000000
vt 0.169513 -0.884767 0.000000
vt 0.199062 -0.931329 0.000000
vt 0.216103 -0.983776 0.000000
vt 0.219566 -1.038814 0.000000
vt 0.209232 -1.092984 0.000000
vt 0.185752 -1.142882 0.000000
vt 0.150600 -1.185373 0.000000
vt 0.105986 -1.217787 0.000000
vt 0.452060 1.155000 0.000000
vt 0.452470 1.155000 0.000000
vt 0.452314 1.155199 0.000000
vt 0.440000 1.825000 0.000000
vt 0.428377 1.178716 0.000000
vt 0.399217 1.195323 0.000000
vt 0.366778 1.203913 0.000000
vt 0.333222 1.203913 0.000000
vt 0.300783 1.195323 0.000000
vt 0.271623 1.178716 0.000000
vt -0.340000 1.825000 0.000000
vt -0.271623 1.178716 0.000000
vt -0.300783 1.195323 0.000000
vt -0.333222 1.203913 0.000000
vt -0.366778 1.203913 0.000000
vt -0.399217 1.195323 0.000000
vt -0.428377 1.178716 0.000000
vt -0.452314 1.155199 0.000000
vt -0.452470 1.155000 0.000000
vt -0.452060 1.155000 0.000000
vt 0.467511 1.130597 0.000000
vt 1.329893 2.375000 0.000000
vt 0.440000 2.225000 0.000000
vt 0.173389 2.375000 0.000000
vt 0.150000 2.225000 0.000000
vt 0.150000 2.375000 0.000000
vt 0.173389 2.425000 0.000000
vt -0.050000 2.425000 0.000000
vt 0.476839 1.103491 0.000000
vt 0.480000 1.075000 0.000000
vt 0.476839 1.046509 0.000000
vt 0.467511 1.019403 0.000000
vt 0.452470 0.995000 0.000000
vt 0.452314 0.994801 0.000000
vt 0.452060 0.995000 0.000000
vt 0.428377 0.971284 0.000000
vt 0.399217 0.954677 0.000000
vt 0.366778 0.946087 0.000000
vt -0.271623 0.971284 0.000000
vt 0.271623 0.971284 0.000000
vt -0.247686 0.994801 0.000000
vt 0.247686 0.994801 0.000000
vt -0.247530 0.995000 0.000000
vt 0.247530 0.995000 0.000000
vt -0.232489 1.019403 0.000000
vt 0.232489 1.019403 0.000000
vt -0.223161 1.046509 0.000000
vt 0.223161 1.046509 0.000000
vt -0.220000 1.075000 0.000000
vt 0.220000 1.075000 0.000000
vt -0.223161 1.103491 0.000000
vt 0.223161 1.103491 0.000000
vt -0.232489 1.130597 0.000000
vt 0.232489 1.130597 0.000000
vt -0.247530 1.155000 0.000000
vt 0.247530 1.155000 0.000000
vt -0.247686 1.155199 0.000000
vt 0.247686 1.155199 0.000000
vt 0.247940 0.995000 0.000000
vt 0.247940 1.155000 0.000000
vt 2.663750 1.294893 0.000000
vt 3.500000 1.204893 0.000000
vt 3.407778 1.294893 0.000000
vt 3.500000 1.294893 0.000000
vt 2.054677 2.343180 0.000000
vt 1.374893 2.375000 0.000000
vt 1.419893 2.531502 0.000000
vt 1.329893 3.375000 0.000000
vt 1.419893 3.282778 0.000000
vt 1.419893 3.375000 0.000000
vt 2.654593 3.006736 0.000000
vt 2.729964 2.954828 0.000000
vt 2.022858 2.375000 0.000000
vt 2.168981 2.393844 0.000000
vt -2.654593 3.006736 0.000000
vt -2.168981 2.393844 0.000000
vt -2.022858 2.375000 0.000000
vt -2.054677 2.343180 0.000000
vt -1.374893 2.375000 0.000000
vt -1.500000 0.616421 0.000000
vt -1.329893 2.375000 0.000000
vt -0.467511 1.130597 0.000000
vt -1.419893 3.282778 0.000000
vt -1.419893 3.375000 0.000000
vt -2.729964 3.082107 0.000000
vt -2.729964 2.954828 0.000000
vt -3.079828 2.604964 0.000000
vt -3.207107 2.604964 0.000000
vt -3.131736 2.529593 0.000000
vt -3.500000 1.294893 0.000000
vt -3.407778 1.294893 0.000000
vt -3.500000 1.204893 0.000000
vt -2.663750 1.294893 0.000000
vt -2.500000 1.204893 0.000000
vt -2.500000 1.249893 0.000000
vt -2.468180 1.929677 0.000000
vt -1.329893 3.375000 0.000000
vt -1.419893 2.531502 0.000000
vt -0.467511 1.019403 0.000000
vt -0.476839 1.046509 0.000000
vt -0.480000 1.075000 0.000000
vt -1.853553 0.262868 0.000000
vt -2.500000 1.897858 0.000000
vt -2.493864 2.019001 0.000000
vt -0.247940 1.155000 0.000000
vt -0.247940 0.995000 0.000000
vt -0.366778 0.946087 0.000000
vt -0.399217 0.954677 0.000000
vt -0.428377 0.971284 0.000000
vt -0.452314 0.994801 0.000000
vt -0.452470 0.995000 0.000000
vt -0.452060 0.995000 0.000000
vt -0.476839 1.103491 0.000000
vt 2.078217 -3.368844 0.000000
vt 2.154508 -3.350528 0.000000
vt 2.226995 -3.320503 0.000000
vt 2.293893 -3.279508 0.000000
vt 2.353553 -3.228553 0.000000
vt 2.404508 -3.168893 0.000000
vt 2.445503 -3.101995 0.000000
vt 2.475528 -3.029508 0.000000
vt 2.493844 -2.953217 0.000000
vt -0.050000 2.375000 0.000000
vt -0.340000 2.225000 0.000000
vt -0.050000 2.225000 0.000000
vt -2.868989 -2.964887 0.000000
vt -3.002702 -2.964887 0.000000
vt -3.002702 -2.874887 0.000000
vt -2.502702 -2.874887 0.000000
vt -2.586359 -2.964887 0.000000
vt -2.502702 -2.919887 0.000000
vt 2.502702 -2.874887 0.000000
vt 2.614377 -2.964887 0.000000
vt 2.502702 -2.919887 0.000000
vt -0.100000 -0.070711 0.000000
vt 0.500000 -0.070711 0.000000
vt -0.100000 0.070711 0.000000
vt 0.500000 0.070711 0.000000
vt -3.050000 -1.100000 0.000000
vt -0.200000 -1.100000 0.000000
vt -1.300000 -0.300000 0.000000
vt -0.200000 -0.500000 0.000000
vt -0.000000 0.150000 0.000000
vt -0.000000 -0.500000 0.000000
vt -1.300000 0.150000 0.000000
vt -3.050000 -0.300000 0.000000
vt 0.100000 0.070711 0.000000
vt -0.500000 0.070711 0.000000
vt 0.100000 -0.070711 0.000000
vt -0.500000 -0.070711 0.000000
vt 0.600000 0.587301 0.000000
vt 0.600000 0.800000 0.000000
vt 0.100000 0.587301 0.000000
vt 0.000000 0.800000 0.000000
vt 0.000000 0.500000 0.000000
vt 0.100000 0.542301 0.000000
vt 0.600000 0.500000 0.000000
vt 0.600000 0.542301 0.000000
vt -0.746467 -0.100056 0.000000
vt -0.792000 -0.201480 0.000000
vt -0.702000 -0.100056 0.000000
vt -0.702000 -0.410056 0.000000
vt -0.792000 -0.410056 0.000000
vt -2.002699 -0.500056 0.000000
vt -1.912699 -0.410056 0.000000
vt -2.002699 -0.378363 0.000000
vt -2.002699 -0.199639 0.000000
vt -1.912699 -0.000056 0.000000
vt -1.957699 -0.000056 0.000000
vt -3.002702 0.410056 0.000000
vt -2.868989 0.410056 0.000000
vt -3.002702 0.500056 0.000000
vt -2.502702 0.455056 0.000000
vt -2.502702 0.500056 0.000000
vt -2.614377 0.410056 0.000000
vt 2.002699 -0.500056 0.000000
vt 0.702000 -0.410056 0.000000
vt 0.792000 -0.410056 0.000000
vt 0.792000 -0.201480 0.000000
vt 3.002702 0.410056 0.000000
vt 2.002699 -0.378363 0.000000
vt 1.912699 -0.410056 0.000000
vt 2.868989 0.410056 0.000000
vt 3.002702 0.500056 0.000000
vt 2.502702 0.455056 0.000000
vt 2.502702 0.500056 0.000000
vt 2.586359 0.410056 0.000000
vt 2.002699 -0.134092 0.000000
vt 1.912699 -0.000056 0.000000
vt 1.957699 -0.000056 0.000000
vt 0.747504 -0.100056 0.000000
vt 0.702000 -0.100056 0.000000
vt -0.160000 0.000000 0.000000
vt -0.000798 0.000000 0.000000
vt -0.160000 0.600000 0.000000
vt -0.000798 0.600000 0.000000
vt 0.010000 0.600000 0.000000
vt -0.149202 0.600000 0.000000
vt 0.010000 -0.000000 0.000000
vt -0.149202 -0.000000 0.000000
vt 0.100000 -0.000000 0.000000
vt 0.410000 0.000000 0.000000
vt 0.100000 0.500000 0.000000
vt 0.410000 0.500000 0.000000
vt 0.000000 0.000000 0.000000
vt 0.400000 0.000000 0.000000
vt 0.000000 0.020000 0.000000
vt 0.400000 0.020000 0.000000
vt -0.200000 -0.025000 0.000000
vt 0.200000 -0.025000 0.000000
vt -0.200000 0.025000 0.000000
vt 0.200000 0.025000 0.000000
vt -0.000000 0.580000 0.000000
vt -0.050000 0.580000 0.000000
vt -0.000000 0.000000 0.000000
vt -0.421897 0.000000 0.000000
vt -0.421897 0.600000 0.000000
vt -0.050000 0.600000 0.000000
vt -0.421897 0.580000 0.000000
vt -0.421897 0.000000 0.000000
vt -0.371897 0.580000 0.000000
vt 0.000000 0.000000 0.000000
vt 0.000000 0.600000 0.000000
vt -0.371897 0.600000 0.000000
vt -0.862000 2.756897 0.000000
vt -1.002000 2.756897 0.000000
vt -0.862000 2.335000 0.000000
vt -1.500000 2.365000 0.000000
vt -1.500000 2.335000 0.000000
vt -1.002000 2.909695 0.000000
vt -1.510000 3.385000 0.000000
vt -1.510000 2.365000 0.000000
vt -0.702000 3.225798 0.000000
vt -0.702000 3.385000 0.000000
vt -0.538000 0.600000 0.000000
vt -0.799172 0.300000 0.000000
vt -0.538000 0.020000 0.000000
vt -0.806015 0.248022 0.000000
vt -0.826077 0.199586 0.000000
vt -2.002000 0.600000 0.000000
vt -1.000000 0.500828 0.000000
vt -0.948022 0.493985 0.000000
vt -0.899586 0.473923 0.000000
vt -2.002000 -0.000000 0.000000
vt -1.200828 0.300000 0.000000
vt -1.193985 0.351978 0.000000
vt -1.173923 0.400414 0.000000
vt 0.002000 0.000000 0.000000
vt -1.000000 0.099172 0.000000
vt -1.051978 0.106015 0.000000
vt -0.138000 0.020000 0.000000
vt 0.002000 0.600000 0.000000
vt -0.138000 0.600000 0.000000
vt -0.857993 0.157993 0.000000
vt -0.899586 0.126077 0.000000
vt -0.948022 0.106015 0.000000
vt -1.100414 0.126077 0.000000
vt -1.142007 0.157993 0.000000
vt -1.173923 0.199586 0.000000
vt -1.193985 0.248022 0.000000
vt -1.142007 0.442007 0.000000
vt -1.100414 0.473923 0.000000
vt -1.051978 0.493985 0.000000
vt -0.857993 0.442007 0.000000
vt -0.826077 0.400414 0.000000
vt -0.806015 0.351978 0.000000
vt 0.021213 -0.403171 0.000000
vt -0.021213 -0.403171 0.000000
vt 0.021213 -0.439823 0.000000
vt -0.021213 -0.439823 0.000000
vt 0.021213 0.439823 0.000000
vt -0.021213 0.439823 0.000000
vt 0.021213 0.403171 0.000000
vt -0.021213 0.403171 0.000000
vt 0.021213 0.366519 0.000000
vt -0.021213 0.366519 0.000000
vt 0.021213 0.329867 0.000000
vt -0.021213 0.329867 0.000000
vt 0.021213 0.293215 0.000000
vt -0.021213 0.293215 0.000000
vt 0.021213 0.256563 0.000000
vt -0.021213 0.256563 0.000000
vt 0.021213 0.219911 0.000000
vt -0.021213 0.219911 0.000000
vt 0.021213 0.183260 0.000000
vt -0.021213 0.183260 0.000000
vt 0.021213 0.146608 0.000000
vt -0.021213 0.146608 0.000000
vt 0.021213 0.109956 0.000000
vt -0.021213 0.109956 0.000000
vt 0.021213 0.073304 0.000000
vt -0.021213 0.073304 0.000000
vt 0.021213 0.036652 0.000000
vt -0.021213 0.036652 0.000000
vt 0.021213 -0.000000 0.000000
vt -0.021213 -0.000000 0.000000
vt 0.021213 -0.036652 0.000000
vt -0.021213 -0.036652 0.000000
vt 0.021213 -0.073304 0.000000
vt -0.021213 -0.073304 0.000000
vt 0.021213 -0.109956 0.000000
vt -0.021213 -0.109956 0.000000
vt 0.021213 -0.146608 0.000000
vt -0.021213 -0.146608 0.000000
vt 0.021213 -0.183260 0.000000
vt -0.021213 -0.183260 0.000000
vt 0.021213 -0.219911 0.000000
vt -0.021213 -0.219911 0.000000
vt 0.021213 -0.256563 0.000000
vt -0.021213 -0.256563 0.000000
vt 0.021213 -0.293215 0.000000
vt -0.021213 -0.293215 0.000000
vt 0.021213 -0.329867 0.000000
vt -0.021213 -0.329867 0.000000
vt 0.021213 -0.366519 0.000000
vt -0.021213 -0.366519 0.000000
vt 0.021213 -0.403171 0.000000
vt -0.021213 -0.403171 0.000000
vt 0.021213 -0.439823 0.000000
vt -0.021213 -0.439823 0.000000
vt 0.021213 0.439823 0.000000
vt -0.021213 0.439823 0.000000
vt 0.021213 0.403171 0.000000
vt -0.021213 0.403171 0.000000
vt 0.021213 0.366519 0.000000
vt -0.021213 0.366519 0.000000
vt 0.021213 0.329867 0.000000
vt -0.021213 0.329867 0.000000
vt 0.021213 0.293215 0.000000
vt -0.021213 0.293215 0.000000
vt 0.021213 0.256563 0.000000
vt -0.021213 0.256563 0.000000
vt 0.021213 0.219911 0.000000
vt -0.021213 0.219911 0.000000
vt 0.021213 0.183260 0.000000
vt -0.021213 0.183260 0.000000
vt 0.021213 0.146608 0.000000
vt -0.021213 0.146608 0.000000
vt 0.021213 0.109956 0.000000
vt -0.021213 0.109956 0.000000
vt 0.021213 0.073304 0.000000
vt -0.021213 0.073304 0.000000
vt 0.021213 0.036652 0.000000
vt -0.021213 0.036652 0.000000
vt 0.021213 -0.000000 0.000000
vt -0.021213 -0.000000 0.000000
vt 0.021213 -0.036652 0.000000
vt -0.021213 -0.036652 0.000000
vt 0.021213 -0.073304 0.000000
vt -0.021213 -0.073304 0.000000
vt 0.021213 -0.109956 0.000000
vt -0.021213 -0.109956 0.000000
vt 0.021213 -0.146608 0.000000
vt -0.021213 -0.146608 0.000000
vt 0.021213 -0.183260 0.000000
vt -0.021213 -0.183260 0.000000
vt 0.021213 -0.219911 0.000000
vt -0.021213 -0.219911 0.000000
vt 0.021213 -0.256563 0.000000
vt -0.021213 -0.256563 0.000000
vt 0.021213 -0.293215 0.000000
vt -0.021213 -0.293215 0.000000
vt 0.021213 -0.329867 0.000000
vt -0.021213 -0.329867 0.000000
vt 0.021213 -0.366519 0.000000
vt -0.021213 -0.366519 0.000000
vt 0.000000 1.075000 0.000000
vt 0.032352 1.079259 0.000000
vt -0.032352 1.079259 0.000000
vt -0.062500 1.091747 0.000000
vt 0.062500 1.091747 0.000000
vt -0.088388 1.111612 0.000000
vt 0.088388 1.111612 0.000000
vt -0.108253 1.137500 0.000000
vt 0.108253 1.137500 0.000000
vt -0.120741 1.167648 0.000000
vt 0.120741 1.167648 0.000000
vt -0.125000 1.200000 0.000000
vt 0.125000 1.200000 0.000000
vt -0.120741 1.232352 0.000000
vt 0.120741 1.232352 0.000000
vt -0.108253 1.262500 0.000000
vt 0.108253 1.262500 0.000000
vt -0.088388 1.288388 0.000000
vt 0.088388 1.288388 0.000000
vt -0.062500 1.308253 0.000000
vt 0.062500 1.308253 0.000000
vt -0.032352 1.320741 0.000000
vt 0.032352 1.320741 0.000000
vt 0.000000 1.325000 0.000000
vt 0.000000 -1.325000 0.000000
vt 0.032352 -1.320741 0.000000
vt -0.032352 -1.320741 0.000000
vt -0.062500 -1.308253 0.000000
vt 0.062500 -1.308253 0.000000
vt -0.088388 -1.288388 0.000000
vt 0.088388 -1.288388 0.000000
vt -0.108253 -1.262500 0.000000
vt 0.108253 -1.262500 0.000000
vt -0.120741 -1.232352 0.000000
vt 0.120741 -1.232352 0.000000
vt -0.125000 -1.200000 0.000000
vt 0.125000 -1.200000 0.000000
vt -0.120741 -1.167648 0.000000
vt 0.120741 -1.167648 0.000000
vt -0.108253 -1.137500 0.000000
vt 0.108253 -1.137500 0.000000
vt -0.088388 -1.111612 0.000000
vt 0.088388 -1.111612 0.000000
vt -0.062500 -1.091747 0.000000
vt 0.062500 -1.091747 0.000000
vt -0.032352 -1.079259 0.000000
vt 0.032352 -1.079259 0.000000
vt 0.000000 -1.075000 0.000000
vt -0.000000 0.010000 0.000000
vt -1.300000 0.040000 0.000000
vt -3.800000 0.010000 0.000000
vt -1.300000 0.140000 0.000000
vt -3.800000 0.699178 0.000000
vt -0.000000 0.699178 0.000000
vt -0.000000 0.140000 0.000000
vt -0.000000 0.040000 0.000000
vt -4.110000 0.040000 0.000000
vt -4.110000 0.010000 0.000000
vt -2.810000 0.040000 0.000000
vt -0.310000 0.010000 0.000000
vt -2.810000 0.140000 0.000000
vt -0.310000 0.699178 0.000000
vt -4.110000 0.699178 0.000000
vt -4.110000 0.140000 0.000000
vt 0.282843 0.000000 0.000000
vt 0.141421 0.244949 0.000000
vt 0.000000 0.000000 0.000000
vt -0.000000 -0.141421 0.000000
vt 0.700000 -0.141421 0.000000
vt -0.000000 0.141421 0.000000
vt 0.700000 0.141421 0.000000
vt -0.141421 -0.250000 0.000000
vt 0.141421 -0.250000 0.000000
vt -0.141421 0.400000 0.000000
vt 0.141421 0.400000 0.000000
vt 1.400000 0.141421 0.000000
vt 0.100000 0.141421 0.000000
vt 1.400000 -0.141421 0.000000
vt 0.100000 -0.141421 0.000000
vt 0.400000 0.000000 0.000000
vt 0.200000 0.000000 0.000000
vt 0.400000 -0.395631 0.000000
vt 0.200000 -0.700000 0.000000
vt 1.500000 -0.700000 0.000000
vt 1.500000 -0.395631 0.000000
vt -0.195631 0.425000 0.000000
vt -0.500000 0.425000 0.000000
vt -0.195631 0.279369 0.000000
vt -0.700000 0.225000 0.000000
vt -0.700000 -0.225000 0.000000
vt 0.200000 -1.100000 0.000000
vt 1.300000 -0.300000 0.000000
vt 0.200000 -0.500000 0.000000
vt 0.000000 0.150000 0.000000
vt 0.000000 -0.500000 0.000000
vt 3.050000 -1.100000 0.000000
vt 3.050000 -0.300000 0.000000
vt 1.300000 0.150000 0.000000
vt -0.141421 0.244949 0.000000
vt -0.282843 0.000000 0.000000
vt 0.000000 0.000000 0.000000
vt -0.141421 -0.750000 0.000000
vt 0.141421 -0.750000 0.000000
vt -0.141421 -0.100000 0.000000
vt 0.141421 -0.100000 0.000000
vt 0.000000 0.141421 0.000000
vt -0.700000 0.141421 0.000000
vt -0.000000 -0.141421 0.000000
vt -0.700000 -0.141421 0.000000
vt -1.200000 -0.141421 0.000000
vt 0.100000 -0.141421 0.000000
vt -1.200000 0.141421 0.000000
vt 0.100000 0.141421 0.000000
vt 0.700000 -0.225000 0.000000
vt 0.700000 0.225000 0.000000
vt 0.195631 0.279369 0.000000
vt 0.500000 0.425000 0.000000
vt 0.195631 0.425000 0.000000
vt 1.100000 0.395631 0.000000
vt 1.100000 0.700000 0.000000
vt -0.000000 0.395631 0.000000
vt -0.200000 0.700000 0.000000
vt -0.200000 0.000000 0.000000
vt 0.000000 0.000000 0.000000
vt 0.000000 0.000000 0.000000
vt 0.094992 0.000000 0.000000
vt -0.000000 0.500000 0.000000
vt 0.094992 0.500000 0.000000
vt -0.000000 0.000000 0.000000
vt 0.045000 0.000000 0.000000
vt 0.000000 0.500000 0.000000
vt 0.045000 0.500000 0.000000
vt 0.000000 0.000000 0.000000
vt 0.500000 0.000000 0.000000
vt 0.000000 0.500000 0.000000
vt 0.500000 0.500000 0.000000
vt 0.000000 0.000000 0.000000
vt 0.090000 0.000000 0.000000
vt 0.000000 0.500000 0.000000
vt 0.090000 0.500000 0.000000
vt 0.000000 0.000000 0.000000
vt 1.352150 0.000000 0.000000
vt 0.000000 0.500000 0.000000
vt 1.352150 0.500000 0.000000
vt -0.000000 0.000000 0.000000
vt 4.005399 0.000000 0.000000
vt -0.000000 0.500000 0.000000
vt 4.005399 0.500000 0.000000
vt 0.000000 0.000000 0.000000
vt 1.352150 0.000000 0.000000
vt -0.000000 0.500000 0.000000
vt 1.352150 0.500000 0.000000
vt 0.000000 0.000000 0.000000
vt 0.090000 0.000000 0.000000
vt 0.000000 0.500000 0.000000
vt 0.090000 0.500000 0.000000
vt 0.000000 0.000000 0.000000
vt 0.500000 0.000000 0.000000
vt 0.000000 0.500000 0.000000
vt 0.500000 0.500000 0.000000
vt 0.000000 0.000000 0.000000
vt 0.045000 0.000000 0.000000
vt 0.000000 0.500000 0.000000
vt 0.045000 0.500000 0.000000
vt 0.000000 0.000000 0.000000
vt 0.120401 0.000000 0.000000
vt 0.000000 0.500000 0.000000
vt 0.120401 0.500000 0.000000
vt -0.000000 0.000000 0.000000
vt 0.254612 0.000000 0.000000
vt -0.000000 0.500000 0.000000
vt 0.254612 0.500000 0.000000
vt 0.000000 0.000000 0.000000
vt 1.171351 0.000000 0.000000
vt -0.000000 0.500000 0.000000
vt 1.171351 0.500000 0.000000
vt 0.000000 0.000000 0.000000
vt 0.178724 0.000000 0.000000
vt 0.000000 0.500000 0.000000
vt 0.178724 0.500000 0.000000
vt 0.000000 0.000000 0.000000
vt 0.204593 0.000000 0.000000
vt -0.000000 0.500000 0.000000
vt 0.204593 0.500000 0.000000
vt 0.000000 0.000000 0.000000
vt 0.410000 0.000000 0.000000
vt -0.000000 0.500000 0.000000
vt 0.410000 0.500000 0.000000
vt 0.000000 0.000000 0.000000
vt 1.120699 0.000000 0.000000
vt 0.000000 0.500000 0.000000
vt 1.120699 0.500000 0.000000
vt 0.085447 -0.000000 0.000000
vt 0.294024 0.000000 0.000000
vt 0.085447 0.500000 0.000000
vt 0.294024 0.500000 0.000000
vt 0.000000 0.000000 0.000000
vt 1.404000 0.000000 0.000000
vt -0.000000 0.500000 0.000000
vt 1.404000 0.500000 0.000000
vt 0.208577 0.500000 0.000000
vt 0.000000 0.500000 0.000000
vt 0.208577 0.000000 0.000000
vt 0.000000 0.000000 0.000000
vt 0.000000 0.000000 0.000000
vt 1.120699 0.000000 0.000000
vt 0.000000 0.500000 0.000000
vt 1.120699 0.500000 0.000000
vt 0.000000 0.000000 0.000000
vt 0.410000 0.000000 0.000000
vt 0.000000 0.500000 0.000000
vt 0.410000 0.500000 0.000000
vt 0.000000 0.000000 0.000000
vt 0.141388 0.000000 0.000000
vt 0.000000 0.500000 0.000000
vt 0.141388 0.500000 0.000000
vt 0.000000 0.000000 0.000000
vt 0.244271 0.000000 0.000000
vt 0.000000 0.500000 0.000000
vt 0.244271 0.500000 0.000000
vt 0.000000 0.000000 0.000000
vt 1.171351 0.000000 0.000000
vt 0.000000 0.500000 0.000000
vt 1.171351 0.500000 0.000000
vt -0.000000 0.000000 0.000000
vt 0.282630 0.000000 0.000000
vt 0.000000 0.500000 0.000000
vt 0.282630 0.500000 0.000000
vt -0.600000 0.392699 0.000000
vt -0.600000 0.314159 0.000000
vt -0.400000 0.392699 0.000000
vt -0.000000 0.314159 0.000000
vt -0.000000 0.392699 0.000000
vt -0.000000 0.235619 0.000000
vt -0.600000 0.235619 0.000000
vt -0.000000 0.157080 0.000000
vt -0.600000 0.157080 0.000000
vt -0.000000 0.078540 0.000000
vt -0.600000 0.078540 0.000000
vt -0.000000 -0.000000 0.000000
vt -0.600000 -0.000000 0.000000
vt -0.000000 -0.078540 0.000000
vt -0.600000 -0.078540 0.000000
vt -0.000000 -0.157080 0.000000
vt -0.600000 -0.157080 0.000000
vt -0.000000 -0.235619 0.000000
vt -0.600000 -0.235619 0.000000
vt -0.000000 -0.314159 0.000000
vt -0.600000 -0.314159 0.000000
vt -0.000000 -0.392699 0.000000
vt -0.600000 -0.392699 0.000000
vt 2.500000 2.875000 0.000000
vt 2.493844 2.953217 0.000000
vt 1.600000 2.875000 0.000000
vt 2.475528 3.029508 0.000000
vt 2.445503 3.101995 0.000000
vt 2.404508 3.168893 0.000000
vt 2.353553 3.228553 0.000000
vt 2.293893 3.279508 0.000000
vt 2.226995 3.320503 0.000000
vt 2.154508 3.350528 0.000000
vt 2.078217 3.368844 0.000000
vt 2.000000 3.375000 0.000000
vt 1.700000 3.375000 0.000000
vt 1.600000 3.475000 0.000000
vt -0.000000 0.392699 0.000000
vt -0.000000 0.314159 0.000000
vt 0.400000 0.392699 0.000000
vt 0.600000 0.314159 0.000000
vt 0.600000 0.392699 0.000000
vt 0.600000 0.235619 0.000000
vt -0.000000 0.235619 0.000000
vt 0.600000 0.157080 0.000000
vt -0.000000 0.157080 0.000000
vt 0.600000 0.078540 0.000000
vt -0.000000 0.078540 0.000000
vt 0.600000 -0.000000 0.000000
vt -0.000000 -0.000000 0.000000
vt 0.600000 -0.078540 0.000000
vt -0.000000 -0.078540 0.000000
vt 0.600000 -0.157080 0.000000
vt -0.000000 -0.157080 0.000000
vt 0.600000 -0.235619 0.000000
vt -0.000000 -0.235619 0.000000
vt 0.600000 -0.314159 0.000000
vt -0.000000 -0.314159 0.000000
vt 0.600000 -0.392699 0.000000
vt -0.000000 -0.392699 0.000000
vt 0.000000 4.500000 0.000000
vt 0.000000 4.200000 0.000000
vt 0.100000 4.412699 0.000000
vt 0.600000 4.200000 0.000000
vt 0.600000 4.412699 0.000000
vt 0.100000 4.457699 0.000000
vt 0.600000 4.500000 0.000000
vt 0.600000 4.457699 0.000000
vt -1.700000 3.375000 0.000000
vt -2.000000 3.375000 0.000000
vt -1.600000 2.875000 0.000000
vt -2.078217 3.368844 0.000000
vt -2.154508 3.350528 0.000000
vt -2.226995 3.320503 0.000000
vt -2.293893 3.279508 0.000000
vt -2.353553 3.228553 0.000000
vt -2.404508 3.168893 0.000000
vt -2.445503 3.101995 0.000000
vt -2.475528 3.029508 0.000000
vt -2.493844 2.953217 0.000000
vt -2.500000 2.875000 0.000000
vt -1.600000 3.475000 0.000000
vt -0.150798 -0.000000 0.000000
vt 0.002000 -0.000000 0.000000
vt -0.150798 0.600000 0.000000
vt 0.002000 0.600000 0.000000
vt -0.435002 -0.000000 0.000000
vt 0.000798 -0.000000 0.000000
vt -0.435002 0.600000 0.000000
vt 0.000798 0.600000 0.000000
vt -0.020385 0.535147 0.000000
vt 0.022042 0.535147 0.000000
vt -0.020385 0.583797 0.000000
vt 0.022042 0.583797 0.000000
vt -0.020385 -0.583797 0.000000
vt 0.022042 -0.583797 0.000000
vt -0.020385 -0.535147 0.000000
vt 0.022042 -0.535147 0.000000
vt -0.020385 -0.486498 0.000000
vt 0.022042 -0.486498 0.000000
vt -0.020385 -0.437848 0.000000
vt 0.022042 -0.437848 0.000000
vt -0.020385 -0.389198 0.000000
vt 0.022042 -0.389198 0.000000
vt -0.020385 -0.340548 0.000000
vt 0.022042 -0.340548 0.000000
vt -0.020385 -0.291899 0.000000
vt 0.022042 -0.291899 0.000000
vt -0.020385 -0.243249 0.000000
vt 0.022042 -0.243249 0.000000
vt -0.020385 -0.194599 0.000000
vt 0.022042 -0.194599 0.000000
vt -0.020385 -0.145949 0.000000
vt 0.022042 -0.145949 0.000000
vt -0.020385 -0.097300 0.000000
vt 0.022042 -0.097300 0.000000
vt -0.020385 -0.048650 0.000000
vt 0.022042 -0.048650 0.000000
vt -0.020385 -0.000000 0.000000
vt 0.022042 -0.000000 0.000000
vt -0.020385 0.048650 0.000000
vt 0.022042 0.048650 0.000000
vt -0.020385 0.097300 0.000000
vt 0.022042 0.097300 0.000000
vt -0.020385 0.145949 0.000000
vt 0.022042 0.145949 0.000000
vt -0.020385 0.194599 0.000000
vt 0.022042 0.194599 0.000000
vt -0.020385 0.243249 0.000000
vt 0.022042 0.243249 0.000000
vt -0.020385 0.291899 0.000000
vt 0.022042 0.291899 0.000000
vt -0.020385 0.340548 0.000000
vt 0.022042 0.340548 0.000000
vt -0.020385 0.389198 0.000000
vt 0.022042 0.389198 0.000000
vt -0.020385 0.437848 0.000000
vt 0.022042 0.437848 0.000000
vt -0.020385 0.486498 0.000000
vt 0.022042 0.486498 0.000000
vt 0.165008 0.044214 0.000000
vt -0.165008 0.044214 0.000000
vt 0.170828 0.000000 0.000000
vt -0.170828 -0.000000 0.000000
vt 0.165008 -0.044214 0.000000
vt -0.165008 -0.044214 0.000000
vt 0.147942 -0.085414 0.000000
vt -0.147942 -0.085414 0.000000
vt 0.120794 -0.120794 0.000000
vt -0.120794 -0.120794 0.000000
vt 0.085414 -0.147942 0.000000
vt -0.085414 -0.147942 0.000000
vt 0.044214 -0.165008 0.000000
vt -0.044214 -0.165008 0.000000
vt -0.000000 -0.170828 0.000000
vt -0.147942 0.085414 0.000000
vt 0.147942 0.085414 0.000000
vt -0.120794 0.120794 0.000000
vt 0.120794 0.120794 0.000000
vt -0.085414 0.147942 0.000000
vt 0.085414 0.147942 0.000000
vt -0.044214 0.165008 0.000000
vt 0.044214 0.165008 0.000000
vt -0.000000 0.170828 0.000000
vt -0.152000 -0.000000 0.000000
vt 0.000798 -0.000000 0.000000
vt -0.152000 0.600000 0.000000
vt 0.000798 0.600000 0.000000
vt -0.436598 0.000000 0.000000
vt -0.000798 0.000000 0.000000
vt -0.436598 0.600000 0.000000
vt -0.000798 0.600000 0.000000
vt -0.250000 0.500000 0.000000
vt -0.560000 0.500000 0.000000
vt -0.250000 -0.000000 0.000000
vt -0.560000 0.000000 0.000000
vt -0.176777 0.412500 0.000000
vt -0.176777 -0.637500 0.000000
vt 0.176777 0.162500 0.000000
vt 0.176777 -0.637500 0.000000
vt 0.176777 0.412500 0.000000
vt -0.176777 0.162500 0.000000
vt 0.176777 -0.637500 0.000000
vt -0.176777 -0.637500 0.000000
vt 0.125000 0.175000 0.000000
vt -0.125000 0.175000 0.000000
vt 0.125000 -0.275000 0.000000
vt -0.125000 -0.525000 0.000000
vt -0.000000 0.000000 0.000000
vt 0.350000 0.000000 0.000000
vt -0.000000 0.400000 0.000000
vt 0.350000 0.700000 0.000000
vt -0.700000 0.700000 0.000000
vt -0.700000 0.400000 0.000000
vt 0.250000 0.400000 0.000000
vt -0.000000 0.400000 0.000000
vt 0.250000 0.000000 0.000000
vt -0.000000 0.000000 0.000000
vt -3.600000 -0.300000 0.000000
vt -4.000000 -0.300000 0.000000
vt -3.600000 -0.750000 0.000000
vt -4.000000 -0.750000 0.000000
vt -0.125000 0.175000 0.000000
vt -0.125000 -0.275000 0.000000
vt 0.125000 0.175000 0.000000
vt 0.125000 -0.525000 0.000000
vt 0.250000 0.400000 0.000000
vt 0.000000 0.400000 0.000000
vt 0.250000 0.000000 0.000000
vt 0.000000 0.000000 0.000000
vt 1.050000 0.700000 0.000000
vt 0.000000 0.700000 0.000000
vt 0.350000 0.400000 0.000000
vt 0.000000 0.000000 0.000000
vt 0.350000 0.000000 0.000000
vt 1.050000 0.400000 0.000000
vt 0.000000 1.100000 0.000000
vt 0.145631 1.100000 0.000000
vt -0.000000 3.800000 0.000000
vt 0.494809 3.800000 0.000000
vt 0.494809 0.000000 0.000000
vt 0.145631 0.000000 0.000000
vt 0.349178 0.000000 0.000000
vt 0.349178 1.100000 0.000000
vt -0.000000 0.000000 0.000000
vt 0.000000 3.800000 0.000000
vt 0.494809 3.800000 0.000000
vt 0.494809 1.100000 0.000000
vt 0.713285 2.850000 0.000000
vt 0.359732 3.100000 0.000000
vt 0.713285 1.100000 0.000000
vt 0.000000 1.100000 0.000000
vt 0.000000 3.800000 0.000000
vt 0.359732 3.400000 0.000000
vt 0.713285 3.800000 0.000000
vt 0.713285 3.400000 0.000000
vt 3.600000 -0.750000 0.000000
vt 4.000000 -0.750000 0.000000
vt 3.600000 -0.300000 0.000000
vt 4.000000 -0.300000 0.000000
vt 2.104369 0.899589 0.000000
vt 1.500000 0.899589 0.000000
vt 2.104369 0.404780 0.000000
vt 1.500000 0.210411 0.000000
vt 1.510000 0.210411 0.000000
vt 1.600000 -0.099589 0.000000
vt 1.510000 -0.809589 0.000000
vt 1.600000 -0.549589 0.000000
vt 1.850000 -0.549589 0.000000
vt 1.850000 -0.899589 0.000000
vt -1.510000 -0.809589 0.000000
vt -1.850000 -0.899589 0.000000
vt -1.850000 -0.549589 0.000000
vt -1.600000 -0.549589 0.000000
vt -1.600000 -0.099589 0.000000
vt -1.510000 0.210411 0.000000
vt -2.104369 0.404780 0.000000
vt -1.500000 0.210411 0.000000
vt -1.500000 0.899589 0.000000
vt -2.104369 0.899589 0.000000
vt 0.010000 3.800000 0.000000
vt 0.000000 3.800000 0.000000
vt 0.010000 0.000000 0.000000
vt 0.000000 0.000000 0.000000
vt 3.010000 0.000000 0.000000
vt 3.020000 0.000000 0.000000
vt 3.010000 3.800000 0.000000
vt 3.020000 3.800000 0.000000
vt 0.000000 0.000000 0.000000
vt 1.020000 0.000000 0.000000
vt 0.000000 3.800000 0.000000
vt 1.020000 3.800000 0.000000
vt 0.091862 2.391561 0.000000
vt 0.000000 3.800000 0.000000
vt 0.085000 2.251887 0.000000
vt 0.000000 0.000000 0.000000
vt 0.091862 2.112212 0.000000
vt 0.112381 1.973883 0.000000
vt 0.146360 1.838231 0.000000
vt 0.193472 1.706563 0.000000
vt 0.253262 1.580146 0.000000
vt 0.325156 1.460199 0.000000
vt 0.408460 1.347876 0.000000
vt 0.502373 1.244259 0.000000
vt 0.605990 1.150347 0.000000
vt 0.808000 0.000000 0.000000
vt 0.718312 1.067042 0.000000
vt 0.838260 0.995149 0.000000
vt 0.964676 0.935358 0.000000
vt 1.096344 0.888247 0.000000
vt 1.231996 0.854268 0.000000
vt 1.370326 0.833748 0.000000
vt 1.510000 0.826887 0.000000
vt 2.212000 0.000000 0.000000
vt 1.649674 0.833748 0.000000
vt 1.788004 0.854268 0.000000
vt 1.923656 0.888247 0.000000
vt 2.055324 0.935358 0.000000
vt 2.181740 0.995149 0.000000
vt 2.301688 1.067042 0.000000
vt 2.414010 1.150347 0.000000
vt 3.020000 0.000000 0.000000
vt 2.517627 1.244259 0.000000
vt 2.611540 1.347876 0.000000
vt 2.694844 1.460199 0.000000
vt 2.766738 1.580146 0.000000
vt 2.826528 1.706563 0.000000
vt 2.873640 1.838231 0.000000
vt 2.907619 1.973883 0.000000
vt 2.928138 2.112212 0.000000
vt 2.935000 2.251887 0.000000
vt 3.020000 3.800000 0.000000
vt 2.928138 2.391561 0.000000
vt 2.907619 2.529890 0.000000
vt 2.873640 2.665542 0.000000
vt 2.826528 2.797211 0.000000
vt 2.766738 2.923627 0.000000
vt 2.694844 3.043574 0.000000
vt 2.611540 3.155897 0.000000
vt 2.517627 3.259514 0.000000
vt 2.414010 3.353427 0.000000
vt 2.301688 3.436731 0.000000
vt 2.181740 3.508624 0.000000
vt 2.055324 3.568415 0.000000
vt 1.923656 3.615527 0.000000
vt 1.788004 3.649506 0.000000
vt 1.649674 3.670025 0.000000
vt 1.510000 3.676887 0.000000
vt 1.370326 3.670025 0.000000
vt 1.231996 3.649506 0.000000
vt 1.096344 3.615527 0.000000
vt 0.964676 3.568415 0.000000
vt 0.838260 3.508624 0.000000
vt 0.718312 3.436731 0.000000
vt 0.605990 3.353427 0.000000
vt 0.502373 3.259514 0.000000
vt 0.408460 3.155897 0.000000
vt 0.325156 3.043574 0.000000
vt 0.253262 2.923627 0.000000
vt 0.193472 2.797211 0.000000
vt 0.146360 2.665542 0.000000
vt 0.112381 2.529890 0.000000
vt 0.808000 -0.600000 0.000000
vt 2.212000 -0.600000 0.000000
vt 0.000000 0.000000 0.000000
vt 1.020000 0.000000 0.000000
vt 0.000000 3.800000 0.000000
vt 1.020000 3.800000 0.000000
vt 0.000000 0.000000 0.000000
vt 0.604369 0.000000 0.000000
vt 0.000000 3.800000 0.000000
vt 0.604369 3.800000 0.000000
vt 0.000000 0.000000 0.000000
vt 0.604369 0.000000 0.000000
vt -0.000000 3.800000 0.000000
vt 0.604369 3.800000 0.000000
vt 0.000000 2.850000 0.000000
vt 0.000000 1.100000 0.000000
vt 0.353553 3.100000 0.000000
vt 0.713285 1.100000 0.000000
vt 0.713285 3.800000 0.000000
vt 0.353553 3.400000 0.000000
vt 0.000000 3.800000 0.000000
vt 0.000000 3.400000 0.000000
vt -0.040161 -0.995000 0.000000
vt 0.040161 -0.995000 0.000000
vt -0.042939 -0.984925 0.000000
vt 0.042939 -0.984925 0.000000
vt -0.046044 -0.974947 0.000000
vt 0.046044 -0.974947 0.000000
vt -0.049473 -0.965075 0.000000
vt 0.049473 -0.965075 0.000000
vt -0.080571 -0.943060 0.000000
vt -0.095839 -0.915620 0.000000
vt -0.098150 -0.877587 0.000000
vt -0.113891 -0.889926 0.000000
vt 0.068256 -0.971945 0.000000
vt 0.080571 -0.943060 0.000000
vt 0.095839 -0.915620 0.000000
vt 0.098150 -0.877587 0.000000
vt -0.142714 -0.831212 0.000000
vt 0.142714 -0.831212 0.000000
vt -0.195652 -0.794685 0.000000
vt 0.195652 -0.794685 0.000000
vt -0.254824 -0.769481 0.000000
vt 0.254824 -0.769481 0.000000
vt 0.013814 0.805434 0.000000
vt 0.317842 -0.756620 0.000000
vt 0.067984 0.815768 0.000000
vt 0.382158 -0.756620 0.000000
vt 1.275773 -0.248068 0.000000
vt 1.272861 -0.255215 0.000000
vt 0.445176 -0.769481 0.000000
vt 1.271868 -0.262868 0.000000
vt 0.504348 -0.794685 0.000000
vt 1.272861 -0.270521 0.000000
vt 1.275773 -0.277668 0.000000
vt 0.557286 -0.831212 0.000000
vt 1.280412 -0.283836 0.000000
vt 0.601850 -0.877587 0.000000
vt 1.349488 -0.856520 0.000000
vt 0.650527 -0.965075 0.000000
vt 0.981792 -1.224216 0.000000
vt 0.665094 -1.019182 0.000000
vt 0.670000 -1.075000 0.000000
vt 0.113891 -0.889926 0.000000
vt 0.586109 -0.889926 0.000000
vt 0.604161 -0.915620 0.000000
vt 0.619429 -0.943060 0.000000
vt 0.631744 -0.971945 0.000000
vt 0.665094 -1.130818 0.000000
vt 0.650527 -1.184925 0.000000
vt 0.601850 -1.272413 0.000000
vt 0.604161 -1.234380 0.000000
vt 0.586109 -1.260074 0.000000
vt 0.631744 -1.178055 0.000000
vt 0.619429 -1.206940 0.000000
vt 0.718447 -1.487561 0.000000
vt 0.557286 -1.318788 0.000000
vt 0.504348 -1.355315 0.000000
vt 0.445176 -1.380519 0.000000
vt 0.500000 -1.765000 0.000000
vt 1.467799 -2.236913 0.000000
vt 1.329893 -2.375000 0.000000
vt 1.731144 -1.973568 0.000000
vt 1.888390 -1.816503 0.000000
vt 1.726941 -1.969364 0.000000
vt 1.884096 -1.812209 0.000000
vt 0.382158 -1.393380 0.000000
vt 0.250000 -1.765000 0.000000
vt 0.317842 -1.393380 0.000000
vt 0.254824 -1.380519 0.000000
vt 0.150000 -1.765000 0.000000
vt 0.195652 -1.355315 0.000000
vt -0.050000 -1.765000 0.000000
vt 0.142714 -1.318788 0.000000
vt -0.142714 -1.318788 0.000000
vt -0.098150 -1.272413 0.000000
vt 0.098150 -1.272413 0.000000
vt -0.095839 -1.234380 0.000000
vt -0.080571 -1.206940 0.000000
vt -0.049473 -1.184925 0.000000
vt -0.068256 -1.178055 0.000000
vt 0.113891 -1.260074 0.000000
vt 0.095839 -1.234380 0.000000
vt 0.080571 -1.206940 0.000000
vt 0.049473 -1.184925 0.000000
vt -0.046044 -1.175053 0.000000
vt 0.046044 -1.175053 0.000000
vt -0.042939 -1.165075 0.000000
vt 0.042939 -1.165075 0.000000
vt -0.040161 -1.155000 0.000000
vt 0.040161 -1.155000 0.000000
vt 0.068256 -1.178055 0.000000
vt -0.113891 -1.260074 0.000000
vt -0.195652 -1.355315 0.000000
vt -0.150000 -1.765000 0.000000
vt -0.050000 -1.785000 0.000000
vt -0.150000 -1.785000 0.000000
vt -0.254824 -1.380519 0.000000
vt -0.317842 -1.393380 0.000000
vt -0.400000 -1.765000 0.000000
vt -0.382158 -1.393380 0.000000
vt -0.445176 -1.380519 0.000000
vt -0.718447 -1.487561 0.000000
vt -0.504348 -1.355315 0.000000
vt -0.557286 -1.318788 0.000000
vt -0.601850 -1.272413 0.000000
vt -0.981792 -1.224216 0.000000
vt -0.650527 -1.184925 0.000000
vt -0.665094 -1.130818 0.000000
vt -0.586109 -1.260074 0.000000
vt -0.604161 -1.234380 0.000000
vt -0.619429 -1.206940 0.000000
vt -0.631744 -1.178055 0.000000
vt -0.670000 -1.075000 0.000000
vt -0.665094 -1.019182 0.000000
vt -0.650527 -0.965075 0.000000
vt -0.631744 -0.971945 0.000000
vt -0.619429 -0.943060 0.000000
vt -0.604161 -0.915620 0.000000
vt -0.601850 -0.877587 0.000000
vt -0.586109 -0.889926 0.000000
vt -0.557286 -0.831212 0.000000
vt -1.280412 -0.283836 0.000000
vt -1.349488 -0.856520 0.000000
vt -1.275773 -0.277668 0.000000
vt -0.504348 -0.794685 0.000000
vt -1.272861 -0.270521 0.000000
vt -1.271868 -0.262868 0.000000
vt -0.445176 -0.769481 0.000000
vt -1.272861 -0.255215 0.000000
vt -0.382158 -0.756620 0.000000
vt -1.275773 -0.248068 0.000000
vt -0.093671 0.825938 0.000000
vt -1.280412 -0.241900 0.000000
vt -0.140233 0.855487 0.000000
vt -1.500000 0.325000 0.000000
vt -0.177984 0.895687 0.000000
vt -0.204551 0.944013 0.000000
vt -0.041224 0.808897 0.000000
vt -0.317842 -0.756620 0.000000
vt -0.068256 -0.971945 0.000000
vt 0.213088 0.970288 0.000000
vt 1.500000 0.325000 0.000000
vt 0.220000 1.025000 0.000000
vt 1.500000 1.675822 0.000000
vt 0.213088 1.079712 0.000000
vt 0.192787 1.130986 0.000000
vt 0.160373 1.175600 0.000000
vt 0.117882 1.210752 0.000000
vt 1.500000 2.235000 0.000000
vt 0.067984 1.234232 0.000000
vt 0.013814 1.244566 0.000000
vt -1.500000 2.235000 0.000000
vt -0.041224 1.241103 0.000000
vt -0.093671 1.224062 0.000000
vt -1.500000 1.675822 0.000000
vt -0.140233 1.194513 0.000000
vt -0.177984 1.154313 0.000000
vt -0.204551 1.105987 0.000000
vt -0.218265 1.052573 0.000000
vt -0.218265 0.997427 0.000000
vt 0.192787 0.919014 0.000000
vt 0.160373 0.874400 0.000000
vt 0.117882 0.839248 0.000000
vt 1.280412 -0.241900 0.000000
vt 1.286471 -0.237120 0.000000
vt 1.474252 -0.049339 0.000000
vt 1.458214 -0.078380 0.000000
vt 1.471176 -0.056417 0.000000
vt 1.468113 -0.064433 0.000000
vt 1.463751 -0.071824 0.000000
vt 2.104369 1.675822 0.000000
vt 1.730000 0.115000 0.000000
vt 1.840000 0.005000 0.000000
vt -2.104369 1.675822 0.000000
vt -1.730000 0.115000 0.000000
vt -1.726127 0.115000 0.000000
vt -2.104369 2.025000 0.000000
vt -2.500000 2.025000 0.000000
vt -1.840000 0.005000 0.000000
vt -2.500000 -1.204893 0.000000
vt -1.840000 -0.635000 0.000000
vt -2.362185 -1.342527 0.000000
vt -1.654658 -0.635000 0.000000
vt -2.098839 -1.605872 0.000000
vt -1.941775 -1.763118 0.000000
vt -1.937481 -1.758824 0.000000
vt -2.094636 -1.601669 0.000000
vt -1.500000 -0.034736 0.000000
vt -1.492347 -0.035729 0.000000
vt -1.485200 -0.038641 0.000000
vt -1.479032 -0.043280 0.000000
vt -1.474252 -0.049339 0.000000
vt -1.286471 -0.237120 0.000000
vt -1.458214 -0.078380 0.000000
vt -1.471176 -0.056417 0.000000
vt -1.468113 -0.064433 0.000000
vt -1.463751 -0.071824 0.000000
vt -1.315512 -0.221082 0.000000
vt -1.293549 -0.234044 0.000000
vt -1.308956 -0.226619 0.000000
vt -1.301565 -0.230981 0.000000
vt -1.286471 -0.288616 0.000000
vt -1.315512 -0.304654 0.000000
vt -1.458214 -0.447356 0.000000
vt -1.293549 -0.291692 0.000000
vt -1.308956 -0.299117 0.000000
vt -1.301565 -0.294755 0.000000
vt -1.463751 -0.453912 0.000000
vt -1.468113 -0.461303 0.000000
vt -1.471176 -0.469319 0.000000
vt -1.474252 -0.476397 0.000000
vt -1.479032 -0.482456 0.000000
vt -1.500000 -0.635000 0.000000
vt -1.485200 -0.487095 0.000000
vt -1.492347 -0.490007 0.000000
vt -1.500000 -0.491000 0.000000
vt -1.571008 -0.635000 0.000000
vt -1.353691 -0.860724 0.000000
vt -0.985995 -1.228419 0.000000
vt -1.329893 -2.375000 0.000000
vt -1.467799 -2.236913 0.000000
vt -1.731144 -1.973568 0.000000
vt -1.888390 -1.816503 0.000000
vt -1.726941 -1.969364 0.000000
vt -1.884096 -1.812209 0.000000
vt -0.400000 -2.285000 0.000000
vt -0.050000 -2.375000 0.000000
vt -0.150000 -2.285000 0.000000
vt -0.050000 -2.265000 0.000000
vt -0.150000 -2.265000 0.000000
vt 0.150000 -1.785000 0.000000
vt 0.250000 -1.785000 0.000000
vt 0.500000 -2.285000 0.000000
vt 0.150000 -2.375000 0.000000
vt 0.250000 -2.285000 0.000000
vt 0.150000 -2.265000 0.000000
vt 0.250000 -2.265000 0.000000
vt 0.985995 -1.228419 0.000000
vt 1.353691 -0.860724 0.000000
vt 1.571008 -0.635000 0.000000
vt 1.500000 -0.635000 0.000000
vt 1.474252 -0.476397 0.000000
vt 1.458214 -0.447356 0.000000
vt 1.471176 -0.469319 0.000000
vt 1.468113 -0.461303 0.000000
vt 1.500000 -0.491000 0.000000
vt 1.492347 -0.490007 0.000000
vt 1.485200 -0.487095 0.000000
vt 1.479032 -0.482456 0.000000
vt 1.463751 -0.453912 0.000000
vt 1.315512 -0.304654 0.000000
vt 1.286471 -0.288616 0.000000
vt 1.293549 -0.291692 0.000000
vt 1.308956 -0.299117 0.000000
vt 1.301565 -0.294755 0.000000
vt 1.315512 -0.221082 0.000000
vt 1.293549 -0.234044 0.000000
vt 1.308956 -0.226619 0.000000
vt 1.301565 -0.230981 0.000000
vt 1.479032 -0.043280 0.000000
vt 1.485200 -0.038641 0.000000
vt 1.492347 -0.035729 0.000000
vt 1.500000 -0.034736 0.000000
vt 1.726127 0.115000 0.000000
vt 1.840000 -0.635000 0.000000
vt 2.500000 -1.204893 0.000000
vt 2.500000 2.025000 0.000000
vt 2.104369 2.025000 0.000000
vt 1.654658 -0.635000 0.000000
vt 2.362185 -1.342527 0.000000
vt 2.098839 -1.605872 0.000000
vt 1.941775 -1.763118 0.000000
vt 1.937481 -1.758824 0.000000
vt 2.094636 -1.601669 0.000000
vt -0.462000 2.756897 0.000000
vt -0.462000 2.335000 0.000000
vt 1.002000 2.756897 0.000000
vt 1.500000 2.335000 0.000000
vt 1.500000 2.365000 0.000000
vt 1.510000 2.365000 0.000000
vt 1.002000 2.909695 0.000000
vt 1.510000 3.385000 0.000000
vt 0.702000 3.225798 0.000000
vt 0.702000 3.385000 0.000000
vt -0.350000 0.700000 0.000000
vt -1.000000 0.700000 0.000000
vt -0.350000 0.000000 0.000000
vt -1.000000 0.000000 0.000000
vt -0.650000 -0.000000 0.000000
vt -0.000000 0.000000 0.000000
vt -0.650000 0.700000 0.000000
vt -0.000000 0.700000 0.000000
vt -0.000000 0.900000 0.000000
vt -0.200000 0.900000 0.000000
vt -0.000000 0.000000 0.000000
vt -0.400000 0.700000 0.000000
vt -0.400000 0.000000 0.000000
vt -0.000000 0.000000 0.000000
vt -0.000000 0.700000 0.000000
vt -0.400000 0.000000 0.000000
vt -0.200000 0.900000 0.000000
vt -0.400000 0.900000 0.000000
vt -0.100000 0.000000 0.000000
vt 0.000000 0.000000 0.000000
vt -0.100000 0.300000 0.000000
vt 0.000000 0.300000 0.000000
vt -0.020000 0.000000 0.000000
vt 0.000000 0.000000 0.000000
vt -0.020000 0.300000 0.000000
vt 0.000000 0.300000 0.000000
vt -0.250000 0.000000 0.000000
vt -0.000000 0.000000 0.000000
vt -0.250000 0.300000 0.000000
vt -0.000000 0.300000 0.000000
vt -0.520000 0.000000 0.000000
vt -0.000000 0.000000 0.000000
vt -0.520000 0.300000 0.000000
vt -0.000000 0.300000 0.000000
vt -0.250000 0.000000 0.000000
vt -0.000000 0.000000 0.000000
vt -0.250000 0.300000 0.000000
vt -0.000000 0.300000 0.000000
vt -0.020000 0.000000 0.000000
vt -0.000000 0.000000 0.000000
vt -0.020000 0.300000 0.000000
vt -0.000000 0.300000 0.000000
vt -0.100000 0.000000 0.000000
vt -0.000000 0.000000 0.000000
vt -0.100000 0.300000 0.000000
vt -0.000000 0.300000 0.000000
vt -0.020000 0.000000 0.000000
vt -0.000000 0.000000 0.000000
vt -0.020000 0.300000 0.000000
vt 0.000000 0.300000 0.000000
vt -0.200000 0.000000 0.000000
vt -0.000000 0.000000 0.000000
vt -0.200000 0.300000 0.000000
vt -0.000000 0.300000 0.000000
vt -0.020000 0.000000 0.000000
vt -0.000000 0.000000 0.000000
vt -0.020000 0.300000 0.000000
vt -0.000000 0.300000 0.000000
vt -0.100000 0.000000 0.000000
vt -0.000000 0.000000 0.000000
vt -0.100000 0.300000 0.000000
vt -0.000000 0.300000 0.000000
vt -0.020000 0.000000 0.000000
vt -0.000000 0.000000 0.000000
vt -0.020000 0.300000 0.000000
vt -0.000000 0.300000 0.000000
vt -0.250000 0.000000 0.000000
vt -0.000000 0.000000 0.000000
vt -0.250000 0.300000 0.000000
vt -0.000000 0.300000 0.000000
vt -0.520000 0.000000 0.000000
vt -0.000000 0.000000 0.000000
vt -0.520000 0.300000 0.000000
vt -0.000000 0.300000 0.000000
vt -0.250000 0.000000 0.000000
vt -0.000000 0.000000 0.000000
vt -0.250000 0.300000 0.000000
vt -0.000000 0.300000 0.000000
vt -0.020000 0.000000 0.000000
vt -0.000000 0.000000 0.000000
vt -0.020000 0.300000 0.000000
vt -0.000000 0.300000 0.000000
vt -0.100000 0.000000 0.000000
vt -0.000000 0.000000 0.000000
vt -0.100000 0.300000 0.000000
vt -0.000000 0.300000 0.000000
vt 0.100000 0.240000 0.000000
vt 0.100000 0.200000 0.000000
vt 0.200000 0.240000 0.000000
vt 0.390000 0.200000 0.000000
vt 0.200000 0.260000 0.000000
vt 0.450000 0.260000 0.000000
vt 0.450000 -0.260000 0.000000
vt 0.390000 -0.200000 0.000000
vt 0.200000 -0.260000 0.000000
vt 0.200000 -0.240000 0.000000
vt 0.100000 -0.240000 0.000000
vt -0.390000 -0.200000 0.000000
vt -0.100000 -0.240000 0.000000
vt -0.200000 -0.240000 0.000000
vt -0.200000 -0.260000 0.000000
vt -0.450000 -0.260000 0.000000
vt -0.390000 0.200000 0.000000
vt -0.450000 0.260000 0.000000
vt -0.200000 0.260000 0.000000
vt -0.200000 0.240000 0.000000
vt -0.100000 0.200000 0.000000
vt -0.100000 0.240000 0.000000
vt -0.100000 -0.260000 0.000000
vt 0.100000 -0.260000 0.000000
vt -0.040000 0.000000 0.000000
vt -0.040000 0.300000 0.000000
vt -0.150000 0.000000 0.000000
vt -0.150000 0.580000 0.000000
vt -0.000000 0.600000 0.000000
vt -0.150000 0.600000 0.000000
vt -0.000000 0.300000 0.000000
vt 0.023389 0.000000 0.000000
vt 0.223389 0.000000 0.000000
vt 0.023389 0.020000 0.000000
vt 0.223389 0.020000 0.000000
vt -0.000000 0.000000 0.000000
vt 0.050000 0.000000 0.000000
vt 0.000000 0.020000 0.000000
vt 0.050000 0.020000 0.000000
vt 0.000000 0.000000 0.000000
vt 0.223389 0.000000 0.000000
vt 0.000000 0.020000 0.000000
vt 0.223389 0.020000 0.000000
vt 0.000000 0.000000 0.000000
vt 0.050000 0.000000 0.000000
vt 0.000000 0.020000 0.000000
vt 0.050000 0.020000 0.000000
vt 0.111695 -0.025000 0.000000
vt 0.111695 0.025000 0.000000
vt -0.088305 -0.025000 0.000000
vt -0.111695 0.025000 0.000000
vt -0.111695 -0.025000 0.000000
vt -0.290000 0.300000 0.000000
vt -0.000000 0.300000 0.000000
vt -0.290000 0.600000 0.000000
vt -0.000000 0.600000 0.000000
vt -0.655613 0.000000 0.000000
vt -0.545613 0.000000 0.000000
vt -0.655613 0.300000 0.000000
vt -0.545613 0.580000 0.000000
vt -0.695613 0.600000 0.000000
vt -0.545613 0.600000 0.000000
vt -0.695613 0.300000 0.000000
vt -0.290000 0.300000 0.000000
vt -0.000000 0.300000 0.000000
vt -0.290000 0.600000 0.000000
vt -0.000000 0.600000 0.000000
vt -0.400000 0.300000 0.000000
vt -0.000000 0.300000 0.000000
vt -0.400000 0.600000 0.000000
vt -0.000000 0.600000 0.000000
vt -0.780000 0.300000 0.000000
vt -0.000000 0.300000 0.000000
vt -0.780000 0.600000 0.000000
vt -0.000000 0.600000 0.000000
vt -0.400000 0.300000 0.000000
vt -0.000000 0.300000 0.000000
vt -0.400000 0.600000 0.000000
vt -0.000000 0.600000 0.000000
vt 2.326611 0.600000 0.000000
vt 1.170107 0.600000 0.000000
vt 2.326611 0.580000 0.000000
vt 1.170107 0.000000 0.000000
vt 2.350000 0.000000 0.000000
vt 2.350000 0.580000 0.000000
vt 2.550000 0.600000 0.000000
vt 2.550000 0.580000 0.000000
vt 3.829893 0.600000 0.000000
vt 3.829893 0.000000 0.000000
vt 2.550000 0.000000 0.000000
vt -3.829893 0.000000 0.000000
vt -3.874893 -0.000000 0.000000
vt -3.829893 -0.109869 0.000000
vt -4.496661 -0.440000 0.000000
vt -4.522858 -0.000000 0.000000
vt -4.522858 -0.440000 0.000000
vt -3.874893 0.600000 0.000000
vt -4.522858 0.600000 0.000000
vt -0.350717 3.110000 0.000000
vt -0.042118 3.110000 0.000000
vt -0.350717 4.110000 0.000000
vt -0.042118 4.110000 0.000000
vt -0.226127 1.000000 0.000000
vt -0.230000 1.000000 0.000000
vt -0.226127 -0.000000 0.000000
vt -0.230000 -0.000000 0.000000
vt 0.158024 -0.318242 0.000000
vt 0.163764 -0.318691 0.000000
vt 0.209227 -0.173418 0.000000
vt 0.169036 -0.320027 0.000000
vt 0.173706 -0.322215 0.000000
vt 0.177651 -0.325199 0.000000
vt 0.180769 -0.328901 0.000000
vt 0.182980 -0.333225 0.000000
vt 0.184226 -0.338059 0.000000
vt 0.191384 -0.368638 0.000000
vt 0.307899 -0.533415 0.000000
vt 0.184474 -0.343277 0.000000
vt 0.184660 -0.350277 0.000000
vt 0.188142 -0.363059 0.000000
vt 0.185889 -0.356906 0.000000
vt 0.312078 -0.538331 0.000000
vt 0.317128 -0.542507 0.000000
vt 0.322969 -0.545875 0.000000
vt 0.329507 -0.548383 0.000000
vt 0.334344 -0.550357 0.000000
vt 0.497902 -0.581666 0.000000
vt 0.338486 -0.553143 0.000000
vt 0.341825 -0.556668 0.000000
vt 0.344276 -0.560842 0.000000
vt 0.345774 -0.565556 0.000000
vt 0.346281 -0.570688 0.000000
vt 0.345783 -0.576105 0.000000
vt 0.344293 -0.581666 0.000000
vt 0.354682 0.406834 0.000000
vt 0.353192 0.412395 0.000000
vt 0.201073 0.406834 0.000000
vt 0.352694 0.417812 0.000000
vt 0.353201 0.422944 0.000000
vt 0.354699 0.427658 0.000000
vt 0.357150 0.431832 0.000000
vt 0.360489 0.435357 0.000000
vt 0.364631 0.438143 0.000000
vt 0.489748 0.815082 0.000000
vt 0.391076 0.455085 0.000000
vt 0.507591 0.619862 0.000000
vt 0.369468 0.440117 0.000000
vt 0.376006 0.442625 0.000000
vt 0.381847 0.445993 0.000000
vt 0.386897 0.450169 0.000000
vt 0.510833 0.625441 0.000000
vt 0.514315 0.638223 0.000000
vt 0.514501 0.645223 0.000000
vt 0.514749 0.650441 0.000000
vt 0.513086 0.631594 0.000000
vt 0.515995 0.655275 0.000000
vt 0.518206 0.659599 0.000000
vt 0.521324 0.663301 0.000000
vt 0.525269 0.666285 0.000000
vt 0.529939 0.668473 0.000000
vt 0.535211 0.669809 0.000000
vt 0.540951 0.670258 0.000000
vt 0.205372 0.379569 0.000000
vt 0.205187 0.372569 0.000000
vt 0.212097 0.397930 0.000000
vt 0.204939 0.367351 0.000000
vt 0.229940 0.202710 0.000000
vt 0.203693 0.362517 0.000000
vt 0.201482 0.358193 0.000000
vt 0.198364 0.354492 0.000000
vt 0.194419 0.351508 0.000000
vt 0.189749 0.349319 0.000000
vt 0.184476 0.347983 0.000000
vt 0.178737 0.347534 0.000000
vt 0.518615 0.610958 0.000000
vt 0.355056 0.579649 0.000000
vt 0.328612 0.562708 0.000000
vt 0.365006 0.610958 0.000000
vt 0.366496 0.605397 0.000000
vt 0.366994 0.599981 0.000000
vt 0.366487 0.594849 0.000000
vt 0.364989 0.590135 0.000000
vt 0.362538 0.585961 0.000000
vt 0.359198 0.582435 0.000000
vt 0.350219 0.577676 0.000000
vt 0.343681 0.575168 0.000000
vt 0.337841 0.571799 0.000000
vt 0.332791 0.567624 0.000000
vt 0.208855 0.392351 0.000000
vt 0.206602 0.386198 0.000000
vt 0.182089 -0.168383 0.000000
vt 0.175550 -0.165875 0.000000
vt 0.197158 -0.180843 0.000000
vt 0.170713 -0.163902 0.000000
vt 0.295830 -0.540841 0.000000
vt 0.007155 -0.132593 0.000000
vt 0.166571 -0.161116 0.000000
vt 0.163232 -0.157590 0.000000
vt 0.160781 -0.153416 0.000000
vt 0.159283 -0.148702 0.000000
vt 0.158776 -0.143570 0.000000
vt 0.159274 -0.138154 0.000000
vt 0.160764 -0.132593 0.000000
vt 0.347033 -0.396017 0.000000
vt 0.341293 -0.395568 0.000000
vt 0.336021 -0.394231 0.000000
vt 0.331351 -0.392043 0.000000
vt 0.327406 -0.389059 0.000000
vt 0.324288 -0.385358 0.000000
vt 0.322077 -0.381034 0.000000
vt 0.320831 -0.376200 0.000000
vt 0.313673 -0.345621 0.000000
vt 0.320583 -0.370982 0.000000
vt 0.320397 -0.363982 0.000000
vt 0.316915 -0.351200 0.000000
vt 0.319168 -0.357352 0.000000
vt 0.192979 -0.175927 0.000000
vt 0.187929 -0.171752 0.000000
vt -1.600000 -0.101987 0.000000
vt -1.447991 -0.101987 0.000000
vt -1.600000 -0.094248 0.000000
vt -1.295981 -0.101987 0.000000
vt -1.143972 -0.101987 0.000000
vt -1.143972 -0.109726 0.000000
vt -0.991962 -0.109726 0.000000
vt -0.991962 -0.117464 0.000000
vt -0.839953 -0.117464 0.000000
vt -0.839953 -0.125203 0.000000
vt -0.687944 -0.125203 0.000000
vt -0.083636 -0.132942 0.000000
vt -0.535934 -0.125203 0.000000
vt -0.383925 -0.125203 0.000000
vt -0.535934 -0.117464 0.000000
vt -0.383925 -0.117464 0.000000
vt -0.535934 -0.109726 0.000000
vt -0.383925 -0.109726 0.000000
vt -0.535934 -0.101987 0.000000
vt -0.383925 -0.101987 0.000000
vt -0.600000 -0.094248 0.000000
vt -0.535934 -0.086509 0.000000
vt -0.600000 -0.086509 0.000000
vt -0.600000 -0.078770 0.000000
vt -0.535934 -0.078770 0.000000
vt -0.600000 -0.071031 0.000000
vt -0.535934 -0.071031 0.000000
vt -0.600000 -0.063292 0.000000
vt -0.535934 -0.063292 0.000000
vt -0.600000 -0.055553 0.000000
vt -0.383925 -0.063292 0.000000
vt -0.231915 -0.063292 0.000000
vt -0.231915 -0.071031 0.000000
vt -0.080395 -0.065227 0.000000
vt -0.079906 -0.070064 0.000000
vt -0.080195 -0.074901 0.000000
vt -0.231915 -0.078770 0.000000
vt -0.081255 -0.079737 0.000000
vt -0.083057 -0.084574 0.000000
vt -0.231915 -0.086509 0.000000
vt -0.085556 -0.089411 0.000000
vt -0.088686 -0.094248 0.000000
vt -0.231915 -0.101987 0.000000
vt -0.085556 -0.099085 0.000000
vt -0.083057 -0.103921 0.000000
vt -0.231915 -0.109726 0.000000
vt -0.081255 -0.108758 0.000000
vt -0.080195 -0.113595 0.000000
vt -0.231915 -0.117464 0.000000
vt -0.079906 -0.118432 0.000000
vt -0.080395 -0.123269 0.000000
vt -0.231915 -0.125203 0.000000
vt -0.081649 -0.128105 0.000000
vt -1.447991 -0.109726 0.000000
vt -1.600000 -0.109726 0.000000
vt -1.447991 -0.117464 0.000000
vt -1.600000 -0.117464 0.000000
vt -1.447991 -0.125203 0.000000
vt -1.600000 -0.125203 0.000000
vt -1.600000 -0.132942 0.000000
vt -0.991962 -0.125203 0.000000
vt -1.143972 -0.125203 0.000000
vt -1.143972 -0.117464 0.000000
vt -1.295981 -0.117464 0.000000
vt -1.295981 -0.109726 0.000000
vt -0.081649 -0.060390 0.000000
vt -0.083636 -0.055553 0.000000
vt -0.991962 -0.101987 0.000000
vt -0.839953 -0.101987 0.000000
vt -0.839953 -0.109726 0.000000
vt -0.687944 -0.109726 0.000000
vt -0.687944 -0.117464 0.000000
vt -0.687944 -0.101987 0.000000
vt -0.383925 -0.086509 0.000000
vt -0.383925 -0.078770 0.000000
vt -0.383925 -0.071031 0.000000
vt -1.295981 -0.125203 0.000000
vt 0.600000 -0.017184 0.000000
vt 0.341818 -0.012888 0.000000
vt 0.600000 -0.025776 0.000000
vt 0.089594 -0.019332 0.000000
vt 0.090000 -0.025776 0.000000
vt 0.600000 -0.008592 0.000000
vt 0.083636 0.000000 0.000000
vt 0.086387 -0.006444 0.000000
vt 0.600000 0.000000 0.000000
vt 0.088383 -0.012888 0.000000
vt -0.000000 0.600000 0.000000
vt -0.000000 0.090000 0.000000
vt 0.201810 0.600000 0.000000
vt 0.201810 0.090000 0.000000
vt 0.600000 -0.017184 0.000000
vt 0.341818 -0.012888 0.000000
vt 0.600000 -0.025776 0.000000
vt 0.086387 -0.019332 0.000000
vt 0.083636 -0.025776 0.000000
vt 0.600000 -0.008592 0.000000
vt 0.090000 0.000000 0.000000
vt 0.089594 -0.006444 0.000000
vt 0.600000 0.000000 0.000000
vt 0.088383 -0.012888 0.000000
vt 0.600000 -0.017184 0.000000
vt 0.341818 -0.012888 0.000000
vt 0.600000 -0.025776 0.000000
vt 0.086387 -0.019332 0.000000
vt 0.083636 -0.025776 0.000000
vt 0.600000 -0.008592 0.000000
vt 0.090000 0.000000 0.000000
vt 0.089594 -0.006444 0.000000
vt 0.600000 0.000000 0.000000
vt 0.088383 -0.012888 0.000000
vt 0.000000 0.600000 0.000000
vt 0.000000 0.090000 0.000000
vt 0.201810 0.600000 0.000000
vt 0.201810 0.090000 0.000000
vt 0.600000 -0.017184 0.000000
vt 0.341818 -0.012888 0.000000
vt 0.600000 -0.025776 0.000000
vt 0.089594 -0.019332 0.000000
vt 0.090000 -0.025776 0.000000
vt 0.600000 -0.008592 0.000000
vt 0.083636 0.000000 0.000000
vt 0.086387 -0.006444 0.000000
vt 0.600000 0.000000 0.000000
vt 0.088383 -0.012888 0.000000
vt -0.600000 -0.063292 0.000000
vt -0.469976 -0.063292 0.000000
vt -0.600000 -0.055553 0.000000
vt -0.339953 -0.063292 0.000000
vt -0.209929 -0.063292 0.000000
vt -0.209929 -0.071031 0.000000
vt -0.080395 -0.065227 0.000000
vt -0.079906 -0.070064 0.000000
vt -0.080195 -0.074901 0.000000
vt -0.209929 -0.078770 0.000000
vt -0.081255 -0.079737 0.000000
vt -0.083057 -0.084574 0.000000
vt -0.209929 -0.086509 0.000000
vt -0.085556 -0.089411 0.000000
vt -0.209929 -0.094248 0.000000
vt -0.088686 -0.094248 0.000000
vt -0.085556 -0.099085 0.000000
vt -0.209929 -0.101987 0.000000
vt -0.083057 -0.103921 0.000000
vt -0.209929 -0.109726 0.000000
vt -0.081255 -0.108758 0.000000
vt -0.080195 -0.113595 0.000000
vt -0.209929 -0.117464 0.000000
vt -0.079906 -0.118432 0.000000
vt -0.080395 -0.123269 0.000000
vt -0.209929 -0.125203 0.000000
vt -0.081649 -0.128105 0.000000
vt -0.083636 -0.132942 0.000000
vt -0.339953 -0.125203 0.000000
vt -0.600000 -0.132942 0.000000
vt -0.469976 -0.125203 0.000000
vt -0.600000 -0.125203 0.000000
vt -0.600000 -0.117464 0.000000
vt -0.469976 -0.117464 0.000000
vt -0.600000 -0.109726 0.000000
vt -0.469976 -0.109726 0.000000
vt -0.600000 -0.101987 0.000000
vt -0.469976 -0.101987 0.000000
vt -0.600000 -0.094248 0.000000
vt -0.469976 -0.094248 0.000000
vt -0.600000 -0.086509 0.000000
vt -0.469976 -0.086509 0.000000
vt -0.600000 -0.078770 0.000000
vt -0.469976 -0.078770 0.000000
vt -0.600000 -0.071031 0.000000
vt -0.469976 -0.071031 0.000000
vt -0.081649 -0.060390 0.000000
vt -0.083636 -0.055553 0.000000
vt -0.339953 -0.071031 0.000000
vt -0.339953 -0.078770 0.000000
vt -0.339953 -0.086509 0.000000
vt -0.339953 -0.094248 0.000000
vt -0.339953 -0.101987 0.000000
vt -0.339953 -0.109726 0.000000
vt -0.339953 -0.117464 0.000000
vt -0.477142 0.600000 0.000000
vt -1.125107 0.600000 0.000000
vt -0.477142 -0.000000 0.000000
vt -1.125107 -0.000000 0.000000
vt -0.503883 -0.440000 0.000000
vt -1.170107 -0.110138 0.000000
vt -1.170107 0.000000 0.000000
vt -0.477142 -0.440000 0.000000
vt -0.186709 0.341567 0.000000
vt -0.226782 0.281346 0.000000
vt -0.186709 -0.341567 0.000000
vt -0.226782 -0.281346 0.000000
vt -0.255866 -0.218049 0.000000
vt -0.255866 0.218049 0.000000
vt -0.273502 -0.152673 0.000000
vt -0.279411 -0.086250 0.000000
vt -0.273502 0.152673 0.000000
vt -0.279411 0.086250 0.000000
vt -0.079597 -0.086250 0.000000
vt 0.054853 -0.086250 0.000000
vt -0.079597 0.086250 0.000000
vt 0.054853 0.086250 0.000000
vt -0.017574 0.086250 0.000000
vt -0.023483 0.152673 0.000000
vt -0.017574 -0.086250 0.000000
vt -0.041119 0.218049 0.000000
vt -0.023483 -0.152673 0.000000
vt -0.041119 -0.218049 0.000000
vt -0.070203 0.281346 0.000000
vt -0.070203 -0.281346 0.000000
vt -0.110276 -0.341567 0.000000
vt -0.110276 0.341567 0.000000
vt -0.799597 0.086250 0.000000
vt -0.934047 0.086250 0.000000
vt -0.799597 -0.086250 0.000000
vt -0.934047 -0.086250 0.000000
vt 0.854450 0.504596 0.000000
vt 0.720000 0.504596 0.000000
vt 0.858629 0.437998 0.000000
vt 0.720000 0.419333 0.000000
vt 0.871099 0.371400 0.000000
vt 0.720000 0.334070 0.000000
vt 0.891664 0.304802 0.000000
vt 0.720000 0.248807 0.000000
vt 0.920000 0.238204 0.000000
vt 0.920000 0.182522 0.000000
vt 0.720000 0.163543 0.000000
vt 0.920000 0.126840 0.000000
vt 0.720000 0.078280 0.000000
vt 0.920000 0.071158 0.000000
vt 0.954975 0.025046 0.000000
vt 0.720000 -0.006983 0.000000
vt 0.992426 -0.021067 0.000000
vt 0.620000 -0.016372 0.000000
vt 0.620000 -0.021067 0.000000
vt 0.620000 -0.006983 0.000000
vt 0.620000 -0.011678 0.000000
vt 0.000000 0.000000 0.000000
vt 0.020000 0.000000 0.000000
vt 0.000000 0.300000 0.000000
vt 0.020000 0.300000 0.000000
vt -0.300000 -0.837281 0.000000
vt 0.000000 -0.837281 0.000000
vt -0.300000 -0.805865 0.000000
vt 0.000000 -0.805865 0.000000
vt 0.000000 -0.774449 0.000000
vt 0.000000 -0.743033 0.000000
vt -0.300000 -0.743033 0.000000
vt -0.300000 -0.774449 0.000000
vt -0.000000 0.000000 0.000000
vt 0.020000 0.000000 0.000000
vt -0.000000 0.300000 0.000000
vt 0.020000 0.300000 0.000000
vt -0.300000 -0.792568 0.000000
vt 0.000000 -0.792568 0.000000
vt -0.300000 -0.728143 0.000000
vt 0.000000 -0.728143 0.000000
vt -0.300000 -0.663718 0.000000
vt 0.000000 -0.663718 0.000000
vt -0.300000 -0.599293 0.000000
vt 0.000000 -0.599293 0.000000
vt -0.300000 -0.534867 0.000000
vt 0.000000 -0.534867 0.000000
vt -0.300000 -0.470442 0.000000
vt -0.000000 -0.470442 0.000000
vt -0.300000 -0.406017 0.000000
vt -0.000000 -0.406017 0.000000
vt -0.300000 -0.341592 0.000000
vt -0.000000 -0.341592 0.000000
vt -0.300000 -0.277166 0.000000
vt 0.000000 -0.277166 0.000000
vt -0.300000 -0.212741 0.000000
vt 0.000000 -0.212741 0.000000
vt 0.000000 0.000000 0.000000
vt 0.020000 0.000000 0.000000
vt 0.000000 0.300000 0.000000
vt 0.020000 0.300000 0.000000
vt -0.300000 -0.199445 0.000000
vt -0.000000 -0.199445 0.000000
vt -0.300000 -0.168029 0.000000
vt 0.000000 -0.168029 0.000000
vt 0.000000 -0.136613 0.000000
vt 0.000000 -0.105197 0.000000
vt -0.300000 -0.105197 0.000000
vt -0.300000 -0.136613 0.000000
vt 0.000000 0.000000 0.000000
vt 0.020000 0.000000 0.000000
vt 0.000000 0.300000 0.000000
vt 0.020000 0.300000 0.000000
vt -0.300000 -0.112210 0.000000
vt 0.000000 -0.112210 0.000000
vt -0.300000 -0.056105 0.000000
vt 0.000000 -0.056105 0.000000
vt -0.300000 0.000000 0.000000
vt 0.000000 0.000000 0.000000
vt -0.300000 0.056105 0.000000
vt 0.000000 0.056105 0.000000
vt -0.300000 0.112210 0.000000
vt 0.000000 0.112210 0.000000
vt 0.000000 0.000000 0.000000
vt 0.020000 0.000000 0.000000
vt 0.000000 0.300000 0.000000
vt 0.020000 0.300000 0.000000
vt -0.300000 -0.924452 0.000000
vt 0.000000 -0.924452 0.000000
vt -0.300000 -0.914001 0.000000
vt 0.000000 -0.914001 0.000000
vt -0.300000 -0.903550 0.000000
vt 0.000000 -0.903550 0.000000
vt -0.300000 -0.893099 0.000000
vt 0.000000 -0.893099 0.000000
vt -0.300000 0.893099 0.000000
vt 0.000000 0.893099 0.000000
vt -0.300000 0.903550 0.000000
vt 0.000000 0.903550 0.000000
vt -0.300000 0.914001 0.000000
vt 0.000000 0.914001 0.000000
vt -0.300000 0.924452 0.000000
vt 0.000000 0.924452 0.000000
vt -0.000000 0.000000 0.000000
vt 0.020000 0.000000 0.000000
vt -0.000000 0.300000 0.000000
vt 0.020000 0.300000 0.000000
vt -0.300000 0.743033 0.000000
vt 0.000000 0.743033 0.000000
vt -0.300000 0.774449 0.000000
vt 0.000000 0.774449 0.000000
vt 0.000000 0.805865 0.000000
vt 0.000000 0.837281 0.000000
vt -0.300000 0.837281 0.000000
vt -0.300000 0.805865 0.000000
vt 0.000000 0.000000 0.000000
vt 0.020000 0.000000 0.000000
vt 0.000000 0.300000 0.000000
vt 0.020000 0.300000 0.000000
vt -0.300000 0.212741 0.000000
vt 0.000000 0.212741 0.000000
vt -0.300000 0.277166 0.000000
vt 0.000000 0.277166 0.000000
vt -0.300000 0.341592 0.000000
vt 0.000000 0.341592 0.000000
vt -0.300000 0.406017 0.000000
vt 0.000000 0.406017 0.000000
vt -0.300000 0.470442 0.000000
vt 0.000000 0.470442 0.000000
vt -0.300000 0.534867 0.000000
vt 0.000000 0.534867 0.000000
vt -0.300000 0.599293 0.000000
vt 0.000000 0.599293 0.000000
vt -0.300000 0.663718 0.000000
vt 0.000000 0.663718 0.000000
vt -0.300000 0.728143 0.000000
vt 0.000000 0.728143 0.000000
vt -0.300000 0.792568 0.000000
vt 0.000000 0.792568 0.000000
vt 0.000000 0.000000 0.000000
vt 0.020000 0.000000 0.000000
vt 0.000000 0.300000 0.000000
vt 0.020000 0.300000 0.000000
vt -0.300000 0.105197 0.000000
vt 0.000000 0.105197 0.000000
vt -0.300000 0.136613 0.000000
vt 0.000000 0.136613 0.000000
vt 0.000000 0.168029 0.000000
vt 0.000000 0.199445 0.000000
vt -0.300000 0.199445 0.000000
vt -0.300000 0.168029 0.000000
vt 0.020000 -0.417570 0.000000
vt -0.470000 -0.417715 0.000000
vt 0.020000 -0.455531 0.000000
vt 0.020000 0.455531 0.000000
vt -0.470000 0.493347 0.000000
vt -0.470000 0.455406 0.000000
vt 0.020000 0.417570 0.000000
vt -0.470000 0.417466 0.000000
vt 0.020000 0.379609 0.000000
vt -0.470000 0.379526 0.000000
vt 0.020000 0.341648 0.000000
vt -0.470000 0.341586 0.000000
vt 0.020000 0.303687 0.000000
vt -0.470000 0.303646 0.000000
vt 0.020000 0.265726 0.000000
vt -0.470000 0.265706 0.000000
vt 0.020000 0.227765 0.000000
vt -0.470000 0.227765 0.000000
vt -0.470000 0.189825 0.000000
vt -0.470000 -0.379775 0.000000
vt 0.020000 -0.379609 0.000000
vt -0.470000 -0.341835 0.000000
vt 0.020000 -0.341648 0.000000
vt -0.470000 -0.303895 0.000000
vt 0.020000 -0.303687 0.000000
vt -0.470000 -0.265955 0.000000
vt 0.020000 -0.265726 0.000000
vt -0.476073 -0.265955 0.000000
vt -0.476660 -0.246609 0.000000
vt 0.020000 -0.227765 0.000000
vt -0.476860 -0.227765 0.000000
vt -0.476660 -0.208922 0.000000
vt 0.020000 -0.189805 0.000000
vt -0.476073 -0.189576 0.000000
vt -0.470000 -0.189576 0.000000
vt 0.020000 -0.151844 0.000000
vt -0.470000 -0.151636 0.000000
vt 0.020000 -0.113883 0.000000
vt -0.470000 -0.113696 0.000000
vt 0.020000 -0.075922 0.000000
vt -0.470000 -0.075756 0.000000
vt 0.020000 -0.037961 0.000000
vt -0.470000 -0.037816 0.000000
vt 0.020000 0.000000 0.000000
vt -0.470000 0.000124 0.000000
vt 0.020000 0.037961 0.000000
vt -0.470000 0.038065 0.000000
vt 0.020000 0.075922 0.000000
vt -0.470000 0.076005 0.000000
vt 0.020000 0.113883 0.000000
vt -0.470000 0.113945 0.000000
vt 0.020000 0.151844 0.000000
vt -0.470000 0.151885 0.000000
vt 0.020000 0.189805 0.000000
vt 0.827198 0.220000 0.000000
vt 0.125657 0.152356 0.000000
vt 0.827198 0.109862 0.000000
vt 0.140097 0.117388 0.000000
vt 0.145000 0.079876 0.000000
vt 0.037749 0.220000 0.000000
vt 0.072680 0.205470 0.000000
vt 0.102662 0.182398 0.000000
vt 0.140032 0.042371 0.000000
vt 0.125532 0.007428 0.000000
vt 0.102486 -0.022574 0.000000
vt 0.356107 -0.220000 0.000000
vt 0.072464 -0.045594 0.000000
vt 0.037509 -0.060065 0.000000
vt -0.000000 -0.065000 0.000000
vt -0.356107 -0.220000 0.000000
vt -0.037509 -0.060065 0.000000
vt -0.072464 -0.045594 0.000000
vt -0.102486 -0.022574 0.000000
vt -0.827583 0.110131 0.000000
vt -0.125532 0.007428 0.000000
vt -0.140032 0.042371 0.000000
vt -0.145000 0.079876 0.000000
vt -0.140097 0.117388 0.000000
vt -0.125657 0.152356 0.000000
vt -0.827583 0.220000 0.000000
vt -0.102662 0.182398 0.000000
vt -0.072680 0.205470 0.000000
vt -0.037749 0.220000 0.000000
vt -0.080000 -0.292198 0.000000
vt -0.065574 -0.072500 0.000000
vt -0.680000 -0.292198 0.000000
vt -0.080059 -0.037529 0.000000
vt -0.085000 0.000000 0.000000
vt -0.080000 -0.337198 0.000000
vt 0.360000 -0.337198 0.000000
vt 0.097529 -0.140059 0.000000
vt 0.060000 -0.145000 0.000000
vt 0.360000 0.337583 0.000000
vt 0.205000 0.000000 0.000000
vt 0.200059 -0.037529 0.000000
vt 0.185574 -0.072500 0.000000
vt -0.080000 0.337583 0.000000
vt -0.080000 0.292583 0.000000
vt 0.097529 0.140059 0.000000
vt 0.132500 0.125574 0.000000
vt -0.680000 0.292583 0.000000
vt -0.065574 0.072500 0.000000
vt -0.042530 0.102530 0.000000
vt -0.012500 0.125574 0.000000
vt -0.080059 0.037529 0.000000
vt 0.022471 0.140059 0.000000
vt 0.060000 0.145000 0.000000
vt 0.162530 0.102530 0.000000
vt 0.185574 0.072500 0.000000
vt 0.200059 0.037529 0.000000
vt 0.162530 -0.102530 0.000000
vt 0.132500 -0.125574 0.000000
vt 0.022471 -0.140059 0.000000
vt -0.012500 -0.125574 0.000000
vt -0.042530 -0.102530 0.000000
vt -0.000000 -0.001476 0.000000
vt -0.000000 0.470000 0.000000
vt -0.575566 0.470000 0.000000
vt -0.767117 -0.001092 0.000000
vt -0.192020 0.470000 0.000000
vt -0.767117 0.470000 0.000000
vt 0.152426 0.472963 0.000000
vt 0.152426 -0.472963 0.000000
vt 0.190981 0.432825 0.000000
vt 0.190981 -0.432825 0.000000
vt 0.225115 -0.388864 0.000000
vt 0.225115 0.388864 0.000000
vt 0.254450 -0.341567 0.000000
vt 0.254450 0.341567 0.000000
vt -0.330796 0.426980 0.000000
vt -0.305700 0.484286 0.000000
vt -0.390624 0.426980 0.000000
vt -0.851831 1.256632 0.000000
vt -0.909554 1.252596 0.000000
vt -0.968318 1.243962 0.000000
vt -0.152426 0.972963 0.000000
vt -0.190981 0.932825 0.000000
vt -0.152426 0.027037 0.000000
vt -0.190981 0.067175 0.000000
vt -0.225115 0.111136 0.000000
vt -0.225115 0.888864 0.000000
vt -0.254450 0.158433 0.000000
vt -0.254450 0.841567 0.000000
vt -0.441304 0.657806 0.000000
vt -0.994384 1.531717 0.000000
vt -0.499027 0.653769 0.000000
vt -1.022111 1.479192 0.000000
vt -1.045158 1.426116 0.000000
vt -0.382540 0.666440 0.000000
vt 0.134450 0.504596 0.000000
vt -0.000000 0.504596 0.000000
vt 0.138629 0.437998 0.000000
vt -0.000000 0.419333 0.000000
vt 0.151099 0.371400 0.000000
vt -0.000000 0.334070 0.000000
vt 0.171664 0.304802 0.000000
vt -0.000000 0.248807 0.000000
vt 0.200000 0.238204 0.000000
vt 0.200000 0.182522 0.000000
vt -0.000000 0.163543 0.000000
vt 0.200000 0.126840 0.000000
vt -0.000000 0.078280 0.000000
vt 0.200000 0.071158 0.000000
vt 0.234975 0.025046 0.000000
vt -0.000000 -0.006983 0.000000
vt 0.272426 -0.021067 0.000000
vt -0.100000 -0.016372 0.000000
vt -0.100000 -0.021067 0.000000
vt -0.100000 -0.006983 0.000000
vt -0.100000 -0.011678 0.000000
vt -0.933277 -0.021067 0.000000
vt -0.720000 -0.006983 0.000000
vt -0.957885 0.021355 0.000000
vt -0.720000 0.078280 0.000000
vt -0.920000 0.071158 0.000000
vt -0.920000 0.126840 0.000000
vt -0.720000 0.163543 0.000000
vt -0.920000 0.182522 0.000000
vt -0.720000 0.248807 0.000000
vt -0.920000 0.238204 0.000000
vt -0.891664 0.304802 0.000000
vt -0.720000 0.334070 0.000000
vt -0.871099 0.371400 0.000000
vt -0.720000 0.419333 0.000000
vt -0.858629 0.437998 0.000000
vt -0.720000 0.504596 0.000000
vt -0.854450 0.504596 0.000000
vt -0.620000 -0.021067 0.000000
vt -0.620000 -0.016372 0.000000
vt -0.620000 -0.011678 0.000000
vt -0.620000 -0.006983 0.000000
vt 0.260000 1.584737 0.000000
vt -0.260000 1.584737 0.000000
vt 0.260000 1.580790 0.000000
vt -0.260000 1.580790 0.000000
vt 0.260000 1.576843 0.000000
vt -0.260000 1.576843 0.000000
vt 0.260000 1.572895 0.000000
vt -0.260000 1.572895 0.000000
vt 0.334136 1.510186 0.000000
vt -0.334136 1.510186 0.000000
vt -0.308568 1.445979 0.000000
vt -0.360000 1.572895 0.000000
vt 0.308568 1.445979 0.000000
vt -0.283713 1.380709 0.000000
vt 0.283713 1.380709 0.000000
vt -0.260000 1.314772 0.000000
vt 0.260000 1.314772 0.000000
vt -0.260000 1.234397 0.000000
vt 0.260000 1.234397 0.000000
vt -0.260000 1.154022 0.000000
vt 0.260000 1.154022 0.000000
vt -0.260000 1.073647 0.000000
vt 0.260000 1.073647 0.000000
vt -0.260000 0.993272 0.000000
vt 0.260000 0.993272 0.000000
vt -0.260000 0.912897 0.000000
vt 0.260000 0.912897 0.000000
vt 0.260000 0.832522 0.000000
vt -0.260000 0.832522 0.000000
vt 0.260000 0.752147 0.000000
vt -0.260000 0.752147 0.000000
vt -0.260000 0.671772 0.000000
vt 0.260000 0.671772 0.000000
vt -0.260000 0.591397 0.000000
vt 0.260000 0.591397 0.000000
vt -0.260000 0.511022 0.000000
vt 0.260000 0.511022 0.000000
vt -0.260000 0.430647 0.000000
vt 0.260000 0.430647 0.000000
vt -0.260000 0.350272 0.000000
vt 0.260000 0.350272 0.000000
vt -0.283713 0.284335 0.000000
vt 0.283713 0.284335 0.000000
vt -0.308568 0.219065 0.000000
vt 0.308568 0.219065 0.000000
vt -0.334136 0.154858 0.000000
vt 0.334136 0.154858 0.000000
vt 0.260000 0.092149 0.000000
vt 0.360000 0.092149 0.000000
vt -0.360000 0.092149 0.000000
vt -0.260000 0.092149 0.000000
vt 0.260000 0.088202 0.000000
vt -0.260000 0.088202 0.000000
vt 0.000000 0.085369 0.000000
vt -0.260000 0.084254 0.000000
vt -0.018789 0.084121 0.000000
vt -0.037749 0.080307 0.000000
vt -0.260000 0.080307 0.000000
vt 0.260000 0.084254 0.000000
vt 0.018789 0.084121 0.000000
vt 0.037749 0.080307 0.000000
vt 0.260000 0.080307 0.000000
vt 0.360000 1.572895 0.000000
vt -0.080000 0.029872 0.000000
vt -0.083918 0.027285 0.000000
vt -0.080000 0.023927 0.000000
vt -0.083900 0.023317 0.000000
vt -0.087813 0.024665 0.000000
vt -0.087795 0.022678 0.000000
vt -0.091685 0.022009 0.000000
vt -0.080000 -1.029872 0.000000
vt -0.080000 -1.023927 0.000000
vt -0.083918 -1.027285 0.000000
vt -0.083900 -1.023317 0.000000
vt -0.087813 -1.024665 0.000000
vt -0.087795 -1.022678 0.000000
vt -0.091685 -1.022009 0.000000
vt 0.080000 -0.679872 0.000000
vt 0.083918 -0.677285 0.000000
vt 0.080000 -0.673927 0.000000
vt 0.083900 -0.673317 0.000000
vt 0.087813 -0.674665 0.000000
vt 0.087795 -0.672678 0.000000
vt 0.091685 -0.672009 0.000000
vt 0.100000 -0.006983 0.000000
vt -0.000000 -0.006983 0.000000
vt 0.100000 -0.011678 0.000000
vt 0.100000 -0.016372 0.000000
vt -0.272426 -0.021067 0.000000
vt 0.100000 -0.021067 0.000000
vt -0.234975 0.025046 0.000000
vt -0.000000 0.078280 0.000000
vt -0.200000 0.071158 0.000000
vt -0.200000 0.126840 0.000000
vt -0.000000 0.163543 0.000000
vt -0.200000 0.182522 0.000000
vt -0.000000 0.248807 0.000000
vt -0.200000 0.238204 0.000000
vt -0.171664 0.304802 0.000000
vt -0.000000 0.334070 0.000000
vt -0.151099 0.371400 0.000000
vt -0.000000 0.419333 0.000000
vt -0.138629 0.437998 0.000000
vt -0.000000 0.504596 0.000000
vt -0.134450 0.504596 0.000000
vt 0.091685 0.372009 0.000000
vt 0.087813 0.374665 0.000000
vt 0.087795 0.372678 0.000000
vt 0.083900 0.373317 0.000000
vt 0.083918 0.377285 0.000000
vt 0.080000 0.373927 0.000000
vt 0.080000 0.379872 0.000000
vt 0.413938 -0.673436 0.000000
vt 0.476089 -0.732893 0.000000
vt 0.420000 -0.586250 0.000000
vt 0.505808 -0.658297 0.000000
vt 0.505808 -0.341703 0.000000
vt 0.523917 -0.580067 0.000000
vt 0.523917 -0.419933 0.000000
vt 0.530000 -0.500000 0.000000
vt 0.435442 -0.802143 0.000000
vt 0.395869 -0.758943 0.000000
vt 0.384800 -0.864458 0.000000
vt 0.366140 -0.841127 0.000000
vt 0.325324 -0.918407 0.000000
vt 0.420000 -0.413750 0.000000
vt 0.476089 -0.267107 0.000000
vt 0.413938 -0.326564 0.000000
vt 0.435442 -0.197857 0.000000
vt 0.395869 -0.241057 0.000000
vt 0.384800 -0.135542 0.000000
vt 0.366140 -0.158873 0.000000
vt 0.325324 -0.081593 0.000000
vt -0.070711 -0.007641 0.000000
vt -0.034183 0.053420 0.000000
vt -0.070711 0.085665 0.000000
vt 0.001924 0.113514 0.000000
vt -0.070711 0.178972 0.000000
vt 0.037111 0.172420 0.000000
vt 0.070711 0.230102 0.000000
vt -0.070711 0.272279 0.000000
vt 0.070711 0.310626 0.000000
vt -0.070711 0.365586 0.000000
vt 0.070711 0.391151 0.000000
vt -0.070711 0.458892 0.000000
vt 0.070711 0.471675 0.000000
vt -0.070711 0.552199 0.000000
vt 0.070711 0.552199 0.000000
vt 0.036806 -0.174526 0.000000
vt 0.136399 -0.315372 0.000000
vt 0.152276 -0.092876 0.000000
vt 0.251869 -0.233722 0.000000
vt -0.037111 0.172420 0.000000
vt 0.070711 0.178972 0.000000
vt -0.070711 0.230102 0.000000
vt 0.070711 0.272279 0.000000
vt -0.070711 0.310626 0.000000
vt 0.070711 0.365586 0.000000
vt -0.070711 0.391151 0.000000
vt 0.070711 0.458892 0.000000
vt -0.070711 0.471675 0.000000
vt 0.070711 0.552199 0.000000
vt -0.070711 0.552199 0.000000
vt -0.001924 0.113514 0.000000
vt 0.070711 0.085665 0.000000
vt 0.034183 0.053420 0.000000
vt 0.070711 -0.007641 0.000000
vt -0.413938 0.023436 0.000000
vt -0.476089 0.082893 0.000000
vt -0.420000 -0.063750 0.000000
vt -0.505808 0.008297 0.000000
vt -0.420000 -0.236250 0.000000
vt -0.505808 -0.308297 0.000000
vt -0.476089 -0.382893 0.000000
vt -0.435442 0.152143 0.000000
vt -0.395869 0.108943 0.000000
vt -0.384800 0.214458 0.000000
vt -0.366140 0.191127 0.000000
vt -0.325324 0.268407 0.000000
vt -0.523917 -0.230067 0.000000
vt -0.523917 -0.069933 0.000000
vt -0.530000 -0.150000 0.000000
vt -0.413938 -0.323436 0.000000
vt -0.435442 -0.452143 0.000000
vt -0.395869 -0.408943 0.000000
vt -0.384800 -0.514458 0.000000
vt -0.366140 -0.491127 0.000000
vt -0.325324 -0.568407 0.000000
vt -0.070711 -0.007641 0.000000
vt -0.034183 0.053420 0.000000
vt -0.070711 0.085665 0.000000
vt 0.001924 0.113514 0.000000
vt -0.070711 0.178972 0.000000
vt 0.037111 0.172420 0.000000
vt 0.070711 0.230102 0.000000
vt -0.070711 0.272279 0.000000
vt 0.070711 0.310626 0.000000
vt -0.070711 0.365586 0.000000
vt 0.070711 0.391151 0.000000
vt -0.070711 0.458892 0.000000
vt 0.070711 0.471675 0.000000
vt -0.070711 0.552199 0.000000
vt 0.070711 0.552199 0.000000
vt -0.064230 -0.031639 0.000000
vt 0.035363 -0.172485 0.000000
vt 0.051240 0.050011 0.000000
vt 0.150833 -0.090835 0.000000
vt 0.037111 -0.172420 0.000000
vt -0.070711 -0.178972 0.000000
vt 0.070711 -0.230102 0.000000
vt -0.070711 -0.272279 0.000000
vt 0.070711 -0.310626 0.000000
vt -0.070711 -0.365586 0.000000
vt 0.070711 -0.391151 0.000000
vt -0.070711 -0.458892 0.000000
vt 0.070711 -0.471675 0.000000
vt -0.070711 -0.552199 0.000000
vt 0.070711 -0.552199 0.000000
vt 0.001924 -0.113514 0.000000
vt -0.070711 -0.085665 0.000000
vt -0.034183 -0.053420 0.000000
vt -0.070711 0.007641 0.000000
vt -0.712213 0.470000 0.000000
vt -0.712213 -0.001476 0.000000
vt 0.000000 -0.001092 0.000000
vt -0.693689 -0.020000 0.000000
vt -0.018908 -0.020000 0.000000
vt 0.000000 0.470000 0.000000
vt -5.250000 0.400000 0.000000
vt -4.600000 0.400000 0.000000
vt -5.250000 0.600000 0.000000
vt -1.170107 0.600000 0.000000
vt -4.400000 0.200000 0.000000
vt -1.170107 0.000000 0.000000
vt -4.400000 0.000000 0.000000
vt -0.792160 0.315018 0.000000
vt -0.315018 0.664881 0.000000
vt -0.315018 0.792160 0.000000
vt -0.239647 0.716789 0.000000
vt 0.995054 1.085054 0.000000
vt 0.995054 0.992832 0.000000
vt 1.085054 1.085054 0.000000
vt 0.995054 0.241556 0.000000
vt 1.085054 0.085054 0.000000
vt 1.040054 0.085054 0.000000
vt -1.085054 -0.995054 0.000000
vt -0.716789 0.239647 0.000000
vt -0.664881 0.315018 0.000000
vt -0.992832 -0.995054 0.000000
vt -1.085054 -1.085054 0.000000
vt -0.248804 -0.995054 0.000000
vt -0.085054 -1.085054 0.000000
vt -0.085054 -1.040054 0.000000
vt -0.078917 -0.270946 0.000000
vt -0.085054 -0.392089 0.000000
vt -0.053234 -0.360269 0.000000
vt 0.245965 0.103898 0.000000
vt 0.392089 0.085054 0.000000
vt 0.360269 0.053234 0.000000
vt -0.674781 0.000000 0.000000
vt 0.000000 -0.000000 0.000000
vt -0.674781 0.600000 0.000000
vt 0.000000 0.600000 0.000000
vt -1.342413 0.000000 0.000000
vt -0.000000 0.000000 0.000000
vt -1.342413 0.600000 0.000000
vt -0.000000 0.600000 0.000000
vt -0.090000 0.000000 0.000000
vt -0.000000 0.000000 0.000000
vt -0.090000 0.600000 0.000000
vt -0.000000 0.600000 0.000000
vt -1.000000 0.000000 0.000000
vt -0.000000 -0.000000 0.000000
vt -1.000000 0.600000 0.000000
vt -0.000000 0.600000 0.000000
vt -0.162843 0.000000 0.000000
vt -0.000000 0.000000 0.000000
vt -0.162843 0.600000 0.000000
vt -0.000000 0.600000 0.000000
vt -0.751276 0.000000 0.000000
vt -0.000000 -0.000000 0.000000
vt -0.751276 0.600000 0.000000
vt -0.000000 0.600000 0.000000
vt -1.265182 0.000000 0.000000
vt -0.000000 -0.000000 0.000000
vt -1.265182 0.600000 0.000000
vt -0.000000 0.600000 0.000000
vt -0.893409 0.000000 0.000000
vt -0.000000 -0.000000 0.000000
vt -0.893409 0.600000 0.000000
vt 0.000000 0.600000 0.000000
vt -0.125029 0.000000 0.000000
vt -0.000000 0.000000 0.000000
vt -0.125029 0.600000 0.000000
vt -0.000000 0.600000 0.000000
vt -0.793350 0.000000 0.000000
vt -0.000000 0.000000 0.000000
vt -0.793350 0.600000 0.000000
vt -0.000000 0.600000 0.000000
vt -0.494781 0.000000 0.000000
vt -0.000000 -0.000000 0.000000
vt -0.494781 0.600000 0.000000
vt -0.000000 0.600000 0.000000
vt -0.828678 0.000000 0.000000
vt -0.000000 0.000000 0.000000
vt -0.828678 0.600000 0.000000
vt -0.000000 0.600000 0.000000
vt -0.092942 0.000000 0.000000
vt -0.000000 -0.000000 0.000000
vt -0.092942 0.600000 0.000000
vt 0.000000 0.600000 0.000000
vt -0.893409 0.000000 0.000000
vt 0.000000 -0.000000 0.000000
vt -0.893409 0.600000 0.000000
vt 0.000000 0.600000 0.000000
vt -1.265182 0.000000 0.000000
vt -0.000000 -0.000000 0.000000
vt -1.265182 0.600000 0.000000
vt -0.000000 0.600000 0.000000
vt -0.744028 0.000000 0.000000
vt -0.000000 0.000000 0.000000
vt -0.744028 0.600000 0.000000
vt -0.000000 0.600000 0.000000
vt -0.169821 0.000000 0.000000
vt -0.000000 -0.000000 0.000000
vt -0.169821 0.600000 0.000000
vt 0.000000 0.600000 0.000000
vt -1.000000 0.000000 0.000000
vt -0.000000 0.000000 0.000000
vt -1.000000 0.600000 0.000000
vt -0.000000 0.600000 0.000000
vt -0.090000 -0.000000 0.000000
vt -0.000000 -0.000000 0.000000
vt -0.090000 0.600000 0.000000
vt -0.000000 0.600000 0.000000
vt -1.342413 0.000000 0.000000
vt -0.000000 0.000000 0.000000
vt -1.342413 0.600000 0.000000
vt -0.000000 0.600000 0.000000
vt 0.000000 0.380000 0.000000
vt 0.000409 0.380000 0.000000
vt 0.000000 0.680000 0.000000
vt 0.000409 0.680000 0.000000
vt -0.680000 -0.086174 0.000000
vt -0.380000 -0.086174 0.000000
vt -0.680000 -0.057449 0.000000
vt -0.380000 -0.057449 0.000000
vt -0.380000 -0.028725 0.000000
vt -0.680000 -0.028725 0.000000
vt -0.380000 0.000000 0.000000
vt -0.680000 0.000000 0.000000
vt -0.380000 0.028725 0.000000
vt -0.680000 0.028725 0.000000
vt -0.380000 0.057449 0.000000
vt -0.680000 0.057449 0.000000
vt -0.680000 0.086174 0.000000
vt -0.380000 0.086174 0.000000
vt 0.000000 0.380000 0.000000
vt 0.000409 0.380000 0.000000
vt 0.000000 0.680000 0.000000
vt 0.000409 0.680000 0.000000
vt 0.000000 0.380000 0.000000
vt 0.000322 0.380000 0.000000
vt 0.000000 0.680000 0.000000
vt 0.000322 0.680000 0.000000
vt -0.680000 0.086426 0.000000
vt -0.380000 0.086426 0.000000
vt -0.680000 0.120077 0.000000
vt -0.380000 0.120077 0.000000
vt -0.680000 0.153727 0.000000
vt -0.380000 0.153727 0.000000
vt -0.680000 0.187378 0.000000
vt -0.380000 0.187378 0.000000
vt -0.680000 0.221029 0.000000
vt -0.380000 0.221029 0.000000
vt -0.680000 0.254680 0.000000
vt -0.380000 0.254680 0.000000
vt -0.680000 0.288330 0.000000
vt -0.380000 0.288330 0.000000
vt -0.680000 0.321981 0.000000
vt -0.380000 0.321981 0.000000
vt 0.000000 0.380000 0.000000
vt 0.000322 0.380000 0.000000
vt 0.000000 0.680000 0.000000
vt 0.000322 0.680000 0.000000
vt -0.680000 -0.321981 0.000000
vt -0.380000 -0.321981 0.000000
vt -0.680000 -0.288330 0.000000
vt -0.380000 -0.288330 0.000000
vt -0.680000 -0.254680 0.000000
vt -0.380000 -0.254680 0.000000
vt -0.680000 -0.221029 0.000000
vt -0.380000 -0.221029 0.000000
vt -0.680000 -0.187378 0.000000
vt -0.380000 -0.187378 0.000000
vt -0.680000 -0.153727 0.000000
vt -0.380000 -0.153727 0.000000
vt -0.680000 -0.120077 0.000000
vt -0.380000 -0.120077 0.000000
vt -0.680000 -0.086426 0.000000
vt -0.380000 -0.086426 0.000000
vt 0.000000 0.380000 0.000000
vt 0.000322 0.380000 0.000000
vt 0.000000 0.680000 0.000000
vt 0.000322 0.680000 0.000000
vt 0.000000 0.380000 0.000000
vt 0.000409 0.380000 0.000000
vt 0.000000 0.680000 0.000000
vt 0.000409 0.680000 0.000000
vt -0.680000 0.322233 0.000000
vt -0.380000 0.322233 0.000000
vt -0.680000 0.350958 0.000000
vt -0.380000 0.350958 0.000000
vt -0.380000 0.379683 0.000000
vt -0.680000 0.379683 0.000000
vt -0.380000 0.408407 0.000000
vt -0.680000 0.408407 0.000000
vt -0.380000 0.437132 0.000000
vt -0.680000 0.437132 0.000000
vt -0.380000 0.465856 0.000000
vt -0.680000 0.465856 0.000000
vt -0.680000 0.494581 0.000000
vt -0.380000 0.494581 0.000000
vt 0.000000 0.380000 0.000000
vt 0.000409 0.380000 0.000000
vt 0.000000 0.680000 0.000000
vt 0.000409 0.680000 0.000000
vt -0.000000 0.380000 0.000000
vt 0.000322 0.380000 0.000000
vt -0.000000 0.680000 0.000000
vt 0.000322 0.680000 0.000000
vt 3.829893 0.000000 0.000000
vt 3.829893 -0.109869 0.000000
vt 3.874893 -0.000000 0.000000
vt 4.496661 -0.440000 0.000000
vt 4.522858 -0.000000 0.000000
vt 4.522858 -0.440000 0.000000
vt 4.522858 0.600000 0.000000
vt 3.874893 0.600000 0.000000
vt 0.000000 0.635858 0.000000
vt 0.600000 0.677327 0.000000
vt 0.000000 0.691150 0.000000
vt 0.000000 -0.691150 0.000000
vt 0.600000 -0.704973 0.000000
vt 0.600000 -0.649681 0.000000
vt 0.000000 -0.635858 0.000000
vt 0.600000 -0.594389 0.000000
vt 0.000000 -0.580566 0.000000
vt 0.600000 -0.539097 0.000000
vt 0.000000 -0.525274 0.000000
vt 0.600000 -0.483805 0.000000
vt 0.000000 -0.469982 0.000000
vt 0.600000 -0.428513 0.000000
vt 0.000000 -0.414690 0.000000
vt 0.600000 -0.373221 0.000000
vt 0.000000 -0.359398 0.000000
vt 0.600000 -0.317929 0.000000
vt 0.000000 -0.304106 0.000000
vt 0.600000 -0.262637 0.000000
vt 0.000000 -0.248814 0.000000
vt 0.600000 -0.207345 0.000000
vt 0.000000 -0.193522 0.000000
vt 0.600000 -0.152053 0.000000
vt 0.000000 -0.138230 0.000000
vt 0.600000 -0.096761 0.000000
vt 0.000000 -0.082938 0.000000
vt 0.600000 -0.041469 0.000000
vt 0.000000 -0.027646 0.000000
vt 0.600000 0.013823 0.000000
vt 0.000000 0.027646 0.000000
vt 0.600000 0.069115 0.000000
vt 0.000000 0.082938 0.000000
vt 0.600000 0.124407 0.000000
vt 0.000000 0.138230 0.000000
vt 0.600000 0.179699 0.000000
vt 0.000000 0.193522 0.000000
vt 0.600000 0.234991 0.000000
vt 0.000000 0.248814 0.000000
vt 0.600000 0.290283 0.000000
vt 0.000000 0.304106 0.000000
vt 0.600000 0.345575 0.000000
vt 0.000000 0.359398 0.000000
vt 0.600000 0.400867 0.000000
vt 0.000000 0.414690 0.000000
vt 0.600000 0.456159 0.000000
vt 0.000000 0.469982 0.000000
vt 0.600000 0.511451 0.000000
vt 0.000000 0.525274 0.000000
vt 0.600000 0.566743 0.000000
vt 0.000000 0.580566 0.000000
vt 0.600000 0.622035 0.000000
vt -0.184660 -0.350277 0.000000
vt -0.184474 -0.343277 0.000000
vt -0.191384 -0.368638 0.000000
vt -0.184226 -0.338059 0.000000
vt -0.209227 -0.173418 0.000000
vt -0.182980 -0.333225 0.000000
vt -0.180769 -0.328901 0.000000
vt -0.177651 -0.325199 0.000000
vt -0.173706 -0.322215 0.000000
vt -0.169036 -0.320027 0.000000
vt -0.163764 -0.318691 0.000000
vt -0.158024 -0.318242 0.000000
vt -0.497902 -0.581666 0.000000
vt -0.334344 -0.550357 0.000000
vt -0.307899 -0.533415 0.000000
vt -0.344293 -0.581666 0.000000
vt -0.345783 -0.576105 0.000000
vt -0.346281 -0.570688 0.000000
vt -0.345774 -0.565556 0.000000
vt -0.344276 -0.560842 0.000000
vt -0.341825 -0.556668 0.000000
vt -0.338486 -0.553143 0.000000
vt -0.329507 -0.548383 0.000000
vt -0.322969 -0.545875 0.000000
vt -0.317128 -0.542507 0.000000
vt -0.312078 -0.538331 0.000000
vt -0.188142 -0.363059 0.000000
vt -0.185889 -0.356906 0.000000
vt -0.376006 0.442625 0.000000
vt -0.369468 0.440117 0.000000
vt -0.391076 0.455085 0.000000
vt -0.364631 0.438143 0.000000
vt -0.489748 0.815082 0.000000
vt -0.201073 0.406834 0.000000
vt -0.360489 0.435357 0.000000
vt -0.357150 0.431832 0.000000
vt -0.354699 0.427658 0.000000
vt -0.353201 0.422944 0.000000
vt -0.352694 0.417812 0.000000
vt -0.353192 0.412395 0.000000
vt -0.354682 0.406834 0.000000
vt -0.540951 0.670258 0.000000
vt -0.535211 0.669809 0.000000
vt -0.529939 0.668473 0.000000
vt -0.525269 0.666285 0.000000
vt -0.521324 0.663301 0.000000
vt -0.518206 0.659599 0.000000
vt -0.515995 0.655275 0.000000
vt -0.514749 0.650441 0.000000
vt -0.507591 0.619862 0.000000
vt -0.514501 0.645223 0.000000
vt -0.514315 0.638223 0.000000
vt -0.510833 0.625441 0.000000
vt -0.513086 0.631594 0.000000
vt -0.386897 0.450169 0.000000
vt -0.381847 0.445993 0.000000
vt -0.178737 0.347534 0.000000
vt -0.184476 0.347983 0.000000
vt -0.229940 0.202710 0.000000
vt -0.189749 0.349319 0.000000
vt -0.194419 0.351508 0.000000
vt -0.198364 0.354492 0.000000
vt -0.201482 0.358193 0.000000
vt -0.203693 0.362517 0.000000
vt -0.204939 0.367351 0.000000
vt -0.212097 0.397930 0.000000
vt -0.328612 0.562708 0.000000
vt -0.205187 0.372569 0.000000
vt -0.205372 0.379569 0.000000
vt -0.208855 0.392351 0.000000
vt -0.206602 0.386198 0.000000
vt -0.332791 0.567624 0.000000
vt -0.337841 0.571799 0.000000
vt -0.343681 0.575168 0.000000
vt -0.350219 0.577676 0.000000
vt -0.355056 0.579649 0.000000
vt -0.518615 0.610958 0.000000
vt -0.359198 0.582435 0.000000
vt -0.362538 0.585961 0.000000
vt -0.364989 0.590135 0.000000
vt -0.366487 0.594849 0.000000
vt -0.366994 0.599981 0.000000
vt -0.366496 0.605397 0.000000
vt -0.365006 0.610958 0.000000
vt -0.160764 -0.132593 0.000000
vt -0.159274 -0.138154 0.000000
vt -0.007155 -0.132593 0.000000
vt -0.158776 -0.143570 0.000000
vt -0.159283 -0.148702 0.000000
vt -0.160781 -0.153416 0.000000
vt -0.163232 -0.157590 0.000000
vt -0.166571 -0.161116 0.000000
vt -0.170713 -0.163902 0.000000
vt -0.295830 -0.540841 0.000000
vt -0.197158 -0.180843 0.000000
vt -0.313673 -0.345621 0.000000
vt -0.175550 -0.165875 0.000000
vt -0.182089 -0.168383 0.000000
vt -0.187929 -0.171752 0.000000
vt -0.192979 -0.175927 0.000000
vt -0.316915 -0.351200 0.000000
vt -0.320397 -0.363982 0.000000
vt -0.320583 -0.370982 0.000000
vt -0.320831 -0.376200 0.000000
vt -0.319168 -0.357352 0.000000
vt -0.322077 -0.381034 0.000000
vt -0.324288 -0.385358 0.000000
vt -0.327406 -0.389059 0.000000
vt -0.331351 -0.392043 0.000000
vt -0.336021 -0.394231 0.000000
vt -0.341293 -0.395568 0.000000
vt -0.347033 -0.396017 0.000000
vt 1.600000 0.063292 0.000000
vt 1.447991 0.063292 0.000000
vt 1.600000 0.055553 0.000000
vt 1.295981 0.063292 0.000000
vt 1.143972 0.063292 0.000000
vt 1.143972 0.071031 0.000000
vt 0.991962 0.071031 0.000000
vt 0.991962 0.078770 0.000000
vt 0.839953 0.078770 0.000000
vt 0.839953 0.086509 0.000000
vt 0.687944 0.086509 0.000000
vt 0.687944 0.094248 0.000000
vt 0.535934 0.094248 0.000000
vt 0.535934 0.101987 0.000000
vt 0.383925 0.101987 0.000000
vt 0.383925 0.109726 0.000000
vt 0.231915 0.109726 0.000000
vt 0.231915 0.117464 0.000000
vt 0.080195 0.113595 0.000000
vt 0.079906 0.118432 0.000000
vt 0.080395 0.123269 0.000000
vt 0.231915 0.125203 0.000000
vt 0.081649 0.128105 0.000000
vt 0.083636 0.132942 0.000000
vt 0.383925 0.125203 0.000000
vt 0.535934 0.125203 0.000000
vt 0.535934 0.117464 0.000000
vt 0.687944 0.117464 0.000000
vt 0.687944 0.109726 0.000000
vt 0.839953 0.109726 0.000000
vt 0.839953 0.101987 0.000000
vt 0.991962 0.101987 0.000000
vt 0.991962 0.094248 0.000000
vt 1.143972 0.094248 0.000000
vt 1.143972 0.086509 0.000000
vt 1.295981 0.086509 0.000000
vt 1.295981 0.078770 0.000000
vt 1.447991 0.078770 0.000000
vt 1.447991 0.071031 0.000000
vt 1.600000 0.071031 0.000000
vt 1.600000 0.078770 0.000000
vt 1.447991 0.086509 0.000000
vt 1.295981 0.094248 0.000000
vt 1.143972 0.101987 0.000000
vt 0.991962 0.109726 0.000000
vt 0.839953 0.117464 0.000000
vt 0.687944 0.125203 0.000000
vt 1.600000 0.086509 0.000000
vt 1.447991 0.094248 0.000000
vt 1.295981 0.101987 0.000000
vt 1.143972 0.109726 0.000000
vt 0.991962 0.117464 0.000000
vt 0.839953 0.125203 0.000000
vt 1.600000 0.094248 0.000000
vt 1.447991 0.101987 0.000000
vt 1.295981 0.109726 0.000000
vt 1.143972 0.117464 0.000000
vt 0.991962 0.125203 0.000000
vt 1.600000 0.132942 0.000000
vt 1.600000 0.101987 0.000000
vt 1.447991 0.109726 0.000000
vt 1.295981 0.117464 0.000000
vt 1.143972 0.125203 0.000000
vt 1.600000 0.109726 0.000000
vt 1.447991 0.117464 0.000000
vt 1.295981 0.125203 0.000000
vt 1.600000 0.117464 0.000000
vt 1.447991 0.125203 0.000000
vt 1.600000 0.125203 0.000000
vt 0.081255 0.108758 0.000000
vt 0.083057 0.103921 0.000000
vt 0.231915 0.101987 0.000000
vt 0.085556 0.099085 0.000000
vt 0.231915 0.094248 0.000000
vt 0.088686 0.094248 0.000000
vt 0.085556 0.089411 0.000000
vt 0.231915 0.086509 0.000000
vt 0.083057 0.084574 0.000000
vt 0.231915 0.078770 0.000000
vt 0.081255 0.079737 0.000000
vt 0.080195 0.074901 0.000000
vt 0.231915 0.071031 0.000000
vt 0.079906 0.070064 0.000000
vt 0.080395 0.065227 0.000000
vt 0.231915 0.063292 0.000000
vt 0.081649 0.060390 0.000000
vt 0.383925 0.063292 0.000000
vt 0.535934 0.063292 0.000000
vt 0.383925 0.071031 0.000000
vt 0.535934 0.071031 0.000000
vt 0.383925 0.078770 0.000000
vt 0.535934 0.078770 0.000000
vt 0.383925 0.086509 0.000000
vt 0.535934 0.086509 0.000000
vt 0.383925 0.094248 0.000000
vt 0.083636 0.055553 0.000000
vt 0.687944 0.063292 0.000000
vt 1.295981 0.071031 0.000000
vt 0.991962 0.063292 0.000000
vt 0.839953 0.063292 0.000000
vt 0.687944 0.071031 0.000000
vt 0.839953 0.071031 0.000000
vt 1.143972 0.078770 0.000000
vt 0.991962 0.086509 0.000000
vt 0.839953 0.094248 0.000000
vt 0.687944 0.101987 0.000000
vt 0.535934 0.109726 0.000000
vt 0.383925 0.117464 0.000000
vt 0.687944 0.078770 0.000000
vt -1.600000 -0.008592 0.000000
vt -1.347273 -0.012888 0.000000
vt -1.600000 0.000000 0.000000
vt -1.094545 -0.012888 0.000000
vt -0.841818 -0.012888 0.000000
vt -0.090000 -0.025776 0.000000
vt -0.589091 -0.012888 0.000000
vt -0.336363 -0.012888 0.000000
vt -0.086387 -0.006444 0.000000
vt -0.088383 -0.012888 0.000000
vt -0.089594 -0.019332 0.000000
vt -1.600000 -0.017184 0.000000
vt -1.600000 -0.025776 0.000000
vt -0.083636 0.000000 0.000000
vt 0.000000 1.600000 0.000000
vt -0.201810 1.600000 0.000000
vt 0.000000 0.090000 0.000000
vt -0.201810 0.090000 0.000000
vt -1.600000 -0.008592 0.000000
vt -1.347273 -0.012888 0.000000
vt -1.600000 0.000000 0.000000
vt -1.094545 -0.012888 0.000000
vt -0.841818 -0.012888 0.000000
vt -0.083636 -0.025776 0.000000
vt -0.589091 -0.012888 0.000000
vt -0.336363 -0.012888 0.000000
vt -0.089594 -0.006444 0.000000
vt -0.088383 -0.012888 0.000000
vt -0.086387 -0.019332 0.000000
vt -1.600000 -0.017184 0.000000
vt -1.600000 -0.025776 0.000000
vt -0.090000 0.000000 0.000000
vt 1.600000 -0.086509 0.000000
vt 1.447991 -0.086509 0.000000
vt 1.600000 -0.094248 0.000000
vt 1.295981 -0.086509 0.000000
vt 1.143972 -0.086509 0.000000
vt 1.143972 -0.078770 0.000000
vt 0.991962 -0.078770 0.000000
vt 0.991962 -0.071031 0.000000
vt 0.839953 -0.071031 0.000000
vt 0.839953 -0.063292 0.000000
vt 0.687944 -0.063292 0.000000
vt 0.083636 -0.055553 0.000000
vt 0.535934 -0.063292 0.000000
vt 0.383925 -0.063292 0.000000
vt 0.535934 -0.071031 0.000000
vt 0.383925 -0.071031 0.000000
vt 0.535934 -0.078770 0.000000
vt 0.383925 -0.078770 0.000000
vt 0.535934 -0.086509 0.000000
vt 0.383925 -0.086509 0.000000
vt 0.535934 -0.094248 0.000000
vt 0.383925 -0.094248 0.000000
vt 0.535934 -0.101987 0.000000
vt 0.383925 -0.101987 0.000000
vt 0.535934 -0.109726 0.000000
vt 0.383925 -0.109726 0.000000
vt 0.535934 -0.117464 0.000000
vt 0.383925 -0.117464 0.000000
vt 0.535934 -0.125203 0.000000
vt 0.383925 -0.125203 0.000000
vt 0.600000 -0.132942 0.000000
vt 0.231915 -0.125203 0.000000
vt 0.081649 -0.128105 0.000000
vt 0.080395 -0.123269 0.000000
vt 0.231915 -0.117464 0.000000
vt 0.079906 -0.118432 0.000000
vt 0.080195 -0.113595 0.000000
vt 0.231915 -0.109726 0.000000
vt 0.081255 -0.108758 0.000000
vt 0.083057 -0.103921 0.000000
vt 0.231915 -0.101987 0.000000
vt 0.085556 -0.099085 0.000000
vt 0.231915 -0.094248 0.000000
vt 0.088686 -0.094248 0.000000
vt 0.085556 -0.089411 0.000000
vt 0.231915 -0.086509 0.000000
vt 0.083057 -0.084574 0.000000
vt 0.231915 -0.078770 0.000000
vt 0.081255 -0.079737 0.000000
vt 0.080195 -0.074901 0.000000
vt 0.231915 -0.071031 0.000000
vt 0.079906 -0.070064 0.000000
vt 0.080395 -0.065227 0.000000
vt 0.231915 -0.063292 0.000000
vt 0.081649 -0.060390 0.000000
vt 1.447991 -0.078770 0.000000
vt 1.600000 -0.078770 0.000000
vt 1.447991 -0.071031 0.000000
vt 1.600000 -0.071031 0.000000
vt 1.447991 -0.063292 0.000000
vt 1.600000 -0.063292 0.000000
vt 1.600000 -0.055553 0.000000
vt 0.991962 -0.063292 0.000000
vt 1.143972 -0.063292 0.000000
vt 1.143972 -0.071031 0.000000
vt 1.295981 -0.071031 0.000000
vt 1.295981 -0.078770 0.000000
vt 0.083636 -0.132942 0.000000
vt 0.600000 -0.125203 0.000000
vt 0.600000 -0.117464 0.000000
vt 0.600000 -0.109726 0.000000
vt 0.600000 -0.101987 0.000000
vt 0.600000 -0.094248 0.000000
vt 0.991962 -0.086509 0.000000
vt 0.839953 -0.086509 0.000000
vt 0.839953 -0.078770 0.000000
vt 0.687944 -0.078770 0.000000
vt 0.687944 -0.071031 0.000000
vt 0.687944 -0.086509 0.000000
vt 1.295981 -0.063292 0.000000
vt -1.600000 -0.008592 0.000000
vt -1.347273 -0.012888 0.000000
vt -1.600000 0.000000 0.000000
vt -1.094545 -0.012888 0.000000
vt -0.841818 -0.012888 0.000000
vt -0.090000 -0.025776 0.000000
vt -0.589091 -0.012888 0.000000
vt -0.336363 -0.012888 0.000000
vt -0.086387 -0.006444 0.000000
vt -0.088383 -0.012888 0.000000
vt -0.089594 -0.019332 0.000000
vt -1.600000 -0.017184 0.000000
vt -1.600000 -0.025776 0.000000
vt -0.083636 0.000000 0.000000
vt 0.000000 1.600000 0.000000
vt -0.201810 1.600000 0.000000
vt 0.000000 0.090000 0.000000
vt -0.201810 0.090000 0.000000
vt -1.600000 -0.008592 0.000000
vt -1.347273 -0.012888 0.000000
vt -1.600000 0.000000 0.000000
vt -1.094545 -0.012888 0.000000
vt -0.841818 -0.012888 0.000000
vt -0.083636 -0.025776 0.000000
vt -0.589091 -0.012888 0.000000
vt -0.336363 -0.012888 0.000000
vt -0.089594 -0.006444 0.000000
vt -0.088383 -0.012888 0.000000
vt -0.086387 -0.019332 0.000000
vt -1.600000 -0.017184 0.000000
vt -1.600000 -0.025776 0.000000
vt -0.090000 0.000000 0.000000
vt 1.125107 0.600000 0.000000
vt 0.477142 0.600000 0.000000
vt 1.125107 -0.000000 0.000000
vt 0.477142 -0.000000 0.000000
vt 0.503883 -0.440000 0.000000
vt 0.477142 -0.440000 0.000000
vt 1.170107 -0.110138 0.000000
vt 1.170107 0.000000 0.000000
vt 0.279411 0.086250 0.000000
vt 0.273502 0.152673 0.000000
vt 0.279411 -0.086250 0.000000
vt 0.255866 0.218049 0.000000
vt 0.273502 -0.152673 0.000000
vt 0.255866 -0.218049 0.000000
vt 0.226782 0.281346 0.000000
vt 0.226782 -0.281346 0.000000
vt 0.186709 -0.341567 0.000000
vt 0.186709 0.341567 0.000000
vt 0.079597 0.086250 0.000000
vt -0.054853 0.086250 0.000000
vt 0.079597 -0.086250 0.000000
vt -0.054853 -0.086250 0.000000
vt 0.110276 0.341567 0.000000
vt 0.070203 0.281346 0.000000
vt 0.110276 -0.341567 0.000000
vt 0.070203 -0.281346 0.000000
vt 0.041119 -0.218049 0.000000
vt 0.041119 0.218049 0.000000
vt 0.023483 -0.152673 0.000000
vt 0.017574 -0.086250 0.000000
vt 0.023483 0.152673 0.000000
vt 0.017574 0.086250 0.000000
vt 0.799597 -0.086250 0.000000
vt 0.934047 -0.086250 0.000000
vt 0.799597 0.086250 0.000000
vt 0.934047 0.086250 0.000000
vt -0.720000 0.078280 0.000000
vt -0.954975 0.025046 0.000000
vt -0.720000 -0.006983 0.000000
vt -0.992426 -0.021067 0.000000
vt -0.620000 -0.016372 0.000000
vt -0.620000 -0.021067 0.000000
vt -0.720000 0.163543 0.000000
vt -0.920000 0.126840 0.000000
vt -0.920000 0.071158 0.000000
vt -0.920000 0.182522 0.000000
vt -0.720000 0.248807 0.000000
vt -0.920000 0.238204 0.000000
vt -0.891664 0.304802 0.000000
vt -0.720000 0.334070 0.000000
vt -0.871099 0.371400 0.000000
vt -0.720000 0.419333 0.000000
vt -0.858629 0.437998 0.000000
vt -0.720000 0.504596 0.000000
vt -0.854450 0.504596 0.000000
vt -0.620000 -0.011678 0.000000
vt -0.620000 -0.006983 0.000000
vt -0.787060 0.080000 0.000000
vt -0.787314 0.080199 0.000000
vt -0.787470 0.080000 0.000000
vt -0.966744 0.103055 0.000000
vt -0.802511 0.055597 0.000000
vt -1.000094 0.055818 0.000000
vt -0.811839 0.028491 0.000000
vt -1.005000 0.000000 0.000000
vt -0.815000 0.000000 0.000000
vt -0.811839 -0.028491 0.000000
vt -1.000094 -0.055818 0.000000
vt -0.802511 -0.055597 0.000000
vt -0.966744 -0.103055 0.000000
vt -0.787470 -0.080000 0.000000
vt -0.787314 -0.080199 0.000000
vt -0.787060 -0.080000 0.000000
vt -0.954429 0.131940 0.000000
vt -0.763377 0.103716 0.000000
vt -0.939161 0.159380 0.000000
vt -0.734217 0.120323 0.000000
vt -0.921109 0.185074 0.000000
vt -0.701778 0.128913 0.000000
vt -0.892286 0.243788 0.000000
vt -0.839348 0.280315 0.000000
vt -0.668222 0.128913 0.000000
vt -0.530652 0.280315 0.000000
vt -0.477714 0.243788 0.000000
vt -0.448891 0.185074 0.000000
vt -0.433150 0.197413 0.000000
vt -0.635783 0.120323 0.000000
vt -0.430839 0.159380 0.000000
vt -0.606623 0.103716 0.000000
vt -0.415571 0.131940 0.000000
vt -0.582686 0.080199 0.000000
vt -0.403256 0.103055 0.000000
vt -0.582530 0.080000 0.000000
vt -0.567489 0.055597 0.000000
vt -0.582940 0.080000 0.000000
vt -0.375161 0.080000 0.000000
vt -0.558161 0.028491 0.000000
vt -0.555000 -0.000000 0.000000
vt -0.375161 -0.080000 0.000000
vt -0.558161 -0.028491 0.000000
vt -0.567489 -0.055597 0.000000
vt -0.403256 -0.103055 0.000000
vt -0.582530 -0.080000 0.000000
vt -0.582686 -0.080199 0.000000
vt -0.582940 -0.080000 0.000000
vt -0.415571 -0.131940 0.000000
vt -0.606623 -0.103716 0.000000
vt -0.430839 -0.159380 0.000000
vt -0.635783 -0.120323 0.000000
vt -0.448891 -0.185074 0.000000
vt -0.668222 -0.128913 0.000000
vt -0.477714 -0.243788 0.000000
vt -0.530652 -0.280315 0.000000
vt -0.701778 -0.128913 0.000000
vt -0.839348 -0.280315 0.000000
vt -0.892286 -0.243788 0.000000
vt -0.921109 -0.185074 0.000000
vt -0.936850 -0.197413 0.000000
vt -0.734217 -0.120323 0.000000
vt -0.939161 -0.159380 0.000000
vt -0.763377 -0.103716 0.000000
vt -0.954429 -0.131940 0.000000
vt 0.117060 0.080000 0.000000
vt 0.117470 0.080000 0.000000
vt 0.117314 0.080199 0.000000
vt 0.296744 0.103055 0.000000
vt 0.284429 0.131940 0.000000
vt 0.132511 0.055597 0.000000
vt 0.330094 0.055818 0.000000
vt 0.315527 0.109925 0.000000
vt 0.141839 0.028491 0.000000
vt 0.335000 0.000000 0.000000
vt 0.145000 0.000000 0.000000
vt 0.141839 -0.028491 0.000000
vt 0.330094 -0.055818 0.000000
vt 0.132511 -0.055597 0.000000
vt 0.296744 -0.103055 0.000000
vt 0.117470 -0.080000 0.000000
vt 0.117314 -0.080199 0.000000
vt 0.117060 -0.080000 0.000000
vt 0.284429 -0.131940 0.000000
vt 0.093377 -0.103716 0.000000
vt 0.269161 -0.159380 0.000000
vt 0.064217 -0.120323 0.000000
vt 0.251109 -0.185074 0.000000
vt 0.031778 -0.128913 0.000000
vt 0.222286 -0.243788 0.000000
vt 0.169348 -0.280315 0.000000
vt -0.001778 -0.128913 0.000000
vt -0.139348 -0.280315 0.000000
vt -0.192286 -0.243788 0.000000
vt -0.221109 -0.185074 0.000000
vt -0.236850 -0.197413 0.000000
vt -0.034217 -0.120323 0.000000
vt -0.239161 -0.159380 0.000000
vt -0.063377 -0.103716 0.000000
vt -0.254429 -0.131940 0.000000
vt -0.087314 -0.080199 0.000000
vt -0.266744 -0.103055 0.000000
vt -0.087470 -0.080000 0.000000
vt -0.102511 -0.055597 0.000000
vt -0.087060 -0.080000 0.000000
vt -0.294839 -0.080000 0.000000
vt -0.111839 -0.028491 0.000000
vt -0.115000 -0.000000 0.000000
vt -0.294839 0.080000 0.000000
vt -0.111839 0.028491 0.000000
vt -0.102511 0.055597 0.000000
vt -0.266744 0.103055 0.000000
vt -0.087470 0.080000 0.000000
vt -0.087314 0.080199 0.000000
vt -0.087060 0.080000 0.000000
vt -0.254429 0.131940 0.000000
vt -0.063377 0.103716 0.000000
vt -0.239161 0.159380 0.000000
vt -0.034217 0.120323 0.000000
vt -0.221109 0.185074 0.000000
vt -0.001778 0.128913 0.000000
vt -0.192286 0.243788 0.000000
vt -0.139348 0.280315 0.000000
vt 0.031778 0.128913 0.000000
vt 0.169348 0.280315 0.000000
vt 0.222286 0.243788 0.000000
vt 0.251109 0.185074 0.000000
vt 0.266850 0.197413 0.000000
vt 0.064217 0.120323 0.000000
vt 0.269161 0.159380 0.000000
vt 0.093377 0.103716 0.000000
vt -0.285527 0.109925 0.000000
vt -0.288956 0.100053 0.000000
vt -0.292061 0.090075 0.000000
vt -0.377939 0.090075 0.000000
vt -0.381044 0.100053 0.000000
vt -0.384473 0.109925 0.000000
vt -0.780176 0.305519 0.000000
vt -0.589824 0.305519 0.000000
vt -0.717158 0.318380 0.000000
vt -0.652842 0.318380 0.000000
vt -0.936850 0.197413 0.000000
vt -0.985527 0.109925 0.000000
vt -0.985527 -0.109925 0.000000
vt -0.589824 -0.305519 0.000000
vt -0.780176 -0.305519 0.000000
vt -0.652842 -0.318380 0.000000
vt -0.717158 -0.318380 0.000000
vt -0.433150 -0.197413 0.000000
vt -0.384473 -0.109925 0.000000
vt -0.381044 -0.100053 0.000000
vt -0.377939 -0.090075 0.000000
vt -0.292061 -0.090075 0.000000
vt -0.288956 -0.100053 0.000000
vt -0.285527 -0.109925 0.000000
vt 0.110176 -0.305519 0.000000
vt -0.080176 -0.305519 0.000000
vt 0.047158 -0.318380 0.000000
vt -0.017158 -0.318380 0.000000
vt 0.266850 -0.197413 0.000000
vt 0.315527 -0.109925 0.000000
vt -0.080176 0.305519 0.000000
vt 0.110176 0.305519 0.000000
vt -0.017158 0.318380 0.000000
vt 0.047158 0.318380 0.000000
vt -0.236850 0.197413 0.000000
vt -0.020000 0.000000 0.000000
vt -0.000000 0.000000 0.000000
vt -0.020000 0.300000 0.000000
vt -0.000000 0.300000 0.000000
vt 0.300000 -0.743033 0.000000
vt 0.000000 -0.743033 0.000000
vt 0.300000 -0.774449 0.000000
vt 0.000000 -0.774449 0.000000
vt 0.000000 -0.805865 0.000000
vt 0.000000 -0.837281 0.000000
vt 0.300000 -0.837281 0.000000
vt 0.300000 -0.805865 0.000000
vt -0.020000 0.000000 0.000000
vt 0.000000 0.000000 0.000000
vt -0.020000 0.300000 0.000000
vt 0.000000 0.300000 0.000000
vt 0.300000 -0.212741 0.000000
vt 0.000000 -0.212741 0.000000
vt 0.300000 -0.277166 0.000000
vt 0.000000 -0.277166 0.000000
vt 0.300000 -0.341592 0.000000
vt 0.000000 -0.341592 0.000000
vt 0.300000 -0.406017 0.000000
vt 0.000000 -0.406017 0.000000
vt 0.300000 -0.470442 0.000000
vt 0.000000 -0.470442 0.000000
vt 0.300000 -0.534867 0.000000
vt 0.000000 -0.534867 0.000000
vt 0.300000 -0.599293 0.000000
vt 0.000000 -0.599293 0.000000
vt 0.300000 -0.663718 0.000000
vt 0.000000 -0.663718 0.000000
vt 0.300000 -0.728143 0.000000
vt 0.000000 -0.728143 0.000000
vt 0.300000 -0.792568 0.000000
vt 0.000000 -0.792568 0.000000
vt -0.020000 0.000000 0.000000
vt -0.000000 0.000000 0.000000
vt -0.020000 0.300000 0.000000
vt -0.000000 0.300000 0.000000
vt 0.300000 -0.105197 0.000000
vt 0.000000 -0.105197 0.000000
vt 0.300000 -0.136613 0.000000
vt 0.000000 -0.136613 0.000000
vt 0.000000 -0.168029 0.000000
vt 0.000000 -0.199445 0.000000
vt 0.300000 -0.199445 0.000000
vt 0.300000 -0.168029 0.000000
vt -0.020000 0.000000 0.000000
vt -0.000000 0.000000 0.000000
vt -0.020000 0.300000 0.000000
vt -0.000000 0.300000 0.000000
vt 0.300000 0.112210 0.000000
vt 0.000000 0.112210 0.000000
vt 0.300000 0.056105 0.000000
vt 0.000000 0.056105 0.000000
vt 0.300000 0.000000 0.000000
vt 0.000000 0.000000 0.000000
vt 0.300000 -0.056105 0.000000
vt 0.000000 -0.056105 0.000000
vt 0.300000 -0.112210 0.000000
vt 0.000000 -0.112210 0.000000
vt -0.020000 0.000000 0.000000
vt -0.000000 0.000000 0.000000
vt -0.020000 0.300000 0.000000
vt -0.000000 0.300000 0.000000
vt 0.300000 -0.893099 0.000000
vt 0.000000 -0.893099 0.000000
vt 0.300000 -0.903550 0.000000
vt 0.000000 -0.903550 0.000000
vt 0.300000 -0.914001 0.000000
vt 0.000000 -0.914001 0.000000
vt 0.300000 -0.924452 0.000000
vt 0.000000 -0.924452 0.000000
vt -0.040161 0.000000 0.000000
vt 0.040161 0.000000 0.000000
vt -0.040161 0.300000 0.000000
vt 0.040161 0.300000 0.000000
vt -0.080323 0.000000 0.000000
vt -0.000000 0.000000 0.000000
vt -0.080323 0.300000 0.000000
vt -0.000000 0.300000 0.000000
vt 0.300000 0.924452 0.000000
vt 0.000000 0.924452 0.000000
vt 0.300000 0.914001 0.000000
vt 0.000000 0.914001 0.000000
vt 0.300000 0.903550 0.000000
vt 0.000000 0.903550 0.000000
vt 0.300000 0.893099 0.000000
vt 0.000000 0.893099 0.000000
vt -0.020000 0.000000 0.000000
vt 0.000000 0.000000 0.000000
vt -0.020000 0.300000 0.000000
vt 0.000000 0.300000 0.000000
vt 0.300000 0.837281 0.000000
vt 0.000000 0.837281 0.000000
vt 0.300000 0.805865 0.000000
vt 0.000000 0.805865 0.000000
vt 0.000000 0.774449 0.000000
vt 0.000000 0.743033 0.000000
vt 0.300000 0.743033 0.000000
vt 0.300000 0.774449 0.000000
vt -0.020000 0.000000 0.000000
vt -0.000000 0.000000 0.000000
vt -0.020000 0.300000 0.000000
vt -0.000000 0.300000 0.000000
vt 0.300000 0.792568 0.000000
vt 0.000000 0.792568 0.000000
vt 0.300000 0.728143 0.000000
vt 0.000000 0.728143 0.000000
vt 0.300000 0.663718 0.000000
vt 0.000000 0.663718 0.000000
vt 0.300000 0.599293 0.000000
vt 0.000000 0.599293 0.000000
vt 0.300000 0.534867 0.000000
vt 0.000000 0.534867 0.000000
vt 0.300000 0.470442 0.000000
vt 0.000000 0.470442 0.000000
vt 0.300000 0.406017 0.000000
vt 0.000000 0.406017 0.000000
vt 0.300000 0.341592 0.000000
vt 0.000000 0.341592 0.000000
vt 0.300000 0.277166 0.000000
vt 0.000000 0.277166 0.000000
vt 0.300000 0.212741 0.000000
vt 0.000000 0.212741 0.000000
vt -0.020000 0.000000 0.000000
vt 0.000000 0.000000 0.000000
vt -0.020000 0.300000 0.000000
vt -0.000000 0.300000 0.000000
vt 0.300000 0.199445 0.000000
vt 0.000000 0.199445 0.000000
vt 0.300000 0.168029 0.000000
vt 0.000000 0.168029 0.000000
vt 0.000000 0.136613 0.000000
vt 0.000000 0.105197 0.000000
vt 0.300000 0.105197 0.000000
vt 0.300000 0.136613 0.000000
vt -0.020000 0.417570 0.000000
vt 0.470000 0.455406 0.000000
vt -0.020000 0.455531 0.000000
vt -0.020000 -0.455531 0.000000
vt 0.470000 -0.455655 0.000000
vt 0.470000 -0.417715 0.000000
vt -0.020000 -0.417570 0.000000
vt 0.470000 -0.379775 0.000000
vt -0.020000 -0.379609 0.000000
vt 0.470000 -0.341835 0.000000
vt -0.020000 -0.341648 0.000000
vt 0.470000 -0.303895 0.000000
vt -0.020000 -0.303687 0.000000
vt 0.470000 -0.265955 0.000000
vt -0.020000 -0.265726 0.000000
vt 0.476073 -0.265955 0.000000
vt 0.476660 -0.246609 0.000000
vt 0.470000 0.417466 0.000000
vt -0.020000 0.379609 0.000000
vt 0.470000 0.379526 0.000000
vt -0.020000 0.341648 0.000000
vt 0.470000 0.341586 0.000000
vt -0.020000 0.303687 0.000000
vt 0.470000 0.303646 0.000000
vt -0.020000 0.265726 0.000000
vt 0.470000 0.265706 0.000000
vt -0.020000 0.227765 0.000000
vt 0.470000 0.227765 0.000000
vt 0.470000 0.189825 0.000000
vt -0.020000 0.189805 0.000000
vt 0.470000 0.151885 0.000000
vt -0.020000 0.151844 0.000000
vt 0.470000 0.113945 0.000000
vt -0.020000 0.113883 0.000000
vt 0.470000 0.076005 0.000000
vt -0.020000 0.075922 0.000000
vt 0.470000 0.038065 0.000000
vt -0.020000 0.037961 0.000000
vt 0.470000 0.000124 0.000000
vt -0.020000 0.000000 0.000000
vt 0.470000 -0.037816 0.000000
vt -0.020000 -0.037961 0.000000
vt 0.470000 -0.075756 0.000000
vt -0.020000 -0.075922 0.000000
vt 0.470000 -0.113696 0.000000
vt -0.020000 -0.113883 0.000000
vt 0.470000 -0.151636 0.000000
vt -0.020000 -0.151844 0.000000
vt 0.470000 -0.189576 0.000000
vt -0.020000 -0.189805 0.000000
vt 0.476660 -0.208922 0.000000
vt -0.020000 -0.227765 0.000000
vt 0.476860 -0.227765 0.000000
vt 0.476073 -0.189576 0.000000
vt -0.827198 0.109862 0.000000
vt -0.125657 0.152356 0.000000
vt -0.827198 0.220000 0.000000
vt -0.102662 0.182398 0.000000
vt -0.072680 0.205470 0.000000
vt -0.356107 -0.220000 0.000000
vt -0.102486 -0.022574 0.000000
vt -0.125532 0.007428 0.000000
vt -0.140032 0.042371 0.000000
vt 0.356107 -0.220000 0.000000
vt 0.000000 -0.065000 0.000000
vt -0.037509 -0.060065 0.000000
vt -0.072464 -0.045594 0.000000
vt 0.827583 0.110131 0.000000
vt 0.102486 -0.022574 0.000000
vt 0.072464 -0.045594 0.000000
vt 0.037509 -0.060065 0.000000
vt 0.827583 0.220000 0.000000
vt 0.125657 0.152356 0.000000
vt 0.140097 0.117388 0.000000
vt 0.145000 0.079876 0.000000
vt 0.037749 0.220000 0.000000
vt 0.072680 0.205470 0.000000
vt 0.102662 0.182398 0.000000
vt 0.140032 0.042371 0.000000
vt 0.125532 0.007428 0.000000
vt -0.145000 0.079876 0.000000
vt -0.140097 0.117388 0.000000
vt -0.037749 0.220000 0.000000
vt 0.680000 -0.292198 0.000000
vt 0.065574 -0.072500 0.000000
vt 0.080000 -0.292198 0.000000
vt 0.042530 -0.102530 0.000000
vt 0.012500 -0.125574 0.000000
vt 0.680000 0.292583 0.000000
vt 0.085000 0.000000 0.000000
vt 0.080059 -0.037529 0.000000
vt 0.080000 0.292583 0.000000
vt 0.065574 0.072500 0.000000
vt 0.080059 0.037529 0.000000
vt 0.080000 0.337583 0.000000
vt -0.360000 0.337583 0.000000
vt -0.097529 0.140059 0.000000
vt -0.060000 0.145000 0.000000
vt -0.360000 -0.337198 0.000000
vt -0.205000 0.000000 0.000000
vt -0.200059 0.037529 0.000000
vt -0.185574 0.072500 0.000000
vt 0.080000 -0.337198 0.000000
vt -0.097529 -0.140059 0.000000
vt -0.132500 -0.125574 0.000000
vt -0.022471 0.140059 0.000000
vt 0.012500 0.125574 0.000000
vt 0.042530 0.102530 0.000000
vt -0.022471 -0.140059 0.000000
vt -0.060000 -0.145000 0.000000
vt -0.162530 -0.102530 0.000000
vt -0.185574 -0.072500 0.000000
vt -0.200059 -0.037529 0.000000
vt -0.162530 0.102530 0.000000
vt -0.132500 0.125574 0.000000
vt 0.000000 0.470000 0.000000
vt 0.000000 -0.001476 0.000000
vt 0.575566 0.470000 0.000000
vt 0.192020 0.470000 0.000000
vt 0.767117 -0.001092 0.000000
vt 0.767117 0.470000 0.000000
vt -0.152426 0.472963 0.000000
vt -0.190981 0.432825 0.000000
vt -0.152426 -0.472963 0.000000
vt -0.190981 -0.432825 0.000000
vt -0.225115 -0.388864 0.000000
vt -0.225115 0.388864 0.000000
vt -0.254450 -0.341567 0.000000
vt -0.254450 0.341567 0.000000
vt 0.330796 0.426980 0.000000
vt 0.390624 0.426980 0.000000
vt 0.305700 0.484286 0.000000
vt 0.851831 1.256632 0.000000
vt 0.909554 1.252596 0.000000
vt 0.968318 1.243962 0.000000
vt 0.152426 0.972963 0.000000
vt 0.152426 0.027037 0.000000
vt 0.190981 0.932825 0.000000
vt 0.190981 0.067175 0.000000
vt 0.225115 0.111136 0.000000
vt 0.225115 0.888864 0.000000
vt 0.254450 0.158433 0.000000
vt 0.254450 0.841567 0.000000
vt 0.382540 0.666440 0.000000
vt 0.441304 0.657806 0.000000
vt 0.994384 1.531717 0.000000
vt 0.499027 0.653769 0.000000
vt 1.022111 1.479192 0.000000
vt 1.045158 1.426116 0.000000
vt 0.000000 0.078280 0.000000
vt -0.234975 0.025046 0.000000
vt 0.000000 -0.006983 0.000000
vt -0.272426 -0.021067 0.000000
vt 0.100000 -0.016372 0.000000
vt 0.100000 -0.021067 0.000000
vt 0.000000 0.163543 0.000000
vt -0.200000 0.126840 0.000000
vt -0.200000 0.071158 0.000000
vt -0.200000 0.182522 0.000000
vt 0.000000 0.248807 0.000000
vt -0.200000 0.238204 0.000000
vt -0.171664 0.304802 0.000000
vt 0.000000 0.334070 0.000000
vt -0.151099 0.371400 0.000000
vt 0.000000 0.419333 0.000000
vt -0.138629 0.437998 0.000000
vt 0.000000 0.504596 0.000000
vt -0.134450 0.504596 0.000000
vt 0.100000 -0.011678 0.000000
vt 0.100000 -0.006983 0.000000
vt 0.957885 0.021355 0.000000
vt 0.720000 -0.006983 0.000000
vt 0.933277 -0.021067 0.000000
vt 0.620000 -0.016372 0.000000
vt 0.620000 -0.021067 0.000000
vt 0.720000 0.078280 0.000000
vt 0.920000 0.071158 0.000000
vt 0.920000 0.126840 0.000000
vt 0.720000 0.163543 0.000000
vt 0.920000 0.182522 0.000000
vt 0.720000 0.248807 0.000000
vt 0.920000 0.238204 0.000000
vt 0.891664 0.304802 0.000000
vt 0.720000 0.334070 0.000000
vt 0.871099 0.371400 0.000000
vt 0.720000 0.419333 0.000000
vt 0.858629 0.437998 0.000000
vt 0.720000 0.504596 0.000000
vt 0.854450 0.504596 0.000000
vt 0.620000 -0.006983 0.000000
vt 0.620000 -0.011678 0.000000
vt 0.260000 1.576843 0.000000
vt -0.260000 1.576843 0.000000
vt 0.260000 1.572895 0.000000
vt -0.260000 1.572895 0.000000
vt 0.334136 1.510186 0.000000
vt -0.334136 1.510186 0.000000
vt -0.308568 1.445979 0.000000
vt -0.260000 1.580790 0.000000
vt 0.260000 1.580790 0.000000
vt -0.260000 1.584737 0.000000
vt 0.260000 1.584737 0.000000
vt -0.360000 1.572895 0.000000
vt 0.308568 1.445979 0.000000
vt -0.283713 1.380709 0.000000
vt 0.283713 1.380709 0.000000
vt -0.260000 1.314772 0.000000
vt 0.260000 1.314772 0.000000
vt -0.260000 1.234397 0.000000
vt 0.260000 1.234397 0.000000
vt -0.260000 1.154022 0.000000
vt 0.260000 1.154022 0.000000
vt -0.260000 1.073647 0.000000
vt 0.260000 1.073647 0.000000
vt -0.260000 0.993272 0.000000
vt 0.260000 0.993272 0.000000
vt -0.260000 0.912897 0.000000
vt 0.260000 0.912897 0.000000
vt 0.260000 0.832522 0.000000
vt -0.260000 0.832522 0.000000
vt 0.260000 0.752147 0.000000
vt -0.260000 0.752147 0.000000
vt -0.260000 0.671772 0.000000
vt 0.260000 0.671772 0.000000
vt -0.260000 0.591397 0.000000
vt 0.260000 0.591397 0.000000
vt -0.260000 0.511022 0.000000
vt 0.260000 0.511022 0.000000
vt -0.260000 0.430647 0.000000
vt 0.260000 0.430647 0.000000
vt -0.260000 0.350272 0.000000
vt 0.260000 0.350272 0.000000
vt -0.283713 0.284335 0.000000
vt 0.283713 0.284335 0.000000
vt -0.308568 0.219065 0.000000
vt 0.308568 0.219065 0.000000
vt -0.334136 0.154858 0.000000
vt 0.334136 0.154858 0.000000
vt 0.260000 0.092149 0.000000
vt 0.360000 0.092149 0.000000
vt -0.360000 0.092149 0.000000
vt -0.260000 0.092149 0.000000
vt 0.260000 0.088202 0.000000
vt -0.260000 0.088202 0.000000
vt -0.000000 0.085369 0.000000
vt -0.260000 0.084254 0.000000
vt -0.018789 0.084121 0.000000
vt -0.037749 0.080307 0.000000
vt -0.260000 0.080307 0.000000
vt 0.260000 0.084254 0.000000
vt 0.018789 0.084121 0.000000
vt 0.037749 0.080307 0.000000
vt 0.260000 0.080307 0.000000
vt 0.360000 1.572895 0.000000
vt 0.091685 0.022009 0.000000
vt 0.087813 0.024665 0.000000
vt 0.087795 0.022678 0.000000
vt 0.083900 0.023317 0.000000
vt 0.083918 0.027285 0.000000
vt 0.080000 0.023927 0.000000
vt 0.080000 0.029872 0.000000
vt 0.080000 -1.029872 0.000000
vt 0.083918 -1.027285 0.000000
vt 0.080000 -1.023927 0.000000
vt 0.083900 -1.023317 0.000000
vt 0.087813 -1.024665 0.000000
vt 0.087795 -1.022678 0.000000
vt 0.091685 -1.022009 0.000000
vt -0.080000 -0.679872 0.000000
vt -0.080000 -0.673927 0.000000
vt -0.083918 -0.677285 0.000000
vt -0.083900 -0.673317 0.000000
vt -0.087813 -0.674665 0.000000
vt -0.087795 -0.672678 0.000000
vt -0.091685 -0.672009 0.000000
vt -0.100000 -0.006983 0.000000
vt -0.100000 -0.011678 0.000000
vt 0.000000 -0.006983 0.000000
vt -0.100000 -0.016372 0.000000
vt 0.272426 -0.021067 0.000000
vt -0.100000 -0.021067 0.000000
vt 0.234975 0.025046 0.000000
vt 0.000000 0.078280 0.000000
vt 0.200000 0.071158 0.000000
vt 0.200000 0.126840 0.000000
vt 0.000000 0.163543 0.000000
vt 0.200000 0.182522 0.000000
vt 0.000000 0.248807 0.000000
vt 0.200000 0.238204 0.000000
vt 0.171664 0.304802 0.000000
vt 0.000000 0.334070 0.000000
vt 0.151099 0.371400 0.000000
vt 0.000000 0.419333 0.000000
vt 0.138629 0.437998 0.000000
vt 0.000000 0.504596 0.000000
vt 0.134450 0.504596 0.000000
vt -0.080000 0.379872 0.000000
vt -0.083918 0.377285 0.000000
vt -0.080000 0.373927 0.000000
vt -0.083900 0.373317 0.000000
vt -0.087813 0.374665 0.000000
vt -0.087795 0.372678 0.000000
vt -0.091685 0.372009 0.000000
vt -0.325324 -0.918407 0.000000
vt -0.366140 -0.841127 0.000000
vt -0.384800 -0.864458 0.000000
vt -0.395869 -0.758943 0.000000
vt -0.435442 -0.802143 0.000000
vt -0.413938 -0.673436 0.000000
vt -0.476089 -0.732893 0.000000
vt -0.420000 -0.586250 0.000000
vt -0.505808 -0.658297 0.000000
vt -0.505808 -0.341703 0.000000
vt -0.523917 -0.580067 0.000000
vt -0.523917 -0.419933 0.000000
vt -0.530000 -0.500000 0.000000
vt -0.420000 -0.413750 0.000000
vt -0.476089 -0.267107 0.000000
vt -0.413938 -0.326564 0.000000
vt -0.435442 -0.197857 0.000000
vt -0.395869 -0.241057 0.000000
vt -0.384800 -0.135542 0.000000
vt -0.366140 -0.158873 0.000000
vt -0.325324 -0.081593 0.000000
vt -0.037111 0.172420 0.000000
vt 0.070711 0.178972 0.000000
vt -0.070711 0.230102 0.000000
vt 0.070711 0.272279 0.000000
vt -0.070711 0.310626 0.000000
vt 0.070711 0.365586 0.000000
vt -0.070711 0.391151 0.000000
vt 0.070711 0.458892 0.000000
vt -0.070711 0.471675 0.000000
vt 0.070711 0.552199 0.000000
vt -0.070711 0.552199 0.000000
vt -0.001924 0.113514 0.000000
vt 0.070711 0.085665 0.000000
vt 0.034183 0.053420 0.000000
vt 0.070711 -0.007641 0.000000
vt -0.036806 -0.174526 0.000000
vt -0.152276 -0.092876 0.000000
vt -0.136399 -0.315372 0.000000
vt -0.251869 -0.233722 0.000000
vt -0.070711 -0.007641 0.000000
vt -0.034183 0.053420 0.000000
vt -0.070711 0.085665 0.000000
vt 0.001924 0.113514 0.000000
vt -0.070711 0.178972 0.000000
vt 0.037111 0.172420 0.000000
vt 0.070711 0.230102 0.000000
vt -0.070711 0.272279 0.000000
vt 0.070711 0.310626 0.000000
vt -0.070711 0.365586 0.000000
vt 0.070711 0.391151 0.000000
vt -0.070711 0.458892 0.000000
vt 0.070711 0.471675 0.000000
vt -0.070711 0.552199 0.000000
vt 0.070711 0.552199 0.000000
vt 0.325324 0.268407 0.000000
vt 0.366140 0.191127 0.000000
vt 0.384800 0.214458 0.000000
vt 0.395869 0.108943 0.000000
vt 0.435442 0.152143 0.000000
vt 0.413938 0.023436 0.000000
vt 0.476089 0.082893 0.000000
vt 0.420000 -0.063750 0.000000
vt 0.505808 0.008297 0.000000
vt 0.420000 -0.236250 0.000000
vt 0.505808 -0.308297 0.000000
vt 0.476089 -0.382893 0.000000
vt 0.413938 -0.323436 0.000000
vt 0.435442 -0.452143 0.000000
vt 0.395869 -0.408943 0.000000
vt 0.384800 -0.514458 0.000000
vt 0.366140 -0.491127 0.000000
vt 0.325324 -0.568407 0.000000
vt 0.523917 -0.230067 0.000000
vt 0.523917 -0.069933 0.000000
vt 0.530000 -0.150000 0.000000
vt -0.037111 0.172420 0.000000
vt 0.070711 0.178972 0.000000
vt -0.070711 0.230102 0.000000
vt 0.070711 0.272279 0.000000
vt -0.070711 0.310626 0.000000
vt 0.070711 0.365586 0.000000
vt -0.070711 0.391151 0.000000
vt 0.070711 0.458892 0.000000
vt -0.070711 0.471675 0.000000
vt 0.070711 0.552199 0.000000
vt -0.070711 0.552199 0.000000
vt -0.001924 0.113514 0.000000
vt 0.070711 0.085665 0.000000
vt 0.034183 0.053420 0.000000
vt 0.070711 -0.007641 0.000000
vt 0.064230 -0.031639 0.000000
vt -0.051240 0.050011 0.000000
vt -0.035363 -0.172485 0.000000
vt -0.150833 -0.090835 0.000000
vt 0.070711 0.007641 0.000000
vt 0.034183 -0.053420 0.000000
vt 0.070711 -0.085665 0.000000
vt -0.001924 -0.113514 0.000000
vt 0.070711 -0.178972 0.000000
vt -0.037111 -0.172420 0.000000
vt -0.070711 -0.230102 0.000000
vt 0.070711 -0.272279 0.000000
vt -0.070711 -0.310626 0.000000
vt 0.070711 -0.365586 0.000000
vt -0.070711 -0.391151 0.000000
vt 0.070711 -0.458892 0.000000
vt -0.070711 -0.471675 0.000000
vt 0.070711 -0.552199 0.000000
vt -0.070711 -0.552199 0.000000
vt 0.018908 -0.020000 0.000000
vt 0.693689 -0.020000 0.000000
vt -0.000000 -0.001092 0.000000
vt 0.712213 -0.001476 0.000000
vt 0.712213 0.470000 0.000000
vt -0.000000 0.470000 0.000000
vt 5.250000 0.400000 0.000000
vt 5.250000 0.600000 0.000000
vt 4.600000 0.400000 0.000000
vt 1.170107 0.600000 0.000000
vt 4.400000 0.200000 0.000000
vt 1.170107 0.000000 0.000000
vt 4.400000 0.000000 0.000000
vt 0.315018 0.792160 0.000000
vt 0.315018 0.664881 0.000000
vt 0.792160 0.315018 0.000000
vt 0.664881 0.315018 0.000000
vt 0.716789 0.239647 0.000000
vt 0.078917 -0.270946 0.000000
vt 0.085054 -0.392089 0.000000
vt 0.053234 -0.360269 0.000000
vt 0.239647 0.716789 0.000000
vt -0.995054 1.085054 0.000000
vt -0.995054 0.992832 0.000000
vt -1.085054 1.085054 0.000000
vt -0.995054 0.241556 0.000000
vt -1.085054 0.085054 0.000000
vt -1.040054 0.085054 0.000000
vt -0.245965 0.103898 0.000000
vt -0.392089 0.085054 0.000000
vt -0.360269 0.053234 0.000000
vt 1.085054 -0.995054 0.000000
vt 0.992832 -0.995054 0.000000
vt 1.085054 -1.085054 0.000000
vt 0.248804 -0.995054 0.000000
vt 0.085054 -1.085054 0.000000
vt 0.085054 -1.040054 0.000000
vt -0.000000 -0.000000 0.000000
vt 0.674781 0.000000 0.000000
vt -0.000000 0.600000 0.000000
vt 0.674781 0.600000 0.000000
vt 0.000000 0.000000 0.000000
vt 1.342413 0.000000 0.000000
vt 0.000000 0.600000 0.000000
vt 1.342413 0.600000 0.000000
vt 0.000000 0.000000 0.000000
vt 0.090000 0.000000 0.000000
vt 0.000000 0.600000 0.000000
vt 0.090000 0.600000 0.000000
vt 0.000000 0.000000 0.000000
vt 1.000000 0.000000 0.000000
vt 0.000000 0.600000 0.000000
vt 1.000000 0.600000 0.000000
vt 0.000000 0.000000 0.000000
vt 0.162843 0.000000 0.000000
vt 0.000000 0.600000 0.000000
vt 0.162843 0.600000 0.000000
vt 0.000000 0.000000 0.000000
vt 0.751276 0.000000 0.000000
vt 0.000000 0.600000 0.000000
vt 0.751276 0.600000 0.000000
vt -0.000000 0.000000 0.000000
vt 1.265182 -0.000000 0.000000
vt 0.000000 0.600000 0.000000
vt 1.265182 0.600000 0.000000
vt 0.000000 0.000000 0.000000
vt 0.893409 0.000000 0.000000
vt 0.000000 0.600000 0.000000
vt 0.893409 0.600000 0.000000
vt 0.000000 0.000000 0.000000
vt 0.125029 0.000000 0.000000
vt 0.000000 0.600000 0.000000
vt 0.125029 0.600000 0.000000
vt 0.000000 0.000000 0.000000
vt 0.793350 0.000000 0.000000
vt 0.000000 0.600000 0.000000
vt 0.793350 0.600000 0.000000
vt -0.000000 0.000000 0.000000
vt 0.494781 -0.000000 0.000000
vt 0.000000 0.600000 0.000000
vt 0.494781 0.600000 0.000000
vt 0.000000 0.000000 0.000000
vt 0.828678 0.000000 0.000000
vt 0.000000 0.600000 0.000000
vt 0.828678 0.600000 0.000000
vt 0.000000 0.000000 0.000000
vt 0.092942 0.000000 0.000000
vt 0.000000 0.600000 0.000000
vt 0.092942 0.600000 0.000000
vt -0.000000 0.000000 0.000000
vt 0.893409 0.000000 0.000000
vt -0.000000 0.600000 0.000000
vt 0.893409 0.600000 0.000000
vt -0.000000 0.000000 0.000000
vt 1.265182 -0.000000 0.000000
vt 0.000000 0.600000 0.000000
vt 1.265182 0.600000 0.000000
vt 0.000000 0.000000 0.000000
vt 0.744028 0.000000 0.000000
vt 0.000000 0.600000 0.000000
vt 0.744028 0.600000 0.000000
vt 0.000000 0.000000 0.000000
vt 0.169821 0.000000 0.000000
vt 0.000000 0.600000 0.000000
vt 0.169821 0.600000 0.000000
vt 0.000000 0.000000 0.000000
vt 1.000000 0.000000 0.000000
vt 0.000000 0.600000 0.000000
vt 1.000000 0.600000 0.000000
vt 0.000000 0.000000 0.000000
vt 0.090000 0.000000 0.000000
vt 0.000000 0.600000 0.000000
vt 0.090000 0.600000 0.000000
vt 0.000000 0.000000 0.000000
vt 1.342413 0.000000 0.000000
vt 0.000000 0.600000 0.000000
vt 1.342413 0.600000 0.000000
vt -0.000409 0.380000 0.000000
vt 0.000000 0.380000 0.000000
vt -0.000409 0.680000 0.000000
vt 0.000000 0.680000 0.000000
vt 0.680000 0.086174 0.000000
vt 0.380000 0.086174 0.000000
vt 0.680000 0.057449 0.000000
vt 0.380000 0.057449 0.000000
vt 0.380000 0.028725 0.000000
vt 0.680000 0.028725 0.000000
vt 0.380000 0.000000 0.000000
vt 0.680000 0.000000 0.000000
vt 0.380000 -0.028725 0.000000
vt 0.680000 -0.028725 0.000000
vt 0.380000 -0.057449 0.000000
vt 0.680000 -0.057449 0.000000
vt 0.680000 -0.086174 0.000000
vt 0.380000 -0.086174 0.000000
vt -0.000409 0.380000 0.000000
vt -0.000000 0.380000 0.000000
vt -0.000409 0.680000 0.000000
vt -0.000000 0.680000 0.000000
vt -0.000322 0.380000 0.000000
vt -0.000000 0.380000 0.000000
vt -0.000322 0.680000 0.000000
vt -0.000000 0.680000 0.000000
vt 0.680000 0.321981 0.000000
vt 0.380000 0.321981 0.000000
vt 0.680000 0.288330 0.000000
vt 0.380000 0.288330 0.000000
vt 0.680000 0.254680 0.000000
vt 0.380000 0.254680 0.000000
vt 0.680000 0.221029 0.000000
vt 0.380000 0.221029 0.000000
vt 0.680000 0.187378 0.000000
vt 0.380000 0.187378 0.000000
vt 0.680000 0.153727 0.000000
vt 0.380000 0.153727 0.000000
vt 0.680000 0.120077 0.000000
vt 0.380000 0.120077 0.000000
vt 0.680000 0.086426 0.000000
vt 0.380000 0.086426 0.000000
vt -0.000322 0.380000 0.000000
vt -0.000000 0.380000 0.000000
vt -0.000322 0.680000 0.000000
vt -0.000000 0.680000 0.000000
vt 0.680000 -0.086426 0.000000
vt 0.380000 -0.086426 0.000000
vt 0.680000 -0.120077 0.000000
vt 0.380000 -0.120077 0.000000
vt 0.680000 -0.153727 0.000000
vt 0.380000 -0.153727 0.000000
vt 0.680000 -0.187378 0.000000
vt 0.380000 -0.187378 0.000000
vt 0.680000 -0.221029 0.000000
vt 0.380000 -0.221029 0.000000
vt 0.680000 -0.254680 0.000000
vt 0.380000 -0.254680 0.000000
vt 0.680000 -0.288330 0.000000
vt 0.380000 -0.288330 0.000000
vt 0.680000 -0.321981 0.000000
vt 0.380000 -0.321981 0.000000
vt -0.000322 0.380000 0.000000
vt -0.000000 0.380000 0.000000
vt -0.000322 0.680000 0.000000
vt -0.000000 0.680000 0.000000
vt -0.000409 0.380000 0.000000
vt -0.000000 0.380000 0.000000
vt -0.000409 0.680000 0.000000
vt -0.000000 0.680000 0.000000
vt 0.680000 -0.322233 0.000000
vt 0.380000 -0.322233 0.000000
vt 0.680000 -0.350958 0.000000
vt 0.380000 -0.350958 0.000000
vt 0.380000 -0.379683 0.000000
vt 0.680000 -0.379683 0.000000
vt 0.380000 -0.408407 0.000000
vt 0.680000 -0.408407 0.000000
vt 0.380000 -0.437132 0.000000
vt 0.680000 -0.437132 0.000000
vt 0.380000 -0.465856 0.000000
vt 0.680000 -0.465856 0.000000
vt 0.680000 -0.494581 0.000000
vt 0.380000 -0.494581 0.000000
vt -0.000409 0.380000 0.000000
vt -0.000000 0.380000 0.000000
vt -0.000409 0.680000 0.000000
vt -0.000000 0.680000 0.000000
vt -0.000322 0.380000 0.000000
vt 0.000000 0.380000 0.000000
vt -0.000322 0.680000 0.000000
vt 0.000000 0.680000 0.000000
vn -0.000000 0.000000 -0.100000
vn -0.000000 0.000000 -0.100000
vn -0.000000 0.000000 -0.100000
vn -0.000000 0.000000 -0.100000
vn -0.000000 0.000000 -0.100000
vn -0.000000 0.000000 -0.100000
vn -0.000000 0.000000 -0.100000
vn -0.000000 0.000000 -0.100000
vn 0.099160 -0.012936 -0.000000
vn 0.099160 -0.012936 -0.000000
vn 0.099685 -0.007936 -0.000000
vn 0.099919 -0.004027 -0.000000
vn 0.099919 -0.004027 -0.000000
vn 0.063579 -0.050000 -0.058803
vn 0.062630 -0.050000 -0.059812
vn 0.062967 -0.050000 -0.059457
vn 0.062349 -0.050000 -0.060104
vn 0.061725 -0.050000 -0.060746
vn -0.063579 -0.050000 -0.058803
vn -0.062967 -0.050000 -0.059457
vn -0.062630 -0.050000 -0.059812
vn -0.062349 -0.050000 -0.060104
vn -0.061725 -0.050000 -0.060746
vn -0.099160 -0.012936 0.000000
vn -0.099685 -0.007936 0.000000
vn -0.099160 -0.012936 0.000000
vn -0.099919 -0.004027 0.000000
vn -0.099919 -0.004027 0.000000
vn 0.060695 -0.050000 -0.061775
vn 0.057871 -0.050000 -0.064428
vn 0.054422 -0.050000 -0.067367
vn 0.051319 -0.050000 -0.069760
vn 0.047637 -0.050000 -0.072324
vn 0.044278 -0.050000 -0.074427
vn 0.040403 -0.050000 -0.076600
vn 0.036817 -0.050000 -0.078387
vn 0.032788 -0.050000 -0.080156
vn 0.029005 -0.050000 -0.081601
vn 0.024865 -0.050000 -0.082956
vn 0.020917 -0.050000 -0.084039
vn 0.016708 -0.050000 -0.084976
vn 0.012630 -0.050000 -0.085677
vn 0.008394 -0.050000 -0.086195
vn 0.004224 -0.050000 -0.086499
vn -0.000000 -0.050000 -0.086603
vn -0.004224 -0.050000 -0.086499
vn -0.008394 -0.050000 -0.086195
vn -0.012630 -0.050000 -0.085677
vn -0.016708 -0.050000 -0.084976
vn -0.020917 -0.050000 -0.084039
vn -0.024865 -0.050000 -0.082956
vn -0.029005 -0.050000 -0.081601
vn -0.032788 -0.050000 -0.080156
vn -0.036817 -0.050000 -0.078387
vn -0.040403 -0.050000 -0.076600
vn -0.044278 -0.050000 -0.074427
vn -0.047637 -0.050000 -0.072324
vn -0.051319 -0.050000 -0.069760
vn -0.054422 -0.050000 -0.067367
vn -0.057871 -0.050000 -0.064428
vn -0.060695 -0.050000 -0.061775
vn 0.099518 0.000000 0.009802
vn 0.099518 0.000000 0.009802
vn 0.100000 0.000000 0.000000
vn 0.100000 0.000000 0.000000
vn 0.099518 0.000000 -0.009802
vn 0.099518 0.000000 -0.009802
vn 0.098079 0.000000 -0.019509
vn 0.098079 0.000000 -0.019509
vn 0.095694 0.000000 -0.029028
vn 0.095694 0.000000 -0.029028
vn 0.092388 0.000000 -0.038268
vn 0.092388 0.000000 -0.038268
vn 0.088192 0.000000 -0.047140
vn 0.088192 0.000000 -0.047140
vn 0.083147 0.000000 -0.055557
vn 0.083147 0.000000 -0.055557
vn 0.077301 0.000000 -0.063439
vn 0.077301 0.000000 -0.063439
vn 0.070711 0.000000 -0.070711
vn 0.070711 0.000000 -0.070711
vn 0.063439 0.000000 -0.077301
vn 0.063439 0.000000 -0.077301
vn 0.055557 0.000000 -0.083147
vn 0.055557 0.000000 -0.083147
vn 0.047140 0.000000 -0.088192
vn 0.047140 0.000000 -0.088192
vn 0.038268 0.000000 -0.092388
vn 0.038268 0.000000 -0.092388
vn 0.029028 0.000000 -0.095694
vn 0.029028 0.000000 -0.095694
vn 0.019509 0.000000 -0.098079
vn 0.019509 0.000000 -0.098079
vn 0.009802 0.000000 -0.099518
vn 0.009802 0.000000 -0.099518
vn -0.000000 0.000000 -0.100000
vn -0.000000 0.000000 -0.100000
vn -0.009802 0.000000 -0.099518
vn -0.009802 0.000000 -0.099518
vn -0.019509 0.000000 -0.098079
vn -0.019509 0.000000 -0.098079
vn -0.029028 0.000000 -0.095694
vn -0.029028 0.000000 -0.095694
vn -0.038268 0.000000 -0.092388
vn -0.038268 0.000000 -0.092388
vn -0.047140 0.000000 -0.088192
vn -0.047140 0.000000 -0.088192
vn -0.055557 0.000000 -0.083147
vn -0.055557 0.000000 -0.083147
vn -0.063439 0.000000 -0.077301
vn -0.063439 0.000000 -0.077301
vn -0.070711 0.000000 -0.070711
vn -0.070711 0.000000 -0.070711
vn -0.077301 0.000000 -0.063439
vn -0.077301 0.000000 -0.063439
vn -0.083147 0.000000 -0.055557
vn -0.083147 0.000000 -0.055557
vn -0.088192 0.000000 -0.047140
vn -0.088192 0.000000 -0.047140
vn -0.092388 0.000000 -0.038268
vn -0.092388 0.000000 -0.038268
vn -0.095694 0.000000 -0.029028
vn -0.095694 0.000000 -0.029028
vn -0.098079 0.000000 -0.019509
vn -0.098079 0.000000 -0.019509
vn -0.099518 0.000000 -0.009802
vn -0.099518 0.000000 -0.009802
vn -0.100000 0.000000 0.000000
vn -0.100000 0.000000 0.000000
vn -0.099518 0.000000 0.009802
vn -0.099518 0.000000 0.009802
vn -0.098079 0.000000 0.019509
vn -0.098079 0.000000 0.019509
vn -0.095694 0.000000 0.029028
vn -0.095694 0.000000 0.029028
vn -0.092388 0.000000 0.038268
vn -0.092388 0.000000 0.038268
vn -0.088192 0.000000 0.047140
vn -0.088192 0.000000 0.047140
vn -0.083147 0.000000 0.055557
vn -0.083147 0.000000 0.055557
vn -0.077301 0.000000 0.063439
vn -0.077301 0.000000 0.063439
vn -0.070711 0.000000 0.070711
vn -0.070711 0.000000 0.070711
vn -0.063439 0.000000 0.077301
vn -0.063439 0.000000 0.077301
vn -0.055557 0.000000 0.083147
vn -0.055557 0.000000 0.083147
vn -0.047140 0.000000 0.088192
vn -0.047140 0.000000 0.088192
vn -0.038268 0.000000 0.092388
vn -0.038268 0.000000 0.092388
vn -0.029028 0.000000 0.095694
vn -0.029028 0.000000 0.095694
vn -0.019509 0.000000 0.098079
vn -0.019509 0.000000 0.098079
vn -0.009802 0.000000 0.099518
vn -0.009802 0.000000 0.099518
vn -0.000000 0.000000 0.100000
vn -0.000000 0.000000 0.100000
vn 0.009802 0.000000 0.099518
vn 0.009802 0.000000 0.099518
vn 0.019509 0.000000 0.098079
vn 0.019509 0.000000 0.098079
vn 0.029028 0.000000 0.095694
vn 0.029028 0.000000 0.095694
vn 0.038268 0.000000 0.092388
vn 0.038268 0.000000 0.092388
vn 0.047140 0.000000 0.088192
vn 0.047140 0.000000 0.088192
vn 0.055557 0.000000 0.083147
vn 0.055557 0.000000 0.083147
vn 0.063439 0.000000 0.077301
vn 0.063439 0.000000 0.077301
vn 0.070711 0.000000 0.070711
vn 0.070711 0.000000 0.070711
vn 0.077301 0.000000 0.063439
vn 0.077301 0.000000 0.063439
vn 0.083147 0.000000 0.055557
vn 0.083147 0.000000 0.055557
vn 0.088192 0.000000 0.047140
vn 0.088192 0.000000 0.047140
vn 0.092388 0.000000 0.038268
vn 0.092388 0.000000 0.038268
vn 0.095694 0.000000 0.029028
vn 0.095694 0.000000 0.029028
vn 0.098079 0.000000 0.019509
vn 0.098079 0.000000 0.019509
vn 0.000000 0.000000 -0.100000
vn 0.000000 0.000000 -0.100000
vn 0.000000 0.000000 -0.100000
vn 0.000000 0.000000 -0.100000
vn 0.000000 0.000000 -0.100000
vn 0.000000 0.000000 -0.100000
vn 0.000000 0.000000 -0.100000
vn 0.000000 0.000000 -0.100000
vn 0.000000 0.000000 -0.100000
vn 0.000000 0.000000 -0.100000
vn 0.000000 -0.100000 -0.000000
vn 0.000000 -0.100000 -0.000000
vn 0.000000 -0.100000 -0.000000
vn 0.000000 -0.100000 -0.000000
vn 0.000000 -0.100000 -0.000000
vn 0.000000 -0.100000 -0.000000
vn 0.000000 -0.100000 -0.000000
vn 0.000000 -0.100000 -0.000000
vn 0.000000 -0.100000 -0.000000
vn 0.000000 -0.100000 -0.000000
vn 0.000000 -0.100000 -0.000000
vn 0.000000 -0.100000 -0.000000
vn 0.000000 -0.100000 -0.000000
vn 0.000000 -0.100000 -0.000000
vn 0.000000 -0.100000 -0.000000
vn 0.000000 -0.100000 -0.000000
vn 0.000000 -0.100000 -0.000000
vn 0.000000 -0.100000 -0.000000
vn 0.000000 -0.100000 -0.000000
vn 0.000000 -0.100000 -0.000000
vn 0.000000 -0.100000 -0.000000
vn 0.000000 -0.100000 -0.000000
vn 0.000000 -0.100000 -0.000000
vn 0.000000 -0.100000 -0.000000
vn 0.000000 -0.100000 -0.000000
vn 0.000000 -0.100000 -0.000000
vn 0.000000 -0.100000 -0.000000
vn 0.000000 -0.100000 -0.000000
vn 0.000000 -0.100000 -0.000000
vn 0.000000 -0.100000 -0.000000
vn 0.000000 -0.100000 -0.000000
vn 0.000000 -0.100000 -0.000000
vn 0.000000 -0.100000 -0.000000
vn 0.000000 -0.100000 -0.000000
vn 0.000000 -0.100000 -0.000000
vn 0.000000 -0.100000 -0.000000
vn 0.000000 -0.100000 -0.000000
vn 0.000000 -0.100000 -0.000000
vn 0.000000 -0.100000 -0.000000
vn 0.000000 -0.100000 -0.000000
vn 0.000000 -0.100000 -0.000000
vn 0.000000 -0.100000 -0.000000
vn 0.000000 -0.100000 -0.000000
vn 0.000000 -0.100000 -0.000000
vn 0.000000 -0.100000 -0.000000
vn 0.000000 -0.100000 -0.000000
vn 0.000000 -0.100000 -0.000000
vn 0.000000 -0.100000 -0.000000
vn 0.000000 -0.100000 -0.000000
vn 0.000000 -0.100000 -0.000000
vn 0.000000 -0.100000 -0.000000
vn 0.000000 -0.100000 -0.000000
vn 0.000000 -0.100000 -0.000000
vn 0.000000 -0.100000 -0.000000
vn 0.000000 -0.100000 -0.000000
vn 0.000000 -0.100000 -0.000000
vn 0.000000 -0.100000 -0.000000
vn 0.000000 -0.100000 -0.000000
vn 0.000000 -0.100000 -0.000000
vn 0.000000 -0.100000 -0.000000
vn 0.000000 -0.100000 -0.000000
vn 0.000000 -0.100000 -0.000000
vn 0.000000 -0.100000 -0.000000
vn 0.000000 -0.100000 -0.000000
vn 0.000000 -0.100000 -0.000000
vn 0.000000 -0.100000 -0.000000
vn 0.000000 -0.100000 -0.000000
vn 0.000000 -0.100000 -0.000000
vn 0.000000 -0.100000 -0.000000
vn 0.000000 -0.100000 -0.000000
vn 0.000000 -0.100000 -0.000000
vn 0.000000 -0.100000 -0.000000
vn 0.000000 -0.100000 -0.000000
vn 0.000000 -0.100000 -0.000000
vn 0.000000 -0.100000 -0.000000
vn 0.000000 -0.100000 -0.000000
vn 0.000000 -0.100000 -0.000000
vn 0.000000 -0.100000 -0.000000
vn 0.000000 -0.100000 -0.000000
vn 0.000000 -0.100000 -0.000000
vn 0.000000 -0.100000 -0.000000
vn 0.000000 -0.100000 -0.000000
vn 0.000000 -0.100000 -0.000000
vn 0.100000 -0.000000 0.000000
vn 0.100000 -0.000000 0.000000
vn 0.100000 -0.000000 0.000000
vn 0.100000 -0.000000 0.000000
vn 0.000000 0.000000 -0.100000
vn 0.000000 0.000000 -0.100000
vn 0.000000 0.000000 -0.100000
vn 0.000000 0.000000 -0.100000
vn 0.000000 0.000000 -0.100000
vn 0.000000 0.000000 -0.100000
vn 0.000000 0.000000 -0.100000
vn 0.000000 0.000000 -0.100000
vn 0.000000 0.000000 -0.100000
vn 0.000000 0.000000 -0.100000
vn 0.000000 0.000000 -0.100000
vn 0.000000 0.000000 -0.100000
vn 0.000000 0.000000 -0.100000
vn 0.000000 0.000000 -0.100000
vn 0.000000 0.000000 -0.100000
vn 0.000000 0.000000 -0.100000
vn 0.000000 0.000000 -0.100000
vn 0.000000 0.000000 -0.100000
vn 0.000000 0.000000 -0.100000
vn 0.000000 0.000000 -0.100000
vn 0.000000 0.000000 -0.100000
vn 0.000000 0.000000 -0.100000
vn 0.000000 0.000000 -0.100000
vn 0.000000 0.000000 -0.100000
vn 0.000000 0.000000 -0.100000
vn 0.000000 0.000000 -0.100000
vn 0.000000 0.000000 -0.100000
vn 0.000000 0.000000 -0.100000
vn 0.000000 0.000000 -0.100000
vn 0.000000 0.000000 -0.100000
vn 0.000000 0.000000 -0.100000
vn 0.000000 0.000000 -0.100000
vn 0.000000 0.000000 -0.100000
vn 0.000000 0.000000 -0.100000
vn 0.000000 0.000000 -0.100000
vn 0.000000 0.000000 -0.100000
vn 0.000000 0.000000 -0.100000
vn 0.000000 0.000000 -0.100000
vn 0.000000 0.000000 -0.100000
vn 0.000000 0.000000 -0.100000
vn 0.000000 0.000000 -0.100000
vn -0.100000 0.000000 -0.000000
vn -0.100000 0.000000 -0.000000
vn -0.100000 0.000000 -0.000000
vn -0.100000 0.000000 -0.000000
vn 0.100000 -0.000000 0.000000
vn 0.100000 -0.000000 0.000000
vn 0.100000 -0.000000 0.000000
vn 0.100000 -0.000000 0.000000
vn 0.000000 0.100000 0.000000
vn 0.000000 0.100000 0.000000
vn 0.000000 0.100000 0.000000
vn 0.000000 0.100000 0.000000
vn 0.000000 0.100000 0.000000
vn 0.000000 0.100000 0.000000
vn 0.000000 0.100000 0.000000
vn 0.000000 0.100000 0.000000
vn 0.000000 0.100000 0.000000
vn 0.000000 0.100000 0.000000
vn 0.000000 0.100000 0.000000
vn 0.000000 0.100000 0.000000
vn 0.000000 0.100000 0.000000
vn 0.000000 0.100000 0.000000
vn 0.000000 0.100000 0.000000
vn 0.000000 0.100000 0.000000
vn 0.000000 0.100000 0.000000
vn 0.000000 0.100000 0.000000
vn 0.000000 0.100000 0.000000
vn 0.000000 0.100000 0.000000
vn 0.000000 0.100000 0.000000
vn 0.000000 0.100000 0.000000
vn 0.000000 0.100000 0.000000
vn 0.000000 0.100000 0.000000
vn -0.100000 0.000000 -0.000000
vn -0.100000 0.000000 -0.000000
vn -0.100000 0.000000 -0.000000
vn -0.100000 0.000000 -0.000000
vn 0.000000 0.000000 -0.100000
vn 0.000000 0.000000 -0.100000
vn 0.000000 0.000000 -0.100000
vn 0.000000 0.000000 -0.100000
vn 0.000000 0.000000 -0.100000
vn 0.000000 0.000000 -0.100000
vn 0.000000 0.000000 -0.100000
vn 0.000000 0.000000 -0.100000
vn 0.000000 0.000000 -0.100000
vn 0.000000 0.000000 -0.100000
vn 0.000000 0.000000 -0.100000
vn 0.000000 0.000000 -0.100000
vn 0.000000 0.000000 -0.100000
vn 0.000000 0.000000 -0.100000
vn 0.000000 0.000000 -0.100000
vn 0.000000 0.000000 -0.100000
vn 0.000000 0.000000 -0.100000
vn 0.000000 0.000000 -0.100000
vn 0.000000 0.000000 -0.100000
vn 0.000000 0.000000 -0.100000
vn 0.000000 0.000000 -0.100000
vn 0.000000 0.000000 -0.100000
vn 0.000000 0.000000 -0.100000
vn 0.000000 0.000000 -0.100000
vn 0.000000 0.000000 -0.100000
vn 0.000000 0.000000 -0.100000
vn 0.000000 0.000000 -0.100000
vn 0.000000 0.000000 -0.100000
vn 0.000000 0.000000 -0.100000
vn 0.000000 0.000000 -0.100000
vn 0.000000 0.000000 -0.100000
vn 0.000000 0.000000 -0.100000
vn 0.000000 0.000000 -0.100000
vn 0.000000 0.000000 -0.100000
vn 0.000000 0.000000 -0.100000
vn 0.000000 0.000000 -0.100000
vn 0.000000 0.000000 -0.100000
vn 0.000000 0.000000 -0.100000
vn 0.000000 0.000000 -0.100000
vn 0.000000 0.000000 -0.100000
vn 0.000000 0.000000 -0.100000
vn -0.090083 -0.043417 0.000000
vn -0.086119 -0.050828 0.000000
vn -0.096078 -0.027730 0.000000
vn -0.086119 -0.050828 0.000000
vn -0.086119 -0.050828 0.000000
vn -0.070711 -0.070711 0.000000
vn -0.086119 -0.050828 0.000000
vn -0.086119 -0.050828 0.000000
vn -0.091828 -0.039593 0.000000
vn -0.086119 -0.050828 0.000000
vn -0.079043 -0.061256 0.000000
vn -0.081547 -0.057880 0.000000
vn -0.070711 -0.070711 0.000000
vn -0.096078 -0.027730 0.000000
vn -0.070711 -0.070711 0.000000
vn -0.070711 -0.070711 0.000000
vn -0.070711 -0.070711 0.000000
vn -0.070711 -0.070711 0.000000
vn -0.057880 -0.081547 0.000000
vn -0.050828 -0.086119 0.000000
vn -0.070711 -0.070711 0.000000
vn -0.050828 -0.086119 0.000000
vn -0.050828 -0.086119 0.000000
vn -0.027730 -0.096078 0.000000
vn -0.050828 -0.086119 0.000000
vn -0.050828 -0.086119 0.000000
vn -0.061256 -0.079043 0.000000
vn -0.050828 -0.086119 0.000000
vn -0.039593 -0.091828 0.000000
vn -0.043417 -0.090083 0.000000
vn -0.027730 -0.096078 0.000000
vn -0.070711 -0.070711 0.000000
vn -0.051323 -0.085825 0.000000
vn -0.051323 -0.085825 0.000000
vn -0.027730 -0.096078 0.000000
vn -0.051323 -0.085825 0.000000
vn -0.051323 -0.085825 0.000000
vn -0.071520 -0.069892 0.000000
vn -0.071520 -0.069892 0.000000
vn -0.086984 -0.049334 0.000000
vn -0.086984 -0.049334 0.000000
vn -0.096691 -0.025511 0.000000
vn -0.096691 -0.025511 0.000000
vn -0.100000 -0.000000 0.000000
vn -0.100000 -0.000000 0.000000
vn -0.096691 0.025511 -0.000000
vn -0.096691 0.025511 -0.000000
vn -0.086984 0.049334 -0.000000
vn -0.086984 0.049334 -0.000000
vn -0.071520 0.069892 -0.000000
vn -0.079915 0.060113 -0.000000
vn -0.069229 0.072162 -0.000000
vn -0.056747 0.082339 -0.000000
vn -0.051323 0.085825 -0.000000
vn -0.042793 0.090381 -0.000000
vn -0.027730 0.096078 -0.000000
vn -0.051323 0.085825 -0.000000
vn -0.051323 0.085825 -0.000000
vn -0.071520 0.069892 -0.000000
vn -0.071520 0.069892 -0.000000
vn -0.086984 0.049334 -0.000000
vn -0.086984 0.049334 -0.000000
vn -0.096691 0.025511 -0.000000
vn -0.096691 0.025511 -0.000000
vn -0.100000 -0.000000 0.000000
vn -0.100000 -0.000000 0.000000
vn -0.096691 -0.025511 0.000000
vn -0.096691 -0.025511 0.000000
vn -0.086984 -0.049334 0.000000
vn -0.086984 -0.049334 0.000000
vn -0.071520 -0.069892 0.000000
vn -0.071520 -0.069892 0.000000
vn -0.086984 -0.049334 0.000000
vn -0.096691 -0.025511 0.000000
vn -0.100000 -0.000000 0.000000
vn -0.096691 0.025511 -0.000000
vn -0.086984 0.049334 -0.000000
vn -0.071520 0.069892 -0.000000
vn -0.051323 0.085825 -0.000000
vn -0.096691 -0.025511 0.000000
vn -0.100000 -0.000000 0.000000
vn -0.096691 0.025511 -0.000000
vn -0.086984 0.049334 -0.000000
vn -0.071520 0.069892 -0.000000
vn -0.051323 0.085825 -0.000000
vn -0.100000 -0.000000 0.000000
vn -0.096691 0.025511 -0.000000
vn -0.086984 0.049334 -0.000000
vn -0.071520 0.069892 -0.000000
vn -0.051323 0.085825 -0.000000
vn -0.027730 0.096078 -0.000000
vn -0.096691 0.025511 -0.000000
vn -0.086984 0.049334 -0.000000
vn -0.071520 0.069892 -0.000000
vn -0.051323 0.085825 -0.000000
vn -0.086984 0.049334 -0.000000
vn -0.071520 0.069892 -0.000000
vn -0.051323 0.085825 -0.000000
vn -0.071520 0.069892 -0.000000
vn -0.051323 0.085825 -0.000000
vn -0.051323 0.085825 -0.000000
vn -0.088529 0.046504 -0.000000
vn -0.094846 0.031690 -0.000000
vn -0.096691 0.025511 -0.000000
vn -0.098703 0.016053 -0.000000
vn -0.100000 -0.000000 0.000000
vn -0.100000 -0.000000 0.000000
vn -0.098703 -0.016053 0.000000
vn -0.096691 -0.025511 0.000000
vn -0.094846 -0.031690 0.000000
vn -0.086984 -0.049334 0.000000
vn -0.088529 -0.046504 0.000000
vn -0.079915 -0.060113 0.000000
vn -0.071520 -0.069892 0.000000
vn -0.069229 -0.072162 0.000000
vn -0.056747 -0.082339 0.000000
vn -0.051323 -0.085825 0.000000
vn -0.042793 -0.090381 0.000000
vn -0.051323 -0.085825 0.000000
vn -0.051323 -0.085825 0.000000
vn -0.071520 -0.069892 0.000000
vn -0.071520 -0.069892 0.000000
vn -0.086984 -0.049334 0.000000
vn -0.086984 -0.049334 0.000000
vn -0.096691 -0.025511 0.000000
vn -0.096691 -0.025511 0.000000
vn -0.100000 -0.000000 0.000000
vn -0.027730 -0.096078 0.000000
vn -0.051323 -0.085825 0.000000
vn -0.071520 -0.069892 0.000000
vn -0.051323 -0.085825 0.000000
vn -0.051323 -0.085825 0.000000
vn -0.071520 -0.069892 0.000000
vn -0.071520 -0.069892 0.000000
vn -0.086984 -0.049334 0.000000
vn -0.096691 -0.025511 0.000000
vn -0.100000 -0.000000 0.000000
vn -0.096691 0.025511 -0.000000
vn -0.086984 0.049334 -0.000000
vn -0.071520 0.069892 -0.000000
vn -0.086984 -0.049334 0.000000
vn -0.043417 0.090083 0.000000
vn -0.050828 0.086119 0.000000
vn -0.027730 0.096078 0.000000
vn -0.050828 0.086119 0.000000
vn -0.050828 0.086119 0.000000
vn -0.070711 0.070711 0.000000
vn -0.050828 0.086119 0.000000
vn -0.050828 0.086119 0.000000
vn -0.039593 0.091828 0.000000
vn -0.050828 0.086119 0.000000
vn -0.061256 0.079043 0.000000
vn -0.057880 0.081547 0.000000
vn -0.070711 0.070711 0.000000
vn -0.027730 0.096078 0.000000
vn -0.070711 0.070711 0.000000
vn -0.070711 0.070711 0.000000
vn -0.070711 0.070711 0.000000
vn -0.070711 0.070711 0.000000
vn -0.081547 0.057880 0.000000
vn -0.086119 0.050828 0.000000
vn -0.070711 0.070711 0.000000
vn -0.086119 0.050828 0.000000
vn -0.086119 0.050828 0.000000
vn -0.096078 0.027730 0.000000
vn -0.086119 0.050828 0.000000
vn -0.086119 0.050828 0.000000
vn -0.079043 0.061256 0.000000
vn -0.086119 0.050828 0.000000
vn -0.091828 0.039593 0.000000
vn -0.090083 0.043417 0.000000
vn -0.096078 0.027730 0.000000
vn -0.070711 0.070711 0.000000
vn -0.085825 0.051323 -0.000000
vn -0.085825 0.051323 -0.000000
vn -0.096078 0.027730 -0.000000
vn -0.085825 0.051323 -0.000000
vn -0.085825 0.051323 -0.000000
vn -0.069892 0.071520 -0.000000
vn -0.069892 0.071520 -0.000000
vn -0.049334 0.086984 -0.000000
vn -0.049334 0.086984 -0.000000
vn -0.025511 0.096691 -0.000000
vn -0.025511 0.096691 -0.000000
vn -0.000000 0.100000 -0.000000
vn -0.025511 0.096691 -0.000000
vn 0.025511 0.096691 0.000000
vn -0.025511 0.096691 -0.000000
vn 0.025511 0.096691 0.000000
vn -0.025511 0.096691 -0.000000
vn -0.000000 0.100000 -0.000000
vn -0.016053 0.098703 -0.000000
vn -0.069892 0.071520 -0.000000
vn -0.069892 0.071520 -0.000000
vn -0.049334 0.086984 -0.000000
vn -0.049334 0.086984 -0.000000
vn -0.025511 0.096691 -0.000000
vn -0.025511 0.096691 -0.000000
vn -0.000000 0.100000 -0.000000
vn -0.025511 0.096691 -0.000000
vn -0.025511 0.096691 -0.000000
vn 0.025511 0.096691 0.000000
vn 0.025511 0.096691 0.000000
vn 0.049334 0.086984 0.000000
vn 0.049334 0.086984 0.000000
vn 0.069892 0.071520 0.000000
vn 0.069892 0.071520 0.000000
vn 0.085825 0.051323 0.000000
vn 0.085825 0.051323 0.000000
vn 0.096078 0.027730 0.000000
vn 0.085825 0.051323 0.000000
vn 0.096078 0.027730 0.000000
vn 0.085825 0.051323 0.000000
vn 0.090381 0.042793 0.000000
vn 0.082339 0.056747 0.000000
vn 0.069892 0.071520 0.000000
vn 0.072162 0.069229 0.000000
vn 0.060113 0.079915 0.000000
vn 0.049334 0.086984 0.000000
vn 0.046504 0.088529 0.000000
vn 0.031690 0.094846 0.000000
vn 0.016053 0.098703 0.000000
vn -0.031690 0.094846 -0.000000
vn -0.049334 0.086984 -0.000000
vn -0.049334 0.086984 -0.000000
vn -0.069892 0.071520 -0.000000
vn -0.069892 0.071520 -0.000000
vn -0.085825 0.051323 -0.000000
vn -0.085825 0.051323 -0.000000
vn -0.090381 0.042793 -0.000000
vn -0.096078 0.027730 -0.000000
vn -0.046504 0.088529 -0.000000
vn -0.060113 0.079915 -0.000000
vn -0.069892 0.071520 -0.000000
vn -0.072162 0.069229 -0.000000
vn -0.082339 0.056747 -0.000000
vn -0.085825 0.051323 -0.000000
vn -0.085825 0.051323 -0.000000
vn -0.069892 0.071520 -0.000000
vn -0.049334 0.086984 -0.000000
vn -0.085825 0.051323 -0.000000
vn -0.085825 0.051323 -0.000000
vn -0.069892 0.071520 -0.000000
vn -0.049334 0.086984 -0.000000
vn -0.069892 0.071520 -0.000000
vn -0.049334 0.086984 -0.000000
vn -0.025511 0.096691 -0.000000
vn -0.049334 0.086984 -0.000000
vn 0.049334 0.086984 0.000000
vn 0.069892 0.071520 0.000000
vn 0.070711 -0.070711 0.000000
vn 0.070711 -0.070711 0.000000
vn 0.070711 -0.070711 0.000000
vn 0.070711 -0.070711 0.000000
vn 0.100000 0.000000 0.000000
vn 0.100000 0.000000 0.000000
vn 0.100000 0.000000 0.000000
vn 0.100000 0.000000 0.000000
vn 0.000000 0.100000 0.000000
vn 0.000000 0.100000 0.000000
vn 0.000000 0.100000 0.000000
vn 0.000000 0.100000 0.000000
vn 0.000000 0.100000 0.000000
vn 0.000000 0.100000 0.000000
vn 0.000000 0.100000 0.000000
vn 0.000000 0.100000 0.000000
vn 0.000000 0.100000 0.000000
vn 0.000000 0.100000 0.000000
vn 0.000000 0.100000 0.000000
vn 0.000000 0.100000 0.000000
vn 0.000000 0.100000 0.000000
vn 0.000000 0.100000 0.000000
vn -0.100000 0.000000 0.000000
vn -0.100000 0.000000 0.000000
vn -0.100000 0.000000 0.000000
vn -0.100000 0.000000 0.000000
vn 0.085825 -0.051323 0.000000
vn 0.085825 -0.051323 0.000000
vn 0.096078 -0.027730 0.000000
vn 0.085825 -0.051323 0.000000
vn 0.085825 -0.051323 0.000000
vn 0.069892 -0.071520 0.000000
vn 0.069892 -0.071520 0.000000
vn 0.049334 -0.086984 0.000000
vn 0.049334 -0.086984 0.000000
vn 0.025511 -0.096691 0.000000
vn 0.025511 -0.096691 0.000000
vn 0.000000 -0.100000 0.000000
vn 0.025511 -0.096691 0.000000
vn -0.000000 -0.100000 0.000000
vn -0.000000 -0.100000 0.000000
vn -0.025511 -0.096691 0.000000
vn -0.025511 -0.096691 0.000000
vn -0.049334 -0.086984 0.000000
vn -0.031690 -0.094846 0.000000
vn -0.046504 -0.088529 0.000000
vn -0.060113 -0.079915 0.000000
vn -0.069892 -0.071520 0.000000
vn -0.072162 -0.069229 0.000000
vn -0.082339 -0.056747 0.000000
vn -0.085825 -0.051323 0.000000
vn -0.090381 -0.042793 0.000000
vn -0.096078 -0.027730 0.000000
vn -0.085825 -0.051323 0.000000
vn -0.096078 -0.027730 0.000000
vn -0.085825 -0.051323 0.000000
vn -0.085825 -0.051323 0.000000
vn -0.069892 -0.071520 0.000000
vn -0.069892 -0.071520 0.000000
vn -0.049334 -0.086984 0.000000
vn -0.049334 -0.086984 0.000000
vn -0.025511 -0.096691 0.000000
vn -0.025511 -0.096691 0.000000
vn 0.069892 -0.071520 0.000000
vn 0.069892 -0.071520 0.000000
vn 0.049334 -0.086984 0.000000
vn 0.049334 -0.086984 0.000000
vn 0.025511 -0.096691 0.000000
vn 0.025511 -0.096691 0.000000
vn 0.000000 -0.100000 0.000000
vn 0.025511 -0.096691 0.000000
vn 0.025511 -0.096691 0.000000
vn -0.016053 -0.098703 0.000000
vn -0.000000 -0.100000 0.000000
vn 0.025511 -0.096691 0.000000
vn 0.049334 -0.086984 0.000000
vn 0.049334 -0.086984 0.000000
vn 0.069892 -0.071520 0.000000
vn 0.069892 -0.071520 0.000000
vn 0.085825 -0.051323 0.000000
vn 0.085825 -0.051323 0.000000
vn -0.000000 -0.100000 0.000000
vn 0.016053 -0.098703 0.000000
vn 0.025511 -0.096691 0.000000
vn 0.031690 -0.094846 0.000000
vn 0.049334 -0.086984 0.000000
vn 0.046504 -0.088529 0.000000
vn 0.060113 -0.079915 0.000000
vn 0.069892 -0.071520 0.000000
vn 0.072162 -0.069229 0.000000
vn 0.082339 -0.056747 0.000000
vn 0.085825 -0.051323 0.000000
vn 0.090381 -0.042793 0.000000
vn 0.085825 -0.051323 0.000000
vn 0.085825 -0.051323 0.000000
vn 0.069892 -0.071520 0.000000
vn 0.069892 -0.071520 0.000000
vn 0.049334 -0.086984 0.000000
vn 0.096078 -0.027730 0.000000
vn 0.085825 -0.051323 0.000000
vn 0.069892 -0.071520 0.000000
vn 0.049334 -0.086984 0.000000
vn 0.049334 -0.086984 0.000000
vn 0.025511 -0.096691 0.000000
vn -0.049334 -0.086984 0.000000
vn -0.069892 -0.071520 0.000000
vn -0.070711 -0.070711 0.000000
vn -0.070711 -0.070711 0.000000
vn -0.070711 -0.070711 0.000000
vn -0.070711 -0.070711 0.000000
vn -0.090083 -0.043417 0.000000
vn -0.086119 -0.050828 0.000000
vn -0.096078 -0.027730 0.000000
vn -0.091828 -0.039593 0.000000
vn -0.096078 -0.027730 0.000000
vn -0.081547 -0.057880 0.000000
vn -0.070711 -0.070711 0.000000
vn -0.079043 -0.061256 0.000000
vn -0.070711 -0.070711 0.000000
vn -0.086119 -0.050828 0.000000
vn 0.000000 -0.100000 0.000000
vn 0.000000 -0.100000 0.000000
vn 0.000000 -0.100000 0.000000
vn 0.000000 -0.100000 0.000000
vn -0.070711 -0.070711 0.000000
vn -0.070711 -0.070711 0.000000
vn -0.070711 -0.070711 0.000000
vn -0.070711 -0.070711 0.000000
vn -0.068049 -0.073275 0.000000
vn -0.068049 -0.073275 0.000000
vn -0.068049 -0.073275 0.000000
vn -0.068049 -0.073275 0.000000
vn -0.057880 -0.081547 0.000000
vn -0.050828 -0.086119 0.000000
vn -0.070711 -0.070711 0.000000
vn -0.061256 -0.079043 0.000000
vn -0.070711 -0.070711 0.000000
vn -0.043417 -0.090083 0.000000
vn -0.027730 -0.096078 0.000000
vn -0.039593 -0.091828 0.000000
vn -0.027730 -0.096078 0.000000
vn -0.050828 -0.086119 0.000000
vn -0.051323 -0.085825 0.000000
vn -0.051323 -0.085825 0.000000
vn -0.027730 -0.096078 0.000000
vn -0.051323 -0.085825 0.000000
vn -0.051323 -0.085825 0.000000
vn -0.071520 -0.069892 0.000000
vn -0.056747 -0.082339 0.000000
vn -0.069229 -0.072162 0.000000
vn -0.079915 -0.060113 0.000000
vn -0.086984 -0.049334 0.000000
vn -0.088529 -0.046504 0.000000
vn -0.094846 -0.031690 0.000000
vn -0.096691 -0.025511 0.000000
vn -0.098703 -0.016053 0.000000
vn -0.100000 0.000000 0.000000
vn -0.100000 0.000000 0.000000
vn -0.098703 0.016053 0.000000
vn -0.096691 0.025511 0.000000
vn -0.094846 0.031690 0.000000
vn -0.086984 0.049334 0.000000
vn -0.088529 0.046504 0.000000
vn -0.079915 0.060113 0.000000
vn -0.071520 0.069892 0.000000
vn -0.069229 0.072162 0.000000
vn -0.056747 0.082339 0.000000
vn -0.051323 0.085825 0.000000
vn -0.042793 0.090381 0.000000
vn -0.027730 0.096078 0.000000
vn -0.051323 0.085825 0.000000
vn -0.027730 0.096078 0.000000
vn -0.051323 0.085825 0.000000
vn -0.051323 0.085825 0.000000
vn -0.071520 0.069892 0.000000
vn -0.071520 0.069892 0.000000
vn -0.086984 0.049334 0.000000
vn -0.086984 0.049334 0.000000
vn -0.096691 0.025511 0.000000
vn -0.096691 0.025511 0.000000
vn -0.100000 -0.000000 0.000000
vn -0.100000 0.000000 0.000000
vn -0.096691 -0.025511 0.000000
vn -0.096691 -0.025511 0.000000
vn -0.086984 -0.049334 0.000000
vn -0.086984 -0.049334 0.000000
vn -0.071520 -0.069892 0.000000
vn -0.071520 -0.069892 0.000000
vn -0.042793 -0.090381 0.000000
vn -0.027730 -0.096078 0.000000
vn -0.071520 -0.069892 0.000000
vn -0.086984 -0.049334 0.000000
vn -0.096691 -0.025511 0.000000
vn -0.100000 0.000000 0.000000
vn -0.096691 0.025511 0.000000
vn -0.086984 0.049334 0.000000
vn -0.071520 0.069892 0.000000
vn -0.043417 0.090083 -0.000000
vn -0.050828 0.086119 -0.000000
vn -0.027730 0.096078 -0.000000
vn -0.039593 0.091828 -0.000000
vn -0.027730 0.096078 -0.000000
vn -0.057880 0.081547 -0.000000
vn -0.070711 0.070711 -0.000000
vn -0.061256 0.079043 -0.000000
vn -0.070711 0.070711 -0.000000
vn -0.050828 0.086119 -0.000000
vn -0.070711 0.070711 -0.000000
vn -0.070711 0.070711 -0.000000
vn -0.070711 0.070711 -0.000000
vn -0.070711 0.070711 -0.000000
vn -0.081547 0.057880 -0.000000
vn -0.086119 0.050828 -0.000000
vn -0.070711 0.070711 -0.000000
vn -0.079043 0.061256 -0.000000
vn -0.070711 0.070711 -0.000000
vn -0.090083 0.043417 -0.000000
vn -0.096078 0.027730 -0.000000
vn -0.091828 0.039593 -0.000000
vn -0.096078 0.027730 -0.000000
vn -0.086119 0.050828 -0.000000
vn 0.091228 0.040956 0.000000
vn 0.091228 0.040956 0.000000
vn 0.091228 0.040956 0.000000
vn 0.091228 0.040956 0.000000
vn -0.091575 0.040176 -0.000000
vn -0.091575 0.040176 -0.000000
vn -0.091575 0.040176 -0.000000
vn -0.091575 0.040176 -0.000000
vn 0.000000 -0.100000 0.000000
vn 0.000000 -0.100000 0.000000
vn 0.000000 -0.100000 0.000000
vn 0.000000 -0.100000 0.000000
vn 0.000000 -0.100000 0.000000
vn 0.000000 -0.100000 0.000000
vn 0.000000 -0.100000 0.000000
vn 0.000000 -0.100000 0.000000
vn 0.000000 -0.100000 0.000000
vn 0.000000 -0.100000 0.000000
vn 0.000000 -0.100000 0.000000
vn 0.000000 -0.100000 0.000000
vn 0.000000 -0.100000 0.000000
vn 0.000000 -0.100000 0.000000
vn 0.000000 -0.100000 0.000000
vn 0.000000 -0.100000 0.000000
vn 0.000000 -0.100000 0.000000
vn 0.000000 -0.100000 0.000000
vn 0.000000 -0.100000 0.000000
vn 0.000000 -0.100000 0.000000
vn 0.000000 -0.100000 0.000000
vn 0.000000 -0.100000 0.000000
vn 0.000000 -0.100000 0.000000
vn 0.000000 -0.100000 0.000000
vn 0.000000 -0.100000 0.000000
vn 0.000000 -0.100000 0.000000
vn 0.000000 -0.100000 0.000000
vn 0.000000 -0.100000 0.000000
vn 0.000000 -0.100000 0.000000
vn 0.000000 -0.100000 0.000000
vn 0.000000 -0.100000 0.000000
vn 0.000000 -0.100000 0.000000
vn 0.000000 -0.100000 0.000000
vn 0.000000 -0.100000 0.000000
vn 0.000000 -0.100000 0.000000
vn 0.000000 -0.100000 0.000000
vn 0.000000 -0.100000 0.000000
vn 0.000000 -0.100000 0.000000
vn 0.000000 -0.100000 0.000000
vn 0.000000 -0.100000 0.000000
vn 0.000000 -0.100000 0.000000
vn 0.000000 -0.100000 0.000000
vn 0.000000 -0.100000 0.000000
vn 0.000000 -0.100000 0.000000
vn 0.000000 -0.100000 0.000000
vn 0.000000 -0.100000 0.000000
vn 0.000000 -0.100000 0.000000
vn 0.000000 -0.100000 0.000000
vn 0.000000 -0.100000 0.000000
vn 0.000000 -0.100000 0.000000
vn 0.000000 -0.100000 0.000000
vn 0.000000 -0.100000 0.000000
vn 0.000000 -0.100000 0.000000
vn 0.000000 -0.100000 0.000000
vn 0.000000 -0.100000 0.000000
vn 0.000000 -0.100000 0.000000
vn 0.000000 -0.100000 0.000000
vn 0.000000 -0.100000 0.000000
vn 0.000000 -0.100000 0.000000
vn 0.000000 -0.100000 0.000000
vn 0.000000 -0.100000 0.000000
vn 0.000000 -0.100000 0.000000
vn 0.000000 -0.100000 0.000000
vn 0.000000 -0.100000 0.000000
vn 0.000000 -0.100000 0.000000
vn 0.000000 -0.100000 0.000000
vn 0.000000 -0.100000 0.000000
vn 0.000000 -0.100000 0.000000
vn 0.000000 -0.100000 0.000000
vn 0.000000 -0.100000 0.000000
vn 0.000000 -0.100000 0.000000
vn 0.000000 -0.100000 0.000000
vn 0.000000 -0.100000 0.000000
vn 0.000000 -0.100000 0.000000
vn 0.000000 -0.100000 0.000000
vn 0.000000 -0.100000 0.000000
vn 0.000000 -0.100000 0.000000
vn 0.000000 -0.100000 0.000000
vn 0.000000 -0.100000 0.000000
vn 0.000000 -0.100000 0.000000
vn 0.000000 -0.100000 0.000000
vn 0.000000 -0.100000 0.000000
vn 0.000000 0.000000 0.100000
vn 0.000000 0.000000 0.100000
vn 0.000000 0.000000 0.100000
vn 0.000000 0.000000 0.100000
vn 0.000000 0.000000 0.100000
vn 0.000000 0.000000 0.100000
vn 0.000000 0.000000 0.100000
vn 0.000000 0.000000 0.100000
vn 0.000000 0.000000 0.100000
vn 0.000000 0.000000 0.100000
vn 0.000000 0.000000 0.100000
vn 0.000000 0.000000 0.100000
vn 0.000000 0.000000 0.100000
vn 0.000000 0.000000 0.100000
vn 0.000000 0.000000 0.100000
vn 0.000000 0.000000 0.100000
vn 0.000000 0.000000 0.100000
vn 0.000000 0.000000 0.100000
vn 0.000000 0.000000 0.100000
vn 0.000000 0.000000 0.100000
vn 0.000000 0.000000 0.100000
vn 0.000000 0.000000 0.100000
vn 0.000000 0.000000 0.100000
vn 0.000000 0.000000 0.100000
vn 0.000000 0.000000 0.100000
vn 0.000000 0.000000 0.100000
vn 0.000000 0.000000 0.100000
vn 0.000000 0.000000 0.100000
vn 0.000000 0.000000 0.100000
vn 0.000000 0.000000 0.100000
vn 0.000000 0.000000 0.100000
vn 0.000000 0.000000 0.100000
vn 0.000000 0.000000 0.100000
vn 0.000000 0.000000 0.100000
vn 0.000000 0.000000 0.100000
vn 0.000000 0.000000 0.100000
vn 0.000000 0.000000 0.100000
vn 0.000000 0.000000 0.100000
vn 0.000000 0.000000 0.100000
vn 0.000000 0.000000 0.100000
vn 0.000000 0.000000 0.100000
vn 0.000000 0.000000 0.100000
vn 0.000000 0.000000 0.100000
vn 0.000000 0.000000 0.100000
vn 0.000000 0.000000 0.100000
vn 0.000000 0.000000 0.100000
vn 0.000000 0.000000 0.100000
vn 0.000000 0.000000 0.100000
vn 0.000000 0.000000 0.100000
vn 0.000000 0.000000 0.100000
vn 0.000000 0.000000 0.100000
vn 0.000000 0.000000 0.100000
vn 0.000000 0.000000 0.100000
vn 0.000000 0.000000 0.100000
vn 0.000000 0.000000 0.100000
vn 0.000000 0.000000 0.100000
vn 0.000000 0.000000 0.100000
vn 0.000000 0.000000 0.100000
vn 0.000000 0.000000 0.100000
vn 0.000000 0.000000 0.100000
vn 0.000000 0.000000 0.100000
vn 0.000000 0.000000 0.100000
vn 0.000000 0.000000 0.100000
vn 0.000000 0.000000 0.100000
vn 0.000000 0.000000 0.100000
vn 0.000000 0.000000 0.100000
vn 0.000000 0.000000 0.100000
vn 0.000000 0.000000 0.100000
vn 0.000000 0.000000 0.100000
vn 0.000000 0.000000 0.100000
vn 0.000000 0.000000 0.100000
vn 0.000000 0.000000 0.100000
vn 0.000000 0.000000 0.100000
vn 0.000000 0.000000 0.100000
vn 0.000000 0.000000 0.100000
vn 0.000000 0.000000 0.100000
vn 0.000000 0.000000 0.100000
vn 0.000000 0.000000 0.100000
vn 0.000000 0.000000 0.100000
vn 0.000000 0.000000 0.100000
vn 0.000000 0.000000 0.100000
vn 0.000000 0.000000 0.100000
vn 0.000000 0.000000 0.100000
vn 0.000000 0.000000 0.100000
vn 0.000000 0.000000 0.100000
vn 0.000000 0.000000 0.100000
vn 0.000000 0.000000 0.100000
vn 0.000000 0.000000 0.100000
vn 0.000000 0.000000 0.100000
vn 0.000000 0.000000 0.100000
vn 0.000000 0.000000 0.100000
vn 0.000000 0.000000 0.100000
vn 0.000000 0.000000 0.100000
vn 0.000000 0.000000 0.100000
vn 0.000000 0.000000 0.100000
vn 0.000000 0.000000 0.100000
vn 0.000000 0.000000 0.100000
vn 0.000000 0.000000 0.100000
vn 0.000000 0.000000 0.100000
vn 0.000000 0.000000 0.100000
vn 0.000000 0.000000 0.100000
vn 0.000000 0.000000 0.100000
vn 0.000000 0.000000 0.100000
vn 0.000000 0.000000 0.100000
vn 0.000000 0.000000 0.100000
vn 0.000000 0.000000 0.100000
vn 0.000000 0.000000 0.100000
vn 0.000000 0.000000 0.100000
vn 0.000000 0.000000 0.100000
vn 0.000000 0.000000 0.100000
vn 0.000000 0.000000 0.100000
vn 0.000000 0.000000 0.100000
vn 0.000000 0.000000 0.100000
vn 0.000000 0.000000 0.100000
vn 0.000000 0.000000 0.100000
vn 0.000000 0.000000 0.100000
vn 0.000000 0.000000 0.100000
vn 0.000000 0.000000 0.100000
vn 0.000000 0.000000 0.100000
vn 0.000000 0.000000 0.100000
vn 0.000000 0.000000 0.100000
vn 0.000000 0.000000 0.100000
vn 0.000000 0.000000 0.100000
vn 0.000000 0.000000 0.100000
vn 0.000000 0.000000 0.100000
vn 0.000000 0.000000 0.100000
vn 0.000000 0.000000 0.100000
vn 0.000000 0.000000 0.100000
vn 0.000000 0.000000 0.100000
vn 0.000000 0.000000 0.100000
vn 0.000000 0.000000 0.100000
vn 0.000000 0.000000 0.100000
vn 0.000000 0.000000 0.100000
vn 0.000000 0.000000 0.100000
vn 0.000000 0.000000 0.100000
vn 0.000000 0.000000 0.100000
vn 0.000000 0.000000 0.100000
vn 0.000000 0.000000 0.100000
vn 0.000000 0.000000 0.100000
vn 0.000000 0.000000 0.100000
vn 0.000000 0.000000 0.100000
vn 0.000000 0.000000 0.100000
vn 0.000000 0.000000 0.100000
vn 0.000000 0.000000 0.100000
vn 0.000000 0.000000 0.100000
vn 0.000000 0.000000 0.100000
vn 0.000000 0.000000 0.100000
vn 0.000000 0.000000 0.100000
vn 0.000000 0.000000 0.100000
vn 0.000000 0.000000 0.100000
vn 0.000000 0.000000 0.100000
vn 0.000000 0.000000 0.100000
vn 0.000000 0.000000 0.100000
vn 0.000000 0.000000 0.100000
vn 0.000000 0.000000 0.100000
vn 0.000000 0.000000 0.100000
vn 0.000000 0.000000 0.100000
vn 0.000000 0.000000 0.100000
vn 0.000000 0.000000 0.100000
vn 0.000000 0.000000 0.100000
vn 0.000000 0.000000 0.100000
vn 0.000000 0.000000 0.100000
vn 0.000000 0.000000 0.100000
vn 0.000000 0.000000 0.100000
vn 0.000000 0.000000 0.100000
vn 0.000000 0.000000 0.100000
vn 0.000000 0.000000 0.100000
vn 0.000000 0.000000 0.100000
vn 0.000000 0.000000 0.100000
vn 0.000000 0.000000 0.100000
vn 0.000000 0.000000 0.100000
vn 0.000000 0.000000 0.100000
vn 0.000000 0.000000 0.100000
vn 0.000000 0.000000 0.100000
vn 0.000000 0.000000 0.100000
vn 0.000000 0.000000 0.100000
vn 0.000000 0.000000 0.100000
vn 0.000000 0.000000 0.100000
vn 0.000000 0.000000 0.100000
vn 0.000000 0.000000 0.100000
vn 0.000000 0.000000 0.100000
vn 0.000000 0.000000 0.100000
vn 0.000000 0.000000 0.100000
vn 0.000000 0.000000 0.100000
vn 0.000000 0.000000 0.100000
vn 0.000000 0.000000 0.100000
vn 0.000000 0.000000 0.100000
vn 0.000000 0.000000 0.100000
vn 0.000000 0.000000 0.100000
vn 0.000000 0.000000 0.100000
vn 0.000000 0.000000 0.100000
vn 0.000000 0.000000 0.100000
vn 0.000000 0.000000 0.100000
vn 0.000000 0.000000 0.100000
vn 0.000000 0.000000 0.100000
vn 0.000000 0.000000 0.100000
vn 0.000000 0.000000 0.100000
vn 0.000000 0.000000 0.100000
vn 0.000000 0.000000 0.100000
vn 0.000000 0.000000 0.100000
vn 0.000000 0.000000 0.100000
vn 0.000000 0.000000 0.100000
vn 0.000000 0.000000 0.100000
vn 0.000000 0.000000 0.100000
vn 0.000000 0.000000 0.100000
vn 0.000000 0.000000 0.100000
vn 0.000000 0.000000 0.100000
vn 0.000000 0.000000 0.100000
vn 0.000000 0.000000 0.100000
vn 0.000000 0.000000 0.100000
vn 0.000000 0.000000 0.100000
vn 0.000000 0.000000 0.100000
vn 0.000000 0.000000 0.100000
vn 0.000000 0.000000 0.100000
vn 0.000000 0.000000 0.100000
vn 0.000000 0.000000 0.100000
vn 0.000000 0.000000 0.100000
vn 0.000000 0.000000 0.100000
vn 0.000000 0.000000 0.100000
vn 0.000000 0.000000 0.100000
vn 0.000000 0.000000 0.100000
vn 0.000000 0.000000 0.100000
vn 0.000000 0.000000 0.100000
vn 0.000000 0.000000 0.100000
vn 0.000000 0.000000 0.100000
vn 0.000000 0.000000 0.100000
vn 0.000000 0.000000 0.100000
vn 0.000000 0.000000 0.100000
vn 0.000000 0.000000 0.100000
vn 0.000000 0.000000 0.100000
vn 0.000000 0.000000 0.100000
vn 0.000000 0.000000 0.100000
vn -0.070711 -0.070711 0.000000
vn -0.070711 -0.070711 0.000000
vn -0.070711 -0.070711 0.000000
vn -0.070711 -0.070711 0.000000
vn -0.100000 0.000000 0.000000
vn -0.100000 0.000000 0.000000
vn -0.100000 0.000000 0.000000
vn -0.100000 0.000000 0.000000
vn -0.100000 0.000000 0.000000
vn -0.100000 0.000000 0.000000
vn -0.100000 0.000000 0.000000
vn -0.100000 0.000000 0.000000
vn 0.070711 -0.070711 0.000000
vn 0.070711 -0.070711 0.000000
vn 0.070711 -0.070711 0.000000
vn 0.070711 -0.070711 0.000000
vn 0.000000 -0.100000 0.000000
vn 0.000000 -0.100000 0.000000
vn 0.000000 -0.100000 0.000000
vn 0.000000 -0.100000 0.000000
vn 0.000000 -0.100000 0.000000
vn 0.000000 -0.100000 0.000000
vn 0.000000 -0.100000 0.000000
vn 0.000000 -0.100000 0.000000
vn 0.000000 0.000000 -0.100000
vn 0.000000 0.000000 -0.100000
vn 0.000000 0.000000 -0.100000
vn 0.000000 0.000000 -0.100000
vn 0.000000 0.000000 -0.100000
vn 0.000000 0.000000 -0.100000
vn 0.000000 0.000000 -0.100000
vn 0.000000 0.000000 -0.100000
vn 0.000000 0.000000 -0.100000
vn 0.000000 0.000000 -0.100000
vn 0.000000 0.000000 -0.100000
vn 0.000000 0.000000 -0.100000
vn 0.000000 0.000000 -0.100000
vn 0.000000 0.000000 -0.100000
vn 0.000000 0.000000 -0.100000
vn 0.000000 0.000000 -0.100000
vn 0.000000 0.000000 -0.100000
vn 0.000000 0.000000 -0.100000
vn 0.000000 0.000000 -0.100000
vn 0.000000 0.000000 -0.100000
vn 0.000000 0.000000 -0.100000
vn 0.000000 0.000000 -0.100000
vn 0.000000 0.000000 -0.100000
vn 0.000000 0.000000 -0.100000
vn 0.000000 0.000000 -0.100000
vn 0.000000 0.000000 -0.100000
vn 0.000000 0.000000 -0.100000
vn 0.000000 0.000000 -0.100000
vn 0.000000 0.000000 -0.100000
vn 0.000000 0.000000 -0.100000
vn 0.000000 0.000000 -0.100000
vn 0.000000 0.000000 -0.100000
vn 0.000000 0.000000 -0.100000
vn 0.000000 0.000000 -0.100000
vn -0.100000 0.000000 0.000000
vn -0.100000 0.000000 0.000000
vn -0.100000 0.000000 0.000000
vn -0.100000 0.000000 0.000000
vn 0.100000 0.000000 -0.000000
vn 0.100000 0.000000 -0.000000
vn 0.100000 0.000000 -0.000000
vn 0.100000 0.000000 -0.000000
vn 0.100000 0.000000 -0.000000
vn 0.100000 0.000000 -0.000000
vn 0.100000 0.000000 -0.000000
vn 0.100000 0.000000 -0.000000
vn 0.000000 0.100000 0.000000
vn 0.000000 0.100000 0.000000
vn 0.000000 0.100000 0.000000
vn 0.000000 0.100000 0.000000
vn 0.000000 0.000000 -0.100000
vn 0.000000 0.000000 -0.100000
vn 0.000000 0.000000 -0.100000
vn 0.000000 0.000000 -0.100000
vn -0.100000 0.000000 0.000000
vn -0.100000 0.000000 0.000000
vn -0.100000 0.000000 0.000000
vn -0.100000 0.000000 0.000000
vn -0.100000 0.000000 0.000000
vn -0.100000 0.000000 0.000000
vn 0.100000 0.000000 0.000000
vn 0.100000 0.000000 0.000000
vn 0.100000 0.000000 0.000000
vn 0.100000 0.000000 0.000000
vn 0.100000 0.000000 0.000000
vn 0.100000 0.000000 0.000000
vn 0.000000 0.000000 -0.100000
vn 0.000000 0.000000 -0.100000
vn 0.000000 0.000000 -0.100000
vn 0.000000 0.000000 -0.100000
vn 0.000000 0.000000 -0.100000
vn 0.000000 0.000000 -0.100000
vn 0.000000 0.000000 -0.100000
vn 0.000000 0.000000 -0.100000
vn 0.000000 0.000000 -0.100000
vn 0.000000 0.000000 -0.100000
vn -0.000000 -0.100000 0.000000
vn -0.000000 -0.100000 0.000000
vn -0.000000 -0.100000 0.000000
vn -0.000000 -0.100000 0.000000
vn -0.000000 -0.100000 0.000000
vn -0.000000 -0.100000 0.000000
vn -0.000000 -0.100000 0.000000
vn -0.000000 -0.100000 0.000000
vn -0.000000 -0.100000 0.000000
vn -0.000000 -0.100000 0.000000
vn -0.000000 -0.100000 0.000000
vn -0.000000 -0.100000 0.000000
vn -0.000000 -0.100000 0.000000
vn -0.000000 -0.100000 0.000000
vn -0.000000 -0.100000 0.000000
vn -0.000000 -0.100000 0.000000
vn -0.000000 -0.100000 0.000000
vn -0.000000 -0.100000 0.000000
vn -0.000000 -0.100000 0.000000
vn -0.000000 -0.100000 0.000000
vn -0.000000 -0.100000 0.000000
vn -0.000000 -0.100000 0.000000
vn -0.000000 -0.100000 0.000000
vn -0.000000 -0.100000 0.000000
vn -0.000000 -0.100000 0.000000
vn -0.000000 -0.100000 0.000000
vn -0.000000 -0.100000 0.000000
vn -0.000000 -0.100000 0.000000
vn -0.000000 -0.100000 0.000000
vn -0.000000 -0.100000 0.000000
vn -0.000000 -0.100000 0.000000
vn -0.000000 -0.100000 0.000000
vn -0.068301 -0.070711 0.018301
vn -0.068301 -0.070711 0.018301
vn -0.070711 -0.070711 -0.000000
vn -0.070711 -0.070711 -0.000000
vn -0.068301 -0.070711 -0.018301
vn -0.068301 -0.070711 -0.018301
vn -0.061237 -0.070711 -0.035355
vn -0.061237 -0.070711 -0.035355
vn -0.050000 -0.070711 -0.050000
vn -0.050000 -0.070711 -0.050000
vn -0.035355 -0.070711 -0.061237
vn -0.035355 -0.070711 -0.061237
vn -0.018301 -0.070711 -0.068301
vn -0.018301 -0.070711 -0.068301
vn 0.000000 -0.070711 -0.070711
vn 0.000000 -0.070711 -0.070711
vn 0.018301 -0.070711 -0.068301
vn 0.018301 -0.070711 -0.068301
vn 0.035355 -0.070711 -0.061237
vn 0.035355 -0.070711 -0.061237
vn 0.050000 -0.070711 -0.050000
vn 0.050000 -0.070711 -0.050000
vn 0.061237 -0.070711 -0.035355
vn 0.061237 -0.070711 -0.035355
vn 0.068301 -0.070711 -0.018301
vn 0.068301 -0.070711 -0.018301
vn 0.070711 -0.070711 -0.000000
vn 0.070711 -0.070711 -0.000000
vn 0.068301 -0.070711 0.018301
vn 0.068301 -0.070711 0.018301
vn 0.061237 -0.070711 0.035355
vn 0.061237 -0.070711 0.035355
vn 0.050000 -0.070711 0.050000
vn 0.050000 -0.070711 0.050000
vn 0.035355 -0.070711 0.061237
vn 0.035355 -0.070711 0.061237
vn 0.018301 -0.070711 0.068301
vn 0.018301 -0.070711 0.068301
vn 0.000000 -0.070711 0.070711
vn 0.000000 -0.070711 0.070711
vn -0.018301 -0.070711 0.068301
vn -0.018301 -0.070711 0.068301
vn -0.035355 -0.070711 0.061237
vn -0.035355 -0.070711 0.061237
vn -0.050000 -0.070711 0.050000
vn -0.050000 -0.070711 0.050000
vn -0.061237 -0.070711 0.035355
vn -0.061237 -0.070711 0.035355
vn -0.068301 -0.070711 0.018301
vn -0.068301 -0.070711 0.018301
vn -0.070711 -0.070711 -0.000000
vn -0.070711 -0.070711 -0.000000
vn -0.068301 -0.070711 -0.018301
vn -0.068301 -0.070711 -0.018301
vn -0.061237 -0.070711 -0.035355
vn -0.061237 -0.070711 -0.035355
vn -0.050000 -0.070711 -0.050000
vn -0.050000 -0.070711 -0.050000
vn -0.035355 -0.070711 -0.061237
vn -0.035355 -0.070711 -0.061237
vn -0.018301 -0.070711 -0.068301
vn -0.018301 -0.070711 -0.068301
vn 0.000000 -0.070711 -0.070711
vn 0.000000 -0.070711 -0.070711
vn 0.018301 -0.070711 -0.068301
vn 0.018301 -0.070711 -0.068301
vn 0.035355 -0.070711 -0.061237
vn 0.035355 -0.070711 -0.061237
vn 0.050000 -0.070711 -0.050000
vn 0.050000 -0.070711 -0.050000
vn 0.061237 -0.070711 -0.035355
vn 0.061237 -0.070711 -0.035355
vn 0.068301 -0.070711 -0.018301
vn 0.068301 -0.070711 -0.018301
vn 0.070711 -0.070711 -0.000000
vn 0.070711 -0.070711 -0.000000
vn 0.068301 -0.070711 0.018301
vn 0.068301 -0.070711 0.018301
vn 0.061237 -0.070711 0.035355
vn 0.061237 -0.070711 0.035355
vn 0.050000 -0.070711 0.050000
vn 0.050000 -0.070711 0.050000
vn 0.035355 -0.070711 0.061237
vn 0.035355 -0.070711 0.061237
vn 0.018301 -0.070711 0.068301
vn 0.018301 -0.070711 0.068301
vn 0.000000 -0.070711 0.070711
vn 0.000000 -0.070711 0.070711
vn -0.018301 -0.070711 0.068301
vn -0.018301 -0.070711 0.068301
vn -0.035355 -0.070711 0.061237
vn -0.035355 -0.070711 0.061237
vn -0.050000 -0.070711 0.050000
vn -0.050000 -0.070711 0.050000
vn -0.061237 -0.070711 0.035355
vn -0.061237 -0.070711 0.035355
vn 0.000000 -0.100000 -0.000000
vn 0.000000 -0.100000 -0.000000
vn 0.000000 -0.100000 -0.000000
vn 0.000000 -0.100000 -0.000000
vn 0.000000 -0.100000 -0.000000
vn 0.000000 -0.100000 -0.000000
vn 0.000000 -0.100000 -0.000000
vn 0.000000 -0.100000 -0.000000
vn 0.000000 -0.100000 -0.000000
vn 0.000000 -0.100000 -0.000000
vn 0.000000 -0.100000 -0.000000
vn 0.000000 -0.100000 -0.000000
vn 0.000000 -0.100000 -0.000000
vn 0.000000 -0.100000 -0.000000
vn 0.000000 -0.100000 -0.000000
vn 0.000000 -0.100000 -0.000000
vn 0.000000 -0.100000 -0.000000
vn 0.000000 -0.100000 -0.000000
vn 0.000000 -0.100000 -0.000000
vn 0.000000 -0.100000 -0.000000
vn 0.000000 -0.100000 -0.000000
vn 0.000000 -0.100000 -0.000000
vn 0.000000 -0.100000 -0.000000
vn 0.000000 -0.100000 -0.000000
vn 0.000000 -0.100000 -0.000000
vn 0.000000 -0.100000 -0.000000
vn 0.000000 -0.100000 -0.000000
vn 0.000000 -0.100000 -0.000000
vn 0.000000 -0.100000 -0.000000
vn 0.000000 -0.100000 -0.000000
vn 0.000000 -0.100000 -0.000000
vn 0.000000 -0.100000 -0.000000
vn 0.000000 -0.100000 -0.000000
vn 0.000000 -0.100000 -0.000000
vn 0.000000 -0.100000 -0.000000
vn 0.000000 -0.100000 -0.000000
vn 0.000000 -0.100000 -0.000000
vn 0.000000 -0.100000 -0.000000
vn 0.000000 -0.100000 -0.000000
vn 0.000000 -0.100000 -0.000000
vn 0.000000 -0.100000 -0.000000
vn 0.000000 -0.100000 -0.000000
vn 0.000000 -0.100000 -0.000000
vn 0.000000 -0.100000 -0.000000
vn 0.000000 -0.100000 -0.000000
vn 0.000000 -0.100000 -0.000000
vn 0.000000 -0.100000 -0.000000
vn 0.000000 -0.100000 -0.000000
vn -0.100000 0.000000 0.000000
vn -0.100000 0.000000 0.000000
vn -0.100000 0.000000 0.000000
vn -0.100000 0.000000 0.000000
vn -0.100000 0.000000 0.000000
vn -0.100000 0.000000 0.000000
vn -0.100000 0.000000 0.000000
vn -0.100000 0.000000 0.000000
vn 0.100000 0.000000 0.000000
vn 0.100000 0.000000 0.000000
vn 0.100000 0.000000 0.000000
vn 0.100000 0.000000 0.000000
vn 0.100000 0.000000 0.000000
vn 0.100000 0.000000 0.000000
vn 0.100000 0.000000 0.000000
vn 0.100000 0.000000 0.000000
vn 0.057735 -0.057735 -0.057735
vn 0.057735 -0.057735 -0.057735
vn 0.057735 -0.057735 -0.057735
vn 0.000000 -0.070711 -0.070711
vn 0.000000 -0.070711 -0.070711
vn 0.000000 -0.070711 -0.070711
vn 0.000000 -0.070711 -0.070711
vn 0.070711 0.000000 -0.070711
vn 0.070711 0.000000 -0.070711
vn 0.070711 0.000000 -0.070711
vn 0.070711 0.000000 -0.070711
vn 0.070711 -0.070711 0.000000
vn 0.070711 -0.070711 0.000000
vn 0.070711 -0.070711 0.000000
vn 0.070711 -0.070711 0.000000
vn 0.000000 -0.100000 0.000000
vn 0.000000 -0.100000 0.000000
vn 0.000000 -0.100000 0.000000
vn 0.000000 -0.100000 0.000000
vn 0.000000 -0.100000 0.000000
vn 0.000000 -0.100000 0.000000
vn 0.000000 0.000000 0.100000
vn 0.000000 0.000000 0.100000
vn 0.000000 0.000000 0.100000
vn 0.000000 0.000000 0.100000
vn 0.000000 0.000000 0.100000
vn 0.100000 0.000000 0.000000
vn 0.100000 0.000000 0.000000
vn 0.100000 0.000000 0.000000
vn 0.100000 0.000000 0.000000
vn 0.100000 0.000000 0.000000
vn 0.100000 0.000000 0.000000
vn 0.100000 0.000000 0.000000
vn 0.100000 0.000000 0.000000
vn -0.057735 -0.057735 -0.057735
vn -0.057735 -0.057735 -0.057735
vn -0.057735 -0.057735 -0.057735
vn -0.070711 0.000000 -0.070711
vn -0.070711 0.000000 -0.070711
vn -0.070711 0.000000 -0.070711
vn -0.070711 0.000000 -0.070711
vn 0.000000 -0.070711 -0.070711
vn 0.000000 -0.070711 -0.070711
vn 0.000000 -0.070711 -0.070711
vn 0.000000 -0.070711 -0.070711
vn -0.070711 -0.070711 0.000000
vn -0.070711 -0.070711 0.000000
vn -0.070711 -0.070711 0.000000
vn -0.070711 -0.070711 0.000000
vn 0.000000 0.000000 0.100000
vn 0.000000 0.000000 0.100000
vn 0.000000 0.000000 0.100000
vn 0.000000 0.000000 0.100000
vn 0.000000 0.000000 0.100000
vn 0.000000 -0.100000 0.000000
vn 0.000000 -0.100000 0.000000
vn 0.000000 -0.100000 0.000000
vn 0.000000 -0.100000 0.000000
vn 0.000000 -0.100000 0.000000
vn 0.000000 -0.100000 0.000000
vn 0.047372 -0.088067 0.000000
vn 0.047372 -0.088067 0.000000
vn 0.047372 -0.088067 0.000000
vn 0.047372 -0.088067 0.000000
vn 0.100000 -0.000000 0.000000
vn 0.100000 -0.000000 0.000000
vn 0.100000 -0.000000 0.000000
vn 0.100000 -0.000000 0.000000
vn 0.000000 0.100000 0.000000
vn 0.000000 0.100000 0.000000
vn 0.000000 0.100000 0.000000
vn 0.000000 0.100000 0.000000
vn -0.100000 0.000000 0.000000
vn -0.100000 0.000000 0.000000
vn -0.100000 0.000000 0.000000
vn -0.100000 0.000000 0.000000
vn -0.067309 -0.073956 0.000000
vn -0.067309 -0.073956 0.000000
vn -0.067309 -0.073956 0.000000
vn -0.067309 -0.073956 0.000000
vn 0.000000 -0.100000 0.000000
vn 0.000000 -0.100000 0.000000
vn 0.000000 -0.100000 0.000000
vn 0.000000 -0.100000 0.000000
vn 0.067309 -0.073956 0.000000
vn 0.067309 -0.073956 0.000000
vn 0.067309 -0.073956 0.000000
vn 0.067309 -0.073956 0.000000
vn 0.100000 0.000000 0.000000
vn 0.100000 0.000000 0.000000
vn 0.100000 0.000000 0.000000
vn 0.100000 0.000000 0.000000
vn 0.000000 0.100000 0.000000
vn 0.000000 0.100000 0.000000
vn 0.000000 0.100000 0.000000
vn 0.000000 0.100000 0.000000
vn -0.100000 0.000000 0.000000
vn -0.100000 0.000000 0.000000
vn -0.100000 0.000000 0.000000
vn -0.100000 0.000000 0.000000
vn -0.037375 -0.092753 0.000000
vn -0.037375 -0.092753 0.000000
vn -0.037375 -0.092753 0.000000
vn -0.037375 -0.092753 0.000000
vn -0.000000 -0.100000 0.000000
vn -0.000000 -0.100000 0.000000
vn -0.000000 -0.100000 0.000000
vn -0.000000 -0.100000 0.000000
vn -0.067309 0.073956 0.000000
vn -0.067309 0.073956 0.000000
vn -0.067309 0.073956 0.000000
vn -0.067309 0.073956 0.000000
vn 0.100000 0.000000 0.000000
vn 0.100000 0.000000 0.000000
vn 0.100000 0.000000 0.000000
vn 0.100000 0.000000 0.000000
vn 0.097551 0.021995 0.000000
vn 0.097551 0.021995 0.000000
vn 0.097551 0.021995 0.000000
vn 0.097551 0.021995 0.000000
vn -0.100000 -0.000000 0.000000
vn -0.100000 -0.000000 0.000000
vn -0.100000 -0.000000 0.000000
vn -0.100000 -0.000000 0.000000
vn -0.000000 0.100000 0.000000
vn -0.000000 0.100000 0.000000
vn -0.000000 0.100000 0.000000
vn -0.000000 0.100000 0.000000
vn 0.100000 0.000000 0.000000
vn 0.100000 0.000000 0.000000
vn 0.100000 0.000000 0.000000
vn 0.100000 0.000000 0.000000
vn 0.000000 0.100000 0.000000
vn 0.000000 0.100000 0.000000
vn 0.000000 0.100000 0.000000
vn 0.000000 0.100000 0.000000
vn -0.100000 0.000000 0.000000
vn -0.100000 0.000000 0.000000
vn -0.100000 0.000000 0.000000
vn -0.100000 0.000000 0.000000
vn 0.000000 0.100000 0.000000
vn 0.000000 0.100000 0.000000
vn 0.000000 0.100000 0.000000
vn 0.000000 0.100000 0.000000
vn 0.100000 0.000000 0.000000
vn 0.100000 0.000000 0.000000
vn 0.100000 0.000000 0.000000
vn 0.100000 0.000000 0.000000
vn -0.094800 0.031827 0.000000
vn -0.094800 0.031827 0.000000
vn -0.094800 0.031827 0.000000
vn -0.094800 0.031827 0.000000
vn -0.100000 0.000000 0.000000
vn -0.100000 0.000000 0.000000
vn -0.100000 0.000000 0.000000
vn -0.100000 0.000000 0.000000
vn 0.067309 0.073956 0.000000
vn 0.067309 0.073956 0.000000
vn 0.067309 0.073956 0.000000
vn 0.067309 0.073956 0.000000
vn 0.000000 -0.100000 0.000000
vn 0.000000 -0.100000 0.000000
vn 0.000000 -0.100000 0.000000
vn 0.000000 -0.100000 0.000000
vn 0.100000 0.000000 0.000000
vn 0.098769 -0.015643 0.000000
vn 0.100000 0.000000 0.000000
vn 0.098769 -0.015643 0.000000
vn 0.100000 0.000000 0.000000
vn 0.095106 -0.030902 0.000000
vn 0.095106 -0.030902 0.000000
vn 0.089101 -0.045399 0.000000
vn 0.089101 -0.045399 0.000000
vn 0.080902 -0.058779 0.000000
vn 0.080902 -0.058779 0.000000
vn 0.070711 -0.070711 0.000000
vn 0.070711 -0.070711 0.000000
vn 0.058779 -0.080902 0.000000
vn 0.058779 -0.080902 0.000000
vn 0.045399 -0.089101 0.000000
vn 0.045399 -0.089101 0.000000
vn 0.030902 -0.095106 0.000000
vn 0.030902 -0.095106 0.000000
vn 0.015643 -0.098769 0.000000
vn 0.015643 -0.098769 0.000000
vn 0.000000 0.000000 -0.100000
vn 0.000000 0.000000 -0.100000
vn 0.000000 0.000000 -0.100000
vn 0.000000 0.000000 -0.100000
vn 0.000000 0.000000 -0.100000
vn 0.000000 0.000000 -0.100000
vn 0.000000 0.000000 -0.100000
vn 0.000000 0.000000 -0.100000
vn 0.000000 0.000000 -0.100000
vn 0.000000 0.000000 -0.100000
vn 0.000000 0.000000 -0.100000
vn 0.000000 0.000000 -0.100000
vn 0.000000 0.000000 -0.100000
vn 0.000000 0.000000 -0.100000
vn -0.100000 0.000000 0.000000
vn -0.098769 -0.015643 0.000000
vn -0.100000 0.000000 0.000000
vn -0.098769 -0.015643 0.000000
vn -0.100000 0.000000 0.000000
vn -0.095106 -0.030902 0.000000
vn -0.095106 -0.030902 0.000000
vn -0.089101 -0.045399 0.000000
vn -0.089101 -0.045399 0.000000
vn -0.080902 -0.058779 0.000000
vn -0.080902 -0.058779 0.000000
vn -0.070711 -0.070711 0.000000
vn -0.070711 -0.070711 0.000000
vn -0.058779 -0.080902 0.000000
vn -0.058779 -0.080902 0.000000
vn -0.045399 -0.089101 0.000000
vn -0.045399 -0.089101 0.000000
vn -0.030902 -0.095106 0.000000
vn -0.030902 -0.095106 0.000000
vn -0.015643 -0.098769 0.000000
vn -0.015643 -0.098769 0.000000
vn 0.000000 -0.100000 0.000000
vn 0.000000 -0.100000 0.000000
vn 0.000000 -0.100000 0.000000
vn 0.000000 -0.100000 0.000000
vn 0.000000 -0.100000 0.000000
vn 0.000000 -0.100000 0.000000
vn 0.000000 -0.100000 0.000000
vn 0.000000 -0.100000 0.000000
vn 0.000000 0.000000 -0.100000
vn 0.000000 0.000000 -0.100000
vn 0.000000 0.000000 -0.100000
vn 0.000000 0.000000 -0.100000
vn 0.000000 0.000000 -0.100000
vn 0.000000 0.000000 -0.100000
vn 0.000000 0.000000 -0.100000
vn 0.000000 0.000000 -0.100000
vn 0.000000 0.000000 -0.100000
vn 0.000000 0.000000 -0.100000
vn 0.000000 0.000000 -0.100000
vn 0.000000 0.000000 -0.100000
vn 0.000000 0.000000 -0.100000
vn 0.000000 0.000000 -0.100000
vn -0.100000 0.000000 0.000000
vn -0.100000 0.000000 0.000000
vn -0.100000 0.000000 0.000000
vn -0.100000 0.000000 0.000000
vn -0.072534 0.068839 0.000000
vn -0.072534 0.068839 0.000000
vn -0.072534 0.068839 0.000000
vn -0.072534 0.068839 0.000000
vn 0.068301 -0.070711 0.018301
vn 0.068301 -0.070711 0.018301
vn 0.070711 -0.070711 -0.000000
vn 0.070711 -0.070711 -0.000000
vn 0.068301 -0.070711 -0.018301
vn 0.068301 -0.070711 -0.018301
vn 0.061237 -0.070711 -0.035355
vn 0.061237 -0.070711 -0.035355
vn 0.050000 -0.070711 -0.050000
vn 0.050000 -0.070711 -0.050000
vn 0.035355 -0.070711 -0.061237
vn 0.035355 -0.070711 -0.061237
vn 0.018301 -0.070711 -0.068301
vn 0.018301 -0.070711 -0.068301
vn -0.000000 -0.070711 -0.070711
vn -0.000000 -0.070711 -0.070711
vn -0.018301 -0.070711 -0.068301
vn -0.018301 -0.070711 -0.068301
vn -0.035355 -0.070711 -0.061237
vn -0.035355 -0.070711 -0.061237
vn -0.050000 -0.070711 -0.050000
vn -0.050000 -0.070711 -0.050000
vn -0.061237 -0.070711 -0.035355
vn -0.061237 -0.070711 -0.035355
vn -0.068301 -0.070711 -0.018301
vn -0.068301 -0.070711 -0.018301
vn -0.070711 -0.070711 0.000000
vn -0.070711 -0.070711 0.000000
vn -0.068301 -0.070711 0.018301
vn -0.068301 -0.070711 0.018301
vn -0.061237 -0.070711 0.035355
vn -0.061237 -0.070711 0.035355
vn -0.050000 -0.070711 0.050000
vn -0.050000 -0.070711 0.050000
vn -0.035355 -0.070711 0.061237
vn -0.035355 -0.070711 0.061237
vn -0.018301 -0.070711 0.068301
vn -0.018301 -0.070711 0.068301
vn 0.000000 -0.070711 0.070711
vn 0.000000 -0.070711 0.070711
vn 0.018301 -0.070711 0.068301
vn 0.018301 -0.070711 0.068301
vn 0.035355 -0.070711 0.061237
vn 0.035355 -0.070711 0.061237
vn 0.050000 -0.070711 0.050000
vn 0.050000 -0.070711 0.050000
vn 0.061237 -0.070711 0.035355
vn 0.061237 -0.070711 0.035355
vn 0.000000 -0.100000 0.000000
vn 0.000000 -0.100000 0.000000
vn 0.000000 -0.100000 0.000000
vn 0.000000 -0.100000 0.000000
vn 0.000000 -0.100000 0.000000
vn 0.000000 -0.100000 0.000000
vn 0.000000 -0.100000 0.000000
vn 0.000000 -0.100000 0.000000
vn 0.000000 -0.100000 0.000000
vn 0.000000 -0.100000 0.000000
vn 0.000000 -0.100000 0.000000
vn 0.000000 -0.100000 0.000000
vn 0.000000 -0.100000 0.000000
vn 0.000000 -0.100000 0.000000
vn 0.000000 -0.100000 0.000000
vn 0.000000 -0.100000 0.000000
vn 0.000000 -0.100000 0.000000
vn 0.000000 -0.100000 0.000000
vn 0.000000 -0.100000 0.000000
vn 0.000000 -0.100000 0.000000
vn 0.000000 -0.100000 0.000000
vn 0.000000 -0.100000 0.000000
vn 0.000000 -0.100000 0.000000
vn 0.000000 -0.100000 0.000000
vn 0.100000 0.000000 -0.000000
vn 0.100000 0.000000 -0.000000
vn 0.100000 0.000000 -0.000000
vn 0.100000 0.000000 -0.000000
vn 0.072534 0.068839 -0.000000
vn 0.072534 0.068839 -0.000000
vn 0.072534 0.068839 -0.000000
vn 0.072534 0.068839 -0.000000
vn -0.100000 0.000000 0.000000
vn -0.100000 0.000000 0.000000
vn -0.100000 0.000000 0.000000
vn -0.100000 0.000000 0.000000
vn -0.070711 0.000000 0.070711
vn -0.070711 0.000000 0.070711
vn -0.070711 0.000000 0.070711
vn -0.070711 0.000000 0.070711
vn 0.070711 0.000000 0.070711
vn 0.070711 0.000000 0.070711
vn 0.070711 0.000000 0.070711
vn 0.070711 0.000000 0.070711
vn 0.000000 0.000000 -0.100000
vn 0.000000 0.000000 -0.100000
vn 0.000000 0.000000 -0.100000
vn 0.000000 0.000000 -0.100000
vn -0.100000 0.000000 0.000000
vn -0.100000 0.000000 0.000000
vn -0.100000 0.000000 0.000000
vn -0.100000 0.000000 0.000000
vn -0.100000 0.000000 0.000000
vn -0.100000 0.000000 0.000000
vn 0.000000 0.100000 0.000000
vn 0.000000 0.100000 0.000000
vn 0.000000 0.100000 0.000000
vn 0.000000 0.100000 0.000000
vn -0.100000 0.000000 0.000000
vn -0.100000 0.000000 0.000000
vn -0.100000 0.000000 0.000000
vn -0.100000 0.000000 0.000000
vn 0.000000 0.000000 -0.100000
vn 0.000000 0.000000 -0.100000
vn 0.000000 0.000000 -0.100000
vn 0.000000 0.000000 -0.100000
vn 0.000000 0.100000 0.000000
vn 0.000000 0.100000 0.000000
vn 0.000000 0.100000 0.000000
vn 0.000000 0.100000 0.000000
vn 0.100000 0.000000 0.000000
vn 0.100000 0.000000 0.000000
vn 0.100000 0.000000 0.000000
vn 0.100000 0.000000 0.000000
vn 0.100000 0.000000 0.000000
vn 0.100000 0.000000 0.000000
vn -0.100000 0.000000 0.000000
vn -0.100000 0.000000 0.000000
vn -0.100000 0.000000 0.000000
vn -0.100000 0.000000 0.000000
vn -0.100000 0.000000 0.000000
vn -0.100000 0.000000 0.000000
vn 0.100000 -0.000000 0.000000
vn 0.100000 -0.000000 0.000000
vn 0.100000 -0.000000 0.000000
vn 0.100000 -0.000000 0.000000
vn 0.100000 -0.000000 0.000000
vn 0.100000 -0.000000 0.000000
vn 0.070711 -0.070711 0.000000
vn 0.070711 -0.070711 0.000000
vn 0.070711 -0.070711 0.000000
vn 0.070711 -0.070711 0.000000
vn 0.070711 -0.070711 0.000000
vn 0.070711 -0.070711 0.000000
vn 0.070711 -0.070711 0.000000
vn 0.070711 -0.070711 0.000000
vn 0.100000 0.000000 0.000000
vn 0.100000 0.000000 0.000000
vn 0.100000 0.000000 0.000000
vn 0.100000 0.000000 0.000000
vn 0.000000 0.000000 -0.100000
vn 0.000000 0.000000 -0.100000
vn 0.000000 0.000000 -0.100000
vn 0.000000 0.000000 -0.100000
vn 0.000000 0.000000 -0.100000
vn 0.000000 0.000000 -0.100000
vn 0.000000 0.000000 -0.100000
vn 0.000000 0.000000 -0.100000
vn 0.000000 0.000000 -0.100000
vn 0.000000 0.000000 -0.100000
vn 0.000000 0.000000 -0.100000
vn 0.000000 0.000000 -0.100000
vn 0.000000 0.000000 -0.100000
vn 0.000000 0.000000 -0.100000
vn 0.000000 0.000000 -0.100000
vn 0.000000 0.000000 -0.100000
vn 0.000000 0.000000 -0.100000
vn 0.000000 0.000000 -0.100000
vn 0.000000 0.000000 -0.100000
vn 0.000000 0.000000 -0.100000
vn 0.000000 -0.100000 0.000000
vn 0.000000 -0.100000 0.000000
vn 0.000000 -0.100000 0.000000
vn 0.000000 -0.100000 0.000000
vn 0.000000 -0.100000 0.000000
vn 0.000000 -0.100000 0.000000
vn 0.000000 -0.100000 0.000000
vn 0.000000 -0.100000 0.000000
vn -0.100000 0.000000 -0.000000
vn -0.100000 0.000000 -0.000000
vn -0.100000 0.000000 -0.000000
vn -0.100000 0.000000 -0.000000
vn 0.000000 0.100000 0.000000
vn 0.000000 0.100000 0.000000
vn 0.000000 0.100000 0.000000
vn 0.000000 0.100000 0.000000
vn 0.000000 0.100000 0.000000
vn 0.000000 0.100000 0.000000
vn 0.000000 0.100000 0.000000
vn 0.000000 0.100000 0.000000
vn 0.000000 0.100000 0.000000
vn 0.000000 0.100000 0.000000
vn 0.000000 0.100000 0.000000
vn 0.000000 0.100000 0.000000
vn 0.000000 0.100000 0.000000
vn 0.000000 0.100000 0.000000
vn 0.000000 0.100000 0.000000
vn 0.000000 0.100000 0.000000
vn 0.000000 0.100000 0.000000
vn 0.000000 0.100000 0.000000
vn 0.000000 0.100000 0.000000
vn 0.000000 0.100000 0.000000
vn 0.000000 0.100000 0.000000
vn 0.000000 0.100000 0.000000
vn 0.000000 0.100000 0.000000
vn 0.000000 0.100000 0.000000
vn 0.000000 0.100000 0.000000
vn 0.000000 0.100000 0.000000
vn 0.000000 0.100000 0.000000
vn 0.000000 0.100000 0.000000
vn 0.000000 0.100000 0.000000
vn 0.000000 0.100000 0.000000
vn 0.000000 0.100000 0.000000
vn 0.000000 0.100000 0.000000
vn 0.000000 0.100000 0.000000
vn 0.000000 0.100000 0.000000
vn 0.000000 0.100000 0.000000
vn 0.000000 0.100000 0.000000
vn 0.000000 0.100000 0.000000
vn 0.000000 0.100000 0.000000
vn 0.000000 0.100000 0.000000
vn 0.000000 0.100000 0.000000
vn 0.000000 0.100000 0.000000
vn 0.000000 0.100000 0.000000
vn 0.000000 0.100000 0.000000
vn 0.000000 0.100000 0.000000
vn 0.000000 0.100000 0.000000
vn 0.000000 0.100000 0.000000
vn 0.000000 0.100000 0.000000
vn 0.000000 0.100000 0.000000
vn 0.000000 0.100000 0.000000
vn 0.000000 0.100000 0.000000
vn 0.000000 0.100000 0.000000
vn 0.000000 0.100000 0.000000
vn 0.000000 0.100000 0.000000
vn 0.000000 0.100000 0.000000
vn 0.000000 0.100000 0.000000
vn 0.000000 0.100000 0.000000
vn 0.000000 0.100000 0.000000
vn 0.000000 0.100000 0.000000
vn 0.000000 0.100000 0.000000
vn 0.000000 0.100000 0.000000
vn 0.000000 0.100000 0.000000
vn 0.000000 0.100000 0.000000
vn 0.000000 0.100000 0.000000
vn 0.000000 0.100000 0.000000
vn 0.000000 0.100000 0.000000
vn 0.000000 0.100000 0.000000
vn 0.000000 0.100000 0.000000
vn 0.000000 0.100000 0.000000
vn 0.000000 0.100000 0.000000
vn 0.000000 0.100000 0.000000
vn 0.000000 0.100000 0.000000
vn 0.000000 0.100000 0.000000
vn 0.100000 0.000000 0.000000
vn 0.100000 0.000000 0.000000
vn 0.100000 0.000000 0.000000
vn 0.100000 0.000000 0.000000
vn 0.000000 0.100000 0.000000
vn 0.000000 0.100000 0.000000
vn 0.000000 0.100000 0.000000
vn 0.000000 0.100000 0.000000
vn -0.000000 0.100000 0.000000
vn -0.000000 0.100000 0.000000
vn -0.000000 0.100000 0.000000
vn -0.000000 0.100000 0.000000
vn -0.070711 -0.070711 0.000000
vn -0.070711 -0.070711 0.000000
vn -0.070711 -0.070711 0.000000
vn -0.070711 -0.070711 0.000000
vn -0.070711 -0.070711 0.000000
vn -0.070711 -0.070711 0.000000
vn -0.070711 -0.070711 0.000000
vn -0.070711 -0.070711 0.000000
vn 0.000000 0.000000 -0.100000
vn 0.000000 0.000000 -0.100000
vn 0.000000 0.000000 -0.100000
vn 0.000000 0.000000 -0.100000
vn 0.000000 0.000000 -0.100000
vn 0.000000 0.000000 -0.100000
vn 0.000000 0.000000 -0.100000
vn 0.000000 0.000000 -0.100000
vn 0.000000 0.000000 -0.100000
vn 0.000000 0.000000 -0.100000
vn 0.000000 0.000000 -0.100000
vn 0.000000 0.000000 -0.100000
vn 0.000000 0.000000 -0.100000
vn 0.000000 0.000000 -0.100000
vn 0.000000 0.000000 -0.100000
vn 0.000000 0.000000 -0.100000
vn 0.000000 0.000000 -0.100000
vn 0.000000 0.000000 -0.100000
vn 0.000000 0.000000 -0.100000
vn 0.000000 0.000000 -0.100000
vn 0.000000 0.000000 -0.100000
vn 0.000000 0.000000 -0.100000
vn 0.000000 0.000000 -0.100000
vn 0.000000 0.000000 -0.100000
vn 0.000000 0.000000 -0.100000
vn 0.000000 0.000000 -0.100000
vn 0.000000 0.000000 -0.100000
vn 0.000000 0.000000 -0.100000
vn 0.000000 0.000000 -0.100000
vn 0.000000 0.000000 -0.100000
vn 0.000000 0.000000 -0.100000
vn 0.000000 0.000000 -0.100000
vn 0.000000 0.000000 -0.100000
vn 0.000000 0.000000 -0.100000
vn 0.000000 0.000000 -0.100000
vn 0.000000 0.000000 -0.100000
vn 0.000000 0.000000 -0.100000
vn 0.000000 0.000000 -0.100000
vn 0.000000 0.000000 -0.100000
vn 0.000000 0.000000 -0.100000
vn 0.000000 0.000000 -0.100000
vn 0.000000 0.000000 -0.100000
vn 0.000000 0.000000 -0.100000
vn 0.000000 0.000000 -0.100000
vn 0.000000 0.000000 -0.100000
vn 0.000000 0.000000 -0.100000
vn 0.000000 0.000000 -0.100000
vn 0.000000 0.000000 -0.100000
vn 0.000000 0.000000 -0.100000
vn 0.000000 0.000000 -0.100000
vn 0.000000 0.000000 -0.100000
vn 0.000000 0.000000 -0.100000
vn 0.000000 0.000000 -0.100000
vn 0.000000 0.000000 -0.100000
vn 0.000000 0.000000 -0.100000
vn 0.000000 0.000000 -0.100000
vn 0.000000 0.000000 -0.100000
vn 0.000000 0.000000 -0.100000
vn 0.000000 0.000000 -0.100000
vn 0.000000 0.000000 -0.100000
vn 0.000000 0.000000 -0.100000
vn 0.000000 0.000000 -0.100000
vn 0.000000 0.000000 -0.100000
vn 0.000000 0.000000 -0.100000
vn 0.000000 0.000000 -0.100000
vn 0.000000 0.000000 -0.100000
vn 0.000000 0.000000 -0.100000
vn 0.000000 0.000000 -0.100000
vn 0.000000 0.000000 -0.100000
vn 0.000000 0.000000 -0.100000
vn 0.000000 0.000000 -0.100000
vn 0.000000 0.000000 -0.100000
vn 0.000000 0.000000 -0.100000
vn 0.000000 0.000000 -0.100000
vn 0.000000 0.000000 -0.100000
vn 0.000000 0.000000 -0.100000
vn 0.000000 0.000000 -0.100000
vn 0.000000 0.000000 -0.100000
vn 0.000000 0.000000 -0.100000
vn 0.000000 0.000000 -0.100000
vn 0.000000 0.000000 -0.100000
vn 0.000000 0.000000 -0.100000
vn 0.000000 0.000000 -0.100000
vn 0.000000 0.000000 -0.100000
vn 0.000000 0.000000 -0.100000
vn 0.000000 0.000000 -0.100000
vn 0.000000 0.000000 -0.100000
vn 0.000000 0.000000 -0.100000
vn 0.000000 0.000000 -0.100000
vn 0.000000 0.000000 -0.100000
vn 0.000000 0.000000 -0.100000
vn 0.000000 0.000000 -0.100000
vn 0.000000 0.000000 -0.100000
vn 0.000000 0.000000 -0.100000
vn 0.000000 0.000000 -0.100000
vn 0.000000 0.000000 -0.100000
vn 0.000000 0.000000 -0.100000
vn 0.000000 0.000000 -0.100000
vn 0.000000 0.000000 -0.100000
vn 0.000000 0.000000 -0.100000
vn 0.000000 0.000000 -0.100000
vn 0.000000 0.000000 -0.100000
vn 0.000000 0.000000 -0.100000
vn 0.000000 0.000000 -0.100000
vn 0.000000 0.000000 -0.100000
vn 0.000000 0.000000 -0.100000
vn 0.000000 0.000000 -0.100000
vn 0.000000 0.000000 -0.100000
vn 0.000000 0.000000 -0.100000
vn 0.000000 0.000000 -0.100000
vn 0.000000 0.000000 -0.100000
vn 0.000000 0.000000 -0.100000
vn 0.000000 0.000000 -0.100000
vn 0.000000 0.000000 -0.100000
vn 0.000000 0.000000 -0.100000
vn 0.000000 0.000000 -0.100000
vn 0.000000 0.000000 -0.100000
vn 0.000000 0.000000 -0.100000
vn 0.000000 0.000000 -0.100000
vn 0.000000 0.000000 -0.100000
vn 0.000000 0.000000 -0.100000
vn 0.000000 0.000000 -0.100000
vn 0.000000 0.000000 -0.100000
vn 0.000000 0.000000 -0.100000
vn 0.000000 0.000000 -0.100000
vn 0.000000 0.000000 -0.100000
vn 0.000000 0.000000 -0.100000
vn 0.000000 0.000000 -0.100000
vn 0.000000 0.000000 -0.100000
vn 0.000000 0.000000 -0.100000
vn 0.000000 0.000000 -0.100000
vn 0.000000 0.000000 -0.100000
vn 0.000000 0.000000 -0.100000
vn 0.000000 0.000000 -0.100000
vn 0.000000 0.000000 -0.100000
vn 0.000000 0.000000 -0.100000
vn 0.000000 0.000000 -0.100000
vn 0.000000 0.000000 -0.100000
vn 0.000000 0.000000 -0.100000
vn 0.000000 0.000000 -0.100000
vn 0.000000 0.000000 -0.100000
vn 0.000000 0.000000 -0.100000
vn 0.000000 0.000000 -0.100000
vn 0.000000 0.000000 -0.100000
vn 0.000000 0.000000 -0.100000
vn 0.000000 0.000000 -0.100000
vn 0.000000 0.000000 -0.100000
vn 0.000000 0.000000 -0.100000
vn 0.000000 0.000000 -0.100000
vn 0.000000 0.000000 -0.100000
vn 0.000000 0.000000 -0.100000
vn 0.000000 0.000000 -0.100000
vn 0.000000 0.000000 -0.100000
vn 0.000000 0.000000 -0.100000
vn 0.000000 0.000000 -0.100000
vn 0.000000 0.000000 -0.100000
vn 0.000000 0.000000 -0.100000
vn 0.000000 0.000000 -0.100000
vn 0.000000 0.000000 -0.100000
vn 0.000000 0.000000 -0.100000
vn 0.000000 0.000000 -0.100000
vn 0.000000 0.000000 -0.100000
vn 0.000000 0.000000 -0.100000
vn 0.000000 0.000000 -0.100000
vn 0.000000 0.000000 -0.100000
vn 0.000000 0.000000 -0.100000
vn 0.000000 0.000000 -0.100000
vn 0.000000 0.000000 -0.100000
vn 0.000000 0.000000 -0.100000
vn 0.000000 0.000000 -0.100000
vn 0.000000 0.000000 -0.100000
vn 0.000000 0.000000 -0.100000
vn 0.000000 0.000000 -0.100000
vn 0.000000 0.000000 -0.100000
vn 0.000000 0.000000 -0.100000
vn 0.000000 0.000000 -0.100000
vn 0.000000 0.000000 -0.100000
vn 0.000000 0.000000 -0.100000
vn 0.000000 0.000000 -0.100000
vn 0.000000 0.000000 -0.100000
vn 0.000000 0.000000 -0.100000
vn 0.000000 0.000000 -0.100000
vn 0.000000 0.000000 -0.100000
vn 0.000000 0.000000 -0.100000
vn 0.000000 0.000000 -0.100000
vn 0.000000 0.000000 -0.100000
vn 0.000000 0.000000 -0.100000
vn 0.000000 0.000000 -0.100000
vn 0.000000 0.000000 -0.100000
vn 0.000000 0.000000 -0.100000
vn 0.000000 0.000000 -0.100000
vn 0.000000 0.000000 -0.100000
vn 0.000000 0.000000 -0.100000
vn 0.000000 0.000000 -0.100000
vn 0.000000 0.000000 -0.100000
vn 0.000000 0.000000 -0.100000
vn 0.000000 0.000000 -0.100000
vn 0.000000 0.000000 -0.100000
vn 0.000000 0.000000 -0.100000
vn 0.000000 0.000000 -0.100000
vn 0.000000 0.000000 -0.100000
vn 0.000000 0.000000 -0.100000
vn 0.000000 0.000000 -0.100000
vn 0.000000 0.000000 -0.100000
vn 0.000000 0.000000 -0.100000
vn 0.000000 0.000000 -0.100000
vn 0.000000 0.000000 -0.100000
vn 0.000000 0.000000 -0.100000
vn 0.000000 0.000000 -0.100000
vn 0.000000 0.000000 -0.100000
vn 0.000000 0.000000 -0.100000
vn 0.000000 0.000000 -0.100000
vn 0.000000 0.000000 -0.100000
vn 0.000000 0.000000 -0.100000
vn 0.000000 0.000000 -0.100000
vn 0.000000 0.000000 -0.100000
vn 0.000000 0.000000 -0.100000
vn 0.000000 0.000000 -0.100000
vn 0.000000 0.000000 -0.100000
vn 0.000000 0.000000 -0.100000
vn 0.000000 0.000000 -0.100000
vn 0.000000 0.000000 -0.100000
vn 0.000000 0.000000 -0.100000
vn 0.000000 0.000000 -0.100000
vn 0.000000 0.000000 -0.100000
vn 0.000000 0.000000 -0.100000
vn 0.000000 0.000000 -0.100000
vn 0.000000 0.000000 -0.100000
vn 0.000000 0.000000 -0.100000
vn 0.000000 0.000000 -0.100000
vn 0.000000 0.000000 -0.100000
vn 0.000000 0.000000 -0.100000
vn 0.000000 0.000000 -0.100000
vn 0.000000 0.000000 -0.100000
vn 0.000000 0.000000 -0.100000
vn 0.000000 0.000000 -0.100000
vn 0.000000 0.000000 -0.100000
vn 0.000000 0.000000 -0.100000
vn 0.000000 0.000000 -0.100000
vn 0.000000 0.000000 -0.100000
vn 0.000000 0.000000 -0.100000
vn 0.000000 0.000000 -0.100000
vn 0.000000 0.000000 -0.100000
vn 0.000000 0.000000 -0.100000
vn 0.000000 0.000000 -0.100000
vn 0.000000 0.000000 -0.100000
vn 0.000000 0.000000 -0.100000
vn 0.000000 0.000000 -0.100000
vn 0.000000 0.000000 -0.100000
vn 0.000000 0.000000 -0.100000
vn 0.000000 0.000000 -0.100000
vn 0.000000 0.000000 -0.100000
vn 0.000000 0.000000 -0.100000
vn 0.000000 0.000000 -0.100000
vn 0.000000 0.000000 -0.100000
vn 0.000000 0.000000 -0.100000
vn 0.000000 0.000000 -0.100000
vn 0.000000 0.000000 -0.100000
vn 0.000000 0.000000 -0.100000
vn 0.000000 0.000000 -0.100000
vn 0.000000 0.000000 -0.100000
vn 0.000000 0.000000 -0.100000
vn 0.000000 0.000000 -0.100000
vn 0.000000 0.000000 -0.100000
vn 0.000000 0.000000 -0.100000
vn 0.000000 0.000000 -0.100000
vn 0.000000 0.000000 -0.100000
vn 0.000000 0.000000 -0.100000
vn 0.000000 0.000000 -0.100000
vn 0.000000 0.000000 -0.100000
vn 0.000000 0.000000 -0.100000
vn 0.000000 0.000000 -0.100000
vn 0.000000 0.000000 -0.100000
vn 0.000000 0.000000 -0.100000
vn 0.000000 0.000000 -0.100000
vn 0.000000 0.000000 -0.100000
vn 0.000000 0.000000 -0.100000
vn 0.000000 0.000000 -0.100000
vn 0.000000 0.000000 -0.100000
vn 0.000000 0.000000 -0.100000
vn 0.000000 0.000000 -0.100000
vn 0.000000 0.000000 -0.100000
vn 0.000000 0.000000 -0.100000
vn 0.000000 0.000000 -0.100000
vn 0.000000 0.000000 -0.100000
vn 0.000000 0.000000 -0.100000
vn 0.000000 0.000000 -0.100000
vn 0.000000 0.000000 -0.100000
vn 0.000000 0.000000 -0.100000
vn 0.000000 0.000000 -0.100000
vn 0.000000 0.000000 -0.100000
vn -0.000000 0.100000 -0.000000
vn -0.000000 0.100000 -0.000000
vn -0.000000 0.100000 -0.000000
vn -0.000000 0.100000 -0.000000
vn -0.000000 0.100000 -0.000000
vn -0.000000 0.100000 -0.000000
vn -0.000000 0.100000 -0.000000
vn -0.000000 0.100000 -0.000000
vn -0.000000 0.100000 -0.000000
vn -0.000000 0.100000 -0.000000
vn 0.000000 -0.100000 0.000000
vn 0.000000 -0.100000 0.000000
vn 0.000000 -0.100000 0.000000
vn 0.000000 -0.100000 0.000000
vn 0.100000 0.000000 0.000000
vn 0.100000 0.000000 0.000000
vn 0.100000 0.000000 0.000000
vn 0.100000 0.000000 0.000000
vn 0.000000 -0.100000 0.000000
vn 0.000000 -0.100000 0.000000
vn 0.000000 -0.100000 0.000000
vn 0.000000 -0.100000 0.000000
vn -0.100000 0.000000 -0.000000
vn -0.100000 0.000000 -0.000000
vn -0.100000 0.000000 -0.000000
vn -0.100000 0.000000 -0.000000
vn -0.000000 0.100000 -0.000000
vn -0.000000 0.100000 -0.000000
vn -0.000000 0.100000 -0.000000
vn -0.000000 0.100000 -0.000000
vn 0.100000 0.000000 0.000000
vn 0.100000 0.000000 0.000000
vn 0.100000 0.000000 0.000000
vn 0.100000 0.000000 0.000000
vn 0.000000 0.100000 0.000000
vn 0.000000 0.100000 0.000000
vn 0.000000 0.100000 0.000000
vn 0.000000 0.100000 0.000000
vn -0.100000 0.000000 0.000000
vn -0.100000 0.000000 0.000000
vn -0.100000 0.000000 0.000000
vn -0.100000 0.000000 0.000000
vn -0.000000 0.100000 -0.000000
vn -0.000000 0.100000 -0.000000
vn -0.000000 0.100000 -0.000000
vn -0.000000 0.100000 -0.000000
vn 0.100000 0.000000 0.000000
vn 0.100000 0.000000 0.000000
vn 0.100000 0.000000 0.000000
vn 0.100000 0.000000 0.000000
vn -0.000000 0.100000 -0.000000
vn -0.000000 0.100000 -0.000000
vn -0.000000 0.100000 -0.000000
vn -0.000000 0.100000 -0.000000
vn -0.100000 -0.000000 0.000000
vn -0.100000 -0.000000 0.000000
vn -0.100000 -0.000000 0.000000
vn -0.100000 -0.000000 0.000000
vn -0.000000 0.100000 -0.000000
vn -0.000000 0.100000 -0.000000
vn -0.000000 0.100000 -0.000000
vn -0.000000 0.100000 -0.000000
vn 0.100000 0.000000 0.000000
vn 0.100000 0.000000 0.000000
vn 0.100000 0.000000 0.000000
vn 0.100000 0.000000 0.000000
vn 0.000000 -0.100000 0.000000
vn 0.000000 -0.100000 0.000000
vn 0.000000 -0.100000 0.000000
vn 0.000000 -0.100000 0.000000
vn -0.100000 0.000000 -0.000000
vn -0.100000 0.000000 -0.000000
vn -0.100000 0.000000 -0.000000
vn -0.100000 0.000000 -0.000000
vn -0.000000 -0.100000 0.000000
vn -0.000000 -0.100000 0.000000
vn -0.000000 -0.100000 0.000000
vn -0.000000 -0.100000 0.000000
vn 0.000000 0.000000 -0.100000
vn 0.000000 0.000000 -0.100000
vn 0.000000 0.000000 -0.100000
vn 0.000000 0.000000 -0.100000
vn 0.000000 0.000000 -0.100000
vn 0.000000 0.000000 -0.100000
vn 0.000000 0.000000 -0.100000
vn 0.000000 0.000000 -0.100000
vn 0.000000 0.000000 -0.100000
vn 0.000000 0.000000 -0.100000
vn 0.000000 0.000000 -0.100000
vn 0.000000 0.000000 -0.100000
vn 0.000000 0.000000 -0.100000
vn 0.000000 0.000000 -0.100000
vn 0.000000 0.000000 -0.100000
vn 0.000000 0.000000 -0.100000
vn 0.000000 0.000000 -0.100000
vn 0.000000 0.000000 -0.100000
vn 0.000000 0.000000 -0.100000
vn 0.000000 0.000000 -0.100000
vn 0.000000 0.000000 -0.100000
vn 0.000000 0.000000 -0.100000
vn 0.000000 0.000000 -0.100000
vn 0.000000 0.000000 -0.100000
vn -0.100000 0.000000 0.000000
vn -0.100000 0.000000 0.000000
vn -0.100000 0.000000 0.000000
vn -0.100000 0.000000 0.000000
vn -0.100000 0.000000 0.000000
vn -0.100000 0.000000 0.000000
vn -0.100000 0.000000 0.000000
vn -0.000000 -0.100000 0.000000
vn -0.000000 -0.100000 0.000000
vn -0.000000 -0.100000 0.000000
vn -0.000000 -0.100000 0.000000
vn 0.100000 -0.000000 0.000000
vn 0.100000 -0.000000 0.000000
vn 0.100000 -0.000000 0.000000
vn 0.100000 -0.000000 0.000000
vn 0.000000 0.100000 0.000000
vn 0.000000 0.100000 0.000000
vn 0.000000 0.100000 0.000000
vn 0.000000 0.100000 0.000000
vn -0.100000 0.000000 0.000000
vn -0.100000 0.000000 0.000000
vn -0.100000 0.000000 0.000000
vn -0.100000 0.000000 0.000000
vn 0.000000 0.000000 -0.100000
vn 0.000000 0.000000 -0.100000
vn 0.000000 0.000000 -0.100000
vn 0.000000 0.000000 -0.100000
vn 0.000000 0.000000 -0.100000
vn 0.000000 -0.100000 0.000000
vn 0.000000 -0.100000 0.000000
vn 0.000000 -0.100000 0.000000
vn 0.000000 -0.100000 0.000000
vn 0.100000 0.000000 0.000000
vn 0.100000 0.000000 0.000000
vn 0.100000 0.000000 0.000000
vn 0.100000 0.000000 0.000000
vn 0.100000 0.000000 0.000000
vn 0.100000 0.000000 0.000000
vn 0.100000 0.000000 0.000000
vn 0.000000 -0.100000 0.000000
vn 0.000000 -0.100000 0.000000
vn 0.000000 -0.100000 0.000000
vn 0.000000 -0.100000 0.000000
vn -0.100000 0.000000 -0.000000
vn -0.100000 0.000000 -0.000000
vn -0.100000 0.000000 -0.000000
vn -0.100000 0.000000 -0.000000
vn -0.000000 0.100000 -0.000000
vn -0.000000 0.100000 -0.000000
vn -0.000000 0.100000 -0.000000
vn -0.000000 0.100000 -0.000000
vn 0.100000 0.000000 0.000000
vn 0.100000 0.000000 0.000000
vn 0.100000 0.000000 0.000000
vn 0.100000 0.000000 0.000000
vn 0.000000 0.100000 0.000000
vn 0.000000 0.100000 0.000000
vn 0.000000 0.100000 0.000000
vn 0.000000 0.100000 0.000000
vn 0.000000 0.100000 0.000000
vn 0.000000 0.100000 0.000000
vn 0.000000 0.100000 0.000000
vn 0.000000 0.100000 0.000000
vn 0.000000 0.100000 0.000000
vn 0.000000 0.100000 0.000000
vn 0.000000 0.100000 0.000000
vn 0.000000 0.100000 0.000000
vn 0.000000 0.100000 0.000000
vn 0.000000 0.100000 0.000000
vn 0.000000 0.100000 0.000000
vn 0.000000 0.100000 0.000000
vn 0.000000 0.100000 0.000000
vn 0.000000 0.100000 0.000000
vn 0.068049 -0.073275 0.000000
vn 0.068049 -0.073275 0.000000
vn 0.068049 -0.073275 0.000000
vn 0.068049 -0.073275 0.000000
vn -0.000000 -0.100000 0.000000
vn -0.000000 -0.100000 0.000000
vn -0.000000 -0.100000 0.000000
vn -0.000000 -0.100000 0.000000
vn -0.050000 -0.050000 0.070711
vn -0.050000 -0.050000 0.070711
vn -0.050000 -0.050000 0.070711
vn -0.050000 -0.050000 0.070711
vn -0.050000 -0.050000 0.070711
vn -0.050000 -0.050000 0.070711
vn -0.050000 -0.050000 0.070711
vn -0.050000 -0.050000 0.070711
vn -0.050000 -0.050000 0.070711
vn -0.050000 -0.050000 0.070711
vn -0.050000 -0.050000 0.070711
vn -0.050000 -0.050000 0.070711
vn -0.050000 -0.050000 0.070711
vn -0.050000 -0.050000 0.070711
vn -0.050000 -0.050000 0.070711
vn -0.050000 -0.050000 0.070711
vn -0.050000 -0.050000 0.070711
vn -0.050000 -0.050000 0.070711
vn -0.050000 -0.050000 0.070711
vn -0.050000 -0.050000 0.070711
vn -0.050000 -0.050000 0.070711
vn -0.050000 -0.050000 0.070711
vn -0.050000 -0.050000 0.070711
vn -0.050000 -0.050000 0.070711
vn -0.050000 -0.050000 0.070711
vn -0.050000 -0.050000 0.070711
vn -0.050000 -0.050000 0.070711
vn -0.050000 -0.050000 0.070711
vn 0.050000 -0.050000 0.070711
vn 0.050000 -0.050000 0.070711
vn 0.050000 -0.050000 0.070711
vn 0.050000 -0.050000 0.070711
vn 0.050000 -0.050000 0.070711
vn 0.050000 -0.050000 0.070711
vn 0.050000 -0.050000 0.070711
vn 0.050000 -0.050000 0.070711
vn 0.050000 -0.050000 0.070711
vn 0.050000 -0.050000 0.070711
vn 0.050000 -0.050000 0.070711
vn 0.050000 -0.050000 0.070711
vn 0.050000 -0.050000 0.070711
vn 0.050000 -0.050000 0.070711
vn 0.050000 -0.050000 0.070711
vn 0.050000 -0.050000 0.070711
vn 0.050000 -0.050000 0.070711
vn 0.050000 -0.050000 0.070711
vn 0.050000 -0.050000 0.070711
vn 0.050000 -0.050000 0.070711
vn 0.050000 -0.050000 0.070711
vn 0.050000 -0.050000 0.070711
vn 0.050000 -0.050000 0.070711
vn 0.050000 -0.050000 0.070711
vn 0.050000 -0.050000 0.070711
vn 0.050000 -0.050000 0.070711
vn 0.050000 -0.050000 0.070711
vn 0.050000 -0.050000 0.070711
vn -0.050000 0.050000 0.070711
vn -0.050000 0.050000 0.070711
vn -0.050000 0.050000 0.070711
vn -0.050000 0.050000 0.070711
vn -0.050000 0.050000 0.070711
vn -0.050000 0.050000 0.070711
vn -0.050000 0.050000 0.070711
vn -0.050000 0.050000 0.070711
vn -0.050000 0.050000 0.070711
vn -0.050000 0.050000 0.070711
vn -0.050000 0.050000 0.070711
vn -0.050000 0.050000 0.070711
vn -0.050000 0.050000 0.070711
vn -0.050000 0.050000 0.070711
vn -0.050000 0.050000 0.070711
vn -0.050000 0.050000 0.070711
vn -0.050000 0.050000 0.070711
vn -0.050000 0.050000 0.070711
vn -0.050000 0.050000 0.070711
vn -0.050000 0.050000 0.070711
vn -0.050000 0.050000 0.070711
vn -0.050000 0.050000 0.070711
vn -0.050000 0.050000 0.070711
vn -0.050000 0.050000 0.070711
vn -0.050000 0.050000 0.070711
vn -0.050000 0.050000 0.070711
vn -0.050000 0.050000 0.070711
vn -0.050000 0.050000 0.070711
vn 0.050000 0.050000 0.070711
vn 0.050000 0.050000 0.070711
vn 0.050000 0.050000 0.070711
vn 0.050000 0.050000 0.070711
vn 0.050000 0.050000 0.070711
vn 0.050000 0.050000 0.070711
vn 0.050000 0.050000 0.070711
vn 0.050000 0.050000 0.070711
vn 0.050000 0.050000 0.070711
vn 0.050000 0.050000 0.070711
vn 0.050000 0.050000 0.070711
vn 0.050000 0.050000 0.070711
vn 0.050000 0.050000 0.070711
vn 0.050000 0.050000 0.070711
vn 0.050000 0.050000 0.070711
vn 0.050000 0.050000 0.070711
vn 0.050000 0.050000 0.070711
vn 0.050000 0.050000 0.070711
vn 0.050000 0.050000 0.070711
vn 0.050000 0.050000 0.070711
vn 0.050000 0.050000 0.070711
vn 0.050000 0.050000 0.070711
vn 0.050000 0.050000 0.070711
vn 0.050000 0.050000 0.070711
vn 0.050000 0.050000 0.070711
vn 0.050000 0.050000 0.070711
vn 0.050000 0.050000 0.070711
vn 0.050000 0.050000 0.070711
vn -0.025511 -0.096691 0.000000
vn -0.025511 -0.096691 0.000000
vn 0.000000 -0.100000 0.000000
vn -0.025511 -0.096691 0.000000
vn -0.025511 -0.096691 0.000000
vn -0.049334 -0.086984 0.000000
vn -0.049334 -0.086984 0.000000
vn -0.069892 -0.071520 0.000000
vn -0.069892 -0.071520 0.000000
vn -0.085825 -0.051323 0.000000
vn -0.085825 -0.051323 0.000000
vn -0.096078 -0.027730 0.000000
vn -0.085825 -0.051323 0.000000
vn -0.085825 -0.051323 0.000000
vn -0.069892 -0.071520 0.000000
vn -0.069892 -0.071520 0.000000
vn -0.049334 -0.086984 0.000000
vn -0.049334 -0.086984 0.000000
vn -0.025511 -0.096691 0.000000
vn -0.025511 -0.096691 0.000000
vn 0.000000 -0.100000 0.000000
vn 0.025511 -0.096691 0.000000
vn 0.025511 -0.096691 0.000000
vn 0.049334 -0.086984 0.000000
vn 0.049334 -0.086984 0.000000
vn 0.069892 -0.071520 0.000000
vn 0.069892 -0.071520 0.000000
vn 0.085825 -0.051323 0.000000
vn 0.085825 -0.051323 0.000000
vn 0.096078 -0.027730 0.000000
vn 0.085825 -0.051323 0.000000
vn 0.085825 -0.051323 0.000000
vn 0.069892 -0.071520 0.000000
vn 0.082339 -0.056747 0.000000
vn 0.072162 -0.069229 0.000000
vn 0.060113 -0.079915 0.000000
vn 0.049334 -0.086984 0.000000
vn 0.046504 -0.088529 0.000000
vn 0.031690 -0.094846 0.000000
vn 0.025511 -0.096691 0.000000
vn 0.016053 -0.098703 0.000000
vn 0.000000 -0.100000 0.000000
vn -0.025511 -0.096691 0.000000
vn -0.016053 -0.098703 0.000000
vn -0.031690 -0.094846 0.000000
vn -0.049334 -0.086984 0.000000
vn -0.046504 -0.088529 0.000000
vn -0.060113 -0.079915 0.000000
vn -0.069892 -0.071520 0.000000
vn -0.072162 -0.069229 0.000000
vn -0.082339 -0.056747 0.000000
vn -0.085825 -0.051323 0.000000
vn -0.090381 -0.042793 0.000000
vn -0.049334 -0.086984 0.000000
vn -0.049334 -0.086984 0.000000
vn -0.069892 -0.071520 0.000000
vn -0.069892 -0.071520 0.000000
vn -0.085825 -0.051323 0.000000
vn -0.085825 -0.051323 0.000000
vn -0.096078 -0.027730 0.000000
vn -0.085825 -0.051323 0.000000
vn -0.085825 -0.051323 0.000000
vn -0.069892 -0.071520 0.000000
vn -0.069892 -0.071520 0.000000
vn -0.049334 -0.086984 0.000000
vn 0.090381 -0.042793 0.000000
vn 0.096078 -0.027730 0.000000
vn -0.025511 -0.096691 0.000000
vn -0.025511 -0.096691 0.000000
vn -0.049334 -0.086984 0.000000
vn -0.049334 -0.086984 0.000000
vn -0.069892 -0.071520 0.000000
vn -0.025511 -0.096691 0.000000
vn 0.025511 -0.096691 0.000000
vn 0.049334 -0.086984 0.000000
vn 0.069892 -0.071520 0.000000
vn -0.085825 -0.051323 0.000000
vn 0.081547 -0.057880 0.000000
vn 0.086119 -0.050828 0.000000
vn 0.070711 -0.070711 0.000000
vn 0.079043 -0.061256 0.000000
vn 0.070711 -0.070711 0.000000
vn 0.090083 -0.043417 0.000000
vn 0.096078 -0.027730 0.000000
vn 0.091828 -0.039593 0.000000
vn 0.096078 -0.027730 0.000000
vn 0.086119 -0.050828 0.000000
vn 0.070711 -0.070711 0.000000
vn 0.070711 -0.070711 0.000000
vn 0.070711 -0.070711 0.000000
vn 0.070711 -0.070711 0.000000
vn 0.043417 -0.090083 0.000000
vn 0.050828 -0.086119 0.000000
vn 0.027730 -0.096078 0.000000
vn 0.039593 -0.091828 0.000000
vn 0.027730 -0.096078 0.000000
vn 0.057880 -0.081547 0.000000
vn 0.070711 -0.070711 0.000000
vn 0.061256 -0.079043 0.000000
vn 0.070711 -0.070711 0.000000
vn 0.050828 -0.086119 0.000000
vn 0.090083 0.043417 0.000000
vn 0.086119 0.050828 0.000000
vn 0.096078 0.027730 0.000000
vn 0.091828 0.039593 0.000000
vn 0.096078 0.027730 0.000000
vn 0.081547 0.057880 0.000000
vn 0.070711 0.070711 0.000000
vn 0.079043 0.061256 0.000000
vn 0.070711 0.070711 0.000000
vn 0.086119 0.050828 0.000000
vn 0.070711 0.070711 0.000000
vn 0.070711 0.070711 0.000000
vn 0.070711 0.070711 0.000000
vn 0.070711 0.070711 0.000000
vn 0.057880 0.081547 0.000000
vn 0.050828 0.086119 0.000000
vn 0.070711 0.070711 0.000000
vn 0.061256 0.079043 0.000000
vn 0.070711 0.070711 0.000000
vn 0.043417 0.090083 0.000000
vn 0.027730 0.096078 0.000000
vn 0.039593 0.091828 0.000000
vn 0.027730 0.096078 0.000000
vn 0.050828 0.086119 0.000000
vn 0.051323 0.085825 0.000000
vn 0.051323 0.085825 0.000000
vn 0.027730 0.096078 0.000000
vn 0.051323 0.085825 0.000000
vn 0.051323 0.085825 0.000000
vn 0.071520 0.069892 0.000000
vn 0.056747 0.082339 0.000000
vn 0.069229 0.072162 0.000000
vn 0.079915 0.060113 0.000000
vn 0.086984 0.049334 0.000000
vn 0.088529 0.046504 0.000000
vn 0.094846 0.031690 0.000000
vn 0.096691 0.025511 0.000000
vn 0.098703 0.016053 0.000000
vn 0.100000 0.000000 0.000000
vn 0.100000 0.000000 0.000000
vn 0.098703 -0.016053 0.000000
vn 0.096691 -0.025511 0.000000
vn 0.094846 -0.031690 0.000000
vn 0.086984 -0.049334 0.000000
vn 0.088529 -0.046504 0.000000
vn 0.079915 -0.060113 0.000000
vn 0.071520 -0.069892 0.000000
vn 0.069229 -0.072162 0.000000
vn 0.056747 -0.082339 0.000000
vn 0.051323 -0.085825 0.000000
vn 0.042793 -0.090381 0.000000
vn 0.027730 -0.096078 0.000000
vn 0.051323 -0.085825 0.000000
vn 0.027730 -0.096078 0.000000
vn 0.051323 -0.085825 0.000000
vn 0.051323 -0.085825 0.000000
vn 0.071520 -0.069892 0.000000
vn 0.071520 -0.069892 0.000000
vn 0.086984 -0.049334 0.000000
vn 0.086984 -0.049334 0.000000
vn 0.096691 -0.025511 0.000000
vn 0.096691 -0.025511 0.000000
vn 0.100000 0.000000 0.000000
vn 0.100000 0.000000 0.000000
vn 0.096691 0.025511 0.000000
vn 0.096691 0.025511 0.000000
vn 0.086984 0.049334 0.000000
vn 0.086984 0.049334 0.000000
vn 0.071520 0.069892 0.000000
vn 0.071520 0.069892 0.000000
vn 0.042793 0.090381 0.000000
vn 0.027730 0.096078 0.000000
vn 0.071520 0.069892 0.000000
vn 0.086984 0.049334 0.000000
vn 0.096691 0.025511 0.000000
vn 0.100000 0.000000 0.000000
vn 0.096691 -0.025511 0.000000
vn 0.086984 -0.049334 0.000000
vn 0.071520 -0.069892 0.000000
vn 0.100000 0.000000 0.000000
vn 0.100000 0.000000 0.000000
vn 0.100000 0.000000 0.000000
vn 0.100000 0.000000 0.000000
vn 0.100000 0.000000 0.000000
vn 0.100000 0.000000 0.000000
vn 0.100000 0.000000 0.000000
vn 0.100000 0.000000 0.000000
vn 0.050000 -0.050000 -0.070711
vn 0.050000 -0.050000 -0.070711
vn 0.050000 -0.050000 -0.070711
vn 0.050000 -0.050000 -0.070711
vn 0.050000 -0.050000 -0.070711
vn 0.050000 -0.050000 -0.070711
vn 0.050000 -0.050000 -0.070711
vn 0.050000 -0.050000 -0.070711
vn 0.050000 -0.050000 -0.070711
vn 0.050000 -0.050000 -0.070711
vn 0.000000 0.000000 -0.100000
vn 0.000000 0.000000 -0.100000
vn 0.000000 0.000000 -0.100000
vn 0.000000 0.000000 -0.100000
vn -0.050000 0.050000 -0.070711
vn -0.050000 0.050000 -0.070711
vn -0.050000 0.050000 -0.070711
vn -0.050000 0.050000 -0.070711
vn -0.050000 0.050000 -0.070711
vn -0.050000 0.050000 -0.070711
vn -0.050000 0.050000 -0.070711
vn -0.050000 0.050000 -0.070711
vn -0.050000 0.050000 -0.070711
vn -0.050000 0.050000 -0.070711
vn 0.000000 0.000000 -0.100000
vn 0.000000 0.000000 -0.100000
vn 0.000000 0.000000 -0.100000
vn 0.000000 0.000000 -0.100000
vn -0.008862 -0.008862 -0.099212
vn -0.011326 -0.011326 -0.098709
vn -0.017584 -0.017584 -0.096859
vn -0.022360 -0.022360 -0.094868
vn -0.026029 -0.026029 -0.092978
vn -0.032817 -0.032817 -0.088578
vn -0.034063 -0.034063 -0.087632
vn -0.040374 -0.040374 -0.082097
vn -0.042426 -0.042426 -0.080000
vn -0.046239 -0.046239 -0.075657
vn -0.050939 -0.050939 -0.069357
vn -0.051594 -0.051594 -0.068382
vn -0.055600 -0.055600 -0.061783
vn -0.058137 -0.058137 -0.056922
vn -0.059186 -0.059186 -0.054717
vn -0.058841 -0.058841 -0.055456
vn -0.059186 -0.059186 -0.054717
vn -0.058137 -0.058137 -0.056922
vn -0.058492 -0.058492 -0.056191
vn -0.034352 -0.093915 0.000000
vn -0.034352 -0.093915 0.000000
vn -0.034352 -0.093915 0.000000
vn -0.034352 -0.093915 0.000000
vn 0.093915 -0.034352 0.000000
vn 0.093915 -0.034352 0.000000
vn 0.089810 -0.043980 0.000000
vn 0.089810 -0.043980 0.000000
vn 0.084720 -0.053127 0.000000
vn 0.078703 -0.061691 0.000000
vn 0.078703 -0.061691 0.000000
vn 0.084720 -0.053127 0.000000
vn 0.061691 0.078703 0.000000
vn 0.061691 0.078703 0.000000
vn 0.061691 0.078703 0.000000
vn 0.061691 0.078703 0.000000
vn 0.078703 -0.061691 0.000000
vn 0.078703 -0.061691 0.000000
vn 0.064777 -0.076184 0.000000
vn 0.064777 -0.076184 0.000000
vn 0.048234 -0.087598 0.000000
vn 0.048234 -0.087598 0.000000
vn 0.029742 -0.095475 0.000000
vn 0.029742 -0.095475 0.000000
vn 0.010049 -0.099494 0.000000
vn 0.010049 -0.099494 0.000000
vn -0.010049 -0.099494 0.000000
vn -0.010049 -0.099494 0.000000
vn -0.029742 -0.095475 0.000000
vn -0.029742 -0.095475 0.000000
vn -0.048234 -0.087598 0.000000
vn -0.048234 -0.087598 0.000000
vn -0.064777 -0.076184 0.000000
vn -0.064777 -0.076184 0.000000
vn -0.078703 -0.061691 0.000000
vn -0.078703 -0.061691 0.000000
vn -0.061691 0.078703 -0.000000
vn -0.061691 0.078703 -0.000000
vn -0.061691 0.078703 -0.000000
vn -0.061691 0.078703 -0.000000
vn -0.078703 -0.061691 0.000000
vn -0.078703 -0.061691 0.000000
vn -0.084720 -0.053127 0.000000
vn -0.084720 -0.053127 0.000000
vn -0.089810 -0.043980 0.000000
vn -0.093915 -0.034352 0.000000
vn -0.093915 -0.034352 0.000000
vn -0.089810 -0.043980 0.000000
vn 0.034352 -0.093915 0.000000
vn 0.034352 -0.093915 0.000000
vn 0.034352 -0.093915 0.000000
vn 0.034352 -0.093915 0.000000
vn -0.093915 -0.034352 0.000000
vn -0.093915 -0.034352 0.000000
vn -0.098467 -0.017443 0.000000
vn -0.098467 -0.017443 0.000000
vn -0.100000 0.000000 0.000000
vn -0.100000 0.000000 0.000000
vn -0.098467 0.017443 -0.000000
vn -0.098467 0.017443 -0.000000
vn -0.093915 0.034352 -0.000000
vn -0.093915 0.034352 -0.000000
vn 0.034352 0.093915 0.000000
vn 0.034352 0.093915 0.000000
vn 0.034352 0.093915 0.000000
vn 0.034352 0.093915 0.000000
vn 0.096825 -0.025000 0.000000
vn 0.096825 -0.025000 0.000000
vn 0.095957 -0.028148 0.000000
vn 0.095957 -0.028148 0.000000
vn 0.094986 -0.031267 0.000000
vn 0.094986 -0.031267 0.000000
vn 0.093915 -0.034352 0.000000
vn 0.093915 -0.034352 0.000000
vn 0.093915 0.034352 0.000000
vn 0.093915 0.034352 0.000000
vn 0.094986 0.031267 0.000000
vn 0.094986 0.031267 0.000000
vn 0.095957 0.028148 0.000000
vn 0.095957 0.028148 0.000000
vn 0.096825 0.025000 0.000000
vn 0.096825 0.025000 0.000000
vn -0.034352 0.093915 -0.000000
vn -0.034352 0.093915 -0.000000
vn -0.034352 0.093915 -0.000000
vn -0.034352 0.093915 -0.000000
vn 0.078703 0.061691 0.000000
vn 0.078703 0.061691 0.000000
vn 0.084720 0.053127 0.000000
vn 0.084720 0.053127 0.000000
vn 0.089810 0.043980 0.000000
vn 0.093915 0.034352 0.000000
vn 0.093915 0.034352 0.000000
vn 0.089810 0.043980 0.000000
vn 0.061691 -0.078703 0.000000
vn 0.061691 -0.078703 0.000000
vn 0.061691 -0.078703 0.000000
vn 0.061691 -0.078703 0.000000
vn -0.078703 0.061691 -0.000000
vn -0.078703 0.061691 -0.000000
vn -0.064777 0.076184 -0.000000
vn -0.064777 0.076184 -0.000000
vn -0.048234 0.087598 -0.000000
vn -0.048234 0.087598 -0.000000
vn -0.029742 0.095475 -0.000000
vn -0.029742 0.095475 -0.000000
vn -0.010049 0.099494 -0.000000
vn -0.010049 0.099494 -0.000000
vn 0.010049 0.099494 0.000000
vn 0.010049 0.099494 0.000000
vn 0.029742 0.095475 0.000000
vn 0.029742 0.095475 0.000000
vn 0.048234 0.087598 0.000000
vn 0.048234 0.087598 0.000000
vn 0.064777 0.076184 0.000000
vn 0.064777 0.076184 0.000000
vn 0.078703 0.061691 0.000000
vn 0.078703 0.061691 0.000000
vn -0.061691 -0.078703 0.000000
vn -0.061691 -0.078703 0.000000
vn -0.061691 -0.078703 0.000000
vn -0.061691 -0.078703 0.000000
vn -0.093915 0.034352 -0.000000
vn -0.093915 0.034352 -0.000000
vn -0.089810 0.043980 -0.000000
vn -0.089810 0.043980 -0.000000
vn -0.084720 0.053127 -0.000000
vn -0.078703 0.061691 -0.000000
vn -0.078703 0.061691 -0.000000
vn -0.084720 0.053127 -0.000000
vn 0.068301 -0.068301 -0.025882
vn 0.068320 -0.068320 -0.025785
vn 0.070711 -0.070711 -0.000000
vn 0.070711 -0.070711 0.000086
vn 0.068301 -0.068301 0.025882
vn 0.068288 -0.068288 0.025951
vn 0.061237 -0.061237 0.050000
vn 0.061217 -0.061217 0.050050
vn 0.050000 -0.050000 0.070711
vn 0.049979 -0.049979 0.070741
vn 0.035355 -0.035355 0.086603
vn 0.035338 -0.035338 0.086617
vn 0.018301 -0.018301 0.096593
vn 0.018291 -0.018291 0.096596
vn 0.000000 -0.000000 0.100000
vn -0.000000 0.000000 0.100000
vn -0.018291 0.018291 0.096596
vn 0.061278 -0.061278 -0.049901
vn 0.061237 -0.061237 -0.050000
vn 0.050064 -0.050064 -0.070620
vn 0.050000 -0.050000 -0.070711
vn 0.035443 -0.035443 -0.086531
vn 0.035355 -0.035355 -0.086603
vn 0.018409 -0.018409 -0.096552
vn 0.018301 -0.018301 -0.096593
vn 0.018409 -0.018409 -0.096552
vn 0.009163 -0.009163 -0.099157
vn 0.000000 -0.000000 -0.100000
vn 0.000000 -0.000000 -0.100000
vn -0.009163 0.009163 -0.099157
vn -0.018301 0.018301 -0.096593
vn -0.018409 0.018409 -0.096552
vn -0.018409 0.018409 -0.096552
vn -0.035355 0.035355 -0.086603
vn -0.035443 0.035443 -0.086531
vn -0.050000 0.050000 -0.070711
vn -0.050064 0.050064 -0.070620
vn -0.061237 0.061237 -0.050000
vn -0.061278 0.061278 -0.049901
vn -0.068301 0.068301 -0.025882
vn -0.068320 0.068320 -0.025785
vn -0.070711 0.070711 -0.000000
vn -0.070711 0.070711 0.000086
vn -0.068301 0.068301 0.025882
vn -0.068288 0.068288 0.025951
vn -0.061237 0.061237 0.050000
vn -0.061217 0.061217 0.050050
vn -0.050000 0.050000 0.070711
vn -0.049979 0.049979 0.070741
vn -0.035355 0.035355 0.086603
vn -0.035338 0.035338 0.086617
vn -0.018301 0.018301 0.096593
vn -0.070711 -0.070711 0.000000
vn -0.070711 -0.070711 0.000000
vn -0.070711 -0.070711 0.000000
vn -0.070711 -0.070711 0.000000
vn -0.070711 -0.070711 0.000000
vn -0.070711 -0.070711 0.000000
vn -0.070711 -0.070711 0.000000
vn -0.070711 -0.070711 0.000000
vn -0.070711 -0.070711 0.000000
vn -0.070711 -0.070711 0.000000
vn -0.070711 -0.070711 0.000000
vn -0.070711 -0.070711 0.000000
vn -0.070711 -0.070711 0.000000
vn -0.070711 -0.070711 0.000000
vn -0.070711 -0.070711 0.000000
vn -0.070711 -0.070711 0.000000
vn -0.070711 -0.070711 0.000000
vn -0.070711 -0.070711 0.000000
vn -0.070711 -0.070711 0.000000
vn -0.070711 -0.070711 0.000000
vn -0.070711 -0.070711 0.000000
vn -0.070711 -0.070711 0.000000
vn -0.070711 -0.070711 0.000000
vn -0.070711 -0.070711 0.000000
vn -0.070711 -0.070711 0.000000
vn -0.070711 -0.070711 0.000000
vn -0.070711 -0.070711 0.000000
vn -0.070711 -0.070711 0.000000
vn -0.070711 -0.070711 0.000000
vn 0.070711 0.070711 0.000000
vn 0.070711 0.070711 0.000000
vn 0.070711 0.070711 0.000000
vn 0.070711 0.070711 0.000000
vn 0.070711 0.070711 0.000000
vn 0.070711 0.070711 0.000000
vn 0.070711 0.070711 0.000000
vn 0.070711 0.070711 0.000000
vn 0.070711 0.070711 0.000000
vn 0.070711 0.070711 0.000000
vn 0.070711 0.070711 0.000000
vn 0.070711 0.070711 0.000000
vn 0.070711 0.070711 0.000000
vn 0.070711 0.070711 0.000000
vn 0.070711 0.070711 0.000000
vn 0.070711 0.070711 0.000000
vn 0.070711 0.070711 0.000000
vn 0.070711 0.070711 0.000000
vn 0.070711 0.070711 0.000000
vn 0.070711 0.070711 0.000000
vn 0.070711 0.070711 0.000000
vn 0.070711 0.070711 0.000000
vn 0.070711 0.070711 0.000000
vn 0.070711 0.070711 0.000000
vn 0.070711 0.070711 0.000000
vn 0.070711 0.070711 0.000000
vn 0.070711 0.070711 0.000000
vn 0.070711 0.070711 0.000000
vn 0.070711 0.070711 0.000000
vn 0.070711 0.070711 0.000000
vn 0.070711 0.070711 0.000000
vn 0.070711 0.070711 0.000000
vn -0.040558 0.040558 -0.081915
vn -0.040558 0.040558 -0.081915
vn -0.040558 0.040558 -0.081915
vn 0.040558 -0.040558 -0.081915
vn 0.040558 -0.040558 -0.081915
vn 0.040558 -0.040558 -0.081915
vn -0.070711 0.070711 -0.000000
vn -0.070711 0.070711 -0.000000
vn -0.070711 0.070711 -0.000000
vn -0.070711 0.070711 -0.000000
vn -0.070711 0.070711 -0.000000
vn -0.070711 0.070711 -0.000000
vn -0.070711 0.070711 -0.000000
vn -0.070711 0.070711 -0.000000
vn -0.050000 0.050000 -0.070711
vn -0.050000 0.050000 -0.070711
vn -0.050000 0.050000 -0.070711
vn -0.050000 0.050000 -0.070711
vn -0.050000 0.050000 -0.070711
vn -0.050000 0.050000 -0.070711
vn 0.070711 -0.070711 0.000000
vn 0.070711 -0.070711 0.000000
vn 0.070711 -0.070711 0.000000
vn 0.070711 -0.070711 0.000000
vn 0.070711 -0.070711 0.000000
vn 0.070711 -0.070711 0.000000
vn 0.070711 -0.070711 0.000000
vn 0.070711 -0.070711 0.000000
vn 0.050000 -0.050000 -0.070711
vn 0.050000 -0.050000 -0.070711
vn 0.050000 -0.050000 -0.070711
vn 0.050000 -0.050000 -0.070711
vn 0.050000 -0.050000 -0.070711
vn 0.050000 -0.050000 -0.070711
vn 0.008862 0.008862 -0.099212
vn 0.011326 0.011326 -0.098709
vn 0.017584 0.017584 -0.096859
vn 0.022360 0.022360 -0.094868
vn 0.026029 0.026029 -0.092978
vn 0.032817 0.032817 -0.088578
vn 0.034063 0.034063 -0.087632
vn 0.040374 0.040374 -0.082097
vn 0.042426 0.042426 -0.080000
vn 0.046239 0.046239 -0.075657
vn 0.050939 0.050939 -0.069357
vn 0.051594 0.051594 -0.068382
vn 0.055600 0.055600 -0.061783
vn 0.058137 0.058137 -0.056922
vn 0.059186 0.059186 -0.054717
vn 0.058841 0.058841 -0.055456
vn 0.059186 0.059186 -0.054717
vn 0.058137 0.058137 -0.056922
vn 0.058492 0.058492 -0.056191
vn 0.059186 0.059186 -0.054717
vn 0.058137 0.058137 -0.056922
vn 0.055903 0.055903 -0.061234
vn 0.050939 0.050939 -0.069357
vn 0.051594 0.051594 -0.068382
vn 0.046239 0.046239 -0.075657
vn 0.042426 0.042426 -0.080000
vn 0.040374 0.040374 -0.082097
vn 0.032817 0.032817 -0.088578
vn 0.034063 0.034063 -0.087632
vn 0.026029 0.026029 -0.092978
vn 0.022360 0.022360 -0.094868
vn 0.017584 0.017584 -0.096859
vn 0.011326 0.011326 -0.098709
vn 0.008862 0.008862 -0.099212
vn 0.059186 0.059186 -0.054717
vn 0.058841 0.058841 -0.055456
vn 0.058492 0.058492 -0.056191
vn 0.058137 0.058137 -0.056922
vn 0.069901 0.069901 -0.015094
vn 0.069901 0.069901 -0.015094
vn 0.069819 0.069819 -0.015830
vn 0.069819 0.069819 -0.015830
vn 0.069734 0.069734 -0.016565
vn 0.069734 0.069734 -0.016565
vn 0.069645 0.069645 -0.017299
vn 0.069645 0.069645 -0.017299
vn 0.067714 0.067714 -0.028805
vn 0.067714 0.067714 -0.028805
vn 0.064756 0.064756 -0.040166
vn 0.069645 0.069645 -0.017299
vn 0.064756 0.064756 -0.040166
vn 0.060777 0.060777 -0.051112
vn 0.060777 0.060777 -0.051112
vn 0.055822 0.055822 -0.061382
vn 0.055822 0.055822 -0.061382
vn 0.048625 0.048625 -0.072604
vn 0.048625 0.048625 -0.072604
vn 0.040311 0.040311 -0.082159
vn 0.040311 0.040311 -0.082159
vn 0.031072 0.031072 -0.089828
vn 0.031072 0.031072 -0.089828
vn 0.021119 0.021119 -0.095436
vn 0.021119 0.021119 -0.095436
vn 0.010682 0.010682 -0.098852
vn 0.010682 0.010682 -0.098852
vn 0.000000 0.000000 -0.100000
vn -0.000000 -0.000000 -0.100000
vn -0.010682 -0.010682 -0.098852
vn -0.010682 -0.010682 -0.098852
vn -0.021119 -0.021119 -0.095436
vn -0.021119 -0.021119 -0.095436
vn -0.031072 -0.031072 -0.089828
vn -0.031072 -0.031072 -0.089828
vn -0.040311 -0.040311 -0.082159
vn -0.040311 -0.040311 -0.082159
vn -0.048625 -0.048625 -0.072604
vn -0.048625 -0.048625 -0.072604
vn -0.055822 -0.055822 -0.061382
vn -0.055822 -0.055822 -0.061382
vn -0.060777 -0.060777 -0.051112
vn -0.060777 -0.060777 -0.051112
vn -0.064756 -0.064756 -0.040166
vn -0.064756 -0.064756 -0.040166
vn -0.067714 -0.067714 -0.028805
vn -0.067714 -0.067714 -0.028805
vn -0.069645 -0.069645 -0.017299
vn -0.069645 -0.069645 -0.017299
vn -0.069645 -0.069645 -0.017299
vn -0.069645 -0.069645 -0.017299
vn -0.069734 -0.069734 -0.016565
vn -0.069734 -0.069734 -0.016565
vn -0.069795 -0.069795 -0.016038
vn -0.069819 -0.069819 -0.015830
vn -0.069822 -0.069822 -0.015805
vn -0.069901 -0.069901 -0.015094
vn -0.069901 -0.069901 -0.015094
vn -0.069819 -0.069819 -0.015830
vn -0.069822 -0.069822 -0.015805
vn -0.069901 -0.069901 -0.015094
vn -0.069901 -0.069901 -0.015094
vn 0.069645 0.069645 -0.017299
vn 0.070711 -0.070711 0.000000
vn 0.070711 -0.070711 0.000000
vn 0.070711 -0.070711 0.000000
vn 0.070711 -0.070711 0.000000
vn 0.070711 -0.070711 0.000000
vn 0.070711 -0.070711 0.000000
vn 0.070711 -0.070711 0.000000
vn 0.070711 -0.070711 0.000000
vn 0.070711 -0.070711 0.000000
vn 0.070711 -0.070711 0.000000
vn 0.070711 -0.070711 0.000000
vn 0.070711 -0.070711 0.000000
vn 0.070711 -0.070711 0.000000
vn 0.070711 -0.070711 0.000000
vn -0.070711 0.070711 -0.000000
vn -0.070711 0.070711 -0.000000
vn -0.070711 0.070711 -0.000000
vn -0.070711 0.070711 -0.000000
vn -0.070711 0.070711 -0.000000
vn -0.070711 0.070711 -0.000000
vn -0.070711 0.070711 -0.000000
vn -0.058137 -0.058137 -0.056922
vn -0.058137 -0.058137 -0.056922
vn -0.058492 -0.058492 -0.056191
vn -0.058841 -0.058841 -0.055456
vn -0.059186 -0.059186 -0.054717
vn -0.059186 -0.059186 -0.054717
vn -0.055600 -0.055600 -0.061783
vn -0.050939 -0.050939 -0.069357
vn -0.051594 -0.051594 -0.068382
vn -0.046239 -0.046239 -0.075657
vn -0.042426 -0.042426 -0.080000
vn -0.040374 -0.040374 -0.082097
vn -0.032817 -0.032817 -0.088578
vn -0.034063 -0.034063 -0.087632
vn -0.026029 -0.026029 -0.092978
vn -0.022360 -0.022360 -0.094868
vn -0.017584 -0.017584 -0.096859
vn -0.011326 -0.011326 -0.098709
vn -0.008862 -0.008862 -0.099212
vn -0.070711 0.070711 -0.000000
vn -0.070711 0.070711 -0.000000
vn -0.070711 0.070711 -0.000000
vn -0.070711 0.070711 -0.000000
vn -0.070711 0.070711 -0.000000
vn -0.070711 0.070711 -0.000000
vn -0.070711 0.070711 -0.000000
vn -0.070711 0.070711 -0.000000
vn -0.070711 0.070711 -0.000000
vn -0.070711 0.070711 -0.000000
vn -0.070711 0.070711 -0.000000
vn -0.070711 0.070711 -0.000000
vn -0.070711 0.070711 -0.000000
vn -0.070711 0.070711 -0.000000
vn -0.070711 0.070711 -0.000000
vn -0.070711 0.070711 -0.000000
vn -0.070711 0.070711 -0.000000
vn -0.070711 0.070711 -0.000000
vn -0.070711 0.070711 -0.000000
vn -0.070711 0.070711 -0.000000
vn -0.070711 0.070711 -0.000000
vn -0.070711 0.070711 -0.000000
vn -0.070711 0.070711 -0.000000
vn -0.070711 0.070711 -0.000000
vn -0.070711 0.070711 -0.000000
vn -0.070711 0.070711 -0.000000
vn -0.070711 0.070711 -0.000000
vn -0.070711 0.070711 -0.000000
vn -0.008891 0.091109 -0.040250
vn -0.012109 0.087891 -0.046136
vn -0.013980 0.086020 -0.049043
vn -0.015686 0.084314 -0.051431
vn -0.020000 0.080000 -0.056569
vn -0.019550 0.080450 -0.056086
vn -0.023638 0.076362 -0.060084
vn -0.026795 0.073205 -0.062634
vn -0.029772 0.070228 -0.064666
vn -0.034189 0.065811 -0.067082
vn -0.036294 0.063706 -0.068002
vn -0.041991 0.058009 -0.069798
vn -0.043081 0.056919 -0.070030
vn -0.050000 0.050000 -0.070711
vn -0.050000 0.050000 -0.070711
vn -0.050000 0.050000 -0.070711
vn -0.050000 0.050000 -0.070711
vn -0.050000 0.050000 -0.070711
vn -0.050000 0.050000 -0.070711
vn -0.080450 0.019550 -0.056086
vn -0.080000 0.020000 -0.056569
vn -0.076362 0.023638 -0.060084
vn -0.073205 0.026795 -0.062634
vn -0.070228 0.029772 -0.064666
vn -0.065811 0.034189 -0.067082
vn -0.063706 0.036294 -0.068002
vn -0.058009 0.041991 -0.069798
vn -0.056919 0.043081 -0.070030
vn -0.050000 0.050000 -0.070711
vn -0.050000 0.050000 -0.070711
vn -0.084314 0.015686 -0.051431
vn -0.086020 0.013980 -0.049043
vn -0.087891 0.012109 -0.046136
vn -0.091109 0.008891 -0.040250
vn 0.070711 -0.070711 0.000000
vn 0.070711 -0.070711 0.000000
vn 0.070711 -0.070711 0.000000
vn 0.070711 -0.070711 0.000000
vn 0.070711 -0.070711 0.000000
vn 0.070711 -0.070711 0.000000
vn 0.070711 -0.070711 0.000000
vn 0.070711 -0.070711 0.000000
vn 0.070711 -0.070711 0.000000
vn 0.070711 -0.070711 0.000000
vn 0.070711 -0.070711 0.000000
vn 0.070711 -0.070711 0.000000
vn 0.070711 -0.070711 0.000000
vn 0.070711 -0.070711 0.000000
vn 0.070711 -0.070711 0.000000
vn 0.070711 -0.070711 0.000000
vn 0.070711 -0.070711 0.000000
vn 0.070711 -0.070711 0.000000
vn 0.070711 -0.070711 0.000000
vn 0.070711 -0.070711 0.000000
vn 0.070711 -0.070711 0.000000
vn 0.008891 -0.091109 -0.040250
vn 0.012109 -0.087891 -0.046136
vn 0.013980 -0.086020 -0.049043
vn 0.015686 -0.084314 -0.051431
vn 0.020000 -0.080000 -0.056569
vn 0.019550 -0.080450 -0.056086
vn 0.023638 -0.076362 -0.060084
vn 0.026795 -0.073205 -0.062634
vn 0.029772 -0.070228 -0.064666
vn 0.034189 -0.065811 -0.067082
vn 0.036294 -0.063706 -0.068002
vn 0.041991 -0.058009 -0.069798
vn 0.043081 -0.056919 -0.070030
vn 0.050000 -0.050000 -0.070711
vn 0.050000 -0.050000 -0.070711
vn 0.050000 -0.050000 -0.070711
vn 0.050000 -0.050000 -0.070711
vn 0.080450 -0.019550 -0.056086
vn 0.080000 -0.020000 -0.056569
vn 0.076362 -0.023638 -0.060084
vn 0.073205 -0.026795 -0.062634
vn 0.070228 -0.029772 -0.064666
vn 0.065811 -0.034189 -0.067082
vn 0.063706 -0.036294 -0.068002
vn 0.058009 -0.041991 -0.069798
vn 0.056919 -0.043081 -0.070030
vn 0.050000 -0.050000 -0.070711
vn 0.050000 -0.050000 -0.070711
vn 0.084314 -0.015686 -0.051431
vn 0.086020 -0.013980 -0.049043
vn 0.087891 -0.012109 -0.046136
vn 0.091109 -0.008891 -0.040250
vn -0.000000 0.000000 -0.100000
vn -0.000000 0.000000 -0.100000
vn -0.000000 0.000000 -0.100000
vn -0.000000 0.000000 -0.100000
vn -0.000000 0.000000 -0.100000
vn -0.000000 0.000000 -0.100000
vn 0.100000 0.000000 0.000000
vn 0.100000 0.000000 0.000000
vn 0.100000 0.000000 0.000000
vn 0.100000 0.000000 0.000000
vn 0.000000 0.000000 -0.100000
vn 0.000000 0.000000 -0.100000
vn 0.000000 0.000000 -0.100000
vn 0.000000 0.000000 -0.100000
vn 0.000000 0.000000 -0.100000
vn 0.000000 0.000000 -0.100000
vn 0.000000 0.000000 -0.100000
vn 0.000000 0.000000 -0.100000
vn 0.000000 0.000000 -0.100000
vn 0.000000 0.000000 -0.100000
vn 0.000000 0.000000 -0.100000
vn 0.000000 0.000000 -0.100000
vn 0.000000 0.000000 -0.100000
vn 0.000000 0.000000 -0.100000
vn 0.000000 0.000000 -0.100000
vn 0.000000 0.000000 -0.100000
vn 0.000000 0.000000 -0.100000
vn 0.000000 0.000000 -0.100000
vn 0.000000 0.000000 -0.100000
vn 0.000000 0.000000 -0.100000
vn 0.000000 0.000000 -0.100000
vn 0.000000 0.000000 -0.100000
vn 0.070711 0.070711 0.000000
vn 0.070711 0.070711 0.000000
vn 0.070711 0.070711 0.000000
vn 0.070711 0.070711 0.000000
vn 0.021818 0.097591 0.000000
vn 0.021818 0.097591 0.000000
vn 0.021818 0.097591 0.000000
vn 0.021818 0.097591 0.000000
vn 0.000000 0.100000 0.000000
vn 0.000000 0.100000 0.000000
vn 0.000000 0.100000 0.000000
vn 0.000000 0.100000 0.000000
vn -0.100000 0.000000 0.000000
vn -0.100000 0.000000 0.000000
vn -0.100000 0.000000 0.000000
vn -0.100000 0.000000 0.000000
vn 0.096106 -0.027634 0.000000
vn 0.096106 -0.027634 0.000000
vn 0.096106 -0.027634 0.000000
vn 0.096106 -0.027634 0.000000
vn 0.100000 0.000000 0.000000
vn 0.100000 0.000000 0.000000
vn 0.100000 0.000000 0.000000
vn 0.100000 0.000000 0.000000
vn -0.021818 -0.097591 0.000000
vn -0.021818 -0.097591 0.000000
vn -0.021818 -0.097591 0.000000
vn -0.021818 -0.097591 0.000000
vn -0.070711 0.070711 0.000000
vn -0.070711 0.070711 0.000000
vn -0.070711 0.070711 0.000000
vn -0.070711 0.070711 0.000000
vn 0.040522 -0.091422 0.000000
vn 0.040522 -0.091422 0.000000
vn 0.040522 -0.091422 0.000000
vn 0.040522 -0.091422 0.000000
vn 0.070711 -0.070711 0.000000
vn 0.070711 -0.070711 0.000000
vn 0.070711 -0.070711 0.000000
vn 0.070711 -0.070711 0.000000
vn -0.070711 -0.070711 0.000000
vn -0.070711 -0.070711 0.000000
vn -0.070711 -0.070711 0.000000
vn -0.070711 -0.070711 0.000000
vn -0.070711 0.070711 0.000000
vn -0.070711 0.070711 0.000000
vn -0.070711 0.070711 0.000000
vn -0.070711 0.070711 0.000000
vn -0.096106 0.027634 0.000000
vn -0.096106 0.027634 0.000000
vn -0.096106 0.027634 0.000000
vn -0.096106 0.027634 0.000000
vn 0.070711 -0.070711 0.000000
vn 0.070711 -0.070711 0.000000
vn 0.070711 -0.070711 0.000000
vn 0.070711 -0.070711 0.000000
vn -0.097591 -0.021818 0.000000
vn -0.097591 -0.021818 0.000000
vn -0.097591 -0.021818 0.000000
vn -0.097591 -0.021818 0.000000
vn 0.000000 0.100000 0.000000
vn 0.000000 0.100000 0.000000
vn 0.000000 0.100000 0.000000
vn 0.000000 0.100000 0.000000
vn -0.026498 0.096425 0.000000
vn -0.026498 0.096425 0.000000
vn -0.026498 0.096425 0.000000
vn -0.026498 0.096425 0.000000
vn 0.000000 -0.100000 0.000000
vn 0.000000 -0.100000 0.000000
vn 0.000000 -0.100000 0.000000
vn 0.000000 -0.100000 0.000000
vn 0.100000 0.000000 0.000000
vn 0.100000 0.000000 0.000000
vn 0.100000 0.000000 0.000000
vn 0.100000 0.000000 0.000000
vn 0.097591 0.021818 0.000000
vn 0.097591 0.021818 0.000000
vn 0.097591 0.021818 0.000000
vn 0.097591 0.021818 0.000000
vn 0.000000 -0.100000 0.000000
vn 0.000000 -0.100000 0.000000
vn 0.000000 -0.100000 0.000000
vn 0.000000 -0.100000 0.000000
vn -0.078823 -0.061538 0.000000
vn -0.078823 -0.061538 0.000000
vn -0.090393 -0.042767 0.000000
vn -0.090393 -0.042767 0.000000
vn -0.097569 -0.021916 0.000000
vn -0.097569 -0.021916 0.000000
vn -0.100000 0.000000 0.000000
vn -0.100000 0.000000 0.000000
vn -0.097569 0.021916 -0.000000
vn -0.097569 0.021916 -0.000000
vn -0.090393 0.042767 -0.000000
vn -0.090393 0.042767 -0.000000
vn -0.078823 0.061538 -0.000000
vn -0.078823 0.061538 -0.000000
vn -0.000000 0.100000 -0.000000
vn -0.000000 0.100000 -0.000000
vn -0.000000 0.100000 -0.000000
vn -0.000000 0.100000 -0.000000
vn -0.061691 -0.078703 0.000000
vn -0.061691 -0.078703 0.000000
vn -0.061691 -0.078703 0.000000
vn -0.061691 -0.078703 0.000000
vn -0.078703 0.061691 -0.000000
vn -0.078703 0.061691 -0.000000
vn -0.060290 0.079782 -0.000000
vn -0.060290 0.079782 -0.000000
vn -0.037859 0.092556 -0.000000
vn -0.037859 0.092556 -0.000000
vn -0.012906 0.099164 -0.000000
vn -0.012906 0.099164 -0.000000
vn 0.012906 0.099164 0.000000
vn 0.012906 0.099164 0.000000
vn 0.037859 0.092556 0.000000
vn 0.037859 0.092556 0.000000
vn 0.060290 0.079782 0.000000
vn 0.060290 0.079782 0.000000
vn 0.078703 0.061691 0.000000
vn 0.078703 0.061691 0.000000
vn -0.061691 0.078703 -0.000000
vn -0.061691 0.078703 -0.000000
vn -0.061691 0.078703 -0.000000
vn -0.061691 0.078703 -0.000000
vn 0.078703 -0.061691 0.000000
vn 0.078703 -0.061691 0.000000
vn 0.060290 -0.079782 0.000000
vn 0.060290 -0.079782 0.000000
vn 0.037859 -0.092556 0.000000
vn 0.037859 -0.092556 0.000000
vn 0.012906 -0.099164 0.000000
vn 0.012906 -0.099164 0.000000
vn -0.012906 -0.099164 0.000000
vn -0.012906 -0.099164 0.000000
vn -0.037859 -0.092556 0.000000
vn -0.037859 -0.092556 0.000000
vn -0.060290 -0.079782 0.000000
vn -0.060290 -0.079782 0.000000
vn -0.078703 -0.061691 0.000000
vn -0.078703 -0.061691 0.000000
vn 0.061691 0.078703 0.000000
vn 0.061691 0.078703 0.000000
vn 0.061691 0.078703 0.000000
vn 0.061691 0.078703 0.000000
vn 0.000000 -0.100000 0.000000
vn 0.000000 -0.100000 0.000000
vn 0.000000 -0.100000 0.000000
vn 0.000000 -0.100000 0.000000
vn 0.078823 0.061538 0.000000
vn 0.078823 0.061538 0.000000
vn 0.090393 0.042767 0.000000
vn 0.090393 0.042767 0.000000
vn 0.097569 0.021916 0.000000
vn 0.097569 0.021916 0.000000
vn 0.100000 0.000000 0.000000
vn 0.100000 0.000000 0.000000
vn 0.097569 -0.021916 0.000000
vn 0.097569 -0.021916 0.000000
vn 0.090393 -0.042767 0.000000
vn 0.090393 -0.042767 0.000000
vn 0.078823 -0.061538 0.000000
vn 0.078823 -0.061538 0.000000
vn -0.000000 0.100000 -0.000000
vn -0.000000 0.100000 -0.000000
vn -0.000000 0.100000 -0.000000
vn -0.000000 0.100000 -0.000000
vn 0.061691 -0.078703 0.000000
vn 0.061691 -0.078703 0.000000
vn 0.061691 -0.078703 0.000000
vn 0.061691 -0.078703 0.000000
vn 0.000000 0.100000 0.000000
vn 0.000000 0.100000 0.000000
vn 0.000000 0.100000 0.000000
vn 0.000000 0.100000 0.000000
vn 0.000000 0.100000 0.000000
vn 0.000000 0.100000 0.000000
vn 0.000000 0.100000 0.000000
vn -0.096858 0.024869 0.000000
vn -0.099803 0.006279 0.000000
vn -0.100000 0.000000 0.000000
vn -0.098229 -0.018738 0.000000
vn -0.096858 -0.024869 0.000000
vn -0.090483 -0.042578 0.000000
vn -0.087631 -0.048175 0.000000
vn -0.077051 -0.063742 0.000000
vn -0.072897 -0.068455 0.000000
vn -0.058779 -0.080902 0.000000
vn -0.053583 -0.084433 0.000000
vn -0.036812 -0.092978 0.000000
vn -0.030902 -0.095106 0.000000
vn -0.012533 -0.099211 0.000000
vn -0.006279 -0.099803 0.000000
vn 0.012533 -0.099211 0.000000
vn 0.018738 -0.098229 0.000000
vn 0.036812 -0.092978 0.000000
vn 0.042578 -0.090483 0.000000
vn 0.058779 -0.080902 0.000000
vn 0.063742 -0.077051 0.000000
vn 0.077051 -0.063742 0.000000
vn 0.080902 -0.058779 0.000000
vn 0.090483 -0.042578 0.000000
vn 0.092978 -0.036812 0.000000
vn 0.098229 -0.018738 0.000000
vn 0.099211 -0.012533 0.000000
vn 0.099803 0.006279 0.000000
vn 0.099211 0.012533 0.000000
vn 0.095106 0.030902 0.000000
vn 0.092978 0.036812 0.000000
vn 0.084433 0.053583 0.000000
vn 0.080902 0.058779 0.000000
vn 0.068455 0.072897 0.000000
vn 0.063742 0.077051 0.000000
vn 0.048175 0.087631 0.000000
vn 0.042578 0.090483 0.000000
vn 0.024869 0.096858 0.000000
vn 0.018738 0.098229 0.000000
vn -0.000000 0.100000 0.000000
vn -0.006279 0.099803 0.000000
vn -0.024869 0.096858 0.000000
vn -0.030902 0.095106 0.000000
vn -0.048175 0.087631 0.000000
vn -0.053583 0.084433 0.000000
vn -0.068455 0.072897 0.000000
vn -0.072897 0.068455 0.000000
vn -0.084433 0.053583 0.000000
vn -0.087631 0.048175 0.000000
vn -0.095106 0.030902 0.000000
vn 0.050000 -0.050000 0.070711
vn 0.050000 -0.050000 0.070711
vn 0.050000 -0.050000 0.070711
vn 0.050000 -0.050000 0.070711
vn 0.050000 -0.050000 0.070711
vn 0.050000 -0.050000 0.070711
vn 0.050000 -0.050000 0.070711
vn 0.050000 -0.050000 0.070711
vn 0.050000 -0.050000 0.070711
vn 0.050000 -0.050000 0.070711
vn 0.050000 -0.050000 0.070711
vn 0.050000 -0.050000 0.070711
vn 0.050000 -0.050000 0.070711
vn 0.050000 -0.050000 0.070711
vn 0.050000 -0.050000 0.070711
vn 0.050000 -0.050000 0.070711
vn 0.050000 -0.050000 0.070711
vn 0.050000 -0.050000 0.070711
vn 0.050000 -0.050000 0.070711
vn 0.050000 -0.050000 0.070711
vn 0.050000 -0.050000 0.070711
vn 0.050000 -0.050000 0.070711
vn 0.050000 -0.050000 0.070711
vn 0.050000 -0.050000 0.070711
vn 0.050000 -0.050000 0.070711
vn 0.050000 -0.050000 0.070711
vn 0.050000 -0.050000 0.070711
vn 0.050000 -0.050000 0.070711
vn -0.050000 -0.050000 0.070711
vn -0.050000 -0.050000 0.070711
vn -0.050000 -0.050000 0.070711
vn -0.050000 -0.050000 0.070711
vn -0.050000 -0.050000 0.070711
vn -0.050000 -0.050000 0.070711
vn -0.050000 -0.050000 0.070711
vn -0.050000 -0.050000 0.070711
vn -0.050000 -0.050000 0.070711
vn -0.050000 -0.050000 0.070711
vn -0.050000 -0.050000 0.070711
vn -0.050000 -0.050000 0.070711
vn -0.050000 -0.050000 0.070711
vn -0.050000 -0.050000 0.070711
vn -0.050000 -0.050000 0.070711
vn -0.050000 -0.050000 0.070711
vn -0.050000 -0.050000 0.070711
vn -0.050000 -0.050000 0.070711
vn -0.050000 -0.050000 0.070711
vn -0.050000 -0.050000 0.070711
vn -0.050000 -0.050000 0.070711
vn -0.050000 -0.050000 0.070711
vn -0.050000 -0.050000 0.070711
vn -0.050000 -0.050000 0.070711
vn -0.050000 -0.050000 0.070711
vn -0.050000 -0.050000 0.070711
vn -0.050000 -0.050000 0.070711
vn -0.050000 -0.050000 0.070711
vn 0.050000 0.050000 0.070711
vn 0.050000 0.050000 0.070711
vn 0.050000 0.050000 0.070711
vn 0.050000 0.050000 0.070711
vn 0.050000 0.050000 0.070711
vn 0.050000 0.050000 0.070711
vn 0.050000 0.050000 0.070711
vn 0.050000 0.050000 0.070711
vn 0.050000 0.050000 0.070711
vn 0.050000 0.050000 0.070711
vn 0.050000 0.050000 0.070711
vn 0.050000 0.050000 0.070711
vn 0.050000 0.050000 0.070711
vn 0.050000 0.050000 0.070711
vn 0.050000 0.050000 0.070711
vn 0.050000 0.050000 0.070711
vn 0.050000 0.050000 0.070711
vn 0.050000 0.050000 0.070711
vn 0.050000 0.050000 0.070711
vn 0.050000 0.050000 0.070711
vn 0.050000 0.050000 0.070711
vn 0.050000 0.050000 0.070711
vn 0.050000 0.050000 0.070711
vn 0.050000 0.050000 0.070711
vn 0.050000 0.050000 0.070711
vn 0.050000 0.050000 0.070711
vn 0.050000 0.050000 0.070711
vn 0.050000 0.050000 0.070711
vn -0.050000 0.050000 0.070711
vn -0.050000 0.050000 0.070711
vn -0.050000 0.050000 0.070711
vn -0.050000 0.050000 0.070711
vn -0.050000 0.050000 0.070711
vn -0.050000 0.050000 0.070711
vn -0.050000 0.050000 0.070711
vn -0.050000 0.050000 0.070711
vn -0.050000 0.050000 0.070711
vn -0.050000 0.050000 0.070711
vn -0.050000 0.050000 0.070711
vn -0.050000 0.050000 0.070711
vn -0.050000 0.050000 0.070711
vn -0.050000 0.050000 0.070711
vn -0.050000 0.050000 0.070711
vn -0.050000 0.050000 0.070711
vn -0.050000 0.050000 0.070711
vn -0.050000 0.050000 0.070711
vn -0.050000 0.050000 0.070711
vn -0.050000 0.050000 0.070711
vn -0.050000 0.050000 0.070711
vn -0.050000 0.050000 0.070711
vn -0.050000 0.050000 0.070711
vn -0.050000 0.050000 0.070711
vn -0.050000 0.050000 0.070711
vn -0.050000 0.050000 0.070711
vn -0.050000 0.050000 0.070711
vn -0.050000 0.050000 0.070711
vn 0.051323 0.085825 0.000000
vn 0.051323 0.085825 0.000000
vn 0.027730 0.096078 0.000000
vn 0.051323 0.085825 0.000000
vn 0.051323 0.085825 0.000000
vn 0.071520 0.069892 0.000000
vn 0.071520 0.069892 0.000000
vn 0.086984 0.049334 0.000000
vn 0.086984 0.049334 0.000000
vn 0.096691 0.025511 0.000000
vn 0.096691 0.025511 0.000000
vn 0.100000 -0.000000 0.000000
vn 0.100000 -0.000000 0.000000
vn 0.096691 -0.025511 0.000000
vn 0.096691 -0.025511 0.000000
vn 0.086984 -0.049334 0.000000
vn 0.086984 -0.049334 0.000000
vn 0.071520 -0.069892 0.000000
vn 0.079915 -0.060113 0.000000
vn 0.069229 -0.072162 0.000000
vn 0.056747 -0.082339 0.000000
vn 0.051323 -0.085825 0.000000
vn 0.042793 -0.090381 0.000000
vn 0.027730 -0.096078 0.000000
vn 0.051323 -0.085825 0.000000
vn 0.051323 -0.085825 0.000000
vn 0.071520 -0.069892 0.000000
vn 0.071520 -0.069892 0.000000
vn 0.086984 -0.049334 0.000000
vn 0.086984 -0.049334 0.000000
vn 0.096691 -0.025511 0.000000
vn 0.096691 -0.025511 0.000000
vn 0.100000 -0.000000 0.000000
vn 0.100000 -0.000000 0.000000
vn 0.096691 0.025511 0.000000
vn 0.096691 0.025511 0.000000
vn 0.086984 0.049334 0.000000
vn 0.086984 0.049334 0.000000
vn 0.071520 0.069892 0.000000
vn 0.071520 0.069892 0.000000
vn 0.086984 0.049334 0.000000
vn 0.096691 0.025511 0.000000
vn 0.100000 -0.000000 0.000000
vn 0.096691 -0.025511 0.000000
vn 0.086984 -0.049334 0.000000
vn 0.071520 -0.069892 0.000000
vn 0.051323 -0.085825 0.000000
vn 0.096691 0.025511 0.000000
vn 0.100000 -0.000000 0.000000
vn 0.096691 -0.025511 0.000000
vn 0.086984 -0.049334 0.000000
vn 0.071520 -0.069892 0.000000
vn 0.051323 -0.085825 0.000000
vn 0.100000 0.000000 0.000000
vn 0.096691 -0.025511 0.000000
vn 0.086984 -0.049334 0.000000
vn 0.071520 -0.069892 0.000000
vn 0.051323 -0.085825 0.000000
vn 0.027730 -0.096078 0.000000
vn 0.096691 -0.025511 0.000000
vn 0.086984 -0.049334 0.000000
vn 0.071520 -0.069892 0.000000
vn 0.051323 -0.085825 0.000000
vn 0.086984 -0.049334 0.000000
vn 0.071520 -0.069892 0.000000
vn 0.051323 -0.085825 0.000000
vn 0.071520 -0.069892 0.000000
vn 0.051323 -0.085825 0.000000
vn 0.051323 -0.085825 0.000000
vn 0.088529 -0.046504 0.000000
vn 0.094846 -0.031690 0.000000
vn 0.096691 -0.025511 0.000000
vn 0.098703 -0.016053 0.000000
vn 0.100000 -0.000000 0.000000
vn 0.100000 -0.000000 0.000000
vn 0.098703 0.016053 0.000000
vn 0.096691 0.025511 0.000000
vn 0.094846 0.031690 0.000000
vn 0.086984 0.049334 0.000000
vn 0.088529 0.046504 0.000000
vn 0.079915 0.060113 0.000000
vn 0.071520 0.069892 0.000000
vn 0.069229 0.072162 0.000000
vn 0.056747 0.082339 0.000000
vn 0.051323 0.085825 0.000000
vn 0.042793 0.090381 0.000000
vn 0.051323 0.085825 0.000000
vn 0.051323 0.085825 0.000000
vn 0.071520 0.069892 0.000000
vn 0.071520 0.069892 0.000000
vn 0.086984 0.049334 0.000000
vn 0.086984 0.049334 0.000000
vn 0.096691 0.025511 0.000000
vn 0.096691 0.025511 0.000000
vn 0.100000 -0.000000 0.000000
vn 0.027730 0.096078 0.000000
vn 0.051323 0.085825 0.000000
vn 0.071520 0.069892 0.000000
vn 0.051323 0.085825 0.000000
vn 0.051323 0.085825 0.000000
vn 0.071520 0.069892 0.000000
vn 0.071520 0.069892 0.000000
vn 0.086984 0.049334 0.000000
vn 0.096691 0.025511 0.000000
vn 0.100000 -0.000000 0.000000
vn 0.096691 -0.025511 0.000000
vn 0.086984 -0.049334 0.000000
vn 0.071520 -0.069892 0.000000
vn 0.086984 0.049334 0.000000
vn 0.043417 -0.090083 0.000000
vn 0.050828 -0.086119 0.000000
vn 0.027730 -0.096078 0.000000
vn 0.050828 -0.086119 0.000000
vn 0.050828 -0.086119 0.000000
vn 0.070711 -0.070711 0.000000
vn 0.050828 -0.086119 0.000000
vn 0.050828 -0.086119 0.000000
vn 0.039593 -0.091828 0.000000
vn 0.050828 -0.086119 0.000000
vn 0.061256 -0.079043 0.000000
vn 0.057880 -0.081547 0.000000
vn 0.070711 -0.070711 0.000000
vn 0.027730 -0.096078 0.000000
vn 0.070711 -0.070711 0.000000
vn 0.070711 -0.070711 0.000000
vn 0.070711 -0.070711 0.000000
vn 0.070711 -0.070711 0.000000
vn 0.081547 -0.057880 0.000000
vn 0.086119 -0.050828 0.000000
vn 0.070711 -0.070711 0.000000
vn 0.086119 -0.050828 0.000000
vn 0.086119 -0.050828 0.000000
vn 0.096078 -0.027730 0.000000
vn 0.086119 -0.050828 0.000000
vn 0.086119 -0.050828 0.000000
vn 0.079043 -0.061256 0.000000
vn 0.086119 -0.050828 0.000000
vn 0.091828 -0.039593 0.000000
vn 0.090083 -0.043417 0.000000
vn 0.096078 -0.027730 0.000000
vn 0.070711 -0.070711 0.000000
vn 0.025511 0.096691 0.000000
vn 0.025511 0.096691 0.000000
vn 0.000000 0.100000 0.000000
vn 0.025511 0.096691 0.000000
vn 0.025511 0.096691 0.000000
vn 0.049334 0.086984 0.000000
vn 0.049334 0.086984 0.000000
vn 0.069892 0.071520 0.000000
vn 0.069892 0.071520 0.000000
vn 0.085825 0.051323 0.000000
vn 0.085825 0.051323 0.000000
vn 0.096078 0.027730 0.000000
vn 0.085825 0.051323 0.000000
vn 0.085825 0.051323 0.000000
vn 0.069892 0.071520 0.000000
vn 0.069892 0.071520 0.000000
vn 0.049334 0.086984 0.000000
vn 0.049334 0.086984 0.000000
vn 0.025511 0.096691 0.000000
vn 0.025511 0.096691 0.000000
vn 0.000000 0.100000 0.000000
vn 0.000000 0.100000 0.000000
vn -0.025511 0.096691 0.000000
vn -0.025511 0.096691 0.000000
vn -0.049334 0.086984 0.000000
vn -0.049334 0.086984 0.000000
vn -0.069892 0.071520 0.000000
vn -0.069892 0.071520 0.000000
vn -0.085825 0.051323 0.000000
vn -0.085825 0.051323 0.000000
vn -0.096078 0.027730 0.000000
vn -0.085825 0.051323 0.000000
vn -0.090381 0.042793 0.000000
vn -0.082339 0.056747 0.000000
vn -0.069892 0.071520 0.000000
vn -0.072162 0.069229 0.000000
vn -0.060113 0.079915 0.000000
vn -0.049334 0.086984 0.000000
vn -0.046504 0.088529 0.000000
vn -0.031690 0.094846 0.000000
vn -0.025511 0.096691 0.000000
vn -0.016053 0.098703 0.000000
vn 0.000000 0.100000 0.000000
vn 0.000000 0.100000 0.000000
vn 0.016053 0.098703 0.000000
vn 0.025511 0.096691 0.000000
vn 0.031690 0.094846 0.000000
vn 0.049334 0.086984 0.000000
vn 0.046504 0.088529 0.000000
vn 0.060113 0.079915 0.000000
vn 0.069892 0.071520 0.000000
vn 0.072162 0.069229 0.000000
vn 0.082339 0.056747 0.000000
vn 0.085825 0.051323 0.000000
vn 0.090381 0.042793 0.000000
vn 0.049334 0.086984 0.000000
vn 0.049334 0.086984 0.000000
vn 0.069892 0.071520 0.000000
vn 0.069892 0.071520 0.000000
vn 0.085825 0.051323 0.000000
vn 0.085825 0.051323 0.000000
vn 0.096078 0.027730 0.000000
vn 0.085825 0.051323 0.000000
vn 0.085825 0.051323 0.000000
vn 0.069892 0.071520 0.000000
vn 0.069892 0.071520 0.000000
vn 0.049334 0.086984 0.000000
vn -0.096078 0.027730 0.000000
vn -0.085825 0.051323 0.000000
vn -0.069892 0.071520 0.000000
vn -0.049334 0.086984 0.000000
vn -0.025511 0.096691 0.000000
vn 0.000000 0.100000 0.000000
vn 0.025511 0.096691 0.000000
vn 0.025511 0.096691 0.000000
vn 0.049334 0.086984 0.000000
vn 0.049334 0.086984 0.000000
vn 0.069892 0.071520 0.000000
vn 0.025511 0.096691 0.000000
vn 0.085825 0.051323 0.000000
vn 0.090083 0.043417 0.000000
vn 0.086119 0.050828 0.000000
vn 0.096078 0.027730 0.000000
vn 0.086119 0.050828 0.000000
vn 0.086119 0.050828 0.000000
vn 0.070711 0.070711 0.000000
vn 0.086119 0.050828 0.000000
vn 0.086119 0.050828 0.000000
vn 0.091828 0.039593 0.000000
vn 0.086119 0.050828 0.000000
vn 0.079043 0.061256 0.000000
vn 0.081547 0.057880 0.000000
vn 0.070711 0.070711 0.000000
vn 0.096078 0.027730 0.000000
vn 0.070711 0.070711 0.000000
vn 0.070711 0.070711 0.000000
vn 0.070711 0.070711 0.000000
vn 0.070711 0.070711 0.000000
vn 0.057880 0.081547 0.000000
vn 0.050828 0.086119 0.000000
vn 0.070711 0.070711 0.000000
vn 0.050828 0.086119 0.000000
vn 0.050828 0.086119 0.000000
vn 0.027730 0.096078 0.000000
vn 0.050828 0.086119 0.000000
vn 0.050828 0.086119 0.000000
vn 0.061256 0.079043 0.000000
vn 0.050828 0.086119 0.000000
vn 0.039593 0.091828 0.000000
vn 0.043417 0.090083 0.000000
vn 0.027730 0.096078 0.000000
vn 0.070711 0.070711 0.000000
vn -0.100000 0.000000 0.000000
vn -0.100000 0.000000 0.000000
vn -0.100000 0.000000 0.000000
vn -0.100000 0.000000 0.000000
vn -0.100000 0.000000 0.000000
vn -0.100000 0.000000 0.000000
vn -0.100000 0.000000 0.000000
vn -0.100000 0.000000 0.000000
vn -0.050000 -0.050000 -0.070711
vn -0.050000 -0.050000 -0.070711
vn -0.050000 -0.050000 -0.070711
vn -0.050000 -0.050000 -0.070711
vn -0.050000 -0.050000 -0.070711
vn -0.050000 -0.050000 -0.070711
vn -0.050000 -0.050000 -0.070711
vn -0.050000 -0.050000 -0.070711
vn -0.050000 -0.050000 -0.070711
vn -0.050000 -0.050000 -0.070711
vn 0.000000 0.000000 -0.100000
vn 0.000000 0.000000 -0.100000
vn 0.000000 0.000000 -0.100000
vn 0.000000 0.000000 -0.100000
vn 0.050000 0.050000 -0.070711
vn 0.050000 0.050000 -0.070711
vn 0.050000 0.050000 -0.070711
vn 0.050000 0.050000 -0.070711
vn 0.050000 0.050000 -0.070711
vn 0.050000 0.050000 -0.070711
vn 0.050000 0.050000 -0.070711
vn 0.050000 0.050000 -0.070711
vn 0.050000 0.050000 -0.070711
vn 0.050000 0.050000 -0.070711
vn 0.000000 0.000000 -0.100000
vn 0.000000 0.000000 -0.100000
vn 0.000000 0.000000 -0.100000
vn 0.000000 0.000000 -0.100000
vn 0.050939 -0.050939 -0.069357
vn 0.055600 -0.055600 -0.061783
vn 0.058137 -0.058137 -0.056922
vn 0.059186 -0.059186 -0.054717
vn 0.058841 -0.058841 -0.055456
vn 0.059186 -0.059186 -0.054717
vn 0.042426 -0.042426 -0.080000
vn 0.046239 -0.046239 -0.075657
vn 0.051594 -0.051594 -0.068382
vn 0.040374 -0.040374 -0.082097
vn 0.032817 -0.032817 -0.088578
vn 0.034063 -0.034063 -0.087632
vn 0.026029 -0.026029 -0.092978
vn 0.022360 -0.022360 -0.094868
vn 0.017584 -0.017584 -0.096859
vn 0.011326 -0.011326 -0.098709
vn 0.008862 -0.008862 -0.099212
vn 0.058492 -0.058492 -0.056191
vn 0.058137 -0.058137 -0.056922
vn 0.000000 0.000000 -0.100000
vn 0.000000 0.000000 -0.100000
vn 0.000000 0.000000 -0.100000
vn 0.000000 0.000000 -0.100000
vn 0.000000 0.000000 -0.100000
vn 0.000000 0.000000 -0.100000
vn 0.000000 0.000000 -0.100000
vn 0.000000 0.000000 -0.100000
vn 0.000000 0.000000 -0.100000
vn 0.000000 0.000000 -0.100000
vn 0.000000 0.000000 -0.100000
vn 0.000000 0.000000 -0.100000
vn 0.000000 0.000000 -0.100000
vn 0.000000 0.000000 -0.100000
vn 0.000000 0.000000 -0.100000
vn 0.000000 0.000000 -0.100000
vn 0.000000 0.000000 -0.100000
vn 0.000000 0.000000 -0.100000
vn 0.000000 0.000000 -0.100000
vn 0.000000 0.000000 -0.100000
vn 0.000000 0.000000 -0.100000
vn 0.000000 0.000000 -0.100000
vn 0.000000 0.000000 -0.100000
vn 0.000000 0.000000 -0.100000
vn 0.000000 0.000000 -0.100000
vn 0.000000 0.000000 -0.100000
vn 0.000000 0.000000 -0.100000
vn 0.000000 0.000000 -0.100000
vn 0.000000 0.000000 -0.100000
vn 0.000000 0.000000 -0.100000
vn 0.000000 0.000000 -0.100000
vn 0.000000 0.000000 -0.100000
vn 0.000000 0.000000 -0.100000
vn 0.000000 0.000000 -0.100000
vn 0.000000 0.000000 -0.100000
vn 0.000000 0.000000 -0.100000
vn 0.000000 0.000000 -0.100000
vn 0.000000 0.000000 -0.100000
vn 0.000000 0.000000 -0.100000
vn 0.000000 0.000000 -0.100000
vn 0.000000 0.000000 -0.100000
vn 0.000000 0.000000 -0.100000
vn 0.000000 0.000000 -0.100000
vn 0.000000 0.000000 -0.100000
vn 0.000000 0.000000 -0.100000
vn 0.000000 0.000000 -0.100000
vn 0.000000 0.000000 -0.100000
vn 0.000000 0.000000 -0.100000
vn 0.000000 0.000000 -0.100000
vn 0.000000 0.000000 -0.100000
vn 0.000000 0.000000 -0.100000
vn 0.000000 0.000000 -0.100000
vn 0.000000 0.000000 -0.100000
vn 0.000000 0.000000 -0.100000
vn 0.000000 0.000000 -0.100000
vn 0.000000 0.000000 -0.100000
vn 0.000000 0.000000 -0.100000
vn 0.000000 0.000000 -0.100000
vn 0.000000 0.000000 -0.100000
vn 0.000000 0.000000 -0.100000
vn 0.000000 0.000000 -0.100000
vn 0.000000 0.000000 -0.100000
vn 0.000000 0.000000 -0.100000
vn 0.000000 0.000000 -0.100000
vn 0.000000 0.000000 -0.100000
vn 0.000000 0.000000 -0.100000
vn 0.000000 0.000000 -0.100000
vn 0.000000 0.000000 -0.100000
vn 0.000000 0.000000 -0.100000
vn 0.000000 0.000000 -0.100000
vn 0.000000 0.000000 -0.100000
vn 0.000000 0.000000 -0.100000
vn 0.000000 0.000000 -0.100000
vn 0.000000 0.000000 -0.100000
vn 0.000000 0.000000 -0.100000
vn 0.000000 0.000000 -0.100000
vn 0.000000 0.000000 -0.100000
vn 0.000000 0.000000 -0.100000
vn 0.000000 0.000000 -0.100000
vn 0.000000 0.000000 -0.100000
vn 0.000000 0.000000 -0.100000
vn 0.000000 0.000000 -0.100000
vn 0.000000 0.000000 -0.100000
vn 0.000000 0.000000 -0.100000
vn 0.000000 0.000000 -0.100000
vn 0.000000 0.000000 -0.100000
vn 0.000000 0.000000 -0.100000
vn 0.000000 0.000000 -0.100000
vn 0.000000 0.000000 -0.100000
vn 0.000000 0.000000 -0.100000
vn 0.000000 0.000000 -0.100000
vn 0.000000 0.000000 -0.100000
vn 0.000000 0.000000 -0.100000
vn 0.000000 0.000000 -0.100000
vn 0.000000 0.000000 -0.100000
vn 0.000000 0.000000 -0.100000
vn 0.000000 0.000000 -0.100000
vn 0.000000 0.000000 -0.100000
vn 0.000000 0.000000 -0.100000
vn 0.000000 0.000000 -0.100000
vn 0.000000 0.000000 -0.100000
vn 0.000000 0.000000 -0.100000
vn 0.000000 0.000000 -0.100000
vn 0.000000 0.000000 -0.100000
vn 0.000000 0.000000 -0.100000
vn 0.000000 0.000000 -0.100000
vn 0.000000 0.000000 -0.100000
vn 0.000000 0.000000 -0.100000
vn 0.000000 0.000000 -0.100000
vn 0.000000 0.000000 -0.100000
vn 0.000000 0.000000 -0.100000
vn 0.000000 0.000000 -0.100000
vn 0.000000 0.000000 -0.100000
vn 0.000000 0.000000 -0.100000
vn 0.000000 0.000000 -0.100000
vn 0.000000 0.000000 -0.100000
vn 0.000000 0.000000 -0.100000
vn 0.000000 0.000000 -0.100000
vn 0.000000 0.000000 -0.100000
vn 0.000000 0.000000 -0.100000
vn 0.000000 0.000000 -0.100000
vn 0.000000 0.000000 -0.100000
vn 0.000000 0.000000 -0.100000
vn 0.000000 0.000000 -0.100000
vn 0.000000 0.000000 -0.100000
vn 0.000000 0.000000 -0.100000
vn 0.000000 0.000000 -0.100000
vn 0.000000 0.000000 -0.100000
vn 0.000000 0.000000 -0.100000
vn 0.000000 0.000000 -0.100000
vn 0.000000 0.000000 -0.100000
vn 0.000000 0.000000 -0.100000
vn 0.000000 0.000000 -0.100000
vn 0.000000 0.000000 -0.100000
vn 0.000000 0.000000 -0.100000
vn 0.000000 0.000000 -0.100000
vn 0.000000 0.000000 -0.100000
vn 0.000000 0.000000 -0.100000
vn 0.000000 0.000000 -0.100000
vn 0.000000 0.000000 -0.100000
vn 0.000000 0.000000 -0.100000
vn 0.000000 0.000000 -0.100000
vn 0.000000 0.000000 -0.100000
vn 0.000000 0.000000 -0.100000
vn 0.000000 0.000000 -0.100000
vn 0.000000 0.000000 -0.100000
vn 0.000000 0.000000 -0.100000
vn 0.000000 0.000000 -0.100000
vn 0.000000 0.000000 -0.100000
vn 0.000000 0.000000 -0.100000
vn 0.000000 0.000000 -0.100000
vn 0.000000 0.000000 -0.100000
vn 0.000000 0.000000 -0.100000
vn 0.000000 0.000000 -0.100000
vn 0.000000 0.000000 -0.100000
vn 0.000000 0.000000 -0.100000
vn 0.000000 0.000000 -0.100000
vn 0.000000 0.000000 -0.100000
vn 0.000000 0.000000 -0.100000
vn 0.000000 0.000000 -0.100000
vn 0.000000 0.000000 -0.100000
vn 0.000000 0.000000 -0.100000
vn 0.000000 0.000000 -0.100000
vn 0.000000 0.000000 -0.100000
vn 0.000000 0.000000 -0.100000
vn 0.000000 0.000000 -0.100000
vn 0.034352 -0.093915 0.000000
vn 0.034352 -0.093915 0.000000
vn 0.034352 -0.093915 0.000000
vn 0.034352 -0.093915 0.000000
vn -0.078703 -0.061691 0.000000
vn -0.078703 -0.061691 0.000000
vn -0.084720 -0.053127 0.000000
vn -0.084720 -0.053127 0.000000
vn -0.089810 -0.043980 0.000000
vn -0.093915 -0.034352 0.000000
vn -0.093915 -0.034352 0.000000
vn -0.089810 -0.043980 0.000000
vn -0.061691 0.078703 -0.000000
vn -0.061691 0.078703 -0.000000
vn -0.061691 0.078703 -0.000000
vn -0.061691 0.078703 -0.000000
vn 0.078703 -0.061691 0.000000
vn 0.078703 -0.061691 0.000000
vn 0.064777 -0.076184 0.000000
vn 0.064777 -0.076184 0.000000
vn 0.048234 -0.087598 0.000000
vn 0.048234 -0.087598 0.000000
vn 0.029742 -0.095475 0.000000
vn 0.029742 -0.095475 0.000000
vn 0.010049 -0.099494 0.000000
vn 0.010049 -0.099494 0.000000
vn -0.010049 -0.099494 0.000000
vn -0.010049 -0.099494 0.000000
vn -0.029742 -0.095475 0.000000
vn -0.029742 -0.095475 0.000000
vn -0.048234 -0.087598 0.000000
vn -0.048234 -0.087598 0.000000
vn -0.064777 -0.076184 0.000000
vn -0.064777 -0.076184 0.000000
vn -0.078703 -0.061691 0.000000
vn -0.078703 -0.061691 0.000000
vn 0.061691 0.078703 0.000000
vn 0.061691 0.078703 0.000000
vn 0.061691 0.078703 0.000000
vn 0.061691 0.078703 0.000000
vn 0.093915 -0.034352 0.000000
vn 0.093915 -0.034352 0.000000
vn 0.089810 -0.043980 0.000000
vn 0.089810 -0.043980 0.000000
vn 0.084720 -0.053127 0.000000
vn 0.078703 -0.061691 0.000000
vn 0.078703 -0.061691 0.000000
vn 0.084720 -0.053127 0.000000
vn -0.034352 -0.093915 0.000000
vn -0.034352 -0.093915 0.000000
vn -0.034352 -0.093915 0.000000
vn -0.034352 -0.093915 0.000000
vn 0.093915 0.034352 0.000000
vn 0.093915 0.034352 0.000000
vn 0.098467 0.017443 0.000000
vn 0.098467 0.017443 0.000000
vn 0.100000 0.000000 0.000000
vn 0.100000 0.000000 0.000000
vn 0.098467 -0.017443 0.000000
vn 0.098467 -0.017443 0.000000
vn 0.093915 -0.034352 0.000000
vn 0.093915 -0.034352 0.000000
vn -0.034352 0.093915 -0.000000
vn -0.034352 0.093915 -0.000000
vn -0.034352 0.093915 -0.000000
vn -0.034352 0.093915 -0.000000
vn -0.093915 -0.034352 0.000000
vn -0.093915 -0.034352 0.000000
vn -0.094986 -0.031267 0.000000
vn -0.094986 -0.031267 0.000000
vn -0.095957 -0.028148 0.000000
vn -0.095957 -0.028148 0.000000
vn -0.096825 -0.025000 0.000000
vn -0.096825 -0.025000 0.000000
vn 0.000000 -0.100000 0.000000
vn 0.000000 -0.100000 0.000000
vn 0.000000 -0.100000 0.000000
vn 0.000000 -0.100000 0.000000
vn -0.000000 0.100000 -0.000000
vn -0.000000 0.100000 -0.000000
vn -0.000000 0.100000 -0.000000
vn -0.000000 0.100000 -0.000000
vn -0.096825 0.025000 0.000000
vn -0.096825 0.025000 0.000000
vn -0.095957 0.028148 0.000000
vn -0.095957 0.028148 0.000000
vn -0.094986 0.031267 0.000000
vn -0.094986 0.031267 0.000000
vn -0.093915 0.034352 0.000000
vn -0.093915 0.034352 0.000000
vn 0.034352 0.093915 0.000000
vn 0.034352 0.093915 0.000000
vn 0.034352 0.093915 0.000000
vn 0.034352 0.093915 0.000000
vn -0.093915 0.034352 0.000000
vn -0.093915 0.034352 0.000000
vn -0.089810 0.043980 0.000000
vn -0.089810 0.043980 0.000000
vn -0.084720 0.053127 0.000000
vn -0.078703 0.061691 0.000000
vn -0.078703 0.061691 0.000000
vn -0.084720 0.053127 0.000000
vn -0.061691 -0.078703 0.000000
vn -0.061691 -0.078703 0.000000
vn -0.061691 -0.078703 0.000000
vn -0.061691 -0.078703 0.000000
vn -0.078703 0.061691 0.000000
vn -0.078703 0.061691 0.000000
vn -0.064777 0.076184 0.000000
vn -0.064777 0.076184 0.000000
vn -0.048234 0.087598 0.000000
vn -0.048234 0.087598 0.000000
vn -0.029742 0.095475 0.000000
vn -0.029742 0.095475 0.000000
vn -0.010049 0.099494 0.000000
vn -0.010049 0.099494 0.000000
vn 0.010049 0.099494 0.000000
vn 0.010049 0.099494 0.000000
vn 0.029742 0.095475 0.000000
vn 0.029742 0.095475 0.000000
vn 0.048234 0.087598 0.000000
vn 0.048234 0.087598 0.000000
vn 0.064777 0.076184 0.000000
vn 0.064777 0.076184 0.000000
vn 0.078703 0.061691 0.000000
vn 0.078703 0.061691 0.000000
vn 0.061691 -0.078703 0.000000
vn 0.061691 -0.078703 0.000000
vn 0.061691 -0.078703 0.000000
vn 0.061691 -0.078703 0.000000
vn 0.078703 0.061691 0.000000
vn 0.078703 0.061691 0.000000
vn 0.084720 0.053127 0.000000
vn 0.084720 0.053127 0.000000
vn 0.089810 0.043980 0.000000
vn 0.093915 0.034352 0.000000
vn 0.093915 0.034352 0.000000
vn 0.089810 0.043980 0.000000
vn -0.068301 -0.068301 0.025882
vn -0.070711 -0.070711 0.000086
vn -0.070711 -0.070711 0.000000
vn -0.068320 -0.068320 -0.025785
vn -0.068301 -0.068301 -0.025882
vn -0.061278 -0.061278 -0.049901
vn -0.061237 -0.061237 -0.050000
vn -0.050064 -0.050064 -0.070620
vn -0.050000 -0.050000 -0.070711
vn -0.035443 -0.035443 -0.086531
vn -0.035355 -0.035355 -0.086603
vn -0.018409 -0.018409 -0.096552
vn -0.018301 -0.018301 -0.096593
vn -0.018409 -0.018409 -0.096552
vn -0.009163 -0.009163 -0.099157
vn -0.068288 -0.068288 0.025951
vn -0.061237 -0.061237 0.050000
vn -0.061217 -0.061217 0.050050
vn -0.050000 -0.050000 0.070711
vn -0.049979 -0.049979 0.070741
vn -0.035355 -0.035355 0.086603
vn -0.035338 -0.035338 0.086617
vn -0.018301 -0.018301 0.096593
vn -0.018291 -0.018291 0.096596
vn -0.000000 -0.000000 0.100000
vn 0.000000 0.000000 0.100000
vn 0.018291 0.018291 0.096596
vn 0.018301 0.018301 0.096593
vn 0.035338 0.035338 0.086617
vn 0.035355 0.035355 0.086603
vn 0.049979 0.049979 0.070741
vn 0.050000 0.050000 0.070711
vn 0.061217 0.061217 0.050050
vn 0.061237 0.061237 0.050000
vn 0.068288 0.068288 0.025951
vn 0.068301 0.068301 0.025882
vn 0.070711 0.070711 0.000086
vn 0.070711 0.070711 0.000000
vn 0.068320 0.068320 -0.025785
vn 0.068301 0.068301 -0.025882
vn 0.061278 0.061278 -0.049901
vn 0.061237 0.061237 -0.050000
vn 0.050064 0.050064 -0.070620
vn 0.050000 0.050000 -0.070711
vn 0.035443 0.035443 -0.086531
vn 0.035355 0.035355 -0.086603
vn 0.018409 0.018409 -0.096552
vn 0.018301 0.018301 -0.096593
vn 0.009163 0.009163 -0.099157
vn -0.000000 -0.000000 -0.100000
vn -0.000000 -0.000000 -0.100000
vn 0.018409 0.018409 -0.096552
vn 0.070711 -0.070711 0.000000
vn 0.070711 -0.070711 0.000000
vn 0.070711 -0.070711 0.000000
vn 0.070711 -0.070711 0.000000
vn 0.070711 -0.070711 0.000000
vn 0.070711 -0.070711 0.000000
vn 0.070711 -0.070711 0.000000
vn 0.070711 -0.070711 0.000000
vn 0.070711 -0.070711 0.000000
vn 0.070711 -0.070711 0.000000
vn 0.070711 -0.070711 0.000000
vn 0.070711 -0.070711 0.000000
vn 0.070711 -0.070711 0.000000
vn 0.070711 -0.070711 0.000000
vn 0.070711 -0.070711 0.000000
vn 0.070711 -0.070711 0.000000
vn 0.070711 -0.070711 0.000000
vn 0.070711 -0.070711 0.000000
vn 0.070711 -0.070711 0.000000
vn 0.070711 -0.070711 0.000000
vn 0.070711 -0.070711 0.000000
vn 0.070711 -0.070711 0.000000
vn 0.070711 -0.070711 0.000000
vn 0.070711 -0.070711 0.000000
vn 0.070711 -0.070711 0.000000
vn 0.070711 -0.070711 0.000000
vn 0.070711 -0.070711 0.000000
vn 0.070711 -0.070711 0.000000
vn 0.070711 -0.070711 0.000000
vn -0.070711 0.070711 0.000000
vn -0.070711 0.070711 0.000000
vn -0.070711 0.070711 0.000000
vn -0.070711 0.070711 0.000000
vn -0.070711 0.070711 0.000000
vn -0.070711 0.070711 0.000000
vn -0.070711 0.070711 0.000000
vn -0.070711 0.070711 0.000000
vn -0.070711 0.070711 0.000000
vn -0.070711 0.070711 0.000000
vn -0.070711 0.070711 0.000000
vn -0.070711 0.070711 0.000000
vn -0.070711 0.070711 0.000000
vn -0.070711 0.070711 0.000000
vn -0.070711 0.070711 0.000000
vn -0.070711 0.070711 0.000000
vn -0.070711 0.070711 0.000000
vn -0.070711 0.070711 0.000000
vn -0.070711 0.070711 0.000000
vn -0.070711 0.070711 0.000000
vn -0.070711 0.070711 0.000000
vn -0.070711 0.070711 0.000000
vn -0.070711 0.070711 0.000000
vn -0.070711 0.070711 0.000000
vn -0.070711 0.070711 0.000000
vn -0.070711 0.070711 0.000000
vn -0.070711 0.070711 0.000000
vn -0.070711 0.070711 0.000000
vn -0.070711 0.070711 0.000000
vn -0.070711 0.070711 0.000000
vn -0.070711 0.070711 0.000000
vn -0.070711 0.070711 0.000000
vn 0.040558 0.040558 -0.081915
vn 0.040558 0.040558 -0.081915
vn 0.040558 0.040558 -0.081915
vn -0.040558 -0.040558 -0.081915
vn -0.040558 -0.040558 -0.081915
vn -0.040558 -0.040558 -0.081915
vn 0.070711 0.070711 0.000000
vn 0.070711 0.070711 0.000000
vn 0.070711 0.070711 0.000000
vn 0.070711 0.070711 0.000000
vn 0.070711 0.070711 0.000000
vn 0.070711 0.070711 0.000000
vn 0.070711 0.070711 0.000000
vn 0.070711 0.070711 0.000000
vn 0.050000 0.050000 -0.070711
vn 0.050000 0.050000 -0.070711
vn 0.050000 0.050000 -0.070711
vn 0.050000 0.050000 -0.070711
vn 0.050000 0.050000 -0.070711
vn 0.050000 0.050000 -0.070711
vn -0.070711 -0.070711 0.000000
vn -0.070711 -0.070711 0.000000
vn -0.070711 -0.070711 0.000000
vn -0.070711 -0.070711 0.000000
vn -0.070711 -0.070711 0.000000
vn -0.070711 -0.070711 0.000000
vn -0.070711 -0.070711 0.000000
vn -0.070711 -0.070711 0.000000
vn -0.050000 -0.050000 -0.070711
vn -0.050000 -0.050000 -0.070711
vn -0.050000 -0.050000 -0.070711
vn -0.050000 -0.050000 -0.070711
vn -0.050000 -0.050000 -0.070711
vn -0.050000 -0.050000 -0.070711
vn -0.050939 0.050939 -0.069357
vn -0.055600 0.055600 -0.061783
vn -0.058137 0.058137 -0.056922
vn -0.059186 0.059186 -0.054717
vn -0.058841 0.058841 -0.055456
vn -0.059186 0.059186 -0.054717
vn -0.042426 0.042426 -0.080000
vn -0.046239 0.046239 -0.075657
vn -0.051594 0.051594 -0.068382
vn -0.040374 0.040374 -0.082097
vn -0.032817 0.032817 -0.088578
vn -0.034063 0.034063 -0.087632
vn -0.026029 0.026029 -0.092978
vn -0.022360 0.022360 -0.094868
vn -0.017584 0.017584 -0.096859
vn -0.011326 0.011326 -0.098709
vn -0.008862 0.008862 -0.099212
vn -0.058492 0.058492 -0.056191
vn -0.058137 0.058137 -0.056922
vn -0.055903 0.055903 -0.061234
vn -0.058137 0.058137 -0.056922
vn -0.059186 0.059186 -0.054717
vn -0.058841 0.058841 -0.055456
vn -0.059186 0.059186 -0.054717
vn -0.050939 0.050939 -0.069357
vn -0.051594 0.051594 -0.068382
vn -0.046239 0.046239 -0.075657
vn -0.042426 0.042426 -0.080000
vn -0.040374 0.040374 -0.082097
vn -0.032817 0.032817 -0.088578
vn -0.034063 0.034063 -0.087632
vn -0.026029 0.026029 -0.092978
vn -0.022360 0.022360 -0.094868
vn -0.017584 0.017584 -0.096859
vn -0.011326 0.011326 -0.098709
vn -0.008862 0.008862 -0.099212
vn -0.058137 0.058137 -0.056922
vn -0.058492 0.058492 -0.056191
vn -0.069734 0.069734 -0.016565
vn -0.069734 0.069734 -0.016565
vn -0.069645 0.069645 -0.017299
vn -0.069645 0.069645 -0.017299
vn -0.067714 0.067714 -0.028805
vn -0.067714 0.067714 -0.028805
vn -0.064756 0.064756 -0.040166
vn -0.069819 0.069819 -0.015830
vn -0.069819 0.069819 -0.015830
vn -0.069901 0.069901 -0.015094
vn -0.069901 0.069901 -0.015094
vn -0.069645 0.069645 -0.017299
vn -0.064756 0.064756 -0.040166
vn -0.060777 0.060777 -0.051112
vn -0.060777 0.060777 -0.051112
vn -0.055822 0.055822 -0.061382
vn -0.055822 0.055822 -0.061382
vn -0.048625 0.048625 -0.072604
vn -0.048625 0.048625 -0.072604
vn -0.040311 0.040311 -0.082159
vn -0.040311 0.040311 -0.082159
vn -0.031072 0.031072 -0.089828
vn -0.031072 0.031072 -0.089828
vn -0.021119 0.021119 -0.095436
vn -0.021119 0.021119 -0.095436
vn -0.010682 0.010682 -0.098852
vn -0.010682 0.010682 -0.098852
vn 0.000000 -0.000000 -0.100000
vn -0.000000 0.000000 -0.100000
vn 0.010682 -0.010682 -0.098852
vn 0.010682 -0.010682 -0.098852
vn 0.021119 -0.021119 -0.095436
vn 0.021119 -0.021119 -0.095436
vn 0.031072 -0.031072 -0.089828
vn 0.031072 -0.031072 -0.089828
vn 0.040311 -0.040311 -0.082159
vn 0.040311 -0.040311 -0.082159
vn 0.048625 -0.048625 -0.072604
vn 0.048625 -0.048625 -0.072604
vn 0.055822 -0.055822 -0.061382
vn 0.055822 -0.055822 -0.061382
vn 0.060777 -0.060777 -0.051112
vn 0.060777 -0.060777 -0.051112
vn 0.064756 -0.064756 -0.040166
vn 0.064756 -0.064756 -0.040166
vn 0.067714 -0.067714 -0.028805
vn 0.067714 -0.067714 -0.028805
vn 0.069645 -0.069645 -0.017299
vn 0.069645 -0.069645 -0.017299
vn 0.069645 -0.069645 -0.017299
vn 0.069645 -0.069645 -0.017299
vn 0.069734 -0.069734 -0.016565
vn 0.069734 -0.069734 -0.016565
vn 0.069795 -0.069795 -0.016038
vn 0.069819 -0.069819 -0.015830
vn 0.069822 -0.069822 -0.015805
vn 0.069901 -0.069901 -0.015094
vn 0.069901 -0.069901 -0.015094
vn 0.069819 -0.069819 -0.015830
vn 0.069822 -0.069822 -0.015805
vn 0.069901 -0.069901 -0.015094
vn 0.069901 -0.069901 -0.015094
vn -0.069645 0.069645 -0.017299
vn -0.070711 -0.070711 0.000000
vn -0.070711 -0.070711 0.000000
vn -0.070711 -0.070711 0.000000
vn -0.070711 -0.070711 0.000000
vn -0.070711 -0.070711 0.000000
vn -0.070711 -0.070711 0.000000
vn -0.070711 -0.070711 0.000000
vn -0.070711 -0.070711 0.000000
vn -0.070711 -0.070711 0.000000
vn -0.070711 -0.070711 0.000000
vn -0.070711 -0.070711 0.000000
vn -0.070711 -0.070711 0.000000
vn -0.070711 -0.070711 0.000000
vn -0.070711 -0.070711 0.000000
vn 0.070711 0.070711 0.000000
vn 0.070711 0.070711 0.000000
vn 0.070711 0.070711 0.000000
vn 0.070711 0.070711 0.000000
vn 0.070711 0.070711 0.000000
vn 0.070711 0.070711 0.000000
vn 0.070711 0.070711 0.000000
vn 0.058137 -0.058137 -0.056922
vn 0.058492 -0.058492 -0.056191
vn 0.058137 -0.058137 -0.056922
vn 0.058841 -0.058841 -0.055456
vn 0.059186 -0.059186 -0.054717
vn 0.059186 -0.059186 -0.054717
vn 0.055600 -0.055600 -0.061783
vn 0.050939 -0.050939 -0.069357
vn 0.051594 -0.051594 -0.068382
vn 0.046239 -0.046239 -0.075657
vn 0.042426 -0.042426 -0.080000
vn 0.040374 -0.040374 -0.082097
vn 0.032817 -0.032817 -0.088578
vn 0.034063 -0.034063 -0.087632
vn 0.026029 -0.026029 -0.092978
vn 0.022360 -0.022360 -0.094868
vn 0.017584 -0.017584 -0.096859
vn 0.011326 -0.011326 -0.098709
vn 0.008862 -0.008862 -0.099212
vn 0.070711 0.070711 0.000000
vn 0.070711 0.070711 0.000000
vn 0.070711 0.070711 0.000000
vn 0.070711 0.070711 0.000000
vn 0.070711 0.070711 0.000000
vn 0.070711 0.070711 0.000000
vn 0.070711 0.070711 0.000000
vn 0.070711 0.070711 0.000000
vn 0.070711 0.070711 0.000000
vn 0.070711 0.070711 0.000000
vn 0.070711 0.070711 0.000000
vn 0.070711 0.070711 0.000000
vn 0.070711 0.070711 0.000000
vn 0.070711 0.070711 0.000000
vn 0.070711 0.070711 0.000000
vn 0.070711 0.070711 0.000000
vn 0.070711 0.070711 0.000000
vn 0.070711 0.070711 0.000000
vn 0.070711 0.070711 0.000000
vn 0.070711 0.070711 0.000000
vn 0.070711 0.070711 0.000000
vn 0.070711 0.070711 0.000000
vn 0.070711 0.070711 0.000000
vn 0.070711 0.070711 0.000000
vn 0.070711 0.070711 0.000000
vn 0.070711 0.070711 0.000000
vn 0.070711 0.070711 0.000000
vn 0.070711 0.070711 0.000000
vn 0.019550 0.080450 -0.056086
vn 0.020000 0.080000 -0.056569
vn 0.023638 0.076362 -0.060084
vn 0.026795 0.073205 -0.062634
vn 0.029772 0.070228 -0.064666
vn 0.034189 0.065811 -0.067082
vn 0.036294 0.063706 -0.068002
vn 0.041991 0.058009 -0.069798
vn 0.043081 0.056919 -0.070030
vn 0.050000 0.050000 -0.070711
vn 0.050000 0.050000 -0.070711
vn 0.015686 0.084314 -0.051431
vn 0.013980 0.086020 -0.049043
vn 0.012109 0.087891 -0.046136
vn 0.008891 0.091109 -0.040250
vn 0.050000 0.050000 -0.070711
vn 0.050000 0.050000 -0.070711
vn 0.050000 0.050000 -0.070711
vn 0.050000 0.050000 -0.070711
vn 0.091109 0.008891 -0.040250
vn 0.087891 0.012109 -0.046136
vn 0.086020 0.013980 -0.049043
vn 0.084314 0.015686 -0.051431
vn 0.080000 0.020000 -0.056569
vn 0.080450 0.019550 -0.056086
vn 0.076362 0.023638 -0.060084
vn 0.073205 0.026795 -0.062634
vn 0.070228 0.029772 -0.064666
vn 0.065811 0.034189 -0.067082
vn 0.063706 0.036294 -0.068002
vn 0.058009 0.041991 -0.069798
vn 0.056919 0.043081 -0.070030
vn 0.050000 0.050000 -0.070711
vn 0.050000 0.050000 -0.070711
vn -0.070711 -0.070711 0.000000
vn -0.070711 -0.070711 0.000000
vn -0.070711 -0.070711 0.000000
vn -0.070711 -0.070711 0.000000
vn -0.070711 -0.070711 0.000000
vn -0.070711 -0.070711 0.000000
vn -0.070711 -0.070711 0.000000
vn -0.070711 -0.070711 0.000000
vn -0.070711 -0.070711 0.000000
vn -0.070711 -0.070711 0.000000
vn -0.070711 -0.070711 0.000000
vn -0.070711 -0.070711 0.000000
vn -0.070711 -0.070711 0.000000
vn -0.070711 -0.070711 0.000000
vn -0.070711 -0.070711 0.000000
vn -0.070711 -0.070711 0.000000
vn -0.070711 -0.070711 0.000000
vn -0.070711 -0.070711 0.000000
vn -0.070711 -0.070711 0.000000
vn -0.070711 -0.070711 0.000000
vn -0.070711 -0.070711 0.000000
vn -0.019550 -0.080450 -0.056086
vn -0.020000 -0.080000 -0.056569
vn -0.023638 -0.076362 -0.060084
vn -0.026795 -0.073205 -0.062634
vn -0.029772 -0.070228 -0.064666
vn -0.034189 -0.065811 -0.067082
vn -0.036294 -0.063706 -0.068002
vn -0.041991 -0.058009 -0.069798
vn -0.043081 -0.056919 -0.070030
vn -0.050000 -0.050000 -0.070711
vn -0.050000 -0.050000 -0.070711
vn -0.015686 -0.084314 -0.051431
vn -0.013980 -0.086020 -0.049043
vn -0.012109 -0.087891 -0.046136
vn -0.008891 -0.091109 -0.040250
vn -0.050000 -0.050000 -0.070711
vn -0.050000 -0.050000 -0.070711
vn -0.091109 -0.008891 -0.040250
vn -0.087891 -0.012109 -0.046136
vn -0.086020 -0.013980 -0.049043
vn -0.084314 -0.015686 -0.051431
vn -0.080000 -0.020000 -0.056569
vn -0.080450 -0.019550 -0.056086
vn -0.076362 -0.023638 -0.060084
vn -0.073205 -0.026795 -0.062634
vn -0.070228 -0.029772 -0.064666
vn -0.065811 -0.034189 -0.067082
vn -0.063706 -0.036294 -0.068002
vn -0.058009 -0.041991 -0.069798
vn -0.056919 -0.043081 -0.070030
vn -0.050000 -0.050000 -0.070711
vn -0.050000 -0.050000 -0.070711
vn 0.000000 0.000000 -0.100000
vn 0.000000 0.000000 -0.100000
vn 0.000000 0.000000 -0.100000
vn 0.000000 0.000000 -0.100000
vn 0.000000 0.000000 -0.100000
vn 0.000000 0.000000 -0.100000
vn -0.100000 0.000000 0.000000
vn -0.100000 0.000000 0.000000
vn -0.100000 0.000000 0.000000
vn -0.100000 0.000000 0.000000
vn 0.000000 0.000000 -0.100000
vn 0.000000 0.000000 -0.100000
vn 0.000000 0.000000 -0.100000
vn 0.000000 0.000000 -0.100000
vn 0.000000 0.000000 -0.100000
vn 0.000000 0.000000 -0.100000
vn 0.000000 0.000000 -0.100000
vn 0.000000 0.000000 -0.100000
vn 0.000000 0.000000 -0.100000
vn 0.000000 0.000000 -0.100000
vn 0.000000 0.000000 -0.100000
vn 0.000000 0.000000 -0.100000
vn 0.000000 0.000000 -0.100000
vn 0.000000 0.000000 -0.100000
vn 0.000000 0.000000 -0.100000
vn 0.000000 0.000000 -0.100000
vn 0.000000 0.000000 -0.100000
vn 0.000000 0.000000 -0.100000
vn 0.000000 0.000000 -0.100000
vn 0.000000 0.000000 -0.100000
vn 0.000000 0.000000 -0.100000
vn 0.000000 0.000000 -0.100000
vn -0.070711 0.070711 0.000000
vn -0.070711 0.070711 0.000000
vn -0.070711 0.070711 0.000000
vn -0.070711 0.070711 0.000000
vn -0.021818 0.097591 0.000000
vn -0.021818 0.097591 0.000000
vn -0.021818 0.097591 0.000000
vn -0.021818 0.097591 0.000000
vn 0.000000 0.100000 0.000000
vn 0.000000 0.100000 0.000000
vn 0.000000 0.100000 0.000000
vn 0.000000 0.100000 0.000000
vn 0.100000 0.000000 0.000000
vn 0.100000 0.000000 0.000000
vn 0.100000 0.000000 0.000000
vn 0.100000 0.000000 0.000000
vn -0.096106 -0.027634 0.000000
vn -0.096106 -0.027634 0.000000
vn -0.096106 -0.027634 0.000000
vn -0.096106 -0.027634 0.000000
vn -0.100000 0.000000 0.000000
vn -0.100000 0.000000 0.000000
vn -0.100000 0.000000 0.000000
vn -0.100000 0.000000 0.000000
vn 0.021818 -0.097591 0.000000
vn 0.021818 -0.097591 0.000000
vn 0.021818 -0.097591 0.000000
vn 0.021818 -0.097591 0.000000
vn 0.070711 0.070711 0.000000
vn 0.070711 0.070711 0.000000
vn 0.070711 0.070711 0.000000
vn 0.070711 0.070711 0.000000
vn -0.040522 -0.091422 0.000000
vn -0.040522 -0.091422 0.000000
vn -0.040522 -0.091422 0.000000
vn -0.040522 -0.091422 0.000000
vn -0.070711 -0.070711 0.000000
vn -0.070711 -0.070711 0.000000
vn -0.070711 -0.070711 0.000000
vn -0.070711 -0.070711 0.000000
vn 0.070711 -0.070711 0.000000
vn 0.070711 -0.070711 0.000000
vn 0.070711 -0.070711 0.000000
vn 0.070711 -0.070711 0.000000
vn 0.070711 0.070711 0.000000
vn 0.070711 0.070711 0.000000
vn 0.070711 0.070711 0.000000
vn 0.070711 0.070711 0.000000
vn 0.096106 0.027634 0.000000
vn 0.096106 0.027634 0.000000
vn 0.096106 0.027634 0.000000
vn 0.096106 0.027634 0.000000
vn -0.070711 -0.070711 0.000000
vn -0.070711 -0.070711 0.000000
vn -0.070711 -0.070711 0.000000
vn -0.070711 -0.070711 0.000000
vn 0.097591 -0.021818 0.000000
vn 0.097591 -0.021818 0.000000
vn 0.097591 -0.021818 0.000000
vn 0.097591 -0.021818 0.000000
vn 0.000000 0.100000 0.000000
vn 0.000000 0.100000 0.000000
vn 0.000000 0.100000 0.000000
vn 0.000000 0.100000 0.000000
vn 0.026498 0.096425 0.000000
vn 0.026498 0.096425 0.000000
vn 0.026498 0.096425 0.000000
vn 0.026498 0.096425 0.000000
vn 0.000000 -0.100000 0.000000
vn 0.000000 -0.100000 0.000000
vn 0.000000 -0.100000 0.000000
vn 0.000000 -0.100000 0.000000
vn -0.100000 0.000000 0.000000
vn -0.100000 0.000000 0.000000
vn -0.100000 0.000000 0.000000
vn -0.100000 0.000000 0.000000
vn -0.097591 0.021818 0.000000
vn -0.097591 0.021818 0.000000
vn -0.097591 0.021818 0.000000
vn -0.097591 0.021818 0.000000
vn 0.000000 -0.100000 0.000000
vn 0.000000 -0.100000 0.000000
vn 0.000000 -0.100000 0.000000
vn 0.000000 -0.100000 0.000000
vn 0.078823 0.061538 0.000000
vn 0.078823 0.061538 0.000000
vn 0.090393 0.042767 0.000000
vn 0.090393 0.042767 0.000000
vn 0.097569 0.021916 0.000000
vn 0.097569 0.021916 0.000000
vn 0.100000 0.000000 0.000000
vn 0.100000 0.000000 0.000000
vn 0.097569 -0.021916 0.000000
vn 0.097569 -0.021916 0.000000
vn 0.090393 -0.042767 0.000000
vn 0.090393 -0.042767 0.000000
vn 0.078823 -0.061538 0.000000
vn 0.078823 -0.061538 0.000000
vn -0.000000 0.100000 -0.000000
vn -0.000000 0.100000 -0.000000
vn -0.000000 0.100000 -0.000000
vn -0.000000 0.100000 -0.000000
vn 0.061691 -0.078703 0.000000
vn 0.061691 -0.078703 0.000000
vn 0.061691 -0.078703 0.000000
vn 0.061691 -0.078703 0.000000
vn -0.078703 0.061691 0.000000
vn -0.078703 0.061691 0.000000
vn -0.060290 0.079782 0.000000
vn -0.060290 0.079782 0.000000
vn -0.037859 0.092556 0.000000
vn -0.037859 0.092556 0.000000
vn -0.012906 0.099164 0.000000
vn -0.012906 0.099164 0.000000
vn 0.012906 0.099164 0.000000
vn 0.012906 0.099164 0.000000
vn 0.037859 0.092556 0.000000
vn 0.037859 0.092556 0.000000
vn 0.060290 0.079782 0.000000
vn 0.060290 0.079782 0.000000
vn 0.078703 0.061691 0.000000
vn 0.078703 0.061691 0.000000
vn 0.061691 0.078703 0.000000
vn 0.061691 0.078703 0.000000
vn 0.061691 0.078703 0.000000
vn 0.061691 0.078703 0.000000
vn 0.078703 -0.061691 0.000000
vn 0.078703 -0.061691 0.000000
vn 0.060290 -0.079782 0.000000
vn 0.060290 -0.079782 0.000000
vn 0.037859 -0.092556 0.000000
vn 0.037859 -0.092556 0.000000
vn 0.012906 -0.099164 0.000000
vn 0.012906 -0.099164 0.000000
vn -0.012906 -0.099164 0.000000
vn -0.012906 -0.099164 0.000000
vn -0.037859 -0.092556 0.000000
vn -0.037859 -0.092556 0.000000
vn -0.060290 -0.079782 0.000000
vn -0.060290 -0.079782 0.000000
vn -0.078703 -0.061691 0.000000
vn -0.078703 -0.061691 0.000000
vn -0.061691 0.078703 -0.000000
vn -0.061691 0.078703 -0.000000
vn -0.061691 0.078703 -0.000000
vn -0.061691 0.078703 -0.000000
vn 0.000000 -0.100000 0.000000
vn 0.000000 -0.100000 0.000000
vn 0.000000 -0.100000 0.000000
vn 0.000000 -0.100000 0.000000
vn -0.078823 -0.061538 0.000000
vn -0.078823 -0.061538 0.000000
vn -0.090393 -0.042767 0.000000
vn -0.090393 -0.042767 0.000000
vn -0.097569 -0.021916 0.000000
vn -0.097569 -0.021916 0.000000
vn -0.100000 -0.000000 0.000000
vn -0.100000 -0.000000 0.000000
vn -0.097569 0.021916 0.000000
vn -0.097569 0.021916 0.000000
vn -0.090393 0.042767 0.000000
vn -0.090393 0.042767 0.000000
vn -0.078823 0.061538 0.000000
vn -0.078823 0.061538 0.000000
vn -0.000000 0.100000 -0.000000
vn -0.000000 0.100000 -0.000000
vn -0.000000 0.100000 -0.000000
vn -0.000000 0.100000 -0.000000
vn -0.061691 -0.078703 0.000000
vn -0.061691 -0.078703 0.000000
vn -0.061691 -0.078703 0.000000
vn -0.061691 -0.078703 0.000000
usemtl Steel_-_Satin
f 1/1/1 2/2/2 4/3/3
f 4/3/3 2/2/2 3/4/4
f 6/5/5 7/6/6 5/7/7
f 5/7/7 7/6/6 8/8/8
f 9/9/9 5/10/10 11/11/11
f 11/11/11 5/10/10 10/12/12
f 10/12/12 5/10/10 8/13/13
f 12/14/14 11/15/15 14/16/16
f 14/16/16 11/15/15 13/17/17
f 13/17/17 11/15/15 10/18/18
f 16/19/19 17/20/20 15/21/21
f 15/21/21 17/20/20 18/22/22
f 15/21/21 18/22/22 19/23/23
f 20/24/24 15/25/25 2/26/26
f 2/26/26 15/25/25 19/27/27
f 2/26/26 19/27/27 3/28/28
f 7/29/29 6/30/30 49/31/31
f 49/31/31 6/30/30 21/32/32
f 49/31/31 21/32/32 48/33/33
f 48/33/33 21/32/32 22/34/34
f 48/33/33 22/34/34 47/35/35
f 47/35/35 22/34/34 23/36/36
f 47/35/35 23/36/36 46/37/37
f 46/37/37 23/36/36 24/38/38
f 46/37/37 24/38/38 45/39/39
f 45/39/39 24/38/38 25/40/40
f 45/39/39 25/40/40 44/41/41
f 44/41/41 25/40/40 26/42/42
f 44/41/41 26/42/42 43/43/43
f 43/43/43 26/42/42 27/44/44
f 43/43/43 27/44/44 42/45/45
f 42/45/45 27/44/44 28/46/46
f 42/45/45 28/46/46 41/47/47
f 41/47/47 28/46/46 29/48/48
f 41/47/47 29/48/48 40/49/49
f 40/49/49 29/48/48 30/50/50
f 40/49/49 30/50/50 39/51/51
f 39/51/51 30/50/50 31/52/52
f 39/51/51 31/52/52 38/53/53
f 38/53/53 31/52/52 32/54/54
f 38/53/53 32/54/54 37/55/55
f 37/55/55 32/54/54 33/56/56
f 37/55/55 33/56/56 36/57/57
f 36/57/57 33/56/56 34/58/58
f 36/57/57 34/58/58 35/59/59
f 35/59/59 34/58/58 1/60/60
f 35/59/59 1/60/60 4/61/61
f 51/62/62 177/63/63 50/64/64
f 50/64/64 177/63/63 114/65/65
f 50/66/64 114/67/65 113/68/66
f 113/68/66 114/67/65 115/69/67
f 113/68/66 115/69/67 112/70/68
f 112/70/68 115/69/67 116/71/69
f 112/70/68 116/71/69 111/72/70
f 111/72/70 116/71/69 117/73/71
f 111/72/70 117/73/71 110/74/72
f 110/74/72 117/73/71 118/75/73
f 110/74/72 118/75/73 109/76/74
f 109/76/74 118/75/73 119/77/75
f 109/76/74 119/77/75 108/78/76
f 108/78/76 119/77/75 120/79/77
f 108/78/76 120/79/77 107/80/78
f 107/80/78 120/79/77 121/81/79
f 107/80/78 121/81/79 106/82/80
f 106/82/80 121/81/79 122/83/81
f 106/82/80 122/83/81 105/84/82
f 105/84/82 122/83/81 123/85/83
f 105/84/82 123/85/83 104/86/84
f 104/86/84 123/85/83 124/87/85
f 104/86/84 124/87/85 103/88/86
f 103/88/86 124/87/85 125/89/87
f 103/88/86 125/89/87 102/90/88
f 102/90/88 125/89/87 126/91/89
f 102/90/88 126/91/89 101/92/90
f 101/92/90 126/91/89 127/93/91
f 101/92/90 127/93/91 100/94/92
f 100/94/92 127/93/91 128/95/93
f 100/94/92 128/95/93 99/96/94
f 99/96/94 128/95/93 129/97/95
f 99/96/94 129/97/95 98/98/96
f 98/98/96 129/97/95 130/99/97
f 98/98/96 130/99/97 97/100/98
f 97/100/98 130/99/97 131/101/99
f 97/100/98 131/101/99 96/102/100
f 96/102/100 131/101/99 132/103/101
f 96/102/100 132/103/101 95/104/102
f 95/104/102 132/103/101 133/105/103
f 95/104/102 133/105/103 94/106/104
f 94/106/104 133/105/103 134/107/105
f 94/106/104 134/107/105 93/108/106
f 93/108/106 134/107/105 135/109/107
f 93/108/106 135/109/107 92/110/108
f 92/110/108 135/109/107 136/111/109
f 92/110/108 136/111/109 91/112/110
f 91/112/110 136/111/109 137/113/111
f 91/112/110 137/113/111 90/114/112
f 90/114/112 137/113/111 138/115/113
f 90/114/112 138/115/113 89/116/114
f 89/116/114 138/115/113 139/117/115
f 89/116/114 139/117/115 88/118/116
f 88/118/116 139/117/115 140/119/117
f 88/118/116 140/119/117 87/120/118
f 87/120/118 140/119/117 141/121/119
f 87/120/118 141/121/119 86/122/120
f 86/122/120 141/121/119 142/123/121
f 86/122/120 142/123/121 85/124/122
f 85/124/122 142/123/121 143/125/123
f 85/124/122 143/125/123 84/126/124
f 84/126/124 143/125/123 144/127/125
f 84/126/124 144/127/125 83/128/126
f 83/128/126 144/127/125 145/129/127
f 83/128/126 145/129/127 82/130/128
f 82/130/128 145/129/127 146/131/129
f 82/130/128 146/131/129 81/132/130
f 81/132/130 146/131/129 147/133/131
f 81/132/130 147/133/131 80/134/132
f 80/134/132 147/133/131 148/135/133
f 80/134/132 148/135/133 79/136/134
f 79/136/134 148/135/133 149/137/135
f 79/136/134 149/137/135 78/138/136
f 78/138/136 149/137/135 150/139/137
f 78/138/136 150/139/137 77/140/138
f 77/140/138 150/139/137 151/141/139
f 77/140/138 151/141/139 76/142/140
f 76/142/140 151/141/139 152/143/141
f 76/142/140 152/143/141 75/144/142
f 75/144/142 152/143/141 153/145/143
f 75/144/142 153/145/143 74/146/144
f 74/146/144 153/145/143 154/147/145
f 74/146/144 154/147/145 73/148/146
f 73/148/146 154/147/145 155/149/147
f 73/148/146 155/149/147 72/150/148
f 72/150/148 155/149/147 156/151/149
f 72/150/148 156/151/149 71/152/150
f 71/152/150 156/151/149 157/153/151
f 71/152/150 157/153/151 70/154/152
f 70/154/152 157/153/151 158/155/153
f 70/154/152 158/155/153 69/156/154
f 69/156/154 158/155/153 159/157/155
f 69/156/154 159/157/155 68/158/156
f 68/158/156 159/157/155 160/159/157
f 68/158/156 160/159/157 67/160/158
f 67/160/158 160/159/157 161/161/159
f 67/160/158 161/161/159 66/162/160
f 66/162/160 161/161/159 162/163/161
f 66/162/160 162/163/161 65/164/162
f 65/164/162 162/163/161 163/165/163
f 65/164/162 163/165/163 64/166/164
f 64/166/164 163/165/163 164/167/165
f 64/166/164 164/167/165 63/168/166
f 63/168/166 164/167/165 165/169/167
f 63/168/166 165/169/167 62/170/168
f 62/170/168 165/169/167 166/171/169
f 62/170/168 166/171/169 61/172/170
f 61/172/170 166/171/169 167/173/171
f 61/172/170 167/173/171 60/174/172
f 60/174/172 167/173/171 168/175/173
f 60/174/172 168/175/173 59/176/174
f 59/176/174 168/175/173 169/177/175
f 59/176/174 169/177/175 58/178/176
f 58/178/176 169/177/175 170/179/177
f 58/178/176 170/179/177 57/180/178
f 57/180/178 170/179/177 171/181/179
f 57/180/178 171/181/179 56/182/180
f 56/182/180 171/181/179 172/183/181
f 56/182/180 172/183/181 55/184/182
f 55/184/182 172/183/181 173/185/183
f 55/184/182 173/185/183 54/186/184
f 54/186/184 173/185/183 174/187/185
f 54/186/184 174/187/185 53/188/186
f 53/188/186 174/187/185 175/189/187
f 53/188/186 175/189/187 52/190/188
f 52/190/188 175/189/187 176/191/189
f 52/190/188 176/191/189 51/62/62
f 51/62/62 176/191/189 177/63/63
f 20/192/190 178/193/191 15/194/192
f 15/194/192 178/193/191 179/195/193
f 15/194/192 179/195/193 16/196/194
f 9/197/195 11/198/196 181/199/197
f 181/199/197 11/198/196 180/200/198
f 180/200/198 11/198/196 12/201/199
f 183/202/200 36/203/201 182/204/202
f 182/204/202 36/203/201 35/205/203
f 182/204/202 35/205/203 205/206/204
f 205/206/204 35/205/203 204/207/205
f 204/207/205 35/205/203 203/208/206
f 203/208/206 35/205/203 4/209/207
f 203/208/206 4/209/207 3/210/208
f 183/202/200 184/211/209 36/203/201
f 36/203/201 184/211/209 37/212/210
f 37/212/210 184/211/209 185/213/211
f 37/212/210 185/213/211 38/214/212
f 38/214/212 185/213/211 186/215/213
f 38/214/212 186/215/213 39/216/214
f 39/216/214 186/215/213 187/217/215
f 39/216/214 187/217/215 230/218/216
f 230/218/216 187/217/215 188/219/217
f 230/218/216 188/219/217 189/220/218
f 189/220/218 190/221/219 230/218/216
f 230/218/216 190/221/219 191/222/220
f 230/218/216 191/222/220 192/223/221
f 192/223/221 193/224/222 230/218/216
f 230/218/216 193/224/222 179/225/223
f 179/225/223 193/224/222 194/226/224
f 179/225/223 194/226/224 195/227/225
f 195/227/225 196/228/226 179/225/223
f 179/225/223 196/228/226 197/229/227
f 179/225/223 197/229/227 198/230/228
f 198/230/228 199/231/229 179/225/223
f 179/225/223 199/231/229 200/232/230
f 179/225/223 200/232/230 16/233/231
f 16/233/231 200/232/230 201/234/232
f 16/233/231 201/234/232 17/235/233
f 17/235/233 201/234/232 18/236/234
f 18/236/234 201/234/232 3/210/208
f 18/236/234 3/210/208 19/237/235
f 201/234/232 202/238/236 3/210/208
f 3/210/208 202/238/236 203/208/206
f 229/239/237 206/240/238 180/241/239
f 180/241/239 206/240/238 207/242/240
f 180/241/239 207/242/240 235/243/241
f 235/243/241 207/242/240 208/244/242
f 235/243/241 208/244/242 209/245/243
f 209/245/243 210/246/244 235/243/241
f 235/243/241 210/246/244 211/247/245
f 235/243/241 211/247/245 212/248/246
f 235/243/241 212/248/246 234/249/247
f 234/249/247 212/248/246 213/250/248
f 234/249/247 213/250/248 45/251/249
f 45/251/249 213/250/248 214/252/250
f 45/251/249 214/252/250 46/253/251
f 46/253/251 214/252/250 215/254/252
f 46/253/251 215/254/252 47/255/253
f 47/255/253 215/254/252 216/256/254
f 47/255/253 216/256/254 48/257/255
f 48/257/255 216/256/254 217/258/256
f 48/257/255 217/258/256 218/259/257
f 48/257/255 218/259/257 49/260/258
f 49/260/258 218/259/257 219/261/259
f 49/260/258 219/261/259 220/262/260
f 220/262/260 221/263/261 49/260/258
f 49/260/258 221/263/261 7/264/262
f 7/264/262 221/263/261 8/265/263
f 8/265/263 221/263/261 222/266/264
f 8/265/263 222/266/264 223/267/265
f 224/268/266 12/269/267 223/267/265
f 223/267/265 12/269/267 14/270/268
f 223/267/265 14/270/268 13/271/269
f 12/269/267 224/268/266 180/241/239
f 180/241/239 224/268/266 225/272/270
f 180/241/239 225/272/270 226/273/271
f 226/273/271 227/274/272 180/241/239
f 180/241/239 227/274/272 228/275/273
f 180/241/239 228/275/273 229/239/237
f 10/276/274 8/265/263 13/271/269
f 13/271/269 8/265/263 223/267/265
f 234/249/247 45/251/249 231/277/275
f 231/277/275 45/251/249 44/278/276
f 231/277/275 44/278/276 43/279/277
f 43/279/277 42/280/278 231/277/275
f 231/277/275 42/280/278 41/281/279
f 231/277/275 41/281/279 40/282/280
f 231/277/275 40/282/280 230/218/216
f 230/218/216 40/282/280 39/216/214
f 232/283/281 233/284/282 231/277/275
f 231/277/275 233/284/282 234/249/247
f 237/285/283 238/286/284 236/287/285
f 236/287/285 238/286/284 239/288/286
f 241/289/287 278/290/288 240/291/289
f 240/291/289 278/290/288 279/292/290
f 240/291/289 279/292/290 280/293/291
f 278/290/288 241/289/287 246/294/292
f 246/294/292 241/289/287 242/295/293
f 246/294/292 242/295/293 243/296/294
f 243/296/294 244/297/295 246/294/292
f 246/294/292 244/297/295 245/298/296
f 246/294/292 247/299/297 278/290/288
f 278/290/288 247/299/297 277/300/298
f 277/300/298 247/299/297 276/301/299
f 276/301/299 247/299/297 275/302/300
f 275/302/300 247/299/297 274/303/301
f 274/303/301 247/299/297 273/304/302
f 273/304/302 247/299/297 272/305/303
f 272/305/303 247/299/297 271/306/304
f 271/306/304 247/299/297 270/307/305
f 270/307/305 247/299/297 269/308/306
f 269/308/306 247/299/297 248/309/307
f 269/308/306 248/309/307 268/310/308
f 268/310/308 248/309/307 267/311/309
f 267/311/309 248/309/307 249/312/310
f 267/311/309 249/312/310 266/313/311
f 266/313/311 249/312/310 265/314/312
f 265/314/312 249/312/310 250/315/313
f 265/314/312 250/315/313 264/316/314
f 264/316/314 250/315/313 263/317/315
f 263/317/315 250/315/313 262/318/316
f 262/318/316 250/315/313 261/319/317
f 261/319/317 250/315/313 260/320/318
f 260/320/318 250/315/313 251/321/319
f 260/320/318 251/321/319 256/322/320
f 256/322/320 251/321/319 255/323/321
f 255/323/321 251/321/319 254/324/322
f 254/324/322 251/321/319 253/325/323
f 253/325/323 251/321/319 252/326/324
f 256/322/320 257/327/325 260/320/318
f 260/320/318 257/327/325 259/328/326
f 259/328/326 257/327/325 258/329/327
f 281/330/328 282/331/329 251/332/330
f 251/332/330 282/331/329 252/333/331
f 284/334/332 285/335/333 283/336/334
f 283/336/334 285/335/333 286/337/335
f 9/338/336 181/339/337 5/340/338
f 5/340/338 181/339/337 21/341/339
f 5/340/338 21/341/339 6/342/340
f 21/341/339 181/339/337 22/343/341
f 22/343/341 181/339/337 287/344/342
f 22/343/341 287/344/342 23/345/343
f 23/345/343 287/344/342 24/346/344
f 24/346/344 287/344/342 25/347/345
f 25/347/345 287/344/342 26/348/346
f 26/348/346 287/344/342 27/349/347
f 27/349/347 287/344/342 288/350/348
f 27/349/347 288/350/348 28/351/349
f 28/351/349 288/350/348 29/352/350
f 29/352/350 288/350/348 30/353/351
f 30/353/351 288/350/348 31/354/352
f 31/354/352 288/350/348 32/355/353
f 32/355/353 288/350/348 33/356/354
f 33/356/354 288/350/348 178/357/355
f 33/356/354 178/357/355 34/358/356
f 34/358/356 178/357/355 2/359/357
f 34/358/356 2/359/357 1/360/358
f 178/357/355 20/361/359 2/359/357
f 289/362/360 290/363/361 245/364/362
f 245/364/362 290/363/361 246/365/363
f 291/366/364 320/367/365 237/368/366
f 237/368/366 320/367/365 324/369/367
f 237/368/366 324/369/367 325/370/368
f 292/371/369 315/372/370 291/366/364
f 291/366/364 315/372/370 316/373/371
f 291/366/364 316/373/371 317/374/372
f 293/375/373 313/376/374 292/371/369
f 292/371/369 313/376/374 314/377/375
f 292/371/369 314/377/375 315/372/370
f 294/378/376 311/379/377 293/375/373
f 293/375/373 311/379/377 312/380/378
f 293/375/373 312/380/378 313/376/374
f 283/381/379 302/382/380 294/378/376
f 294/378/376 302/382/380 303/383/381
f 294/378/376 303/383/381 304/384/382
f 286/385/383 295/386/384 283/381/379
f 283/381/379 295/386/384 296/387/385
f 283/381/379 296/387/385 297/388/386
f 297/388/386 298/389/387 283/381/379
f 283/381/379 298/389/387 302/382/380
f 298/389/387 299/390/388 302/382/380
f 302/382/380 299/390/388 301/391/389
f 301/391/389 299/390/388 300/392/390
f 304/384/382 305/393/391 294/378/376
f 294/378/376 305/393/391 306/394/392
f 294/378/376 306/394/392 307/395/393
f 307/395/393 308/396/394 294/378/376
f 294/378/376 308/396/394 309/397/395
f 294/378/376 309/397/395 310/398/396
f 310/398/396 311/379/377 294/378/376
f 317/374/372 318/399/397 291/366/364
f 291/366/364 318/399/397 319/400/398
f 291/366/364 319/400/398 320/367/365
f 324/369/367 320/367/365 323/401/399
f 323/401/399 320/367/365 321/402/400
f 323/401/399 321/402/400 322/403/401
f 325/370/368 326/404/402 237/368/366
f 237/368/366 326/404/402 327/405/403
f 237/368/366 327/405/403 238/406/404
f 280/407/405 333/408/406 240/409/407
f 240/409/407 333/408/406 334/410/408
f 240/409/407 334/410/408 335/411/409
f 335/411/409 334/410/408 328/412/410
f 335/411/409 328/412/410 336/413/411
f 336/413/411 328/412/410 337/414/412
f 336/413/411 337/414/412 331/415/413
f 331/415/413 337/414/412 330/416/414
f 330/416/414 337/414/412 329/417/415
f 329/417/415 337/414/412 328/412/410
f 280/407/405 279/418/416 333/408/406
f 333/408/406 279/418/416 334/410/408
f 278/419/417 328/412/410 279/418/416
f 279/418/416 328/412/410 334/410/408
f 332/420/418 240/409/407 331/415/413
f 331/415/413 240/409/407 336/413/411
f 336/413/411 240/409/407 335/411/409
f 277/421/419 338/422/420 278/423/421
f 278/423/421 338/422/420 328/424/422
f 276/425/423 343/426/424 277/427/425
f 277/427/425 343/426/424 344/428/426
f 277/427/425 344/428/426 345/429/427
f 345/429/427 344/428/426 339/430/428
f 345/429/427 339/430/428 346/431/429
f 346/431/429 339/430/428 347/432/430
f 346/431/429 347/432/430 342/433/431
f 342/433/431 347/432/430 341/434/432
f 341/434/432 347/432/430 340/435/433
f 340/435/433 347/432/430 339/430/428
f 276/425/423 275/436/434 343/426/424
f 343/426/424 275/436/434 344/428/426
f 274/437/435 339/430/428 275/436/434
f 275/436/434 339/430/428 344/428/426
f 338/438/436 277/427/425 342/433/431
f 342/433/431 277/427/425 346/431/429
f 346/431/429 277/427/425 345/429/427
f 273/439/437 364/440/438 274/441/439
f 274/441/439 364/440/438 365/442/440
f 274/441/439 365/442/440 366/443/441
f 366/443/441 365/442/440 375/444/442
f 366/443/441 375/444/442 376/445/443
f 376/445/443 375/444/442 385/446/444
f 376/445/443 385/446/444 386/447/445
f 386/447/445 385/446/444 395/448/446
f 386/447/445 395/448/446 396/449/447
f 396/449/447 395/448/446 405/450/448
f 396/449/447 405/450/448 406/451/449
f 406/451/449 405/450/448 415/452/450
f 406/451/449 415/452/450 416/453/451
f 416/453/451 415/452/450 425/454/452
f 416/453/451 425/454/452 426/455/453
f 426/455/453 425/454/452 435/456/454
f 426/455/453 435/456/454 352/457/455
f 352/457/455 435/456/454 351/458/456
f 351/458/456 435/456/454 350/459/457
f 350/459/457 435/456/454 444/460/458
f 350/459/457 444/460/458 349/461/459
f 349/461/459 444/460/458 348/462/460
f 348/462/460 444/460/458 443/463/461
f 348/462/460 443/463/461 442/464/462
f 442/464/462 443/463/461 433/465/463
f 442/464/462 433/465/463 432/466/464
f 432/466/464 433/465/463 423/467/465
f 432/466/464 423/467/465 422/468/466
f 422/468/466 423/467/465 413/469/467
f 422/468/466 413/469/467 412/470/468
f 412/470/468 413/469/467 403/471/469
f 412/470/468 403/471/469 402/472/470
f 402/472/470 403/471/469 393/473/471
f 402/472/470 393/473/471 392/474/472
f 392/474/472 393/473/471 383/475/473
f 392/474/472 383/475/473 382/476/474
f 382/476/474 383/475/473 373/477/475
f 382/476/474 373/477/475 272/478/476
f 272/478/476 373/477/475 273/439/437
f 273/439/437 373/477/475 364/440/438
f 272/478/476 271/479/477 382/476/474
f 382/476/474 271/479/477 391/480/478
f 382/476/474 391/480/478 392/474/472
f 392/474/472 391/480/478 401/481/479
f 392/474/472 401/481/479 402/472/470
f 402/472/470 401/481/479 411/482/480
f 402/472/470 411/482/480 412/470/468
f 412/470/468 411/482/480 421/483/481
f 412/470/468 421/483/481 422/468/466
f 422/468/466 421/483/481 431/484/482
f 422/468/466 431/484/482 432/466/464
f 432/466/464 431/484/482 441/485/483
f 432/466/464 441/485/483 442/464/462
f 442/464/462 441/485/483 348/462/460
f 271/479/477 270/486/484 391/480/478
f 391/480/478 270/486/484 400/487/485
f 391/480/478 400/487/485 401/481/479
f 401/481/479 400/487/485 410/488/486
f 401/481/479 410/488/486 411/482/480
f 411/482/480 410/488/486 420/489/487
f 411/482/480 420/489/487 421/483/481
f 421/483/481 420/489/487 430/490/488
f 421/483/481 430/490/488 431/484/482
f 431/484/482 430/490/488 440/491/489
f 431/484/482 440/491/489 441/485/483
f 441/485/483 440/491/489 348/462/460
f 270/486/484 269/492/490 400/487/485
f 400/487/485 269/492/490 409/493/491
f 400/487/485 409/493/491 410/488/486
f 410/488/486 409/493/491 419/494/492
f 410/488/486 419/494/492 420/489/487
f 420/489/487 419/494/492 429/495/493
f 420/489/487 429/495/493 430/490/488
f 430/490/488 429/495/493 439/496/494
f 430/490/488 439/496/494 440/491/489
f 440/491/489 439/496/494 264/497/495
f 440/491/489 264/497/495 348/462/460
f 269/492/490 268/498/496 409/493/491
f 409/493/491 268/498/496 418/499/497
f 409/493/491 418/499/497 419/494/492
f 419/494/492 418/499/497 428/500/498
f 419/494/492 428/500/498 429/495/493
f 429/495/493 428/500/498 438/501/499
f 429/495/493 438/501/499 439/496/494
f 439/496/494 438/501/499 264/497/495
f 268/498/496 267/502/500 418/499/497
f 418/499/497 267/502/500 427/503/501
f 418/499/497 427/503/501 428/500/498
f 428/500/498 427/503/501 437/504/502
f 428/500/498 437/504/502 438/501/499
f 438/501/499 437/504/502 264/497/495
f 267/502/500 266/505/503 427/503/501
f 427/503/501 266/505/503 436/506/504
f 427/503/501 436/506/504 437/504/502
f 437/504/502 436/506/504 264/497/495
f 266/505/503 265/507/505 436/506/504
f 436/506/504 265/507/505 264/497/495
f 352/457/455 353/508/506 426/455/453
f 426/455/453 353/508/506 354/509/507
f 426/455/453 354/509/507 417/510/508
f 417/510/508 354/509/507 355/511/509
f 417/510/508 355/511/509 408/512/510
f 408/512/510 355/511/509 356/513/511
f 408/512/510 356/513/511 357/514/512
f 408/512/510 357/514/512 399/515/513
f 399/515/513 357/514/512 358/516/514
f 399/515/513 358/516/514 390/517/515
f 390/517/515 358/516/514 359/518/516
f 390/517/515 359/518/516 360/519/517
f 390/517/515 360/519/517 381/520/518
f 381/520/518 360/519/517 361/521/519
f 381/520/518 361/521/519 362/522/520
f 381/520/518 362/522/520 372/523/521
f 372/523/521 362/522/520 363/524/522
f 372/523/521 363/524/522 371/525/523
f 371/525/523 363/524/522 370/526/524
f 371/525/523 370/526/524 380/527/525
f 380/527/525 370/526/524 379/528/526
f 380/527/525 379/528/526 389/529/527
f 389/529/527 379/528/526 388/530/528
f 389/529/527 388/530/528 398/531/529
f 398/531/529 388/530/528 397/532/530
f 398/531/529 397/532/530 407/533/531
f 407/533/531 397/532/530 406/451/449
f 407/533/531 406/451/449 416/453/451
f 339/534/532 274/441/439 363/524/522
f 363/524/522 274/441/439 369/535/533
f 363/524/522 369/535/533 370/526/524
f 370/526/524 369/535/533 379/528/526
f 365/442/440 364/440/438 374/536/534
f 374/536/534 364/440/438 373/477/475
f 374/536/534 373/477/475 383/475/473
f 366/443/441 367/537/535 274/441/439
f 274/441/439 367/537/535 368/538/536
f 274/441/439 368/538/536 369/535/533
f 369/535/533 368/538/536 378/539/537
f 369/535/533 378/539/537 379/528/526
f 379/528/526 378/539/537 388/530/528
f 366/443/441 376/445/443 367/537/535
f 367/537/535 376/445/443 377/540/538
f 367/537/535 377/540/538 368/538/536
f 368/538/536 377/540/538 378/539/537
f 381/520/518 372/523/521 371/525/523
f 381/520/518 371/525/523 380/527/525
f 365/442/440 374/536/534 375/444/442
f 375/444/442 374/536/534 384/541/539
f 375/444/442 384/541/539 385/446/444
f 385/446/444 384/541/539 394/542/540
f 385/446/444 394/542/540 395/448/446
f 395/448/446 394/542/540 404/543/541
f 395/448/446 404/543/541 405/450/448
f 405/450/448 404/543/541 414/544/542
f 405/450/448 414/544/542 415/452/450
f 415/452/450 414/544/542 424/545/543
f 415/452/450 424/545/543 425/454/452
f 425/454/452 424/545/543 434/546/544
f 425/454/452 434/546/544 435/456/454
f 435/456/454 434/546/544 444/460/458
f 384/541/539 374/536/534 383/475/473
f 376/445/443 386/447/445 377/540/538
f 377/540/538 386/447/445 387/547/545
f 377/540/538 387/547/545 378/539/537
f 378/539/537 387/547/545 388/530/528
f 390/517/515 381/520/518 380/527/525
f 390/517/515 380/527/525 389/529/527
f 394/542/540 384/541/539 393/473/471
f 393/473/471 384/541/539 383/475/473
f 397/532/530 388/530/528 387/547/545
f 397/532/530 387/547/545 396/449/447
f 396/449/447 387/547/545 386/447/445
f 399/515/513 390/517/515 389/529/527
f 399/515/513 389/529/527 398/531/529
f 404/543/541 394/542/540 403/471/469
f 403/471/469 394/542/540 393/473/471
f 406/451/449 397/532/530 396/449/447
f 408/512/510 399/515/513 398/531/529
f 408/512/510 398/531/529 407/533/531
f 414/544/542 404/543/541 413/469/467
f 413/469/467 404/543/541 403/471/469
f 417/510/508 408/512/510 407/533/531
f 417/510/508 407/533/531 416/453/451
f 424/545/543 414/544/542 423/467/465
f 423/467/465 414/544/542 413/469/467
f 426/455/453 417/510/508 416/453/451
f 434/546/544 424/545/543 433/465/463
f 433/465/463 424/545/543 423/467/465
f 444/460/458 434/546/544 443/463/461
f 443/463/461 434/546/544 433/465/463
f 263/548/546 449/549/547 264/550/548
f 264/550/548 449/549/547 450/551/549
f 264/550/548 450/551/549 451/552/550
f 451/552/550 450/551/549 445/553/551
f 451/552/550 445/553/551 452/554/552
f 452/554/552 445/553/551 453/555/553
f 452/554/552 453/555/553 448/556/554
f 448/556/554 453/555/553 447/557/555
f 447/557/555 453/555/553 446/558/556
f 446/558/556 453/555/553 445/553/551
f 263/548/546 262/559/557 449/549/547
f 449/549/547 262/559/557 450/551/549
f 261/560/558 445/553/551 262/559/557
f 262/559/557 445/553/551 450/551/549
f 348/561/559 264/550/548 448/556/554
f 448/556/554 264/550/548 452/554/552
f 452/554/552 264/550/548 451/552/550
f 260/562/560 454/563/561 261/564/562
f 261/564/562 454/563/561 445/565/563
f 259/566/564 459/567/565 260/568/566
f 260/568/566 459/567/565 460/569/567
f 260/568/566 460/569/567 461/570/568
f 461/570/568 460/569/567 455/571/569
f 461/570/568 455/571/569 462/572/570
f 462/572/570 455/571/569 463/573/571
f 462/572/570 463/573/571 458/574/572
f 458/574/572 463/573/571 457/575/573
f 457/575/573 463/573/571 456/576/574
f 456/576/574 463/573/571 455/571/569
f 259/566/564 258/577/575 459/567/565
f 459/567/565 258/577/575 460/569/567
f 257/578/576 455/571/569 258/577/575
f 258/577/575 455/571/569 460/569/567
f 454/579/577 260/568/566 458/574/572
f 458/574/572 260/568/566 462/572/570
f 462/572/570 260/568/566 461/570/568
f 256/580/578 485/581/579 257/582/580
f 257/582/580 485/581/579 486/583/581
f 257/582/580 486/583/581 487/584/582
f 487/584/582 486/583/581 496/585/583
f 487/584/582 496/585/583 497/586/584
f 497/586/584 496/585/583 506/587/585
f 497/586/584 506/587/585 507/588/586
f 507/588/586 506/587/585 516/589/587
f 507/588/586 516/589/587 517/590/588
f 517/590/588 516/589/587 282/591/589
f 517/590/588 282/591/589 518/592/590
f 518/592/590 282/591/589 522/593/591
f 518/592/590 522/593/591 519/594/592
f 519/594/592 522/593/591 523/595/593
f 519/594/592 523/595/593 520/596/594
f 520/596/594 523/595/593 477/597/595
f 520/596/594 477/597/595 478/598/596
f 485/581/579 256/580/578 494/599/597
f 494/599/597 256/580/578 255/600/598
f 494/599/597 255/600/598 503/601/599
f 503/601/599 255/600/598 254/602/600
f 503/601/599 254/602/600 512/603/601
f 512/603/601 254/602/600 253/604/602
f 512/603/601 253/604/602 252/605/603
f 282/591/589 514/606/604 252/605/603
f 252/605/603 514/606/604 513/607/605
f 252/605/603 513/607/605 512/603/601
f 512/603/601 513/607/605 503/601/599
f 522/593/591 282/591/589 521/608/606
f 521/608/606 282/591/589 464/609/607
f 521/608/606 464/609/607 524/610/608
f 524/610/608 464/609/607 465/611/609
f 524/610/608 465/611/609 527/612/610
f 527/612/610 465/611/609 466/613/611
f 527/612/610 466/613/611 530/614/612
f 530/614/612 466/613/611 467/615/613
f 530/614/612 467/615/613 468/616/614
f 530/614/612 468/616/614 531/617/615
f 531/617/615 468/616/614 469/618/616
f 531/617/615 469/618/616 532/619/617
f 532/619/617 469/618/616 470/620/618
f 532/619/617 470/620/618 471/621/619
f 532/619/617 471/621/619 529/622/620
f 529/622/620 471/621/619 472/623/621
f 529/622/620 472/623/621 473/624/622
f 529/622/620 473/624/622 526/625/623
f 526/625/623 473/624/622 474/626/624
f 526/625/623 474/626/624 475/627/625
f 526/625/623 475/627/625 523/595/593
f 523/595/593 475/627/625 476/628/626
f 523/595/593 476/628/626 477/597/595
f 478/598/596 479/629/627 520/596/594
f 520/596/594 479/629/627 511/630/628
f 520/596/594 511/630/628 510/631/629
f 510/631/629 511/630/628 501/632/630
f 510/631/629 501/632/630 500/633/631
f 500/633/631 501/632/630 491/634/632
f 500/633/631 491/634/632 490/635/633
f 490/635/633 491/634/632 484/636/634
f 490/635/633 484/636/634 257/582/580
f 257/582/580 484/636/634 455/637/635
f 479/629/627 480/638/636 511/630/628
f 511/630/628 480/638/636 481/639/637
f 511/630/628 481/639/637 502/640/638
f 502/640/638 481/639/637 482/641/639
f 502/640/638 482/641/639 483/642/640
f 502/640/638 483/642/640 493/643/641
f 493/643/641 483/642/640 484/636/634
f 493/643/641 484/636/634 492/644/642
f 492/644/642 484/636/634 491/634/632
f 492/644/642 491/634/632 501/632/630
f 486/583/581 485/581/579 495/645/643
f 495/645/643 485/581/579 494/599/597
f 495/645/643 494/599/597 504/646/644
f 504/646/644 494/599/597 503/601/599
f 504/646/644 503/601/599 513/607/605
f 487/584/582 488/647/645 257/582/580
f 257/582/580 488/647/645 489/648/646
f 257/582/580 489/648/646 490/635/633
f 490/635/633 489/648/646 499/649/647
f 490/635/633 499/649/647 500/633/631
f 500/633/631 499/649/647 509/650/648
f 500/633/631 509/650/648 510/631/629
f 510/631/629 509/650/648 519/594/592
f 510/631/629 519/594/592 520/596/594
f 487/584/582 497/586/584 488/647/645
f 488/647/645 497/586/584 498/651/649
f 488/647/645 498/651/649 489/648/646
f 489/648/646 498/651/649 499/649/647
f 502/640/638 493/643/641 492/644/642
f 502/640/638 492/644/642 501/632/630
f 486/583/581 495/645/643 496/585/583
f 496/585/583 495/645/643 505/652/650
f 496/585/583 505/652/650 506/587/585
f 506/587/585 505/652/650 515/653/651
f 506/587/585 515/653/651 516/589/587
f 516/589/587 515/653/651 282/591/589
f 505/652/650 495/645/643 504/646/644
f 497/586/584 507/588/586 498/651/649
f 498/651/649 507/588/586 508/654/652
f 498/651/649 508/654/652 499/649/647
f 499/649/647 508/654/652 509/650/648
f 511/630/628 502/640/638 501/632/630
f 513/607/605 514/606/604 504/646/644
f 504/646/644 514/606/604 505/652/650
f 507/588/586 517/590/588 508/654/652
f 508/654/652 517/590/588 518/592/590
f 508/654/652 518/592/590 509/650/648
f 509/650/648 518/592/590 519/594/592
f 282/591/589 515/653/651 514/606/604
f 514/606/604 515/653/651 505/652/650
f 526/625/623 523/595/593 522/593/591
f 522/593/591 521/608/606 525/655/653
f 525/655/653 521/608/606 524/610/608
f 525/655/653 524/610/608 528/656/654
f 528/656/654 524/610/608 527/612/610
f 528/656/654 527/612/610 531/617/615
f 531/617/615 527/612/610 530/614/612
f 529/622/620 526/625/623 525/655/653
f 525/655/653 526/625/623 522/593/591
f 529/622/620 525/655/653 528/656/654
f 532/619/617 529/622/620 528/656/654
f 532/619/617 528/656/654 531/617/615
f 248/657/655 533/658/656 249/659/657
f 249/659/657 533/658/656 534/660/658
f 248/661/659 247/662/660 533/663/661
f 533/663/661 247/662/660 535/664/662
f 284/665/663 283/666/664 539/667/665
f 539/667/665 283/666/664 537/668/666
f 539/667/665 537/668/666 538/669/667
f 283/666/664 294/670/668 537/668/666
f 537/668/666 294/670/668 536/671/669
f 535/672/670 247/673/671 542/674/672
f 542/674/672 247/673/671 246/675/673
f 542/674/672 246/675/673 540/676/674
f 540/676/674 246/675/673 290/677/675
f 540/676/674 541/678/676 542/674/672
f 294/679/677 293/680/678 536/681/679
f 536/681/679 293/680/678 543/682/680
f 298/683/681 566/684/682 299/685/683
f 299/685/683 566/684/682 567/686/684
f 299/685/683 567/686/684 568/687/685
f 568/687/685 567/686/684 577/688/686
f 568/687/685 577/688/686 578/689/687
f 578/689/687 577/688/686 587/690/688
f 578/689/687 587/690/688 588/691/689
f 588/691/689 587/690/688 597/692/690
f 588/691/689 597/692/690 598/693/691
f 598/693/691 597/692/690 285/694/692
f 598/693/691 285/694/692 599/695/693
f 599/695/693 285/694/692 602/696/694
f 599/695/693 602/696/694 603/697/695
f 603/697/695 602/696/694 606/698/696
f 603/697/695 606/698/696 607/699/697
f 607/699/697 606/698/696 610/700/698
f 607/699/697 610/700/698 555/701/699
f 555/701/699 610/700/698 554/702/700
f 554/702/700 610/700/698 553/703/701
f 553/703/701 610/700/698 613/704/702
f 553/703/701 613/704/702 552/705/703
f 552/705/703 613/704/702 551/706/704
f 551/706/704 613/704/702 616/707/705
f 551/706/704 616/707/705 550/708/706
f 550/708/706 616/707/705 549/709/707
f 549/709/707 616/707/705 615/710/708
f 549/709/707 615/710/708 548/711/709
f 548/711/709 615/710/708 614/712/710
f 548/711/709 614/712/710 547/713/711
f 547/713/711 614/712/710 546/714/712
f 546/714/712 614/712/710 611/715/713
f 546/714/712 611/715/713 545/716/714
f 545/716/714 611/715/713 608/717/715
f 545/716/714 608/717/715 544/718/716
f 544/718/716 608/717/715 605/719/717
f 544/718/716 605/719/717 285/694/692
f 285/694/692 605/719/717 602/696/694
f 566/684/682 298/683/681 575/720/718
f 575/720/718 298/683/681 297/721/719
f 575/720/718 297/721/719 584/722/720
f 584/722/720 297/721/719 296/723/721
f 584/722/720 296/723/721 593/724/722
f 593/724/722 296/723/721 295/725/723
f 593/724/722 295/725/723 286/726/724
f 285/694/692 595/727/725 286/726/724
f 286/726/724 595/727/725 594/728/726
f 286/726/724 594/728/726 593/724/722
f 593/724/722 594/728/726 584/722/720
f 555/701/699 556/729/727 607/699/697
f 607/699/697 556/729/727 604/730/728
f 607/699/697 604/730/728 603/697/695
f 603/697/695 604/730/728 600/731/729
f 603/697/695 600/731/729 599/695/693
f 599/695/693 600/731/729 590/732/730
f 599/695/693 590/732/730 589/733/731
f 589/733/731 590/732/730 580/734/732
f 589/733/731 580/734/732 579/735/733
f 579/735/733 580/734/732 570/736/734
f 579/735/733 570/736/734 569/737/735
f 569/737/735 570/736/734 299/685/683
f 569/737/735 299/685/683 568/687/685
f 556/729/727 557/738/736 604/730/728
f 604/730/728 557/738/736 558/739/737
f 604/730/728 558/739/737 601/740/738
f 601/740/738 558/739/737 559/741/739
f 601/740/738 559/741/739 592/742/740
f 592/742/740 559/741/739 560/743/741
f 592/742/740 560/743/741 561/744/742
f 592/742/740 561/744/742 583/745/743
f 583/745/743 561/744/742 562/746/744
f 583/745/743 562/746/744 563/747/745
f 583/745/743 563/747/745 574/748/746
f 574/748/746 563/747/745 564/749/747
f 574/748/746 564/749/747 573/750/748
f 573/750/748 564/749/747 572/751/749
f 573/750/748 572/751/749 582/752/750
f 582/752/750 572/751/749 581/753/751
f 582/752/750 581/753/751 591/754/752
f 591/754/752 581/753/751 590/732/730
f 591/754/752 590/732/730 600/731/729
f 565/755/753 299/685/683 564/749/747
f 564/749/747 299/685/683 571/756/754
f 564/749/747 571/756/754 572/751/749
f 572/751/749 571/756/754 581/753/751
f 567/686/684 566/684/682 576/757/755
f 576/757/755 566/684/682 575/720/718
f 576/757/755 575/720/718 585/758/756
f 585/758/756 575/720/718 584/722/720
f 585/758/756 584/722/720 594/728/726
f 571/756/754 299/685/683 570/736/734
f 579/735/733 569/737/735 578/689/687
f 578/689/687 569/737/735 568/687/685
f 581/753/751 571/756/754 580/734/732
f 580/734/732 571/756/754 570/736/734
f 583/745/743 574/748/746 573/750/748
f 583/745/743 573/750/748 582/752/750
f 567/686/684 576/757/755 577/688/686
f 577/688/686 576/757/755 586/759/757
f 577/688/686 586/759/757 587/690/688
f 587/690/688 586/759/757 596/760/758
f 587/690/688 596/760/758 597/692/690
f 597/692/690 596/760/758 285/694/692
f 586/759/757 576/757/755 585/758/756
f 589/733/731 579/735/733 588/691/689
f 588/691/689 579/735/733 578/689/687
f 590/732/730 581/753/751 580/734/732
f 592/742/740 583/745/743 582/752/750
f 592/742/740 582/752/750 591/754/752
f 594/728/726 595/727/725 585/758/756
f 585/758/756 595/727/725 586/759/757
f 599/695/693 589/733/731 598/693/691
f 598/693/691 589/733/731 588/691/689
f 601/740/738 592/742/740 591/754/752
f 601/740/738 591/754/752 600/731/729
f 285/694/692 596/760/758 595/727/725
f 595/727/725 596/760/758 586/759/757
f 604/730/728 601/740/738 600/731/729
f 606/698/696 602/696/694 605/719/717
f 606/698/696 605/719/717 609/761/759
f 609/761/759 605/719/717 608/717/715
f 609/761/759 608/717/715 612/762/760
f 612/762/760 608/717/715 611/715/713
f 612/762/760 611/715/713 615/710/708
f 615/710/708 611/715/713 614/712/710
f 613/704/702 610/700/698 609/761/759
f 609/761/759 610/700/698 606/698/696
f 613/704/702 609/761/759 612/762/760
f 616/707/705 613/704/702 612/762/760
f 616/707/705 612/762/760 615/710/708
f 292/763/761 617/764/762 293/765/763
f 293/765/763 617/764/762 543/766/764
f 618/767/765 625/768/766 548/769/767
f 548/769/767 625/768/766 624/770/768
f 548/769/767 624/770/768 549/771/769
f 618/767/765 619/772/770 625/768/766
f 625/768/766 619/772/770 621/773/771
f 625/768/766 621/773/771 622/774/772
f 619/772/770 620/775/773 621/773/771
f 622/774/772 623/776/774 625/768/766
f 625/768/766 623/776/774 624/770/768
f 292/777/775 291/778/776 617/779/777
f 617/779/777 291/778/776 626/780/778
f 620/781/779 627/782/780 621/783/781
f 621/783/781 627/782/780 628/784/782
f 291/785/783 237/786/784 626/787/785
f 626/787/785 237/786/784 236/788/786
f 629/789/787 636/790/788 627/791/789
f 627/791/789 636/790/788 635/792/790
f 627/791/789 635/792/790 628/793/791
f 629/789/787 630/794/792 636/790/788
f 636/790/788 630/794/792 632/795/793
f 636/790/788 632/795/793 633/796/794
f 630/794/792 631/797/795 632/795/793
f 633/796/794 634/798/796 636/790/788
f 636/790/788 634/798/796 635/792/790
f 637/799/797 663/800/798 631/801/799
f 631/801/799 663/800/798 664/802/800
f 631/801/799 664/802/800 665/803/801
f 665/803/801 664/802/800 668/804/802
f 665/803/801 668/804/802 661/805/803
f 661/805/803 668/804/802 660/806/804
f 660/806/804 668/804/802 659/807/805
f 659/807/805 668/804/802 671/808/806
f 659/807/805 671/808/806 658/809/807
f 658/809/807 671/808/806 657/810/808
f 657/810/808 671/808/806 674/811/809
f 657/810/808 674/811/809 656/812/810
f 656/812/810 674/811/809 677/813/811
f 656/812/810 677/813/811 655/814/812
f 655/814/812 677/813/811 654/815/813
f 654/815/813 677/813/811 680/816/814
f 654/815/813 680/816/814 653/817/815
f 653/817/815 680/816/814 683/818/816
f 653/817/815 683/818/816 652/819/817
f 652/819/817 683/818/816 651/820/818
f 651/820/818 683/818/816 686/821/819
f 651/820/818 686/821/819 650/822/820
f 650/822/820 686/821/819 649/823/821
f 649/823/821 686/821/819 689/824/822
f 649/823/821 689/824/822 648/825/823
f 648/825/823 689/824/822 647/826/824
f 647/826/824 689/824/822 688/827/825
f 647/826/824 688/827/825 646/828/826
f 646/828/826 688/827/825 687/829/827
f 646/828/826 687/829/827 645/830/828
f 645/830/828 687/829/827 644/831/829
f 644/831/829 687/829/827 684/832/830
f 644/831/829 684/832/830 643/833/831
f 643/833/831 684/832/830 681/834/832
f 643/833/831 681/834/832 642/835/833
f 642/835/833 681/834/832 678/836/834
f 642/835/833 678/836/834 641/837/835
f 641/837/835 678/836/834 675/838/836
f 641/837/835 675/838/836 640/839/837
f 640/839/837 675/838/836 672/840/838
f 640/839/837 672/840/838 639/841/839
f 639/841/839 672/840/838 669/842/840
f 639/841/839 669/842/840 638/843/841
f 638/843/841 669/842/840 666/844/842
f 638/843/841 666/844/842 637/799/797
f 637/799/797 666/844/842 663/800/798
f 661/805/803 662/845/843 665/803/801
f 665/803/801 662/845/843 631/801/799
f 662/845/843 632/846/844 631/801/799
f 664/802/800 663/800/798 667/847/845
f 667/847/845 663/800/798 666/844/842
f 667/847/845 666/844/842 670/848/846
f 670/848/846 666/844/842 669/842/840
f 670/848/846 669/842/840 673/849/847
f 673/849/847 669/842/840 672/840/838
f 673/849/847 672/840/838 676/850/848
f 676/850/848 672/840/838 675/838/836
f 676/850/848 675/838/836 679/851/849
f 679/851/849 675/838/836 678/836/834
f 679/851/849 678/836/834 682/852/850
f 682/852/850 678/836/834 681/834/832
f 682/852/850 681/834/832 685/853/851
f 685/853/851 681/834/832 684/832/830
f 685/853/851 684/832/830 688/827/825
f 688/827/825 684/832/830 687/829/827
f 671/808/806 668/804/802 667/847/845
f 667/847/845 668/804/802 664/802/800
f 671/808/806 667/847/845 670/848/846
f 674/811/809 671/808/806 670/848/846
f 674/811/809 670/848/846 673/849/847
f 677/813/811 674/811/809 673/849/847
f 677/813/811 673/849/847 676/850/848
f 680/816/814 677/813/811 676/850/848
f 680/816/814 676/850/848 679/851/849
f 683/818/816 680/816/814 679/851/849
f 683/818/816 679/851/849 682/852/850
f 686/821/819 683/818/816 682/852/850
f 686/821/819 682/852/850 685/853/851
f 689/824/822 686/821/819 685/853/851
f 689/824/822 685/853/851 688/827/825
f 690/854/852 697/855/853 646/856/854
f 646/856/854 697/855/853 696/857/855
f 646/856/854 696/857/855 647/858/856
f 690/854/852 691/859/857 697/855/853
f 697/855/853 691/859/857 693/860/858
f 697/855/853 693/860/858 694/861/859
f 691/859/857 692/862/860 693/860/858
f 694/861/859 695/863/861 697/855/853
f 697/855/853 695/863/861 696/857/855
f 692/864/862 698/865/863 693/866/864
f 693/866/864 698/865/863 699/867/865
f 700/868/866 707/869/867 698/870/868
f 698/870/868 707/869/867 706/871/869
f 698/870/868 706/871/869 699/872/870
f 700/868/866 701/873/871 707/869/867
f 707/869/867 701/873/871 703/874/872
f 707/869/867 703/874/872 704/875/873
f 701/873/871 702/876/874 703/874/872
f 704/875/873 705/877/875 707/869/867
f 707/869/867 705/877/875 706/871/869
f 708/878/876 709/879/877 711/880/878
f 711/880/878 709/879/877 710/881/879
f 712/882/880 713/883/881 715/884/882
f 715/884/882 713/883/881 714/885/883
f 51/886/884 50/887/885 723/888/886
f 723/888/886 50/887/885 113/889/887
f 723/888/886 113/889/887 722/890/888
f 722/890/888 113/889/887 112/891/889
f 722/890/888 112/891/889 111/892/890
f 111/892/890 110/893/891 722/890/888
f 722/890/888 110/893/891 109/894/892
f 722/890/888 109/894/892 108/895/893
f 108/895/893 107/896/894 722/890/888
f 722/890/888 107/896/894 106/897/895
f 722/890/888 106/897/895 105/898/896
f 105/898/896 104/899/897 722/890/888
f 722/890/888 104/899/897 712/900/898
f 722/890/888 712/900/898 721/901/899
f 721/901/899 712/900/898 715/902/900
f 104/899/897 103/903/901 712/900/898
f 712/900/898 103/903/901 102/904/902
f 712/900/898 102/904/902 720/905/903
f 720/905/903 102/904/902 101/906/904
f 720/905/903 101/906/904 100/907/905
f 100/907/905 99/908/906 720/905/903
f 720/905/903 99/908/906 98/909/907
f 720/905/903 98/909/907 717/910/908
f 717/910/908 98/909/907 97/911/909
f 717/910/908 97/911/909 96/912/910
f 96/912/910 95/913/911 717/910/908
f 717/910/908 95/913/911 94/914/912
f 717/910/908 94/914/912 711/915/913
f 711/915/913 94/914/912 93/916/914
f 711/915/913 93/916/914 92/917/915
f 711/915/913 92/917/915 729/918/916
f 729/918/916 92/917/915 91/919/917
f 729/918/916 91/919/917 90/920/918
f 90/920/918 89/921/919 729/918/916
f 729/918/916 89/921/919 88/922/920
f 729/918/916 88/922/920 87/923/921
f 87/923/921 86/924/922 729/918/916
f 729/918/916 86/924/922 85/925/923
f 729/918/916 85/925/923 84/926/924
f 84/926/924 83/927/925 729/918/916
f 729/918/916 83/927/925 728/928/926
f 728/928/926 83/927/925 82/929/927
f 728/928/926 82/929/927 81/930/928
f 81/930/928 80/931/929 728/928/926
f 728/928/926 80/931/929 79/932/930
f 728/928/926 79/932/930 78/933/931
f 78/933/931 77/934/932 728/928/926
f 728/928/926 77/934/932 76/935/933
f 728/928/926 76/935/933 727/936/934
f 727/936/934 76/935/933 726/937/935
f 726/937/935 76/935/933 75/938/936
f 726/937/935 75/938/936 74/939/937
f 74/939/937 73/940/938 726/937/935
f 726/937/935 73/940/938 72/941/939
f 726/937/935 72/941/939 71/942/940
f 71/942/940 70/943/941 726/937/935
f 726/937/935 70/943/941 69/944/942
f 726/937/935 69/944/942 68/945/943
f 68/945/943 67/946/944 726/937/935
f 726/937/935 67/946/944 66/947/945
f 726/937/935 66/947/945 725/948/946
f 725/948/946 66/947/945 65/949/947
f 725/948/946 65/949/947 64/950/948
f 64/950/948 63/951/949 725/948/946
f 725/948/946 63/951/949 62/952/950
f 725/948/946 62/952/950 61/953/951
f 61/953/951 60/954/952 725/948/946
f 725/948/946 60/954/952 59/955/953
f 725/948/946 59/955/953 58/956/954
f 58/956/954 57/957/955 725/948/946
f 725/948/946 57/957/955 56/958/956
f 725/948/946 56/958/956 724/959/957
f 724/959/957 56/958/956 723/888/886
f 723/888/886 56/958/956 55/960/958
f 723/888/886 55/960/958 54/961/959
f 54/961/959 53/962/960 723/888/886
f 723/888/886 53/962/960 52/963/961
f 723/888/886 52/963/961 51/886/884
f 708/964/962 711/915/913 716/965/963
f 716/965/963 711/915/913 729/918/916
f 718/966/964 719/967/965 717/910/908
f 717/910/908 719/967/965 720/905/903
f 730/968/966 709/969/967 718/970/968
f 718/970/968 709/969/967 708/971/969
f 718/970/968 708/971/969 732/972/970
f 732/972/970 708/971/969 739/973/971
f 739/973/971 708/971/969 738/974/972
f 738/974/972 708/971/969 716/975/973
f 738/974/972 716/975/973 744/976/974
f 731/977/975 943/978/976 730/968/966
f 730/968/966 943/978/976 747/979/977
f 730/968/966 747/979/977 709/969/967
f 719/980/978 714/981/979 731/977/975
f 731/977/975 714/981/979 740/982/980
f 731/977/975 740/982/980 942/983/981
f 942/983/981 740/982/980 741/984/982
f 942/983/981 741/984/982 935/985/983
f 935/985/983 741/984/982 934/986/984
f 934/986/984 741/984/982 742/987/985
f 934/986/984 742/987/985 933/988/986
f 933/988/986 742/987/985 922/989/987
f 933/988/986 922/989/987 932/990/988
f 932/990/988 922/989/987 931/991/989
f 931/991/989 922/989/987 930/992/990
f 930/992/990 922/989/987 929/993/991
f 929/993/991 922/989/987 928/994/992
f 928/994/992 922/989/987 927/995/993
f 927/995/993 922/989/987 926/996/994
f 926/996/994 922/989/987 925/997/995
f 925/997/995 922/989/987 924/998/996
f 924/998/996 922/989/987 923/999/997
f 718/970/968 733/1000/998 719/980/978
f 719/980/978 733/1000/998 715/1001/999
f 719/980/978 715/1001/999 714/981/979
f 732/972/970 733/1000/998 718/970/968
f 733/1000/998 734/1002/1000 715/1001/999
f 715/1001/999 734/1002/1000 735/1003/1001
f 715/1001/999 735/1003/1001 721/1004/1002
f 721/1004/1002 735/1003/1001 743/1005/1003
f 743/1005/1003 735/1003/1001 736/1006/1004
f 743/1005/1003 736/1006/1004 922/989/987
f 922/989/987 736/1006/1004 233/1007/1005
f 922/989/987 233/1007/1005 834/1008/1006
f 834/1008/1006 233/1007/1005 754/1009/1007
f 834/1008/1006 754/1009/1007 755/1010/1008
f 737/1011/1009 881/1012/1010 736/1006/1004
f 736/1006/1004 881/1012/1010 882/1013/1011
f 736/1006/1004 882/1013/1011 233/1007/1005
f 738/974/972 744/976/974 737/1011/1009
f 737/1011/1009 744/976/974 894/1014/1012
f 737/1011/1009 894/1014/1012 821/1015/1013
f 821/1015/1013 894/1014/1012 820/1016/1014
f 820/1016/1014 894/1014/1012 895/1017/1015
f 820/1016/1014 895/1017/1015 819/1018/1016
f 819/1018/1016 895/1017/1015 808/1019/1017
f 819/1018/1016 808/1019/1017 813/1020/1018
f 813/1020/1018 808/1019/1017 809/1021/1019
f 813/1020/1018 809/1021/1019 812/1022/1020
f 812/1022/1020 809/1021/1019 810/1023/1021
f 812/1022/1020 810/1023/1021 817/1024/1022
f 817/1024/1022 810/1023/1021 898/1025/1023
f 817/1024/1022 898/1025/1023 899/1026/1024
f 742/987/985 743/1005/1003 922/989/987
f 744/976/974 745/1027/1025 894/1014/1012
f 894/1014/1012 745/1027/1025 883/1028/1026
f 894/1014/1012 883/1028/1026 884/1029/1027
f 883/1028/1026 745/1027/1025 951/1030/1028
f 951/1030/1028 745/1027/1025 746/1031/1029
f 951/1030/1028 746/1031/1029 950/1032/1030
f 950/1032/1030 746/1031/1029 943/978/976
f 950/1032/1030 943/978/976 949/1033/1031
f 949/1033/1031 943/978/976 944/1034/1032
f 949/1033/1031 944/1034/1032 945/1035/1033
f 746/1031/1029 747/979/977 943/978/976
f 772/1036/1034 748/1037/1035 232/1038/1036
f 232/1038/1036 748/1037/1035 749/1039/1037
f 232/1038/1036 749/1039/1037 750/1040/1038
f 750/1040/1038 751/1041/1039 232/1038/1036
f 232/1038/1036 751/1041/1039 233/1007/1005
f 233/1007/1005 751/1041/1039 752/1042/1040
f 233/1007/1005 752/1042/1040 753/1043/1041
f 753/1043/1041 754/1009/1007 233/1007/1005
f 755/1010/1008 756/1044/1042 834/1008/1006
f 834/1008/1006 756/1044/1042 757/1045/1043
f 834/1008/1006 757/1045/1043 833/1046/1044
f 833/1046/1044 757/1045/1043 758/1047/1045
f 833/1046/1044 758/1047/1045 759/1048/1046
f 833/1046/1044 759/1048/1046 868/1049/1047
f 868/1049/1047 759/1048/1046 760/1050/1048
f 868/1049/1047 760/1050/1048 867/1051/1049
f 867/1051/1049 760/1050/1048 761/1052/1050
f 867/1051/1049 761/1052/1050 788/1053/1051
f 788/1053/1051 761/1052/1050 787/1054/1052
f 787/1054/1052 761/1052/1050 762/1055/1053
f 787/1054/1052 762/1055/1053 818/1056/1054
f 818/1056/1054 762/1055/1053 763/1057/1055
f 818/1056/1054 763/1057/1055 764/1058/1056
f 818/1056/1054 764/1058/1056 821/1015/1013
f 821/1015/1013 764/1058/1056 765/1059/1057
f 821/1015/1013 765/1059/1057 766/1060/1058
f 766/1060/1058 767/1061/1059 821/1015/1013
f 821/1015/1013 767/1061/1059 768/1062/1060
f 821/1015/1013 768/1062/1060 737/1011/1009
f 737/1011/1009 768/1062/1060 769/1063/1061
f 737/1011/1009 769/1063/1061 770/1064/1062
f 770/1064/1062 771/1065/1063 737/1011/1009
f 737/1011/1009 771/1065/1063 772/1036/1034
f 737/1011/1009 772/1036/1034 232/1038/1036
f 774/1066/1064 775/1067/1065 773/1068/1066
f 773/1068/1066 775/1067/1065 910/1069/1067
f 773/1068/1066 910/1069/1067 806/1070/1068
f 806/1070/1068 910/1069/1067 805/1071/1069
f 805/1071/1069 910/1069/1067 804/1072/1070
f 804/1072/1070 910/1069/1067 803/1073/1071
f 803/1073/1071 910/1069/1067 802/1074/1072
f 802/1074/1072 910/1069/1067 801/1075/1073
f 801/1075/1073 910/1069/1067 911/1076/1074
f 801/1075/1073 911/1076/1074 854/1077/1075
f 854/1077/1075 911/1076/1074 853/1078/1076
f 853/1078/1076 911/1076/1074 852/1079/1077
f 852/1079/1077 911/1076/1074 851/1080/1078
f 851/1080/1078 911/1076/1074 850/1081/1079
f 850/1081/1079 911/1076/1074 849/1082/1080
f 849/1082/1080 911/1076/1074 848/1083/1081
f 848/1083/1081 911/1076/1074 880/1084/1082
f 848/1083/1081 880/1084/1082 847/1085/1083
f 775/1067/1065 776/1086/1084 910/1069/1067
f 910/1069/1067 776/1086/1084 902/1087/1085
f 910/1069/1067 902/1087/1085 909/1088/1086
f 909/1088/1086 902/1087/1085 903/1089/1087
f 909/1088/1086 903/1089/1087 908/1090/1088
f 908/1090/1088 903/1089/1087 907/1091/1089
f 907/1091/1089 903/1089/1087 904/1092/1090
f 907/1091/1089 904/1092/1090 905/1093/1091
f 902/1087/1085 776/1086/1084 819/1018/1016
f 819/1018/1016 776/1086/1084 777/1094/1092
f 819/1018/1016 777/1094/1092 778/1095/1093
f 778/1095/1093 779/1096/1094 819/1018/1016
f 819/1018/1016 779/1096/1094 780/1097/1095
f 819/1018/1016 780/1097/1095 818/1056/1054
f 818/1056/1054 780/1097/1095 781/1098/1096
f 818/1056/1054 781/1098/1096 783/1099/1097
f 783/1099/1097 781/1098/1096 782/1100/1098
f 783/1099/1097 784/1101/1099 818/1056/1054
f 818/1056/1054 784/1101/1099 785/1102/1100
f 818/1056/1054 785/1102/1100 786/1103/1101
f 786/1103/1101 787/1054/1052 818/1056/1054
f 867/1051/1049 788/1053/1051 866/1104/1102
f 866/1104/1102 788/1053/1051 789/1105/1103
f 866/1104/1102 789/1105/1103 865/1106/1104
f 865/1106/1104 789/1105/1103 790/1107/1105
f 865/1106/1104 790/1107/1105 863/1108/1106
f 863/1108/1106 790/1107/1105 792/1109/1107
f 863/1108/1106 792/1109/1107 862/1110/1108
f 862/1110/1108 792/1109/1107 793/1111/1109
f 862/1110/1108 793/1111/1109 861/1112/1110
f 861/1112/1110 793/1111/1109 794/1113/1111
f 861/1112/1110 794/1113/1111 860/1114/1112
f 860/1114/1112 794/1113/1111 795/1115/1113
f 860/1114/1112 795/1115/1113 859/1116/1114
f 859/1116/1114 795/1115/1113 796/1117/1115
f 859/1116/1114 796/1117/1115 858/1118/1116
f 858/1118/1116 796/1117/1115 797/1119/1117
f 858/1118/1116 797/1119/1117 857/1120/1118
f 857/1120/1118 797/1119/1117 798/1121/1119
f 857/1120/1118 798/1121/1119 855/1122/1120
f 855/1122/1120 798/1121/1119 800/1123/1121
f 855/1122/1120 800/1123/1121 854/1077/1075
f 854/1077/1075 800/1123/1121 801/1075/1073
f 790/1107/1105 791/1124/1122 792/1109/1107
f 798/1121/1119 799/1125/1123 800/1123/1121
f 808/1019/1017 895/1017/1015 807/1126/1124
f 807/1126/1124 895/1017/1015 896/1127/1125
f 807/1126/1124 896/1127/1125 811/1128/1126
f 811/1128/1126 896/1127/1125 897/1129/1127
f 811/1128/1126 897/1129/1127 810/1023/1021
f 810/1023/1021 897/1129/1127 898/1025/1023
f 813/1020/1018 814/1130/1128 819/1018/1016
f 819/1018/1016 814/1130/1128 824/1131/1129
f 819/1018/1016 824/1131/1129 902/1087/1085
f 902/1087/1085 824/1131/1129 825/1132/1130
f 902/1087/1085 825/1132/1130 901/1133/1131
f 901/1133/1131 825/1132/1130 826/1134/1132
f 901/1133/1131 826/1134/1132 900/1135/1133
f 900/1135/1133 826/1134/1132 822/1136/1134
f 900/1135/1133 822/1136/1134 899/1026/1024
f 899/1026/1024 822/1136/1134 816/1137/1135
f 899/1026/1024 816/1137/1135 817/1024/1022
f 824/1131/1129 814/1130/1128 823/1138/1136
f 823/1138/1136 814/1130/1128 815/1139/1137
f 823/1138/1136 815/1139/1137 822/1136/1134
f 822/1136/1134 815/1139/1137 816/1137/1135
f 828/1140/1138 840/1141/1139 827/1142/1140
f 827/1142/1140 840/1141/1139 841/1143/1141
f 827/1142/1140 841/1143/1141 831/1144/1142
f 831/1144/1142 841/1143/1141 832/1145/1143
f 831/1144/1142 832/1145/1143 914/1146/1144
f 914/1146/1144 832/1145/1143 879/1147/1145
f 914/1146/1144 879/1147/1145 880/1084/1082
f 829/1148/1146 916/1149/1147 828/1140/1138
f 828/1140/1138 916/1149/1147 917/1150/1148
f 828/1140/1138 917/1150/1148 839/1151/1149
f 839/1151/1149 917/1150/1148 838/1152/1150
f 838/1152/1150 917/1150/1148 918/1153/1151
f 838/1152/1150 918/1153/1151 845/1154/1152
f 845/1154/1152 918/1153/1151 919/1155/1153
f 845/1154/1152 919/1155/1153 844/1156/1154
f 844/1156/1154 919/1155/1153 920/1157/1155
f 844/1156/1154 920/1157/1155 843/1158/1156
f 843/1158/1156 920/1157/1155 921/1159/1157
f 843/1158/1156 921/1159/1157 842/1160/1158
f 842/1160/1158 921/1159/1157 832/1145/1143
f 842/1160/1158 832/1145/1143 836/1161/1159
f 836/1161/1159 832/1145/1143 841/1143/1141
f 916/1149/1147 829/1148/1146 915/1162/1160
f 915/1162/1160 829/1148/1146 830/1163/1161
f 915/1162/1160 830/1163/1161 914/1146/1144
f 914/1146/1144 830/1163/1161 831/1144/1142
f 833/1046/1044 875/1164/1162 832/1145/1143
f 832/1145/1143 875/1164/1162 876/1165/1163
f 832/1145/1143 876/1165/1163 877/1166/1164
f 834/1008/1006 835/1167/1165 922/989/987
f 922/989/987 835/1167/1165 921/1159/1157
f 921/1159/1157 835/1167/1165 832/1145/1143
f 842/1160/1158 836/1161/1159 846/1168/1166
f 846/1168/1166 836/1161/1159 837/1169/1167
f 846/1168/1166 837/1169/1167 845/1154/1152
f 845/1154/1152 837/1169/1167 838/1152/1150
f 839/1151/1149 840/1141/1139 828/1140/1138
f 855/1122/1120 856/1170/1168 857/1120/1118
f 863/1108/1106 864/1171/1169 865/1106/1104
f 868/1049/1047 869/1172/1170 833/1046/1044
f 833/1046/1044 869/1172/1170 870/1173/1171
f 833/1046/1044 870/1173/1171 871/1174/1172
f 871/1174/1172 872/1175/1173 833/1046/1044
f 833/1046/1044 872/1175/1173 874/1176/1174
f 833/1046/1044 874/1176/1174 875/1164/1162
f 872/1175/1173 873/1177/1175 874/1176/1174
f 877/1166/1164 878/1178/1176 832/1145/1143
f 832/1145/1143 878/1178/1176 879/1147/1145
f 232/1038/1036 881/1012/1010 737/1011/1009
f 884/1029/1027 885/1179/1177 894/1014/1012
f 894/1014/1012 885/1179/1177 886/1180/1178
f 894/1014/1012 886/1180/1178 887/1181/1179
f 887/1181/1179 888/1182/1180 894/1014/1012
f 894/1014/1012 888/1182/1180 889/1183/1181
f 894/1014/1012 889/1183/1181 890/1184/1182
f 890/1184/1182 891/1185/1183 894/1014/1012
f 894/1014/1012 891/1185/1183 892/1186/1184
f 894/1014/1012 892/1186/1184 893/1187/1185
f 905/1093/1091 906/1188/1186 907/1091/1089
f 880/1084/1082 911/1076/1074 914/1146/1144
f 914/1146/1144 911/1076/1074 912/1189/1187
f 914/1146/1144 912/1189/1187 906/1188/1186
f 906/1188/1186 912/1189/1187 913/1190/1188
f 935/985/983 936/1191/1189 942/983/981
f 942/983/981 936/1191/1189 941/1192/1190
f 941/1192/1190 936/1191/1189 940/1193/1191
f 940/1193/1191 936/1191/1189 939/1194/1192
f 939/1194/1192 936/1191/1189 937/1195/1193
f 939/1194/1192 937/1195/1193 938/1196/1194
f 942/983/981 943/978/976 731/977/975
f 945/1035/1033 946/1197/1195 949/1033/1031
f 949/1033/1031 946/1197/1195 948/1198/1196
f 948/1198/1196 946/1197/1195 947/1199/1197
f 722/1200/1198 721/1201/1199 952/1202/1200
f 952/1202/1200 721/1201/1199 743/1203/1201
f 723/1204/1202 722/1205/1203 957/1206/1204
f 957/1206/1204 722/1205/1203 953/1207/1205
f 957/1206/1204 953/1207/1205 955/1208/1206
f 955/1208/1206 953/1207/1205 954/1209/1207
f 955/1208/1206 956/1210/1208 957/1206/1204
f 957/1206/1204 958/1211/1209 723/1204/1202
f 959/1212/1210 744/1213/1211 729/1214/1212
f 729/1214/1212 744/1213/1211 716/1215/1213
f 745/1216/1214 744/1217/1215 962/1218/1216
f 962/1218/1216 744/1217/1215 959/1219/1217
f 962/1218/1216 959/1219/1217 960/1220/1218
f 962/1218/1216 960/1220/1218 961/1221/1219
f 961/1221/1219 960/1220/1218 884/1222/1220
f 961/1221/1219 884/1222/1220 883/1223/1221
f 711/1224/1222 710/1225/1223 717/1226/1224
f 717/1226/1224 710/1225/1223 988/1227/1225
f 988/1227/1225 710/1225/1223 963/1228/1226
f 988/1227/1225 963/1228/1226 973/1229/1227
f 973/1229/1227 963/1228/1226 964/1230/1228
f 973/1229/1227 964/1230/1228 966/1231/1229
f 966/1231/1229 964/1230/1228 965/1232/1230
f 965/1232/1230 964/1230/1228 962/1233/1231
f 965/1232/1230 962/1233/1231 961/1234/1232
f 973/1229/1227 966/1231/1229 972/1235/1233
f 972/1235/1233 966/1231/1229 967/1236/1234
f 972/1235/1233 967/1236/1234 971/1237/1235
f 971/1237/1235 967/1236/1234 969/1238/1236
f 971/1237/1235 969/1238/1236 970/1239/1237
f 967/1236/1234 968/1240/1238 969/1238/1236
f 973/1229/1227 974/1241/1239 988/1227/1225
f 988/1227/1225 974/1241/1239 987/1242/1240
f 987/1242/1240 974/1241/1239 986/1243/1241
f 987/1242/1240 986/1243/1241 713/1244/1242
f 975/1245/1243 981/1246/1244 974/1241/1239
f 974/1241/1239 981/1246/1244 985/1247/1245
f 974/1241/1239 985/1247/1245 986/1243/1241
f 981/1246/1244 975/1245/1243 980/1248/1246
f 980/1248/1246 975/1245/1243 976/1249/1247
f 980/1248/1246 976/1249/1247 978/1250/1248
f 978/1250/1248 976/1249/1247 977/1251/1249
f 978/1250/1248 979/1252/1250 980/1248/1246
f 981/1246/1244 982/1253/1251 985/1247/1245
f 985/1247/1245 982/1253/1251 984/1254/1252
f 984/1254/1252 982/1253/1251 983/1255/1253
f 712/1256/1254 720/1257/1255 713/1244/1242
f 713/1244/1242 720/1257/1255 987/1242/1240
f 732/1258/1256 739/1259/1257 990/1260/1258
f 990/1260/1258 739/1259/1257 989/1261/1259
f 991/1262/1260 992/1263/1261 733/1264/1262
f 733/1264/1262 992/1263/1261 734/1265/1263
f 719/1266/1264 731/1267/1265 720/1268/1266
f 720/1268/1266 731/1267/1265 987/1269/1267
f 882/1270/1268 881/1271/1269 994/1272/1270
f 994/1272/1270 881/1271/1269 993/1273/1271
f 995/1274/1272 996/1275/1273 993/1276/1274
f 993/1276/1274 996/1275/1273 994/1277/1275
f 995/1278/1276 993/1279/1277 997/1280/1278
f 997/1280/1278 993/1279/1277 231/1281/1279
f 231/1281/1279 993/1279/1277 232/1282/1280
f 232/1282/1280 993/1279/1277 881/1283/1281
f 996/1284/1282 998/1285/1283 994/1286/1284
f 994/1286/1284 998/1285/1283 234/1287/1285
f 994/1286/1284 234/1287/1285 233/1288/1286
f 233/1288/1286 882/1289/1287 994/1286/1284
f 998/1290/1288 999/1291/1289 234/1292/1290
f 234/1292/1290 999/1291/1289 1003/1293/1291
f 234/1292/1290 1003/1293/1291 235/1294/1292
f 999/1291/1289 1000/1295/1293 1003/1293/1291
f 1003/1293/1291 1000/1295/1293 1001/1296/1294
f 1003/1293/1291 1001/1296/1294 1002/1297/1295
f 992/1298/1296 991/1299/1297 1000/1295/1293
f 1000/1295/1293 991/1299/1297 1001/1296/1294
f 997/1300/1298 1005/1301/1299 995/1302/1300
f 995/1302/1300 1005/1301/1299 1006/1303/1301
f 995/1302/1300 1006/1303/1301 1007/1304/1302
f 1004/1305/1303 1023/1306/1304 997/1300/1298
f 997/1300/1298 1023/1306/1304 1024/1307/1305
f 997/1300/1298 1024/1307/1305 1025/1308/1306
f 737/1309/1307 1017/1310/1308 1004/1305/1303
f 1004/1305/1303 1017/1310/1308 1018/1311/1309
f 1004/1305/1303 1018/1311/1309 1019/1312/1310
f 736/1313/1311 995/1302/1300 737/1309/1307
f 737/1309/1307 995/1302/1300 1011/1314/1312
f 737/1309/1307 1011/1314/1312 1012/1315/1313
f 995/1302/1300 736/1313/1311 996/1316/1314
f 996/1316/1314 736/1313/1311 999/1317/1315
f 996/1316/1314 999/1317/1315 998/1318/1316
f 1007/1304/1302 1008/1319/1317 995/1302/1300
f 995/1302/1300 1008/1319/1317 1009/1320/1318
f 995/1302/1300 1009/1320/1318 1010/1321/1319
f 1010/1321/1319 1011/1314/1312 995/1302/1300
f 1012/1315/1313 1013/1322/1320 737/1309/1307
f 737/1309/1307 1013/1322/1320 1014/1323/1321
f 737/1309/1307 1014/1323/1321 1015/1324/1322
f 1015/1324/1322 1016/1325/1323 737/1309/1307
f 737/1309/1307 1016/1325/1323 1017/1310/1308
f 1019/1312/1310 1020/1326/1324 1004/1305/1303
f 1004/1305/1303 1020/1326/1324 1021/1327/1325
f 1004/1305/1303 1021/1327/1325 1022/1328/1326
f 1022/1328/1326 1023/1306/1304 1004/1305/1303
f 1025/1308/1306 1026/1329/1327 997/1300/1298
f 997/1300/1298 1026/1329/1327 1027/1330/1328
f 997/1300/1298 1027/1330/1328 1028/1331/1329
f 1028/1331/1329 1005/1301/1299 997/1300/1298
f 1030/1332/1330 183/1333/1331 1029/1334/1332
f 1029/1334/1332 183/1333/1331 182/1335/1333
f 1029/1336/1332 182/1337/1333 1052/1338/1334
f 1052/1338/1334 182/1337/1333 205/1339/1335
f 1052/1338/1334 205/1339/1335 1051/1340/1336
f 1051/1340/1336 205/1339/1335 204/1341/1337
f 1051/1340/1336 204/1341/1337 1050/1342/1338
f 1050/1342/1338 204/1341/1337 203/1343/1339
f 1050/1342/1338 203/1343/1339 1049/1344/1340
f 1049/1344/1340 203/1343/1339 202/1345/1341
f 1049/1344/1340 202/1345/1341 1048/1346/1342
f 1048/1346/1342 202/1345/1341 201/1347/1343
f 1048/1346/1342 201/1347/1343 1047/1348/1344
f 1047/1348/1344 201/1347/1343 200/1349/1345
f 1047/1348/1344 200/1349/1345 1046/1350/1346
f 1046/1350/1346 200/1349/1345 199/1351/1347
f 1046/1350/1346 199/1351/1347 1045/1352/1348
f 1045/1352/1348 199/1351/1347 198/1353/1349
f 1045/1352/1348 198/1353/1349 1044/1354/1350
f 1044/1354/1350 198/1353/1349 197/1355/1351
f 1044/1354/1350 197/1355/1351 1043/1356/1352
f 1043/1356/1352 197/1355/1351 196/1357/1353
f 1043/1356/1352 196/1357/1353 1042/1358/1354
f 1042/1358/1354 196/1357/1353 195/1359/1355
f 1042/1358/1354 195/1359/1355 1041/1360/1356
f 1041/1360/1356 195/1359/1355 194/1361/1357
f 1041/1360/1356 194/1361/1357 1040/1362/1358
f 1040/1362/1358 194/1361/1357 193/1363/1359
f 1040/1362/1358 193/1363/1359 1039/1364/1360
f 1039/1364/1360 193/1363/1359 192/1365/1361
f 1039/1364/1360 192/1365/1361 1038/1366/1362
f 1038/1366/1362 192/1365/1361 191/1367/1363
f 1038/1366/1362 191/1367/1363 1037/1368/1364
f 1037/1368/1364 191/1367/1363 190/1369/1365
f 1037/1368/1364 190/1369/1365 1036/1370/1366
f 1036/1370/1366 190/1369/1365 189/1371/1367
f 1036/1370/1366 189/1371/1367 1035/1372/1368
f 1035/1372/1368 189/1371/1367 188/1373/1369
f 1035/1372/1368 188/1373/1369 1034/1374/1370
f 1034/1374/1370 188/1373/1369 187/1375/1371
f 1034/1374/1370 187/1375/1371 1033/1376/1372
f 1033/1376/1372 187/1375/1371 186/1377/1373
f 1033/1376/1372 186/1377/1373 1032/1378/1374
f 1032/1378/1374 186/1377/1373 185/1379/1375
f 1032/1378/1374 185/1379/1375 1031/1380/1376
f 1031/1380/1376 185/1379/1375 184/1381/1377
f 1031/1380/1376 184/1381/1377 1030/1332/1330
f 1030/1332/1330 184/1381/1377 183/1333/1331
f 1054/1382/1378 207/1383/1379 1053/1384/1380
f 1053/1384/1380 207/1383/1379 206/1385/1381
f 1053/1386/1380 206/1387/1381 1076/1388/1382
f 1076/1388/1382 206/1387/1381 229/1389/1383
f 1076/1388/1382 229/1389/1383 1075/1390/1384
f 1075/1390/1384 229/1389/1383 228/1391/1385
f 1075/1390/1384 228/1391/1385 1074/1392/1386
f 1074/1392/1386 228/1391/1385 227/1393/1387
f 1074/1392/1386 227/1393/1387 1073/1394/1388
f 1073/1394/1388 227/1393/1387 226/1395/1389
f 1073/1394/1388 226/1395/1389 1072/1396/1390
f 1072/1396/1390 226/1395/1389 225/1397/1391
f 1072/1396/1390 225/1397/1391 1071/1398/1392
f 1071/1398/1392 225/1397/1391 224/1399/1393
f 1071/1398/1392 224/1399/1393 1070/1400/1394
f 1070/1400/1394 224/1399/1393 223/1401/1395
f 1070/1400/1394 223/1401/1395 1069/1402/1396
f 1069/1402/1396 223/1401/1395 222/1403/1397
f 1069/1402/1396 222/1403/1397 1068/1404/1398
f 1068/1404/1398 222/1403/1397 221/1405/1399
f 1068/1404/1398 221/1405/1399 1067/1406/1400
f 1067/1406/1400 221/1405/1399 220/1407/1401
f 1067/1406/1400 220/1407/1401 1066/1408/1402
f 1066/1408/1402 220/1407/1401 219/1409/1403
f 1066/1408/1402 219/1409/1403 1065/1410/1404
f 1065/1410/1404 219/1409/1403 218/1411/1405
f 1065/1410/1404 218/1411/1405 1064/1412/1406
f 1064/1412/1406 218/1411/1405 217/1413/1407
f 1064/1412/1406 217/1413/1407 1063/1414/1408
f 1063/1414/1408 217/1413/1407 216/1415/1409
f 1063/1414/1408 216/1415/1409 1062/1416/1410
f 1062/1416/1410 216/1415/1409 215/1417/1411
f 1062/1416/1410 215/1417/1411 1061/1418/1412
f 1061/1418/1412 215/1417/1411 214/1419/1413
f 1061/1418/1412 214/1419/1413 1060/1420/1414
f 1060/1420/1414 214/1419/1413 213/1421/1415
f 1060/1420/1414 213/1421/1415 1059/1422/1416
f 1059/1422/1416 213/1421/1415 212/1423/1417
f 1059/1422/1416 212/1423/1417 1058/1424/1418
f 1058/1424/1418 212/1423/1417 211/1425/1419
f 1058/1424/1418 211/1425/1419 1057/1426/1420
f 1057/1426/1420 211/1425/1419 210/1427/1421
f 1057/1426/1420 210/1427/1421 1056/1428/1422
f 1056/1428/1422 210/1427/1421 209/1429/1423
f 1056/1428/1422 209/1429/1423 1055/1430/1424
f 1055/1430/1424 209/1429/1423 208/1431/1425
f 1055/1430/1424 208/1431/1425 1054/1382/1378
f 1054/1382/1378 208/1431/1425 207/1383/1379
f 1029/1432/1426 1052/1433/1427 1030/1434/1428
f 1030/1434/1428 1052/1433/1427 1031/1435/1429
f 1031/1435/1429 1052/1433/1427 1051/1436/1430
f 1031/1435/1429 1051/1436/1430 1032/1437/1431
f 1032/1437/1431 1051/1436/1430 1050/1438/1432
f 1032/1437/1431 1050/1438/1432 1033/1439/1433
f 1033/1439/1433 1050/1438/1432 1049/1440/1434
f 1033/1439/1433 1049/1440/1434 1034/1441/1435
f 1034/1441/1435 1049/1440/1434 1048/1442/1436
f 1034/1441/1435 1048/1442/1436 1035/1443/1437
f 1035/1443/1437 1048/1442/1436 1047/1444/1438
f 1035/1443/1437 1047/1444/1438 1036/1445/1439
f 1036/1445/1439 1047/1444/1438 1046/1446/1440
f 1036/1445/1439 1046/1446/1440 1037/1447/1441
f 1037/1447/1441 1046/1446/1440 1045/1448/1442
f 1037/1447/1441 1045/1448/1442 1038/1449/1443
f 1038/1449/1443 1045/1448/1442 1044/1450/1444
f 1038/1449/1443 1044/1450/1444 1039/1451/1445
f 1039/1451/1445 1044/1450/1444 1043/1452/1446
f 1039/1451/1445 1043/1452/1446 1040/1453/1447
f 1040/1453/1447 1043/1452/1446 1042/1454/1448
f 1040/1453/1447 1042/1454/1448 1041/1455/1449
f 1053/1456/1450 1076/1457/1451 1054/1458/1452
f 1054/1458/1452 1076/1457/1451 1055/1459/1453
f 1055/1459/1453 1076/1457/1451 1075/1460/1454
f 1055/1459/1453 1075/1460/1454 1056/1461/1455
f 1056/1461/1455 1075/1460/1454 1074/1462/1456
f 1056/1461/1455 1074/1462/1456 1057/1463/1457
f 1057/1463/1457 1074/1462/1456 1073/1464/1458
f 1057/1463/1457 1073/1464/1458 1058/1465/1459
f 1058/1465/1459 1073/1464/1458 1072/1466/1460
f 1058/1465/1459 1072/1466/1460 1059/1467/1461
f 1059/1467/1461 1072/1466/1460 1071/1468/1462
f 1059/1467/1461 1071/1468/1462 1060/1469/1463
f 1060/1469/1463 1071/1468/1462 1070/1470/1464
f 1060/1469/1463 1070/1470/1464 1061/1471/1465
f 1061/1471/1465 1070/1470/1464 1069/1472/1466
f 1061/1471/1465 1069/1472/1466 1062/1473/1467
f 1062/1473/1467 1069/1472/1466 1068/1474/1468
f 1062/1473/1467 1068/1474/1468 1063/1475/1469
f 1063/1475/1469 1068/1474/1468 1067/1476/1470
f 1063/1475/1469 1067/1476/1470 1064/1477/1471
f 1064/1477/1471 1067/1476/1470 1066/1478/1472
f 1064/1477/1471 1066/1478/1472 1065/1479/1473
f 1078/1480/1474 179/1481/1475 1077/1482/1476
f 1077/1482/1476 179/1481/1475 178/1483/1477
f 1077/1482/1476 178/1483/1477 1080/1484/1478
f 1080/1484/1478 178/1483/1477 1079/1485/1479
f 1079/1485/1479 178/1483/1477 288/1486/1480
f 1078/1480/1474 230/1487/1481 179/1481/1475
f 235/1488/1482 1003/1489/1483 180/1490/1484
f 180/1490/1484 1003/1489/1483 1081/1491/1485
f 180/1490/1484 1081/1491/1485 181/1492/1486
f 181/1492/1486 1081/1491/1485 1082/1493/1487
f 181/1492/1486 1082/1493/1487 1083/1494/1488
f 1083/1494/1488 287/1495/1489 181/1492/1486
f 1084/1496/1490 1085/1497/1491 1086/1498/1492
f 1088/1499/1493 1086/1500/1494 1087/1501/1495
f 1087/1501/1495 1086/1500/1494 1085/1502/1496
f 1089/1503/1497 1090/1504/1498 1086/1505/1499
f 1086/1505/1499 1090/1504/1498 1084/1506/1500
f 1092/1507/1501 1085/1508/1502 1091/1509/1503
f 1091/1509/1503 1085/1508/1502 1084/1510/1504
f 1095/1511/1505 1087/1512/1506 1094/1513/1507
f 1094/1513/1507 1087/1512/1506 1085/1514/1508
f 1094/1513/1507 1085/1514/1508 1092/1515/1509
f 1092/1515/1509 1093/1516/1510 1094/1513/1507
f 1093/1517/1511 1092/1518/1512 1097/1519/1513
f 1097/1519/1513 1092/1518/1512 1091/1520/1514
f 1097/1519/1513 1091/1520/1514 1096/1521/1515
f 729/1522/1516 1096/1523/1517 1098/1524/1518
f 1098/1524/1518 1096/1523/1517 1084/1525/1519
f 1098/1524/1518 1084/1525/1519 1090/1526/1520
f 729/1522/1516 728/1527/1521 1096/1523/1517
f 1096/1523/1517 728/1527/1521 1099/1528/1522
f 1096/1523/1517 1091/1529/1523 1084/1525/1519
f 1100/1530/1524 955/1531/1525 1101/1532/1526
f 954/1533/1527 1102/1534/1528 955/1535/1529
f 955/1535/1529 1102/1534/1528 1101/1536/1530
f 1104/1537/1531 1100/1538/1532 1103/1539/1533
f 1103/1539/1533 1100/1538/1532 1101/1540/1534
f 956/1541/1535 955/1542/1536 1105/1543/1537
f 1105/1543/1537 955/1542/1536 1100/1544/1538
f 957/1545/1539 956/1546/1540 1107/1547/1541
f 1107/1547/1541 956/1546/1540 1105/1548/1542
f 1107/1547/1541 1105/1548/1542 1106/1549/1543
f 1106/1550/1544 1105/1551/1545 1109/1552/1546
f 1109/1552/1546 1105/1551/1545 1100/1553/1547
f 1109/1552/1546 1100/1553/1547 1104/1554/1548
f 1104/1554/1548 1108/1555/1549 1109/1552/1546
f 938/1556/1550 937/1557/1551 978/1558/1552
f 978/1558/1552 937/1557/1551 979/1559/1553
f 939/1560/1554 938/1561/1555 977/1562/1556
f 977/1562/1556 938/1561/1555 978/1563/1557
f 940/1564/1558 939/1565/1559 976/1566/1560
f 976/1566/1560 939/1565/1559 977/1567/1561
f 941/1568/1562 940/1569/1563 975/1570/1564
f 975/1570/1564 940/1569/1563 976/1571/1565
f 942/1572/1566 941/1573/1567 974/1574/1568
f 974/1574/1568 941/1573/1567 975/1575/1569
f 943/1576/1570 942/1577/1571 973/1578/1572
f 973/1578/1572 942/1577/1571 974/1579/1573
f 944/1580/1574 943/1581/1575 972/1582/1576
f 972/1582/1576 943/1581/1575 973/1583/1577
f 945/1584/1578 944/1585/1579 971/1586/1580
f 971/1586/1580 944/1585/1579 972/1587/1581
f 946/1588/1582 945/1589/1583 970/1590/1584
f 970/1590/1584 945/1589/1583 971/1591/1585
f 947/1592/1586 946/1593/1587 969/1594/1588
f 969/1594/1588 946/1593/1587 970/1595/1589
f 948/1596/1590 947/1597/1591 968/1598/1592
f 968/1598/1592 947/1597/1591 969/1599/1593
f 949/1600/1594 948/1601/1595 967/1602/1596
f 967/1602/1596 948/1601/1595 968/1603/1597
f 950/1604/1598 949/1605/1599 966/1606/1600
f 966/1606/1600 949/1605/1599 967/1607/1601
f 951/1608/1602 950/1609/1603 965/1610/1604
f 965/1610/1604 950/1609/1603 966/1611/1605
f 883/1612/1606 951/1613/1607 961/1614/1608
f 961/1614/1608 951/1613/1607 965/1615/1609
f 746/1616/1610 745/1617/1611 964/1618/1612
f 964/1618/1612 745/1617/1611 962/1619/1613
f 747/1620/1614 746/1621/1615 963/1622/1616
f 963/1622/1616 746/1621/1615 964/1623/1617
f 709/1624/1618 747/1625/1619 710/1626/1620
f 710/1626/1620 747/1625/1619 963/1627/1621
f 731/1628/1622 730/1629/1623 987/1630/1624
f 987/1630/1624 730/1629/1623 988/1631/1625
f 713/1632/1626 986/1633/1627 714/1634/1628
f 714/1634/1628 986/1633/1627 740/1635/1629
f 741/1636/1630 740/1637/1631 985/1638/1632
f 985/1638/1632 740/1637/1631 986/1639/1633
f 742/1640/1634 741/1641/1635 984/1642/1636
f 984/1642/1636 741/1641/1635 985/1643/1637
f 934/1644/1638 933/1645/1639 982/1646/1640
f 982/1646/1640 933/1645/1639 983/1647/1641
f 935/1648/1642 934/1649/1643 981/1650/1644
f 981/1650/1644 934/1649/1643 982/1651/1645
f 936/1652/1646 935/1653/1647 980/1654/1648
f 980/1654/1648 935/1653/1647 981/1655/1649
f 937/1656/1650 936/1657/1651 979/1658/1652
f 979/1658/1652 936/1657/1651 980/1659/1653
f 894/1660/1654 893/1661/1655 1120/1662/1656
f 1120/1662/1656 893/1661/1655 1118/1663/1657
f 1120/1662/1656 1118/1663/1657 1119/1664/1658
f 1118/1663/1657 893/1661/1655 1117/1665/1659
f 1117/1665/1659 893/1661/1655 892/1666/1660
f 1117/1665/1659 892/1666/1660 1116/1667/1661
f 1116/1667/1661 892/1666/1660 891/1668/1662
f 1116/1667/1661 891/1668/1662 1115/1669/1663
f 1115/1669/1663 891/1668/1662 890/1670/1664
f 1115/1669/1663 890/1670/1664 1114/1671/1665
f 1114/1671/1665 890/1670/1664 889/1672/1666
f 1114/1671/1665 889/1672/1666 1113/1673/1667
f 1113/1673/1667 889/1672/1666 888/1674/1668
f 1113/1673/1667 888/1674/1668 1112/1675/1669
f 1112/1675/1669 888/1674/1668 887/1676/1670
f 1112/1675/1669 887/1676/1670 1111/1677/1671
f 1111/1677/1671 887/1676/1670 886/1678/1672
f 1111/1677/1671 886/1678/1672 1110/1679/1673
f 1110/1679/1673 886/1678/1672 885/1680/1674
f 1110/1679/1673 885/1680/1674 960/1681/1218
f 960/1681/1218 885/1680/1674 884/1682/1220
f 1119/1683/1675 1118/1684/1676 1098/1685/1677
f 1098/1685/1677 1118/1684/1676 1117/1686/1678
f 1098/1685/1677 1117/1686/1678 1116/1687/1679
f 1116/1687/1679 1115/1688/1680 1098/1685/1677
f 1098/1685/1677 1115/1688/1680 1114/1689/1681
f 1098/1685/1677 1114/1689/1681 1113/1690/1682
f 1113/1690/1682 1112/1691/1683 1098/1685/1677
f 1098/1685/1677 1112/1691/1683 1111/1692/1684
f 1098/1685/1677 1111/1692/1684 1110/1693/1685
f 1110/1693/1685 960/1694/1686 1098/1685/1677
f 1098/1685/1677 960/1694/1686 959/1695/1687
f 1098/1685/1677 959/1695/1687 729/1696/1688
f 1121/1697/1689 1122/1698/1690 1132/1699/1691
f 1132/1699/1691 1122/1698/1690 923/1700/1692
f 1132/1699/1691 923/1700/1692 922/1701/1693
f 923/1700/1692 1122/1698/1690 924/1702/1694
f 924/1702/1694 1122/1698/1690 1123/1703/1695
f 924/1702/1694 1123/1703/1695 925/1704/1696
f 925/1704/1696 1123/1703/1695 1124/1705/1697
f 925/1704/1696 1124/1705/1697 926/1706/1698
f 926/1706/1698 1124/1705/1697 1125/1707/1699
f 926/1706/1698 1125/1707/1699 927/1708/1700
f 927/1708/1700 1125/1707/1699 1126/1709/1701
f 927/1708/1700 1126/1709/1701 928/1710/1702
f 928/1710/1702 1126/1709/1701 1127/1711/1703
f 928/1710/1702 1127/1711/1703 929/1712/1704
f 929/1712/1704 1127/1711/1703 1128/1713/1705
f 929/1712/1704 1128/1713/1705 930/1714/1706
f 930/1714/1706 1128/1713/1705 1129/1715/1707
f 930/1714/1706 1129/1715/1707 931/1716/1708
f 931/1716/1708 1129/1715/1707 1130/1717/1709
f 931/1716/1708 1130/1717/1709 932/1718/1710
f 932/1718/1710 1130/1717/1709 1131/1719/1711
f 1131/1720/1711 952/1721/1712 984/1722/1713
f 984/1722/1713 952/1721/1712 743/1723/1714
f 984/1722/1713 743/1723/1714 742/1724/1715
f 984/1722/1713 983/1725/1716 1131/1720/1711
f 1131/1720/1711 983/1725/1716 932/1726/1710
f 932/1726/1710 983/1725/1716 933/1727/1717
f 952/1728/1718 1131/1729/1719 953/1730/1720
f 953/1730/1720 1131/1729/1719 1130/1731/1721
f 953/1730/1720 1130/1731/1721 1129/1732/1722
f 1129/1732/1722 1128/1733/1723 953/1730/1720
f 953/1730/1720 1128/1733/1723 1127/1734/1724
f 953/1730/1720 1127/1734/1724 1126/1735/1725
f 1126/1735/1725 1125/1736/1726 953/1730/1720
f 953/1730/1720 1125/1736/1726 1124/1737/1727
f 953/1730/1720 1124/1737/1727 1123/1738/1728
f 1123/1738/1728 1122/1739/1729 953/1730/1720
f 953/1730/1720 1122/1739/1729 1121/1740/1730
f 953/1730/1720 722/1741/1731 952/1728/1718
f 738/1742/1732 737/1743/1733 1133/1744/1734
f 1133/1744/1734 737/1743/1733 1004/1745/1735
f 739/1746/1736 738/1747/1737 989/1748/1738
f 989/1748/1738 738/1747/1737 1133/1749/1739
f 1028/1750/1740 1157/1751/1741 1005/1752/1742
f 1005/1752/1742 1157/1751/1741 1134/1753/1743
f 1005/1754/1742 1134/1755/1743 1006/1756/1744
f 1006/1756/1744 1134/1755/1743 1135/1757/1745
f 1006/1756/1744 1135/1757/1745 1007/1758/1746
f 1007/1758/1746 1135/1757/1745 1136/1759/1747
f 1007/1758/1746 1136/1759/1747 1008/1760/1748
f 1008/1760/1748 1136/1759/1747 1137/1761/1749
f 1008/1760/1748 1137/1761/1749 1009/1762/1750
f 1009/1762/1750 1137/1761/1749 1138/1763/1751
f 1009/1762/1750 1138/1763/1751 1010/1764/1752
f 1010/1764/1752 1138/1763/1751 1139/1765/1753
f 1010/1764/1752 1139/1765/1753 1011/1766/1754
f 1011/1766/1754 1139/1765/1753 1140/1767/1755
f 1011/1766/1754 1140/1767/1755 1012/1768/1756
f 1012/1768/1756 1140/1767/1755 1141/1769/1757
f 1012/1768/1756 1141/1769/1757 1013/1770/1758
f 1013/1770/1758 1141/1769/1757 1142/1771/1759
f 1013/1770/1758 1142/1771/1759 1014/1772/1760
f 1014/1772/1760 1142/1771/1759 1143/1773/1761
f 1014/1772/1760 1143/1773/1761 1015/1774/1762
f 1015/1774/1762 1143/1773/1761 1144/1775/1763
f 1015/1774/1762 1144/1775/1763 1016/1776/1764
f 1016/1776/1764 1144/1775/1763 1145/1777/1765
f 1016/1776/1764 1145/1777/1765 1017/1778/1766
f 1017/1778/1766 1145/1777/1765 1146/1779/1767
f 1017/1778/1766 1146/1779/1767 1018/1780/1768
f 1018/1780/1768 1146/1779/1767 1147/1781/1769
f 1018/1780/1768 1147/1781/1769 1019/1782/1770
f 1019/1782/1770 1147/1781/1769 1148/1783/1771
f 1019/1782/1770 1148/1783/1771 1020/1784/1772
f 1020/1784/1772 1148/1783/1771 1149/1785/1773
f 1020/1784/1772 1149/1785/1773 1021/1786/1774
f 1021/1786/1774 1149/1785/1773 1150/1787/1775
f 1021/1786/1774 1150/1787/1775 1022/1788/1776
f 1022/1788/1776 1150/1787/1775 1151/1789/1777
f 1022/1788/1776 1151/1789/1777 1023/1790/1778
f 1023/1790/1778 1151/1789/1777 1152/1791/1779
f 1023/1790/1778 1152/1791/1779 1024/1792/1780
f 1024/1792/1780 1152/1791/1779 1153/1793/1781
f 1024/1792/1780 1153/1793/1781 1025/1794/1782
f 1025/1794/1782 1153/1793/1781 1154/1795/1783
f 1025/1794/1782 1154/1795/1783 1026/1796/1784
f 1026/1796/1784 1154/1795/1783 1155/1797/1785
f 1026/1796/1784 1155/1797/1785 1027/1798/1786
f 1027/1798/1786 1155/1797/1785 1156/1799/1787
f 1027/1798/1786 1156/1799/1787 1028/1750/1740
f 1028/1750/1740 1156/1799/1787 1157/1751/1741
f 1157/1800/1788 1147/1801/1789 1134/1802/1790
f 1134/1802/1790 1147/1801/1789 1146/1803/1791
f 1134/1802/1790 1146/1803/1791 1135/1804/1792
f 1135/1804/1792 1146/1803/1791 1145/1805/1793
f 1135/1804/1792 1145/1805/1793 1136/1806/1794
f 1136/1806/1794 1145/1805/1793 1144/1807/1795
f 1136/1806/1794 1144/1807/1795 1137/1808/1796
f 1137/1808/1796 1144/1807/1795 1143/1809/1797
f 1137/1808/1796 1143/1809/1797 1138/1810/1798
f 1138/1810/1798 1143/1809/1797 1142/1811/1799
f 1138/1810/1798 1142/1811/1799 1139/1812/1800
f 1139/1812/1800 1142/1811/1799 1141/1813/1801
f 1139/1812/1800 1141/1813/1801 1140/1814/1802
f 1147/1801/1789 1157/1800/1788 1148/1815/1803
f 1148/1815/1803 1157/1800/1788 1156/1816/1804
f 1148/1815/1803 1156/1816/1804 1149/1817/1805
f 1149/1817/1805 1156/1816/1804 1155/1818/1806
f 1149/1817/1805 1155/1818/1806 1150/1819/1807
f 1150/1819/1807 1155/1818/1806 1154/1820/1808
f 1150/1819/1807 1154/1820/1808 1151/1821/1809
f 1151/1821/1809 1154/1820/1808 1153/1822/1810
f 1151/1821/1809 1153/1822/1810 1152/1823/1811
f 736/1824/1812 735/1825/1813 999/1826/1814
f 999/1826/1814 735/1825/1813 1000/1827/1815
f 735/1828/1816 734/1829/1817 1000/1830/1818
f 1000/1830/1818 734/1829/1817 992/1831/1819
f 717/1832/1820 988/1833/1821 718/1834/1822
f 718/1834/1822 988/1833/1821 730/1835/1823
f 1158/1836/1824 724/1837/1825 958/1838/1826
f 958/1838/1826 724/1837/1825 723/1839/1827
f 1159/1840/1828 1099/1841/1829 727/1842/1830
f 727/1842/1830 1099/1841/1829 728/1843/1831
f 1160/1844/1832 1161/1845/1833 1163/1846/1834
f 1163/1846/1834 1161/1845/1833 1162/1847/1835
f 1164/1848/1836 725/1849/1837 1161/1850/1838
f 1161/1850/1838 725/1849/1837 724/1851/1839
f 1161/1850/1838 724/1851/1839 1158/1852/1840
f 1158/1852/1840 1162/1853/1841 1161/1850/1838
f 1161/1854/1842 1160/1855/1843 1164/1856/1844
f 1164/1856/1844 1160/1855/1843 1165/1857/1845
f 1163/1858/1846 1166/1859/1847 1160/1860/1848
f 1160/1860/1848 1166/1859/1847 1165/1861/1849
f 1168/1862/1850 1169/1863/1851 1167/1864/1852
f 1167/1864/1852 1169/1863/1851 1170/1865/1853
f 1168/1866/1854 1167/1867/1855 1172/1868/1856
f 1172/1868/1856 1167/1867/1855 1171/1869/1857
f 1159/1870/1858 727/1871/1859 1167/1872/1860
f 1167/1872/1860 727/1871/1859 726/1873/1861
f 1167/1872/1860 726/1873/1861 1171/1874/1862
f 1167/1872/1860 1170/1875/1863 1159/1870/1858
f 1107/1876/1864 1106/1877/1865 1175/1878/1866
f 1175/1878/1866 1106/1877/1865 1174/1879/1867
f 1174/1879/1867 1106/1877/1865 1173/1880/1868
f 1173/1880/1868 1106/1877/1865 1109/1881/1869
f 1094/1882/1870 1093/1883/1871 1178/1884/1872
f 1178/1884/1872 1093/1883/1871 1177/1885/1873
f 1177/1885/1873 1093/1883/1871 1176/1886/1874
f 1176/1886/1874 1093/1883/1871 1097/1887/1875
f 1099/1888/1876 1159/1889/1877 1096/1890/1878
f 1096/1890/1878 1159/1889/1877 1097/1891/1879
f 1097/1891/1879 1159/1889/1877 1176/1892/1880
f 1176/1892/1880 1159/1889/1877 1170/1893/1881
f 1176/1892/1880 1170/1893/1881 1179/1894/1882
f 1179/1894/1882 1170/1893/1881 1169/1895/1883
f 1168/1896/1884 1172/1897/1885 1169/1898/1886
f 1169/1898/1886 1172/1897/1885 1179/1899/1887
f 1174/1900/1888 1082/1901/1889 1175/1902/1890
f 1175/1902/1890 1082/1901/1889 1081/1903/1891
f 1175/1902/1890 1081/1903/1891 1180/1904/1892
f 1175/1902/1890 1180/1904/1892 1166/1905/1893
f 1166/1905/1893 1180/1904/1892 1181/1906/1894
f 1166/1905/1893 1181/1906/1894 1165/1907/1895
f 1165/1907/1895 1181/1906/1894 1164/1908/1896
f 1164/1908/1896 1181/1906/1894 725/1909/1897
f 725/1909/1897 1181/1906/1894 1182/1910/1898
f 725/1909/1897 1182/1910/1898 726/1911/1899
f 726/1911/1899 1182/1910/1898 1171/1912/1900
f 1171/1912/1900 1182/1910/1898 1172/1913/1901
f 1172/1913/1901 1182/1910/1898 1179/1914/1902
f 1179/1914/1902 1182/1910/1898 1183/1915/1903
f 1179/1914/1902 1183/1915/1903 1176/1916/1904
f 1176/1916/1904 1183/1915/1903 1077/1917/1905
f 1176/1916/1904 1077/1917/1905 1080/1918/1906
f 1080/1918/1906 1177/1919/1907 1176/1916/1904
f 1077/1920/1908 1183/1921/1909 1078/1922/1910
f 1078/1922/1910 1183/1921/1909 1184/1923/1911
f 1003/1924/1912 1002/1925/1913 1081/1926/1914
f 1081/1926/1914 1002/1925/1913 1180/1927/1915
f 1185/1928/1916 1184/1929/1917 1182/1930/1918
f 1182/1930/1918 1184/1929/1917 1183/1931/1919
f 177/1932/1920 1181/1933/1921 114/1934/1922
f 114/1934/1922 1181/1933/1921 1001/1935/1923
f 114/1934/1922 1001/1935/1923 115/1936/1924
f 115/1936/1924 1001/1935/1923 116/1937/1925
f 116/1937/1925 1001/1935/1923 117/1938/1926
f 117/1938/1926 1001/1935/1923 118/1939/1927
f 118/1939/1927 1001/1935/1923 119/1940/1928
f 119/1940/1928 1001/1935/1923 120/1941/1929
f 120/1941/1929 1001/1935/1923 121/1942/1930
f 121/1942/1930 1001/1935/1923 122/1943/1931
f 122/1943/1931 1001/1935/1923 123/1944/1932
f 123/1944/1932 1001/1935/1923 991/1945/1933
f 123/1944/1932 991/1945/1933 124/1946/1934
f 124/1946/1934 991/1945/1933 125/1947/1935
f 125/1947/1935 991/1945/1933 126/1948/1936
f 126/1948/1936 991/1945/1933 127/1949/1937
f 127/1949/1937 991/1945/1933 128/1950/1938
f 128/1950/1938 991/1945/1933 129/1951/1939
f 129/1951/1939 991/1945/1933 130/1952/1940
f 130/1952/1940 991/1945/1933 990/1953/1941
f 130/1952/1940 990/1953/1941 131/1954/1942
f 131/1954/1942 990/1953/1941 132/1955/1943
f 132/1955/1943 990/1953/1941 133/1956/1944
f 133/1956/1944 990/1953/1941 134/1957/1945
f 134/1957/1945 990/1953/1941 135/1958/1946
f 135/1958/1946 990/1953/1941 136/1959/1947
f 136/1959/1947 990/1953/1941 137/1960/1948
f 137/1960/1948 990/1953/1941 1185/1961/1949
f 137/1960/1948 1185/1961/1949 138/1962/1950
f 138/1962/1950 1185/1961/1949 139/1963/1951
f 139/1963/1951 1185/1961/1949 140/1964/1952
f 140/1964/1952 1185/1961/1949 141/1965/1953
f 141/1965/1953 1185/1961/1949 142/1966/1954
f 142/1966/1954 1185/1961/1949 143/1967/1955
f 143/1967/1955 1185/1961/1949 144/1968/1956
f 144/1968/1956 1185/1961/1949 145/1969/1957
f 145/1969/1957 1185/1961/1949 146/1970/1958
f 146/1970/1958 1185/1961/1949 1182/1971/1959
f 146/1970/1958 1182/1971/1959 147/1972/1960
f 147/1972/1960 1182/1971/1959 148/1973/1961
f 148/1973/1961 1182/1971/1959 149/1974/1962
f 149/1974/1962 1182/1971/1959 150/1975/1963
f 150/1975/1963 1182/1971/1959 151/1976/1964
f 151/1976/1964 1182/1971/1959 152/1977/1965
f 152/1977/1965 1182/1971/1959 153/1978/1966
f 153/1978/1966 1182/1971/1959 154/1979/1967
f 154/1979/1967 1182/1971/1959 155/1980/1968
f 155/1980/1968 1182/1971/1959 156/1981/1969
f 156/1981/1969 1182/1971/1959 157/1982/1970
f 157/1982/1970 1182/1971/1959 158/1983/1971
f 158/1983/1971 1182/1971/1959 159/1984/1972
f 159/1984/1972 1182/1971/1959 160/1985/1973
f 160/1985/1973 1182/1971/1959 161/1986/1974
f 161/1986/1974 1182/1971/1959 162/1987/1975
f 162/1987/1975 1182/1971/1959 1181/1933/1921
f 162/1987/1975 1181/1933/1921 163/1988/1976
f 163/1988/1976 1181/1933/1921 164/1989/1977
f 164/1989/1977 1181/1933/1921 165/1990/1978
f 165/1990/1978 1181/1933/1921 166/1991/1979
f 166/1991/1979 1181/1933/1921 167/1992/1980
f 167/1992/1980 1181/1933/1921 168/1993/1981
f 168/1993/1981 1181/1933/1921 169/1994/1982
f 169/1994/1982 1181/1933/1921 170/1995/1983
f 170/1995/1983 1181/1933/1921 171/1996/1984
f 171/1996/1984 1181/1933/1921 172/1997/1985
f 172/1997/1985 1181/1933/1921 173/1998/1986
f 173/1998/1986 1181/1933/1921 174/1999/1987
f 174/1999/1987 1181/1933/1921 175/2000/1988
f 175/2000/1988 1181/1933/1921 176/2001/1989
f 176/2001/1989 1181/1933/1921 177/1932/1920
f 733/2002/1990 732/2003/1991 991/1945/1933
f 991/1945/1933 732/2003/1991 990/1953/1941
f 1002/2004/1992 1001/2005/1993 1180/2006/1994
f 1180/2006/1994 1001/2005/1993 1181/2007/1995
f 1079/2008/1996 1178/2009/1997 1080/2010/1998
f 1080/2010/1998 1178/2009/1997 1177/2011/1999
f 1173/2012/2000 1083/2013/2001 1174/2014/2002
f 1174/2014/2002 1083/2013/2001 1082/2015/2003
f 958/2016/2004 957/2017/2005 1158/2018/2006
f 1158/2018/2006 957/2017/2005 1107/2019/2007
f 1158/2018/2006 1107/2019/2007 1175/2020/2008
f 1158/2018/2006 1175/2020/2008 1162/2021/2009
f 1162/2021/2009 1175/2020/2008 1166/2022/2010
f 1162/2021/2009 1166/2022/2010 1163/2023/2011
f 1186/2024/2012 1187/2025/2013 1283/2026/2014
f 1283/2026/2014 1187/2025/2013 1188/2027/2015
f 1283/2026/2014 1188/2027/2015 1282/2028/2016
f 1282/2028/2016 1188/2027/2015 1189/2029/2017
f 1282/2028/2016 1189/2029/2017 1281/2030/2018
f 1281/2030/2018 1189/2029/2017 1190/2031/2019
f 1281/2030/2018 1190/2031/2019 1279/2032/2020
f 1279/2032/2020 1190/2031/2019 1278/2033/2021
f 1278/2033/2021 1190/2031/2019 1276/2034/2022
f 1278/2033/2021 1276/2034/2022 1277/2035/2023
f 1191/2036/2024 1192/2037/2025 1190/2031/2019
f 1190/2031/2019 1192/2037/2025 1276/2034/2022
f 1192/2037/2025 1193/2038/2026 1276/2034/2022
f 1276/2034/2022 1193/2038/2026 1195/2039/2027
f 1276/2034/2022 1195/2039/2027 1275/2040/2028
f 1275/2040/2028 1195/2039/2027 1196/2041/2029
f 1275/2040/2028 1196/2041/2029 1274/2042/2030
f 1274/2042/2030 1196/2041/2029 1197/2043/2031
f 1274/2042/2030 1197/2043/2031 1273/2044/2032
f 1273/2044/2032 1197/2043/2031 1198/2045/2033
f 1273/2044/2032 1198/2045/2033 1290/2046/2034
f 1290/2046/2034 1198/2045/2033 1199/2047/2035
f 1290/2046/2034 1199/2047/2035 1289/2048/2036
f 1289/2048/2036 1199/2047/2035 1200/2049/2037
f 1289/2048/2036 1200/2049/2037 1379/2050/2038
f 1379/2050/2038 1200/2049/2037 1378/2051/2039
f 1378/2051/2039 1200/2049/2037 1201/2052/2040
f 1378/2051/2039 1201/2052/2040 1377/2053/2041
f 1377/2053/2041 1201/2052/2040 1202/2054/2042
f 1377/2053/2041 1202/2054/2042 1376/2055/2043
f 1376/2055/2043 1202/2054/2042 1375/2056/2044
f 1375/2056/2044 1202/2054/2042 1203/2057/2045
f 1375/2056/2044 1203/2057/2045 1374/2058/2046
f 1374/2058/2046 1203/2057/2045 1204/2059/2047
f 1374/2058/2046 1204/2059/2047 1360/2060/2048
f 1360/2060/2048 1204/2059/2047 1209/2061/2049
f 1360/2060/2048 1209/2061/2049 1357/2062/2050
f 1357/2062/2050 1209/2061/2049 1210/2063/2051
f 1357/2062/2050 1210/2063/2051 1211/2064/2052
f 1193/2038/2026 1194/2065/2053 1195/2039/2027
f 1205/2066/2054 1206/2067/2055 1204/2059/2047
f 1204/2059/2047 1206/2067/2055 1209/2061/2049
f 1206/2067/2055 1207/2068/2056 1209/2061/2049
f 1209/2061/2049 1207/2068/2056 1208/2069/2057
f 1211/2064/2052 1212/2070/2058 1357/2062/2050
f 1357/2062/2050 1212/2070/2058 1213/2071/2059
f 1357/2062/2050 1213/2071/2059 1218/2072/2060
f 1218/2072/2060 1213/2071/2059 1216/2073/2061
f 1218/2072/2060 1216/2073/2061 1217/2074/2062
f 1214/2075/2063 1215/2076/2064 1213/2071/2059
f 1213/2071/2059 1215/2076/2064 1216/2073/2061
f 1357/2062/2050 1218/2072/2060 1356/2077/2065
f 1356/2077/2065 1218/2072/2060 1219/2078/2066
f 1356/2077/2065 1219/2078/2066 1220/2079/2067
f 1220/2079/2067 1221/2080/2068 1356/2077/2065
f 1356/2077/2065 1221/2080/2068 1344/2081/2069
f 1356/2077/2065 1344/2081/2069 1355/2082/2070
f 1355/2082/2070 1344/2081/2069 1350/2083/2071
f 1355/2082/2070 1350/2083/2071 1354/2084/2072
f 1354/2084/2072 1350/2083/2071 1351/2085/2073
f 1354/2084/2072 1351/2085/2073 1353/2086/2074
f 1353/2086/2074 1351/2085/2073 1352/2087/2075
f 1221/2080/2068 1222/2088/2076 1344/2081/2069
f 1344/2081/2069 1222/2088/2076 1343/2089/2077
f 1343/2089/2077 1222/2088/2076 1223/2090/2078
f 1343/2089/2077 1223/2090/2078 1224/2091/2079
f 1343/2089/2077 1224/2091/2079 1340/2092/2080
f 1340/2092/2080 1224/2091/2079 1225/2093/2081
f 1340/2092/2080 1225/2093/2081 1339/2094/2082
f 1339/2094/2082 1225/2093/2081 1226/2095/2083
f 1339/2094/2082 1226/2095/2083 1245/2096/2084
f 1245/2096/2084 1226/2095/2083 1244/2097/2085
f 1244/2097/2085 1226/2095/2083 1227/2098/2086
f 1244/2097/2085 1227/2098/2086 1242/2099/2087
f 1242/2099/2087 1227/2098/2086 1241/2100/2088
f 1241/2100/2088 1227/2098/2086 1239/2101/2089
f 1241/2100/2088 1239/2101/2089 1240/2102/2090
f 1228/2103/2091 1229/2104/2092 1227/2098/2086
f 1227/2098/2086 1229/2104/2092 1239/2101/2089
f 1229/2104/2092 1230/2105/2093 1239/2101/2089
f 1239/2101/2089 1230/2105/2093 1232/2106/2094
f 1239/2101/2089 1232/2106/2094 1238/2107/2095
f 1238/2107/2095 1232/2106/2094 1233/2108/2096
f 1238/2107/2095 1233/2108/2096 1237/2109/2097
f 1237/2109/2097 1233/2108/2096 1234/2110/2098
f 1237/2109/2097 1234/2110/2098 1236/2111/2099
f 1236/2111/2099 1234/2110/2098 1235/2112/2100
f 1230/2105/2093 1231/2113/2101 1232/2106/2094
f 1242/2099/2087 1243/2114/2102 1244/2097/2085
f 1245/2096/2084 1246/2115/2103 1339/2094/2082
f 1339/2094/2082 1246/2115/2103 1336/2116/2104
f 1339/2094/2082 1336/2116/2104 1338/2117/2105
f 1338/2117/2105 1336/2116/2104 1337/2118/2106
f 1246/2115/2103 1247/2119/2107 1336/2116/2104
f 1336/2116/2104 1247/2119/2107 1248/2120/2108
f 1336/2116/2104 1248/2120/2108 1335/2121/2109
f 1335/2121/2109 1248/2120/2108 1249/2122/2110
f 1335/2121/2109 1249/2122/2110 1250/2123/2111
f 1335/2121/2109 1250/2123/2111 1323/2124/2112
f 1323/2124/2112 1250/2123/2111 1251/2125/2113
f 1323/2124/2112 1251/2125/2113 1252/2126/2114
f 1252/2126/2114 1253/2127/2115 1323/2124/2112
f 1323/2124/2112 1253/2127/2115 1322/2128/2116
f 1322/2128/2116 1253/2127/2115 1258/2129/2117
f 1322/2128/2116 1258/2129/2117 1259/2130/2118
f 1254/2131/2119 1255/2132/2120 1253/2127/2115
f 1253/2127/2115 1255/2132/2120 1258/2129/2117
f 1255/2132/2120 1256/2133/2121 1258/2129/2117
f 1258/2129/2117 1256/2133/2121 1257/2134/2122
f 1259/2130/2118 1260/2135/2123 1322/2128/2116
f 1322/2128/2116 1260/2135/2123 1261/2136/2124
f 1322/2128/2116 1261/2136/2124 1262/2137/2125
f 1263/2138/2126 1264/2139/2127 1262/2137/2125
f 1262/2137/2125 1264/2139/2127 1265/2140/2128
f 1262/2137/2125 1265/2140/2128 1267/2141/2129
f 1267/2141/2129 1265/2140/2128 1266/2142/2130
f 1268/2143/2131 638/2144/2132 1267/2141/2129
f 1267/2141/2129 638/2144/2132 1319/2145/2133
f 1267/2141/2129 1319/2145/2133 1262/2137/2125
f 1262/2137/2125 1319/2145/2133 1322/2128/2116
f 638/2144/2132 1268/2143/2131 639/2146/2134
f 639/2146/2134 1268/2143/2131 1269/2147/2135
f 639/2146/2134 1269/2147/2135 640/2148/2136
f 640/2148/2136 1269/2147/2135 641/2149/2137
f 641/2149/2137 1269/2147/2135 1270/2150/2138
f 641/2149/2137 1270/2150/2138 642/2151/2139
f 642/2151/2139 1270/2150/2138 1271/2152/2140
f 642/2151/2139 1271/2152/2140 643/2153/2141
f 643/2153/2141 1271/2152/2140 1292/2154/2142
f 643/2153/2141 1292/2154/2142 644/2155/2143
f 644/2155/2143 1292/2154/2142 1293/2156/2144
f 644/2155/2143 1293/2156/2144 236/2157/2145
f 236/2157/2145 1293/2156/2144 1294/2158/2146
f 236/2157/2145 1294/2158/2146 1295/2159/2147
f 1292/2154/2142 1271/2152/2140 1291/2160/2148
f 1291/2160/2148 1271/2152/2140 1272/2161/2149
f 1291/2160/2148 1272/2161/2149 1273/2044/2032
f 1279/2032/2020 1280/2162/2150 1281/2030/2018
f 1285/2163/2151 281/2164/2152 1284/2165/2153
f 1284/2165/2153 281/2164/2152 1079/2166/2154
f 1284/2165/2153 1079/2166/2154 1308/2167/2155
f 1308/2167/2155 1079/2166/2154 1307/2168/2156
f 1307/2168/2156 1079/2166/2154 1306/2169/2157
f 1306/2169/2157 1079/2166/2154 1305/2170/2158
f 1305/2170/2158 1079/2166/2154 288/2171/2159
f 1305/2170/2158 288/2171/2159 1304/2172/2160
f 1304/2172/2160 288/2171/2159 1303/2173/2161
f 1303/2173/2161 288/2171/2159 287/2174/2162
f 1303/2173/2161 287/2174/2162 1302/2175/2163
f 1302/2175/2163 287/2174/2162 1301/2176/2164
f 1301/2176/2164 287/2174/2162 1083/2177/2165
f 1301/2176/2164 1083/2177/2165 1300/2178/2166
f 1300/2178/2166 1083/2177/2165 1299/2179/2167
f 1299/2179/2167 1083/2177/2165 1298/2180/2168
f 1298/2180/2168 1083/2177/2165 1297/2181/2169
f 1297/2181/2169 1083/2177/2165 1296/2182/2170
f 1296/2182/2170 1083/2177/2165 236/2157/2145
f 1296/2182/2170 236/2157/2145 1295/2159/2147
f 1285/2163/2151 1286/2183/2171 281/2164/2152
f 281/2164/2152 1286/2183/2171 1287/2184/2172
f 281/2164/2152 1287/2184/2172 1288/2185/2173
f 1289/2048/2036 1379/2050/2038 1288/2185/2173
f 1288/2185/2173 1379/2050/2038 1380/2186/2174
f 1288/2185/2173 1380/2186/2174 281/2164/2152
f 281/2164/2152 1380/2186/2174 1381/2187/2175
f 281/2164/2152 1381/2187/2175 467/2188/2176
f 467/2188/2176 1381/2187/2175 1386/2189/2177
f 467/2188/2176 1386/2189/2177 468/2190/2178
f 468/2190/2178 1386/2189/2177 1388/2191/2179
f 1388/2191/2179 1386/2189/2177 1387/2192/2180
f 1290/2046/2034 1291/2160/2148 1273/2044/2032
f 1079/2166/2154 281/2164/2152 1178/2193/2181
f 1178/2193/2181 281/2164/2152 534/2194/2182
f 1178/2193/2181 534/2194/2182 533/2195/2183
f 1083/2177/2165 1173/2196/2184 236/2157/2145
f 236/2157/2145 1173/2196/2184 617/2197/2185
f 236/2157/2145 617/2197/2185 626/2198/2186
f 1109/2199/2187 1108/2200/2188 1173/2196/2184
f 1173/2196/2184 1108/2200/2188 543/2201/2189
f 1173/2196/2184 543/2201/2189 617/2197/2185
f 1108/2200/2188 1309/2202/2190 543/2201/2189
f 543/2201/2189 1309/2202/2190 536/2203/2191
f 536/2203/2191 1309/2202/2190 1314/2204/2192
f 536/2203/2191 1314/2204/2192 537/2205/2193
f 1314/2204/2192 1309/2202/2190 1313/2206/2194
f 1313/2206/2194 1309/2202/2190 1310/2207/2195
f 1313/2206/2194 1310/2207/2195 1311/2208/2196
f 1311/2208/2196 1312/2209/2197 1313/2206/2194
f 239/2210/2198 1315/2211/2199 236/2157/2145
f 236/2157/2145 1315/2211/2199 1316/2212/2200
f 236/2157/2145 1316/2212/2200 1317/2213/2201
f 1317/2213/2201 1318/2214/2202 236/2157/2145
f 236/2157/2145 1318/2214/2202 645/2215/2203
f 236/2157/2145 645/2215/2203 644/2155/2143
f 645/2215/2203 1318/2214/2202 698/2216/2204
f 698/2216/2204 1318/2214/2202 702/2217/2205
f 698/2216/2204 702/2217/2205 701/2218/2206
f 701/2218/2206 700/2219/2207 698/2216/2204
f 698/2216/2204 692/2220/2208 645/2215/2203
f 645/2215/2203 692/2220/2208 646/2221/2209
f 646/2221/2209 692/2220/2208 691/2222/2210
f 646/2221/2209 691/2222/2210 690/2223/2211
f 638/2144/2132 637/2224/2212 1319/2145/2133
f 1319/2145/2133 637/2224/2212 627/2225/2213
f 1319/2145/2133 627/2225/2213 620/2226/2214
f 637/2224/2212 631/2227/2215 627/2225/2213
f 627/2225/2213 631/2227/2215 629/2228/2216
f 629/2228/2216 631/2227/2215 630/2229/2217
f 619/2230/2218 618/2231/2219 620/2226/2214
f 620/2226/2214 618/2231/2219 548/2232/2220
f 620/2226/2214 548/2232/2220 547/2233/2221
f 546/2234/2222 284/2235/2223 547/2233/2221
f 547/2233/2221 284/2235/2223 1319/2145/2133
f 547/2233/2221 1319/2145/2133 620/2226/2214
f 546/2234/2222 545/2236/2224 284/2235/2223
f 284/2235/2223 545/2236/2224 544/2237/2225
f 284/2235/2223 544/2237/2225 285/2238/2226
f 284/2235/2223 539/2239/2227 1319/2145/2133
f 1319/2145/2133 1320/2240/2228 1322/2128/2116
f 1322/2128/2116 1320/2240/2228 1321/2241/2229
f 1335/2121/2109 1323/2124/2112 1329/2242/2230
f 1329/2242/2230 1323/2124/2112 1324/2243/2231
f 1329/2242/2230 1324/2243/2231 1325/2244/2232
f 1329/2242/2230 1325/2244/2232 1328/2245/2233
f 1328/2245/2233 1325/2244/2232 1326/2246/2234
f 1328/2245/2233 1326/2246/2234 1327/2247/2235
f 1335/2121/2109 1329/2242/2230 1334/2248/2236
f 1334/2248/2236 1329/2242/2230 1330/2249/2237
f 1334/2248/2236 1330/2249/2237 1333/2250/2238
f 1333/2250/2238 1330/2249/2237 1331/2251/2239
f 1333/2250/2238 1331/2251/2239 1332/2252/2240
f 1341/2253/2241 1342/2254/2242 1340/2092/2080
f 1340/2092/2080 1342/2254/2242 1343/2089/2077
f 1344/2081/2069 1345/2255/2243 1350/2083/2071
f 1350/2083/2071 1345/2255/2243 1349/2256/2244
f 1349/2256/2244 1345/2255/2243 1346/2257/2245
f 1349/2256/2244 1346/2257/2245 1348/2258/2246
f 1348/2258/2246 1346/2257/2245 1347/2259/2247
f 1358/2260/2248 1359/2261/2249 1357/2062/2050
f 1357/2062/2050 1359/2261/2249 1360/2060/2048
f 540/2262/2250 290/2263/2251 1360/2060/2048
f 1360/2060/2048 290/2263/2251 1364/2264/2252
f 1360/2060/2048 1364/2264/2252 1368/2265/2253
f 1368/2265/2253 1364/2264/2252 1365/2266/2254
f 1368/2265/2253 1365/2266/2254 1366/2267/2255
f 289/2268/2256 1361/2269/2257 290/2263/2251
f 290/2263/2251 1361/2269/2257 1362/2270/2258
f 290/2263/2251 1362/2270/2258 1363/2271/2259
f 1363/2271/2259 1364/2264/2252 290/2263/2251
f 1366/2267/2255 1367/2272/2260 1368/2265/2253
f 1368/2265/2253 1369/2273/2261 1360/2060/2048
f 1360/2060/2048 1369/2273/2261 1373/2274/2262
f 1360/2060/2048 1373/2274/2262 1374/2058/2046
f 1373/2274/2262 1369/2273/2261 1372/2275/2263
f 1372/2275/2263 1369/2273/2261 1370/2276/2264
f 1372/2275/2263 1370/2276/2264 1371/2277/2265
f 1386/2189/2177 1381/2187/2175 1385/2278/2266
f 1385/2278/2266 1381/2187/2175 1382/2279/2267
f 1385/2278/2266 1382/2279/2267 1384/2280/2268
f 1384/2280/2268 1382/2279/2267 1383/2281/2269
f 467/2188/2176 466/2282/2270 281/2164/2152
f 281/2164/2152 466/2282/2270 465/2283/2271
f 281/2164/2152 465/2283/2271 464/2284/2272
f 464/2284/2272 282/2285/2273 281/2164/2152
f 281/2164/2152 1389/2286/2274 534/2194/2182
f 535/2287/2275 1395/2288/2276 533/2195/2183
f 533/2195/2183 1395/2288/2276 1095/2289/2277
f 533/2195/2183 1095/2289/2277 1178/2193/2181
f 1178/2193/2181 1095/2289/2277 1094/2290/2278
f 542/2291/2279 1390/2292/2280 535/2287/2275
f 535/2287/2275 1390/2292/2280 1395/2288/2276
f 1390/2292/2280 1391/2293/2281 1395/2288/2276
f 1395/2288/2276 1391/2293/2281 1394/2294/2282
f 1394/2294/2282 1391/2293/2281 1393/2295/2283
f 1393/2295/2283 1391/2293/2281 1392/2296/2284
f 997/2297/2285 231/2298/2286 1004/2299/2287
f 1004/2299/2287 231/2298/2286 230/2300/2288
f 1004/2299/2287 230/2300/2288 1078/2301/2289
f 1078/2301/2289 1184/2302/2290 1004/2299/2287
f 1004/2299/2287 1184/2302/2290 1133/2303/2291
f 1133/2303/2291 1184/2302/2290 1185/2304/2292
f 1133/2303/2291 1185/2304/2292 989/2305/2293
f 989/2305/2293 1185/2304/2292 990/2306/2294
f 1101/2307/2295 1102/2308/2296 1103/2309/2297
f 1103/2309/2297 1102/2308/2296 1132/2310/2298
f 1088/2311/2299 1120/2312/2300 1086/2313/2301
f 1086/2313/2301 1120/2312/2300 1089/2314/2302
f 1098/2315/2303 1090/2316/2304 1119/2317/2305
f 1119/2317/2305 1090/2316/2304 1089/2318/2306
f 1119/2317/2305 1089/2318/2306 1120/2319/2307
f 1132/2320/2308 1102/2321/2309 1121/2322/2310
f 1121/2322/2310 1102/2321/2309 954/2323/2311
f 1121/2322/2310 954/2323/2311 953/2324/2312
f 1348/2325/2313 1347/2326/2314 1397/2327/2315
f 1397/2327/2315 1347/2326/2314 1396/2328/2316
f 1347/2329/2317 1346/2330/2318 1396/2331/2319
f 1396/2331/2319 1346/2330/2318 1398/2332/2320
f 1346/2333/2321 1345/2334/2322 1398/2335/2323
f 1398/2335/2323 1345/2334/2322 1399/2336/2324
f 1345/2337/2325 1344/2338/2326 1399/2339/2327
f 1399/2339/2327 1344/2338/2326 1400/2340/2328
f 1344/2341/2329 1343/2342/2330 1400/2343/2331
f 1400/2343/2331 1343/2342/2330 1401/2344/2332
f 1343/2345/2333 1342/2346/2334 1401/2347/2335
f 1401/2347/2335 1342/2346/2334 1402/2348/2336
f 1342/2349/2337 1341/2350/2338 1402/2351/2339
f 1402/2351/2339 1341/2350/2338 1403/2352/2340
f 1341/2353/2341 1340/2354/2342 1403/2355/2343
f 1403/2355/2343 1340/2354/2342 1404/2356/2344
f 1340/2357/2345 1339/2358/2346 1404/2359/2347
f 1404/2359/2347 1339/2358/2346 1405/2360/2348
f 1339/2361/2349 1338/2362/2350 1405/2363/2351
f 1405/2363/2351 1338/2362/2350 1406/2364/2352
f 1338/2365/2353 1337/2366/2354 1406/2367/2355
f 1406/2367/2355 1337/2366/2354 1407/2368/2356
f 1337/2369/2357 1336/2370/2358 1407/2371/2359
f 1407/2371/2359 1336/2370/2358 1408/2372/2360
f 1336/2373/2361 1335/2374/2362 1408/2375/2363
f 1408/2375/2363 1335/2374/2362 1409/2376/2364
f 1335/2377/2365 1334/2378/2366 1409/2379/2367
f 1409/2379/2367 1334/2378/2366 1410/2380/2368
f 1334/2381/2369 1333/2382/2370 1410/2383/2371
f 1410/2383/2371 1333/2382/2370 1411/2384/2372
f 1333/2385/2373 1332/2386/2374 1411/2387/2375
f 1411/2387/2375 1332/2386/2374 1412/2388/2376
f 1332/2389/2377 1331/2390/2378 1412/2391/2379
f 1412/2391/2379 1331/2390/2378 1413/2392/2380
f 1413/2393/2381 1414/2394/2382 1412/2395/2383
f 1412/2395/2383 1414/2394/2382 1415/2396/2384
f 1412/2395/2383 1415/2396/2384 1411/2397/2385
f 1411/2397/2385 1415/2396/2384 1410/2398/2386
f 1410/2398/2386 1415/2396/2384 1409/2399/2387
f 1409/2399/2387 1415/2396/2384 1416/2400/2388
f 1409/2399/2387 1416/2400/2388 1408/2401/2389
f 1408/2401/2389 1416/2400/2388 1407/2402/2390
f 1407/2402/2390 1416/2400/2388 1406/2403/2391
f 1406/2403/2391 1416/2400/2388 1417/2404/2392
f 1406/2403/2391 1417/2404/2392 1403/2405/2393
f 1403/2405/2393 1417/2404/2392 1402/2406/2394
f 1402/2406/2394 1417/2404/2392 1401/2407/2395
f 1401/2407/2395 1417/2404/2392 1400/2408/2396
f 1400/2408/2396 1417/2404/2392 1418/2409/2397
f 1400/2408/2396 1418/2409/2397 1399/2410/2398
f 1399/2410/2398 1418/2409/2397 1398/2411/2399
f 1398/2411/2399 1418/2409/2397 1396/2412/2400
f 1396/2412/2400 1418/2409/2397 1419/2413/2401
f 1396/2412/2400 1419/2413/2401 1397/2414/2402
f 1404/2415/2403 1405/2416/2404 1403/2405/2393
f 1403/2405/2393 1405/2416/2404 1406/2403/2391
f 1348/2417/2405 1397/2418/2406 1349/2419/2407
f 1349/2419/2407 1397/2418/2406 1420/2420/2408
f 1420/2420/2408 1397/2418/2406 908/2421/2409
f 1420/2420/2408 908/2421/2409 907/2422/2410
f 1397/2418/2406 1419/2423/2411 908/2421/2409
f 907/2424/2412 906/2425/2413 1420/2426/2414
f 1420/2426/2414 906/2425/2413 1421/2427/2415
f 904/2428/2416 903/2429/2417 1423/2430/2418
f 1423/2430/2418 903/2429/2417 1422/2431/2419
f 905/2432/2420 904/2433/2421 1424/2434/2422
f 1424/2434/2422 904/2433/2421 1423/2435/2423
f 906/2436/2424 905/2437/2425 1421/2438/2426
f 1421/2438/2426 905/2437/2425 1424/2439/2427
f 1421/2440/2428 1424/2441/2429 1420/2442/2430
f 1420/2442/2430 1424/2441/2429 1423/2443/2431
f 1420/2442/2430 1423/2443/2431 1422/2444/2432
f 1415/2445/2433 1414/2446/2434 912/2447/2435
f 912/2447/2435 1414/2446/2434 913/2448/2436
f 1331/2449/2437 1330/2450/2438 1413/2451/2439
f 1413/2451/2439 1330/2450/2438 1421/2452/2440
f 1413/2451/2439 1421/2452/2440 913/2453/2441
f 913/2453/2441 1421/2452/2440 906/2454/2442
f 913/2453/2441 1414/2455/2443 1413/2451/2439
f 1419/2456/2444 1418/2457/2445 908/2458/2446
f 908/2458/2446 1418/2457/2445 909/2459/2447
f 1418/2460/2448 1417/2461/2449 909/2462/2450
f 909/2462/2450 1417/2461/2449 910/2463/2451
f 1417/2464/2452 1416/2465/2453 910/2466/2454
f 910/2466/2454 1416/2465/2453 911/2467/2455
f 1416/2468/2456 1415/2469/2457 911/2470/2458
f 911/2470/2458 1415/2469/2457 912/2471/2459
f 903/2472/2460 902/2473/2461 1422/2474/2462
f 1422/2474/2462 902/2473/2461 1350/2475/2463
f 1422/2474/2462 1350/2475/2463 1349/2476/2464
f 1349/2476/2464 1420/2477/2465 1422/2474/2462
f 906/2478/2466 1421/2479/2467 914/2480/2468
f 914/2480/2468 1421/2479/2467 1329/2481/2469
f 1329/2481/2469 1421/2479/2467 1330/2482/2470
f 1350/2483/2463 1425/2484/2471 1429/2485/2472
f 1429/2485/2472 1425/2484/2471 1428/2486/2473
f 1428/2486/2473 1425/2484/2471 1426/2487/2474
f 1428/2486/2473 1426/2487/2474 1427/2488/2475
f 824/2489/2476 823/2490/2477 1425/2484/2471
f 1425/2484/2471 823/2490/2477 1426/2487/2474
f 251/2491/2478 250/2492/2479 281/2493/2480
f 281/2493/2480 250/2492/2479 1389/2494/2481
f 250/2495/2482 249/2496/2483 1389/2497/2484
f 1389/2497/2484 249/2496/2483 534/2498/2485
f 1430/2499/2486 1431/2500/2487 819/2501/2488
f 819/2501/2488 1431/2500/2487 1432/2502/2489
f 819/2501/2488 1432/2502/2489 1433/2503/2490
f 1433/2503/2490 1434/2504/2491 819/2501/2488
f 819/2501/2488 1434/2504/2491 1435/2505/2492
f 819/2501/2488 1435/2505/2492 1436/2506/2493
f 1436/2506/2493 1437/2507/2494 819/2501/2488
f 819/2501/2488 1437/2507/2494 328/2508/2495
f 819/2501/2488 328/2508/2495 338/2509/2496
f 1437/2507/2494 332/2510/2497 328/2508/2495
f 328/2508/2495 332/2510/2497 331/2511/2498
f 328/2508/2495 331/2511/2498 329/2512/2499
f 329/2512/2499 331/2511/2498 330/2513/2500
f 342/2514/2501 341/2515/2502 338/2509/2496
f 338/2509/2496 341/2515/2502 340/2516/2503
f 338/2509/2496 340/2516/2503 339/2517/2504
f 339/2517/2504 363/2518/2505 338/2509/2496
f 338/2509/2496 363/2518/2505 819/2501/2488
f 819/2501/2488 363/2518/2505 820/2519/2506
f 820/2519/2506 363/2518/2505 362/2520/2507
f 820/2519/2506 362/2520/2507 361/2521/2508
f 361/2521/2508 360/2522/2509 820/2519/2506
f 820/2519/2506 360/2522/2509 359/2523/2510
f 820/2519/2506 359/2523/2510 358/2524/2511
f 358/2524/2511 357/2525/2512 820/2519/2506
f 820/2519/2506 357/2525/2512 356/2526/2513
f 1438/2527/2514 1439/2528/2515 818/2529/2516
f 818/2529/2516 1439/2528/2515 1440/2530/2517
f 818/2529/2516 1440/2530/2517 1441/2531/2518
f 1441/2531/2518 1442/2532/2519 818/2529/2516
f 818/2529/2516 1442/2532/2519 1443/2533/2520
f 818/2529/2516 1443/2533/2520 1444/2534/2521
f 1444/2534/2521 1445/2535/2522 818/2529/2516
f 818/2529/2516 1445/2535/2522 819/2536/2523
f 819/2536/2523 1445/2535/2522 1450/2537/2524
f 819/2536/2523 1450/2537/2524 1451/2538/2525
f 1445/2535/2522 1446/2539/2526 1450/2537/2524
f 1450/2537/2524 1446/2539/2526 1447/2540/2527
f 1450/2537/2524 1447/2540/2527 1448/2541/2528
f 1448/2541/2528 1449/2542/2529 1450/2537/2524
f 1452/2543/2530 1454/2544/2531 1451/2538/2525
f 1451/2538/2525 1454/2544/2531 1455/2545/2532
f 1451/2538/2525 1455/2545/2532 1456/2546/2533
f 1452/2543/2530 1453/2547/2534 1454/2544/2531
f 1451/2538/2525 1456/2546/2533 819/2536/2523
f 819/2536/2523 1456/2546/2533 1457/2548/2535
f 819/2536/2523 1457/2548/2535 1458/2549/2536
f 1458/2549/2536 1459/2550/2537 819/2536/2523
f 819/2536/2523 1459/2550/2537 1460/2551/2538
f 819/2536/2523 1460/2551/2538 1461/2552/2539
f 1461/2552/2539 1462/2553/2540 819/2536/2523
f 819/2536/2523 1462/2553/2540 1430/2554/2541
f 456/2555/2542 455/2556/2543 454/2557/2544
f 454/2557/2544 455/2556/2543 484/2558/2545
f 454/2557/2544 484/2558/2545 821/2559/2546
f 821/2559/2546 484/2558/2545 483/2560/2547
f 821/2559/2546 483/2560/2547 482/2561/2548
f 482/2561/2548 481/2562/2549 821/2559/2546
f 821/2559/2546 481/2562/2549 480/2563/2550
f 821/2559/2546 480/2563/2550 479/2564/2551
f 479/2564/2551 478/2565/2552 821/2559/2546
f 821/2559/2546 478/2565/2552 477/2566/2553
f 820/2567/2554 349/2568/2555 821/2559/2546
f 821/2559/2546 349/2568/2555 445/2569/2556
f 821/2559/2546 445/2569/2556 454/2557/2544
f 356/2570/2557 355/2571/2558 820/2567/2554
f 820/2567/2554 355/2571/2558 354/2572/2559
f 820/2567/2554 354/2572/2559 353/2573/2560
f 353/2573/2560 352/2574/2561 820/2567/2554
f 820/2567/2554 352/2574/2561 351/2575/2562
f 820/2567/2554 351/2575/2562 350/2576/2563
f 350/2576/2563 349/2568/2555 820/2567/2554
f 349/2568/2555 348/2577/2564 445/2569/2556
f 445/2569/2556 348/2577/2564 448/2578/2565
f 445/2569/2556 448/2578/2565 447/2579/2566
f 447/2579/2566 446/2580/2567 445/2569/2556
f 454/2557/2544 458/2581/2568 456/2555/2542
f 456/2555/2542 458/2581/2568 457/2582/2569
f 1478/2583/2570 1463/2584/2571 1475/2585/2572
f 1475/2585/2572 1463/2584/2571 1464/2586/2573
f 1475/2585/2572 1464/2586/2573 821/2587/2574
f 821/2587/2574 1464/2586/2573 818/2588/2575
f 818/2588/2575 1464/2586/2573 1465/2589/2576
f 818/2588/2575 1465/2589/2576 1466/2590/2577
f 1466/2590/2577 1467/2591/2578 818/2588/2575
f 818/2588/2575 1467/2591/2578 1468/2592/2579
f 818/2588/2575 1468/2592/2579 1469/2593/2580
f 1469/2593/2580 1470/2594/2581 818/2588/2575
f 818/2588/2575 1470/2594/2581 1438/2595/2582
f 477/2596/2583 476/2597/2584 821/2587/2574
f 821/2587/2574 476/2597/2584 475/2598/2585
f 821/2587/2574 475/2598/2585 474/2599/2586
f 474/2599/2586 473/2600/2587 821/2587/2574
f 821/2587/2574 473/2600/2587 472/2601/2588
f 821/2587/2574 472/2601/2588 471/2602/2589
f 471/2602/2589 470/2603/2590 821/2587/2574
f 821/2587/2574 470/2603/2590 1474/2604/2591
f 821/2587/2574 1474/2604/2591 1475/2585/2572
f 470/2603/2590 469/2605/2592 1474/2604/2591
f 1474/2604/2591 469/2605/2592 1471/2606/2593
f 1474/2604/2591 1471/2606/2593 1473/2607/2594
f 1473/2607/2594 1471/2606/2593 1472/2608/2595
f 1476/2609/2596 1477/2610/2597 1475/2585/2572
f 1475/2585/2572 1477/2610/2597 1478/2583/2570
f 244/2611/2598 1479/2612/2599 245/2613/2600
f 245/2613/2600 1479/2612/2599 1480/2614/2601
f 245/2613/2600 1480/2614/2601 1481/2615/2602
f 1481/2615/2602 1480/2614/2601 1493/2616/2603
f 1481/2615/2602 1493/2616/2603 1494/2617/2604
f 1494/2617/2604 1493/2616/2603 1503/2618/2605
f 1494/2617/2604 1503/2618/2605 1504/2619/2606
f 1504/2619/2606 1503/2618/2605 1513/2620/2607
f 1504/2619/2606 1513/2620/2607 1514/2621/2608
f 1514/2621/2608 1513/2620/2607 332/2622/2609
f 1514/2621/2608 332/2622/2609 1515/2623/2610
f 1515/2623/2610 332/2622/2609 1516/2624/2611
f 1515/2623/2610 1516/2624/2611 1506/2625/2612
f 1506/2625/2612 1516/2624/2611 1507/2626/2613
f 1506/2625/2612 1507/2626/2613 1497/2627/2614
f 1497/2627/2614 1507/2626/2613 1498/2628/2615
f 1497/2627/2614 1498/2628/2615 1485/2629/2616
f 1485/2629/2616 1498/2628/2615 1486/2630/2617
f 1485/2629/2616 1486/2630/2617 289/2631/2618
f 289/2631/2618 1486/2630/2617 1490/2632/2619
f 289/2631/2618 1490/2632/2619 1361/2633/2620
f 1361/2633/2620 1490/2632/2619 1362/2634/2621
f 1362/2634/2621 1490/2632/2619 1520/2635/2622
f 1362/2634/2621 1520/2635/2622 1363/2636/2623
f 1363/2636/2623 1520/2635/2622 1523/2637/2624
f 1363/2636/2623 1523/2637/2624 1364/2638/2625
f 1364/2638/2625 1523/2637/2624 1526/2639/2626
f 1364/2638/2625 1526/2639/2626 1365/2640/2627
f 1365/2640/2627 1526/2639/2626 1525/2641/2628
f 1365/2640/2627 1525/2641/2628 1524/2642/2629
f 1524/2642/2629 1525/2641/2628 1521/2643/2630
f 1524/2642/2629 1521/2643/2630 1457/2644/2631
f 1457/2644/2631 1521/2643/2630 1458/2645/2632
f 1458/2645/2632 1521/2643/2630 1459/2646/2633
f 1459/2646/2633 1521/2643/2630 1518/2647/2634
f 1459/2646/2633 1518/2647/2634 1460/2648/2635
f 1460/2648/2635 1518/2647/2634 1461/2649/2636
f 1461/2649/2636 1518/2647/2634 1488/2650/2637
f 1461/2649/2636 1488/2650/2637 1462/2651/2638
f 1462/2651/2638 1488/2650/2637 1430/2652/2639
f 1430/2652/2639 1488/2650/2637 1487/2653/2640
f 1430/2652/2639 1487/2653/2640 1431/2654/2641
f 1431/2654/2641 1487/2653/2640 1432/2655/2642
f 1432/2655/2642 1487/2653/2640 1499/2656/2643
f 1432/2655/2642 1499/2656/2643 1433/2657/2644
f 1433/2657/2644 1499/2656/2643 1434/2658/2645
f 1434/2658/2645 1499/2656/2643 1508/2659/2646
f 1434/2658/2645 1508/2659/2646 1435/2660/2647
f 1435/2660/2647 1508/2659/2646 1436/2661/2648
f 1436/2661/2648 1508/2659/2646 1517/2662/2649
f 1436/2661/2648 1517/2662/2649 1437/2663/2650
f 1437/2663/2650 1517/2662/2649 332/2622/2609
f 332/2622/2609 1517/2662/2649 1516/2624/2611
f 1479/2612/2599 244/2611/2598 1491/2664/2651
f 1491/2664/2651 244/2611/2598 243/2665/2652
f 1491/2664/2651 243/2665/2652 1500/2666/2653
f 1500/2666/2653 243/2665/2652 242/2667/2654
f 1500/2666/2653 242/2667/2654 1509/2668/2655
f 1509/2668/2655 242/2667/2654 241/2669/2656
f 1509/2668/2655 241/2669/2656 240/2670/2657
f 332/2622/2609 1513/2620/2607 240/2670/2657
f 240/2670/2657 1513/2620/2607 1512/2671/2658
f 240/2670/2657 1512/2671/2658 1511/2672/2659
f 1511/2672/2659 1512/2671/2658 1502/2673/2660
f 1511/2672/2659 1502/2673/2660 1501/2674/2661
f 1501/2674/2661 1502/2673/2660 1492/2675/2662
f 1501/2674/2661 1492/2675/2662 1491/2664/2651
f 1491/2664/2651 1492/2675/2662 1479/2612/2599
f 1457/2644/2631 1456/2676/2663 1524/2642/2629
f 1524/2642/2629 1456/2676/2663 1365/2640/2627
f 1456/2676/2663 1455/2677/2664 1365/2640/2627
f 245/2613/2600 1481/2615/2602 289/2631/2618
f 289/2631/2618 1481/2615/2602 1482/2678/2665
f 289/2631/2618 1482/2678/2665 1483/2679/2666
f 1483/2679/2666 1482/2678/2665 1495/2680/2667
f 1483/2679/2666 1495/2680/2667 1496/2681/2668
f 1496/2681/2668 1495/2680/2667 1505/2682/2669
f 1496/2681/2668 1505/2682/2669 1506/2625/2612
f 1506/2625/2612 1505/2682/2669 1515/2623/2610
f 1493/2616/2603 1480/2614/2601 1492/2675/2662
f 1492/2675/2662 1480/2614/2601 1479/2612/2599
f 1495/2680/2667 1482/2678/2665 1494/2617/2604
f 1494/2617/2604 1482/2678/2665 1481/2615/2602
f 1485/2629/2616 289/2631/2618 1484/2683/2670
f 1484/2683/2670 289/2631/2618 1483/2679/2666
f 1484/2683/2670 1483/2679/2666 1496/2681/2668
f 1497/2627/2614 1485/2629/2616 1484/2683/2670
f 1497/2627/2614 1484/2683/2670 1496/2681/2668
f 1486/2630/2617 1487/2653/2640 1489/2684/2671
f 1489/2684/2671 1487/2653/2640 1488/2650/2637
f 1489/2684/2671 1488/2650/2637 1519/2685/2672
f 1519/2685/2672 1488/2650/2637 1518/2647/2634
f 1519/2685/2672 1518/2647/2634 1522/2686/2673
f 1522/2686/2673 1518/2647/2634 1521/2643/2630
f 1522/2686/2673 1521/2643/2630 1525/2641/2628
f 1487/2653/2640 1486/2630/2617 1499/2656/2643
f 1499/2656/2643 1486/2630/2617 1498/2628/2615
f 1499/2656/2643 1498/2628/2615 1508/2659/2646
f 1508/2659/2646 1498/2628/2615 1507/2626/2613
f 1508/2659/2646 1507/2626/2613 1517/2662/2649
f 1517/2662/2649 1507/2626/2613 1516/2624/2611
f 1520/2635/2622 1490/2632/2619 1489/2684/2671
f 1489/2684/2671 1490/2632/2619 1486/2630/2617
f 1520/2635/2622 1489/2684/2671 1519/2685/2672
f 1501/2674/2661 1491/2664/2651 1500/2666/2653
f 1503/2618/2605 1493/2616/2603 1502/2673/2660
f 1502/2673/2660 1493/2616/2603 1492/2675/2662
f 1505/2682/2669 1495/2680/2667 1504/2619/2606
f 1504/2619/2606 1495/2680/2667 1494/2617/2604
f 1506/2625/2612 1497/2627/2614 1496/2681/2668
f 1501/2674/2661 1500/2666/2653 1510/2687/2674
f 1510/2687/2674 1500/2666/2653 1509/2668/2655
f 1510/2687/2674 1509/2668/2655 240/2670/2657
f 1513/2620/2607 1503/2618/2605 1512/2671/2658
f 1512/2671/2658 1503/2618/2605 1502/2673/2660
f 1515/2623/2610 1505/2682/2669 1514/2621/2608
f 1514/2621/2608 1505/2682/2669 1504/2619/2606
f 240/2670/2657 1511/2672/2659 1510/2687/2674
f 1510/2687/2674 1511/2672/2659 1501/2674/2661
f 1523/2637/2624 1520/2635/2622 1519/2685/2672
f 1523/2637/2624 1519/2685/2672 1522/2686/2673
f 1526/2639/2626 1523/2637/2624 1522/2686/2673
f 1526/2639/2626 1522/2686/2673 1525/2641/2628
f 1367/2688/2675 1527/2689/2676 1368/2690/2677
f 1368/2690/2677 1527/2689/2676 1452/2691/2678
f 1368/2690/2677 1452/2691/2678 1451/2692/2679
f 1367/2688/2675 1366/2693/2680 1527/2689/2676
f 1527/2689/2676 1366/2693/2680 1455/2694/2681
f 1527/2689/2676 1455/2694/2681 1454/2695/2682
f 1366/2693/2680 1365/2696/2683 1455/2694/2681
f 1454/2695/2682 1453/2697/2684 1527/2689/2676
f 1527/2689/2676 1453/2697/2684 1452/2691/2678
f 1368/2698/2685 1451/2699/2686 1369/2700/2687
f 1369/2700/2687 1451/2699/2686 1450/2701/2688
f 1371/2702/2689 1528/2703/2690 1372/2704/2691
f 1372/2704/2691 1528/2703/2690 1447/2705/2692
f 1372/2704/2691 1447/2705/2692 1446/2706/2693
f 1371/2702/2689 1370/2707/2694 1528/2703/2690
f 1528/2703/2690 1370/2707/2694 1450/2708/2695
f 1528/2703/2690 1450/2708/2695 1449/2709/2696
f 1370/2707/2694 1369/2710/2697 1450/2708/2695
f 1449/2709/2696 1448/2711/2698 1528/2703/2690
f 1528/2703/2690 1448/2711/2698 1447/2705/2692
f 1388/2712/2699 1529/2713/2700 468/2714/2701
f 468/2714/2701 1529/2713/2700 1471/2715/2702
f 468/2714/2701 1471/2715/2702 469/2716/2703
f 1388/2712/2699 1387/2717/2704 1529/2713/2700
f 1529/2713/2700 1387/2717/2704 1474/2718/2705
f 1529/2713/2700 1474/2718/2705 1473/2719/2706
f 1387/2717/2704 1386/2720/2707 1474/2718/2705
f 1473/2719/2706 1472/2721/2708 1529/2713/2700
f 1529/2713/2700 1472/2721/2708 1471/2715/2702
f 1385/2722/2709 1475/2723/2710 1386/2724/2711
f 1386/2724/2711 1475/2723/2710 1474/2725/2712
f 1384/2726/2713 1530/2727/2714 1385/2728/2715
f 1385/2728/2715 1530/2727/2714 1476/2729/2716
f 1385/2728/2715 1476/2729/2716 1475/2730/2717
f 1384/2726/2713 1383/2731/2718 1530/2727/2714
f 1530/2727/2714 1383/2731/2718 1463/2732/2719
f 1530/2727/2714 1463/2732/2719 1478/2733/2720
f 1383/2731/2718 1382/2734/2721 1463/2732/2719
f 1478/2733/2720 1477/2735/2722 1530/2727/2714
f 1530/2727/2714 1477/2735/2722 1476/2729/2716
f 1381/2736/2723 1531/2737/2724 1382/2738/2725
f 1382/2738/2725 1531/2737/2724 1532/2739/2726
f 1382/2738/2725 1532/2739/2726 1533/2740/2727
f 1533/2740/2727 1532/2739/2726 1536/2741/2728
f 1533/2740/2727 1536/2741/2728 1465/2742/2729
f 1465/2742/2729 1536/2741/2728 1466/2743/2730
f 1466/2743/2730 1536/2741/2728 1467/2744/2731
f 1467/2744/2731 1536/2741/2728 1539/2745/2732
f 1467/2744/2731 1539/2745/2732 1468/2746/2733
f 1468/2746/2733 1539/2745/2732 1469/2747/2734
f 1469/2747/2734 1539/2745/2732 1542/2748/2735
f 1469/2747/2734 1542/2748/2735 1470/2749/2736
f 1470/2749/2736 1542/2748/2735 1545/2750/2737
f 1470/2749/2736 1545/2750/2737 1438/2751/2738
f 1438/2751/2738 1545/2750/2737 1439/2752/2739
f 1439/2752/2739 1545/2750/2737 1548/2753/2740
f 1439/2752/2739 1548/2753/2740 1440/2754/2741
f 1440/2754/2741 1548/2753/2740 1551/2755/2742
f 1440/2754/2741 1551/2755/2742 1441/2756/2743
f 1441/2756/2743 1551/2755/2742 1442/2757/2744
f 1442/2757/2744 1551/2755/2742 1554/2758/2745
f 1442/2757/2744 1554/2758/2745 1443/2759/2746
f 1443/2759/2746 1554/2758/2745 1444/2760/2747
f 1444/2760/2747 1554/2758/2745 1557/2761/2748
f 1444/2760/2747 1557/2761/2748 1445/2762/2749
f 1445/2762/2749 1557/2761/2748 1446/2763/2750
f 1446/2763/2750 1557/2761/2748 1556/2764/2751
f 1446/2763/2750 1556/2764/2751 1372/2765/2752
f 1372/2765/2752 1556/2764/2751 1555/2766/2753
f 1372/2765/2752 1555/2766/2753 1373/2767/2754
f 1373/2767/2754 1555/2766/2753 1374/2768/2755
f 1374/2768/2755 1555/2766/2753 1552/2769/2756
f 1374/2768/2755 1552/2769/2756 1375/2770/2757
f 1375/2770/2757 1552/2769/2756 1549/2771/2758
f 1375/2770/2757 1549/2771/2758 1376/2772/2759
f 1376/2772/2759 1549/2771/2758 1546/2773/2760
f 1376/2772/2759 1546/2773/2760 1377/2774/2761
f 1377/2774/2761 1546/2773/2760 1543/2775/2762
f 1377/2774/2761 1543/2775/2762 1378/2776/2763
f 1378/2776/2763 1543/2775/2762 1540/2777/2764
f 1378/2776/2763 1540/2777/2764 1379/2778/2765
f 1379/2778/2765 1540/2777/2764 1537/2779/2766
f 1379/2778/2765 1537/2779/2766 1380/2780/2767
f 1380/2780/2767 1537/2779/2766 1534/2781/2768
f 1380/2780/2767 1534/2781/2768 1381/2736/2723
f 1381/2736/2723 1534/2781/2768 1531/2737/2724
f 1465/2742/2729 1464/2782/2769 1533/2740/2727
f 1533/2740/2727 1464/2782/2769 1382/2738/2725
f 1464/2782/2769 1463/2783/2770 1382/2738/2725
f 1532/2739/2726 1531/2737/2724 1535/2784/2771
f 1535/2784/2771 1531/2737/2724 1534/2781/2768
f 1535/2784/2771 1534/2781/2768 1538/2785/2772
f 1538/2785/2772 1534/2781/2768 1537/2779/2766
f 1538/2785/2772 1537/2779/2766 1541/2786/2773
f 1541/2786/2773 1537/2779/2766 1540/2777/2764
f 1541/2786/2773 1540/2777/2764 1544/2787/2774
f 1544/2787/2774 1540/2777/2764 1543/2775/2762
f 1544/2787/2774 1543/2775/2762 1547/2788/2775
f 1547/2788/2775 1543/2775/2762 1546/2773/2760
f 1547/2788/2775 1546/2773/2760 1550/2789/2776
f 1550/2789/2776 1546/2773/2760 1549/2771/2758
f 1550/2789/2776 1549/2771/2758 1553/2790/2777
f 1553/2790/2777 1549/2771/2758 1552/2769/2756
f 1553/2790/2777 1552/2769/2756 1556/2764/2751
f 1556/2764/2751 1552/2769/2756 1555/2766/2753
f 1539/2745/2732 1536/2741/2728 1535/2784/2771
f 1535/2784/2771 1536/2741/2728 1532/2739/2726
f 1539/2745/2732 1535/2784/2771 1538/2785/2772
f 1542/2748/2735 1539/2745/2732 1538/2785/2772
f 1542/2748/2735 1538/2785/2772 1541/2786/2773
f 1545/2750/2737 1542/2748/2735 1541/2786/2773
f 1545/2750/2737 1541/2786/2773 1544/2787/2774
f 1548/2753/2740 1545/2750/2737 1544/2787/2774
f 1548/2753/2740 1544/2787/2774 1547/2788/2775
f 1551/2755/2742 1548/2753/2740 1547/2788/2775
f 1551/2755/2742 1547/2788/2775 1550/2789/2776
f 1554/2758/2745 1551/2755/2742 1550/2789/2776
f 1554/2758/2745 1550/2789/2776 1553/2790/2777
f 1557/2761/2748 1554/2758/2745 1553/2790/2777
f 1557/2761/2748 1553/2790/2777 1556/2764/2751
f 809/2791/2778 808/2792/2779 1562/2793/2780
f 1562/2793/2780 808/2792/2779 1558/2794/2781
f 1562/2793/2780 1558/2794/2781 1560/2795/2782
f 1560/2795/2782 1558/2794/2781 1559/2796/2783
f 1559/2796/2783 1558/2794/2781 1395/2797/2784
f 1560/2795/2782 1561/2798/2785 1562/2793/2780
f 1563/2799/2786 1564/2800/2787 1572/2801/2788
f 1572/2801/2788 1564/2800/2787 1571/2802/2789
f 1571/2802/2789 1564/2800/2787 1570/2803/2790
f 1570/2803/2790 1564/2800/2787 1565/2804/2791
f 1570/2803/2790 1565/2804/2791 1569/2805/2792
f 1569/2805/2792 1565/2804/2791 1568/2806/2793
f 1568/2806/2793 1565/2804/2791 1566/2807/2794
f 1568/2806/2793 1566/2807/2794 1567/2808/2795
f 1574/2809/2796 1568/2810/2797 1573/2811/2798
f 1573/2811/2798 1568/2810/2797 1567/2812/2799
f 1575/2813/2800 1576/2814/2801 1584/2815/2802
f 1584/2815/2802 1576/2814/2801 1577/2816/2803
f 1584/2815/2802 1577/2816/2803 1583/2817/2804
f 1583/2817/2804 1577/2816/2803 1582/2818/2805
f 1582/2818/2805 1577/2816/2803 1578/2819/2806
f 1582/2818/2805 1578/2819/2806 1581/2820/2807
f 1581/2820/2807 1578/2819/2806 1580/2821/2808
f 1580/2821/2808 1578/2819/2806 1579/2822/2809
f 1586/2823/2810 1575/2824/2811 1585/2825/2812
f 1585/2825/2812 1575/2824/2811 1584/2826/2813
f 1575/2827/2811 1586/2828/2810 1576/2829/2814
f 1576/2829/2814 1586/2828/2810 1587/2830/2815
f 1576/2829/2814 1587/2830/2815 1577/2831/2816
f 1577/2831/2816 1587/2830/2815 1588/2832/2817
f 1577/2831/2816 1588/2832/2817 1578/2833/2818
f 1578/2833/2818 1588/2832/2817 1589/2834/2819
f 1578/2833/2818 1589/2834/2819 1579/2835/2820
f 1579/2835/2820 1589/2834/2819 1599/2836/2821
f 1599/2836/2821 1589/2834/2819 1590/2837/2822
f 1599/2836/2821 1590/2837/2822 1598/2838/2823
f 1598/2838/2823 1590/2837/2822 1591/2839/2824
f 1598/2838/2823 1591/2839/2824 1597/2840/2825
f 1597/2840/2825 1591/2839/2824 1596/2841/2826
f 1596/2841/2826 1591/2839/2824 1592/2842/2827
f 1596/2841/2826 1592/2842/2827 1390/2843/2828
f 1390/2843/2828 1592/2842/2827 1595/2844/2829
f 1390/2843/2828 1595/2844/2829 1391/2845/2830
f 1593/2846/2831 1594/2847/2832 1592/2842/2827
f 1592/2842/2827 1594/2847/2832 1595/2844/2829
f 1232/2848/2833 1231/2849/2834 1601/2850/2835
f 1601/2850/2835 1231/2849/2834 1600/2851/2836
f 1600/2852/2837 1231/2853/2838 1604/2854/2839
f 1604/2854/2839 1231/2853/2838 1230/2855/2840
f 1604/2854/2839 1230/2855/2840 1229/2856/2841
f 1228/2857/2842 1602/2858/2843 1229/2856/2841
f 1229/2856/2841 1602/2858/2843 1603/2859/2844
f 1229/2856/2841 1603/2859/2844 1604/2854/2839
f 1228/2860/2845 1227/2861/2846 1602/2862/2847
f 1602/2862/2847 1227/2861/2846 1605/2863/2848
f 1605/2864/2849 1227/2865/2850 1614/2866/2851
f 1614/2866/2851 1227/2865/2850 1226/2867/2852
f 1614/2866/2851 1226/2867/2852 1613/2868/2853
f 1613/2868/2853 1226/2867/2852 1225/2869/2854
f 1613/2868/2853 1225/2869/2854 1612/2870/2855
f 1612/2870/2855 1225/2869/2854 1224/2871/2856
f 1612/2870/2855 1224/2871/2856 1611/2872/2857
f 1611/2872/2857 1224/2871/2856 1223/2873/2858
f 1611/2872/2857 1223/2873/2858 1610/2874/2859
f 1610/2874/2859 1223/2873/2858 1222/2875/2860
f 1610/2874/2859 1222/2875/2860 1609/2876/2861
f 1609/2876/2861 1222/2875/2860 1221/2877/2862
f 1609/2876/2861 1221/2877/2862 1608/2878/2863
f 1608/2878/2863 1221/2877/2862 1220/2879/2864
f 1608/2878/2863 1220/2879/2864 1607/2880/2865
f 1607/2880/2865 1220/2879/2864 1219/2881/2866
f 1607/2880/2865 1219/2881/2866 1606/2882/2867
f 1606/2882/2867 1219/2881/2866 1218/2883/2868
f 1218/2884/2869 1217/2885/2870 1606/2886/2871
f 1606/2886/2871 1217/2885/2870 1615/2887/2872
f 1615/2888/2873 1217/2889/2874 1618/2890/2875
f 1618/2890/2875 1217/2889/2874 1216/2891/2876
f 1618/2890/2875 1216/2891/2876 1215/2892/2877
f 1214/2893/2878 1616/2894/2879 1215/2892/2877
f 1215/2892/2877 1616/2894/2879 1617/2895/2880
f 1215/2892/2877 1617/2895/2880 1618/2890/2875
f 1214/2896/2881 1213/2897/2882 1616/2898/2883
f 1616/2898/2883 1213/2897/2882 1619/2899/2884
f 1619/2900/2885 1213/2901/2886 1623/2902/2887
f 1623/2902/2887 1213/2901/2886 1212/2903/2888
f 1623/2902/2887 1212/2903/2888 1622/2904/2889
f 1622/2904/2889 1212/2903/2888 1211/2905/2890
f 1622/2904/2889 1211/2905/2890 1621/2906/2891
f 1621/2906/2891 1211/2905/2890 1210/2907/2892
f 1621/2906/2891 1210/2907/2892 1620/2908/2893
f 1620/2908/2893 1210/2907/2892 1209/2909/2894
f 1209/2910/2895 1208/2911/2896 1620/2912/2897
f 1620/2912/2897 1208/2911/2896 1624/2913/2898
f 1627/2914/2899 1235/2915/2900 1626/2916/2901
f 1626/2916/2901 1235/2915/2900 1234/2917/2902
f 1626/2916/2901 1234/2917/2902 1625/2918/2903
f 1625/2918/2903 1234/2917/2902 1233/2919/2904
f 1625/2918/2903 1233/2919/2904 1601/2920/2905
f 1601/2920/2905 1233/2919/2904 1232/2921/2906
f 1631/2922/2907 1190/2923/2908 1630/2924/2909
f 1630/2924/2909 1190/2923/2908 1189/2925/2910
f 1630/2924/2909 1189/2925/2910 1629/2926/2911
f 1629/2926/2911 1189/2925/2910 1188/2927/2912
f 1629/2926/2911 1188/2927/2912 1628/2928/2913
f 1628/2928/2913 1188/2927/2912 1187/2929/2914
f 1191/2930/2915 1190/2931/2916 1632/2932/2917
f 1632/2932/2917 1190/2931/2916 1631/2933/2918
f 1635/2934/2919 1194/2935/2920 1634/2936/2921
f 1634/2936/2921 1194/2935/2920 1193/2937/2922
f 1634/2936/2921 1193/2937/2922 1192/2938/2923
f 1191/2939/2924 1632/2940/2925 1192/2938/2923
f 1192/2938/2923 1632/2940/2925 1633/2941/2926
f 1192/2938/2923 1633/2941/2926 1634/2936/2921
f 1195/2942/2927 1194/2943/2928 1636/2944/2929
f 1636/2944/2929 1194/2943/2928 1635/2945/2930
f 1645/2946/2931 1204/2947/2932 1644/2948/2933
f 1644/2948/2933 1204/2947/2932 1203/2949/2934
f 1644/2948/2933 1203/2949/2934 1643/2950/2935
f 1643/2950/2935 1203/2949/2934 1202/2951/2936
f 1643/2950/2935 1202/2951/2936 1642/2952/2937
f 1642/2952/2937 1202/2951/2936 1201/2953/2938
f 1642/2952/2937 1201/2953/2938 1641/2954/2939
f 1641/2954/2939 1201/2953/2938 1200/2955/2940
f 1641/2954/2939 1200/2955/2940 1640/2956/2941
f 1640/2956/2941 1200/2955/2940 1199/2957/2942
f 1640/2956/2941 1199/2957/2942 1639/2958/2943
f 1639/2958/2943 1199/2957/2942 1198/2959/2944
f 1639/2958/2943 1198/2959/2944 1638/2960/2945
f 1638/2960/2945 1198/2959/2944 1197/2961/2946
f 1638/2960/2945 1197/2961/2946 1637/2962/2947
f 1637/2962/2947 1197/2961/2946 1196/2963/2948
f 1637/2962/2947 1196/2963/2948 1636/2964/2949
f 1636/2964/2949 1196/2963/2948 1195/2965/2950
f 1205/2966/2951 1204/2967/2952 1646/2968/2953
f 1646/2968/2953 1204/2967/2952 1645/2969/2954
f 1624/2970/2955 1208/2971/2956 1648/2972/2957
f 1648/2972/2957 1208/2971/2956 1207/2973/2958
f 1648/2972/2957 1207/2973/2958 1206/2974/2959
f 1205/2975/2960 1646/2976/2961 1206/2974/2959
f 1206/2974/2959 1646/2976/2961 1647/2977/2962
f 1206/2974/2959 1647/2977/2962 1648/2972/2957
f 1650/2978/2963 1676/2979/2964 1649/2980/2965
f 1649/2981/2965 1676/2982/2964 1677/2983/2966
f 1649/2981/2965 1677/2983/2966 1672/2984/2967
f 1672/2984/2967 1677/2983/2966 1678/2985/2968
f 1672/2984/2967 1678/2985/2968 1671/2986/2969
f 1671/2986/2969 1678/2985/2968 1679/2987/2970
f 1671/2986/2969 1679/2987/2970 1670/2988/2971
f 1670/2988/2971 1679/2987/2970 1680/2989/2972
f 1670/2988/2971 1680/2989/2972 1669/2990/2973
f 1669/2990/2973 1680/2989/2972 1681/2991/2974
f 1669/2990/2973 1681/2991/2974 1668/2992/2975
f 1668/2992/2975 1681/2991/2974 1682/2993/2976
f 1668/2992/2975 1682/2993/2976 1667/2994/2977
f 1667/2994/2977 1682/2993/2976 1683/2995/2978
f 1667/2994/2977 1683/2995/2978 1684/2996/2979
f 1676/2979/2964 1650/2978/2963 1675/2997/2980
f 1675/2997/2980 1650/2978/2963 1651/2998/2981
f 1675/2997/2980 1651/2998/2981 1674/2999/2982
f 1674/2999/2982 1651/2998/2981 1652/3000/2983
f 1674/2999/2982 1652/3000/2983 1673/3001/2984
f 1673/3001/2984 1652/3000/2983 1653/3002/2985
f 1673/3001/2984 1653/3002/2985 1351/3003/2986
f 1351/3003/2986 1653/3002/2985 1654/3004/2987
f 1351/3003/2986 1654/3004/2987 1352/3005/2988
f 1352/3005/2988 1654/3004/2987 1696/3006/2989
f 1696/3006/2989 1654/3004/2987 1655/3007/2990
f 1696/3006/2989 1655/3007/2990 1695/3008/2991
f 1695/3008/2991 1655/3007/2990 1694/3009/2992
f 1694/3009/2992 1655/3007/2990 1656/3010/2993
f 1694/3009/2992 1656/3010/2993 1393/3011/2994
f 1393/3011/2994 1656/3010/2993 1394/3012/2995
f 1394/3012/2995 1656/3010/2993 1657/3013/2996
f 1394/3012/2995 1657/3013/2996 1693/3014/2997
f 1693/3014/2997 1657/3013/2996 1658/3015/2998
f 1693/3014/2997 1658/3015/2998 1692/3016/2999
f 1692/3016/2999 1658/3015/2998 1659/3017/3000
f 1692/3016/2999 1659/3017/3000 1691/3018/3001
f 1691/3018/3001 1659/3017/3000 1660/3019/3002
f 1691/3018/3001 1660/3019/3002 1690/3020/3003
f 1690/3020/3003 1660/3019/3002 1661/3021/3004
f 1690/3020/3003 1661/3021/3004 1689/3022/3005
f 1689/3022/3005 1661/3021/3004 1662/3023/3006
f 1689/3022/3005 1662/3023/3006 1688/3024/3007
f 1688/3024/3007 1662/3023/3006 1663/3025/3008
f 1688/3024/3007 1663/3025/3008 1687/3026/3009
f 1687/3026/3009 1663/3025/3008 1664/3027/3010
f 1687/3026/3009 1664/3027/3010 1686/3028/3011
f 1686/3028/3011 1664/3027/3010 1665/3029/3012
f 1686/3028/3011 1665/3029/3012 1685/3030/3013
f 1685/3030/3013 1665/3029/3012 1666/3031/3014
f 1685/3030/3013 1666/3031/3014 1684/2996/2979
f 1684/2996/2979 1666/3031/3014 1667/2994/2977
f 1395/3032/3015 1691/3033/3016 1559/3034/3017
f 1559/3034/3017 1691/3033/3016 1690/3035/3018
f 1559/3034/3017 1690/3035/3018 1689/3036/3019
f 1394/3037/3020 1693/3038/3021 1395/3032/3015
f 1395/3032/3015 1693/3038/3021 1692/3039/3022
f 1395/3032/3015 1692/3039/3022 1691/3033/3016
f 1689/3036/3019 1688/3040/3023 1559/3034/3017
f 1559/3034/3017 1688/3040/3023 1687/3041/3024
f 1559/3034/3017 1687/3041/3024 1686/3042/3025
f 1559/3034/3017 1686/3042/3025 1698/3043/3026
f 1698/3043/3026 1686/3042/3025 1685/3044/3027
f 1698/3043/3026 1685/3044/3027 1684/3045/3028
f 1684/3045/3028 1683/3046/3029 1698/3043/3026
f 1698/3043/3026 1683/3046/3029 1697/3047/3030
f 1697/3047/3030 1683/3046/3029 1682/3048/3031
f 1697/3047/3030 1682/3048/3031 1681/3049/3032
f 1681/3049/3032 1680/3050/3033 1697/3047/3030
f 1697/3047/3030 1680/3050/3033 1429/3051/3034
f 1429/3051/3034 1680/3050/3033 1679/3052/3035
f 1429/3051/3034 1679/3052/3035 1678/3053/3036
f 1678/3053/3036 1677/3054/3037 1429/3051/3034
f 1429/3051/3034 1677/3054/3037 1676/3055/3038
f 1429/3051/3034 1676/3055/3038 1675/3056/3039
f 1429/3051/3034 1675/3056/3039 1350/3057/3040
f 1350/3057/3040 1675/3056/3039 1674/3058/3041
f 1350/3057/3040 1674/3058/3041 1673/3059/3042
f 1673/3059/3042 1351/3060/3043 1350/3057/3040
f 1699/3061/3044 1657/3062/3045 813/3063/3046
f 813/3063/3046 1657/3062/3045 1656/3064/3047
f 813/3063/3046 1656/3064/3047 1655/3065/3048
f 1562/3066/3049 1561/3067/3050 1699/3061/3044
f 1699/3061/3044 1561/3067/3050 1662/3068/3051
f 1699/3061/3044 1662/3068/3051 1661/3069/3052
f 1427/3070/3053 1667/3071/3054 1561/3067/3050
f 1561/3067/3050 1667/3071/3054 1666/3072/3055
f 1561/3067/3050 1666/3072/3055 1665/3073/3056
f 1426/3074/3057 1700/3075/3058 1427/3070/3053
f 1427/3070/3053 1700/3075/3058 1672/3076/3059
f 1427/3070/3053 1672/3076/3059 1671/3077/3060
f 814/3078/3061 1653/3079/3062 1700/3075/3058
f 1700/3075/3058 1653/3079/3062 1652/3080/3063
f 1700/3075/3058 1652/3080/3063 1651/3081/3064
f 813/3063/3046 1655/3065/3048 814/3078/3061
f 814/3078/3061 1655/3065/3048 1654/3082/3065
f 814/3078/3061 1654/3082/3065 1653/3079/3062
f 1650/3083/3066 1649/3084/3067 1700/3075/3058
f 1700/3075/3058 1649/3084/3067 1672/3076/3059
f 1671/3077/3060 1670/3085/3068 1427/3070/3053
f 1427/3070/3053 1670/3085/3068 1669/3086/3069
f 1427/3070/3053 1669/3086/3069 1668/3087/3070
f 1668/3087/3070 1667/3071/3054 1427/3070/3053
f 1665/3073/3056 1664/3088/3071 1561/3067/3050
f 1561/3067/3050 1664/3088/3071 1663/3089/3072
f 1561/3067/3050 1663/3089/3072 1662/3068/3051
f 1661/3069/3052 1660/3090/3073 1699/3061/3044
f 1699/3061/3044 1660/3090/3073 1659/3091/3074
f 1699/3061/3044 1659/3091/3074 1658/3092/3075
f 1658/3092/3075 1657/3062/3045 1699/3061/3044
f 1651/3081/3064 1650/3083/3066 1700/3075/3058
f 1428/3093/3076 1697/3094/3077 1429/3095/3078
f 1560/3096/3079 1559/3097/3080 1698/3098/3081
f 1597/3099/3082 1701/3100/3083 1598/3101/3084
f 1598/3101/3084 1701/3100/3083 1702/3102/3085
f 1598/3101/3084 1702/3102/3085 1703/3103/3086
f 1598/3101/3084 1703/3103/3086 1599/3104/3087
f 1599/3104/3087 1703/3103/3086 1580/3105/3088
f 1599/3104/3087 1580/3105/3088 1579/3106/3089
f 541/3107/3090 1701/3108/3091 542/3109/3092
f 542/3109/3092 1701/3108/3091 1597/3110/3093
f 542/3109/3092 1597/3110/3093 1596/3111/3094
f 1596/3111/3094 1390/3112/3095 542/3109/3092
f 1705/3113/3096 1706/3114/3097 1704/3115/3098
f 1704/3115/3098 1706/3114/3097 1709/3116/3099
f 1709/3116/3099 1706/3114/3097 1708/3117/3100
f 1708/3117/3100 1706/3114/3097 1707/3118/3101
f 1708/3117/3100 1707/3118/3101 1572/3119/3102
f 1572/3119/3102 1707/3118/3101 1563/3120/3103
f 1710/3121/3104 1355/3122/3105 1704/3123/3106
f 1704/3123/3106 1355/3122/3105 1711/3124/3107
f 1704/3123/3106 1711/3124/3107 1705/3125/3108
f 1710/3121/3104 1356/3126/3109 1355/3122/3105
f 1568/3127/2797 1574/3128/2796 1569/3129/3110
f 1569/3129/3110 1574/3128/2796 1712/3130/3111
f 1569/3129/3110 1712/3130/3111 1570/3131/3112
f 1570/3131/3112 1712/3130/3111 1713/3132/3113
f 1570/3131/3112 1713/3132/3113 1571/3133/3114
f 1571/3133/3114 1713/3132/3113 1714/3134/3115
f 1571/3133/3114 1714/3134/3115 1572/3135/3116
f 1572/3135/3116 1714/3134/3115 1708/3136/3117
f 1708/3136/3117 1714/3134/3115 1715/3137/3118
f 1708/3136/3117 1715/3137/3118 1709/3138/3119
f 1709/3138/3119 1715/3137/3118 1716/3139/3120
f 1709/3138/3119 1716/3139/3120 1704/3140/3121
f 1704/3140/3121 1716/3139/3120 1710/3141/3122
f 1710/3141/3122 1716/3139/3120 1717/3142/3123
f 1710/3141/3122 1717/3142/3123 1356/3143/3124
f 1356/3143/3124 1717/3142/3123 1720/3144/3125
f 1356/3143/3124 1720/3144/3125 1357/3145/3126
f 1718/3146/3127 1719/3147/3128 1717/3142/3123
f 1717/3142/3123 1719/3147/3128 1720/3144/3125
f 540/3148/3129 1724/3149/3130 541/3150/3131
f 541/3150/3131 1724/3149/3130 1725/3151/3132
f 541/3150/3131 1725/3151/3132 1701/3152/3133
f 1701/3152/3133 1725/3151/3132 1702/3153/3134
f 1702/3153/3134 1725/3151/3132 1726/3154/3135
f 1702/3153/3134 1726/3154/3135 1703/3155/3136
f 1703/3155/3136 1726/3154/3135 1727/3156/3137
f 1703/3155/3136 1727/3156/3137 1580/3157/3138
f 1580/3157/3138 1727/3156/3137 1581/3158/3139
f 1581/3158/3139 1727/3156/3137 1728/3159/3140
f 1581/3158/3139 1728/3159/3140 1582/3160/3141
f 1582/3160/3141 1728/3159/3140 1729/3161/3142
f 1582/3160/3141 1729/3161/3142 1583/3162/3143
f 1583/3162/3143 1729/3161/3142 1585/3163/2812
f 1583/3162/3143 1585/3163/2812 1584/3164/2813
f 1360/3165/3144 1721/3166/3145 540/3148/3129
f 540/3148/3129 1721/3166/3145 1724/3149/3130
f 1721/3166/3145 1722/3167/3146 1724/3149/3130
f 1724/3149/3130 1722/3167/3146 1723/3168/3147
f 1359/3169/3148 1358/3170/3149 1777/3171/3150
f 1777/3171/3150 1358/3170/3149 1730/3172/3151
f 1777/3171/3150 1730/3172/3151 1776/3173/3152
f 1776/3173/3152 1730/3172/3151 1731/3174/3153
f 1776/3173/3152 1731/3174/3153 1723/3175/3154
f 1723/3175/3154 1731/3174/3153 1718/3176/3155
f 1723/3175/3154 1718/3176/3155 1775/3177/3156
f 1775/3177/3156 1718/3176/3155 1732/3178/3157
f 1775/3177/3156 1732/3178/3157 1733/3179/3158
f 1718/3176/3155 1717/3180/3159 1732/3178/3157
f 1775/3177/3156 1733/3179/3158 1774/3181/3160
f 1774/3181/3160 1733/3179/3158 1734/3182/3161
f 1774/3181/3160 1734/3182/3161 1773/3183/3162
f 1773/3183/3162 1734/3182/3161 1735/3184/3163
f 1773/3183/3162 1735/3184/3163 1772/3185/3164
f 1772/3185/3164 1735/3184/3163 1736/3186/3165
f 1772/3185/3164 1736/3186/3165 1771/3187/3166
f 1771/3187/3166 1736/3186/3165 1737/3188/3167
f 1771/3187/3166 1737/3188/3167 1770/3189/3168
f 1770/3189/3168 1737/3188/3167 1738/3190/3169
f 1770/3189/3168 1738/3190/3169 1769/3191/3170
f 1769/3191/3170 1738/3190/3169 1739/3192/3171
f 1769/3191/3170 1739/3192/3171 1768/3193/3172
f 1768/3193/3172 1739/3192/3171 1740/3194/3173
f 1768/3193/3172 1740/3194/3173 1767/3195/3174
f 1767/3195/3174 1740/3194/3173 1766/3196/3175
f 1766/3196/3175 1740/3194/3173 1741/3197/3176
f 1766/3196/3175 1741/3197/3176 1765/3198/3177
f 1765/3198/3177 1741/3197/3176 1742/3199/3178
f 1765/3198/3177 1742/3199/3178 1743/3200/3179
f 1765/3198/3177 1743/3200/3179 1764/3201/3180
f 1764/3201/3180 1743/3200/3179 1744/3202/3181
f 1764/3201/3180 1744/3202/3181 1763/3203/3182
f 1763/3203/3182 1744/3202/3181 1745/3204/3183
f 1763/3203/3182 1745/3204/3183 1762/3205/3184
f 1762/3205/3184 1745/3204/3183 1746/3206/3185
f 1762/3205/3184 1746/3206/3185 1761/3207/3186
f 1761/3207/3186 1746/3206/3185 1747/3208/3187
f 1761/3207/3186 1747/3208/3187 1760/3209/3188
f 1760/3209/3188 1747/3208/3187 1748/3210/3189
f 1760/3209/3188 1748/3210/3189 1759/3211/3190
f 1759/3211/3190 1748/3210/3189 1749/3212/3191
f 1759/3211/3190 1749/3212/3191 1758/3213/3192
f 1758/3213/3192 1749/3212/3191 1750/3214/3193
f 1758/3213/3192 1750/3214/3193 1757/3215/3194
f 1757/3215/3194 1750/3214/3193 1593/3216/3195
f 1757/3215/3194 1593/3216/3195 1592/3217/3196
f 1751/3218/3197 1752/3219/3198 1750/3214/3193
f 1750/3214/3193 1752/3219/3198 1593/3216/3195
f 1593/3216/3195 1752/3219/3198 1756/3220/3199
f 1756/3220/3199 1752/3219/3198 1753/3221/3200
f 1756/3220/3199 1753/3221/3200 1695/3222/3201
f 1695/3222/3201 1753/3221/3200 1754/3223/3202
f 1695/3222/3201 1754/3223/3202 1696/3224/3203
f 1696/3224/3203 1754/3223/3202 1352/3225/3204
f 1352/3225/3204 1754/3223/3202 1353/3226/3205
f 1756/3220/3199 1695/3222/3201 1755/3227/3206
f 1755/3227/3206 1695/3222/3201 1694/3228/3207
f 1755/3227/3206 1694/3228/3207 1393/3229/3208
f 1393/3229/3208 1392/3230/3209 1755/3227/3206
f 1775/3177/3156 1724/3231/3210 1723/3175/3154
f 1391/3232/3211 1595/3233/3212 1392/3234/3213
f 1392/3234/3213 1595/3233/3212 1755/3235/3214
f 1755/3235/3214 1595/3233/3212 1594/3236/3215
f 1755/3235/3214 1594/3236/3215 1756/3237/3216
f 1756/3237/3216 1594/3236/3215 1593/3238/3217
f 1360/3239/3218 1359/3240/3219 1721/3241/3220
f 1721/3241/3220 1359/3240/3219 1777/3242/3221
f 1721/3241/3220 1777/3242/3221 1722/3243/3222
f 1722/3243/3222 1777/3242/3221 1776/3244/3223
f 1722/3243/3222 1776/3244/3223 1723/3245/3224
f 1357/3246/3225 1720/3247/3226 1358/3248/3227
f 1358/3248/3227 1720/3247/3226 1730/3249/3228
f 1730/3249/3228 1720/3247/3226 1719/3250/3229
f 1730/3249/3228 1719/3250/3229 1731/3251/3230
f 1731/3251/3230 1719/3250/3229 1718/3252/3231
f 1752/3253/3232 1751/3254/3233 1784/3255/3234
f 1784/3255/3234 1751/3254/3233 1783/3256/3235
f 1783/3256/3235 1751/3254/3233 1355/3257/3236
f 1783/3256/3235 1355/3257/3236 1354/3258/3237
f 1355/3257/3236 1751/3254/3233 1711/3259/3238
f 1711/3259/3238 1751/3254/3233 1778/3260/3239
f 1711/3259/3238 1778/3260/3239 1705/3261/3240
f 1705/3261/3240 1778/3260/3239 1706/3262/3241
f 1706/3262/3241 1778/3260/3239 1779/3263/3242
f 1706/3262/3241 1779/3263/3242 1707/3264/3243
f 1707/3264/3243 1779/3263/3242 1780/3265/3244
f 1707/3264/3243 1780/3265/3244 1563/3266/3245
f 1563/3266/3245 1780/3265/3244 1564/3267/3246
f 1564/3267/3246 1780/3265/3244 1781/3268/3247
f 1564/3267/3246 1781/3268/3247 1565/3269/3248
f 1565/3269/3248 1781/3268/3247 1782/3270/3249
f 1565/3269/3248 1782/3270/3249 1566/3271/3250
f 1566/3271/3250 1782/3270/3249 1573/3272/2798
f 1566/3271/3250 1573/3272/2798 1567/3273/2799
f 1752/3274/3251 1784/3275/3252 1753/3276/3253
f 1753/3276/3253 1784/3275/3252 1754/3277/3254
f 1754/3277/3254 1784/3275/3252 1783/3278/3255
f 1754/3277/3254 1783/3278/3255 1353/3279/3256
f 1353/3279/3256 1783/3278/3255 1354/3280/3257
f 1786/3281/3258 1769/3282/3259 1785/3283/3260
f 1785/3283/3260 1769/3282/3259 1768/3284/3261
f 1785/3283/3260 1768/3284/3261 1764/3285/3262
f 1764/3285/3262 1768/3284/3261 1767/3286/3263
f 1764/3285/3262 1767/3286/3263 1765/3287/3264
f 1765/3287/3264 1767/3286/3263 1766/3288/3265
f 1769/3282/3259 1786/3281/3258 1770/3289/3266
f 1770/3289/3266 1786/3281/3258 1787/3290/3267
f 1770/3289/3266 1787/3290/3267 1771/3291/3268
f 1771/3291/3268 1787/3290/3267 1788/3292/3269
f 1771/3291/3268 1788/3292/3269 1772/3293/3270
f 1785/3283/3260 1764/3285/3262 1792/3294/3271
f 1792/3294/3271 1764/3285/3262 1763/3295/3272
f 1792/3294/3271 1763/3295/3272 1791/3296/3273
f 1791/3296/3273 1763/3295/3272 1762/3297/3274
f 1791/3296/3273 1762/3297/3274 1790/3298/3275
f 1790/3298/3275 1762/3297/3274 1761/3299/3276
f 1790/3298/3275 1761/3299/3276 1789/3300/3277
f 1789/3300/3277 1761/3299/3276 1760/3301/3278
f 1724/3302/3279 1775/3303/3280 1725/3304/3281
f 1725/3304/3281 1775/3303/3280 1774/3305/3282
f 1725/3304/3281 1774/3305/3282 1726/3306/3283
f 1726/3306/3283 1774/3305/3282 1773/3307/3284
f 1726/3306/3283 1773/3307/3284 1772/3308/3285
f 1726/3306/3283 1772/3308/3285 1727/3309/3286
f 1727/3309/3286 1772/3308/3285 1788/3310/3287
f 1727/3309/3286 1788/3310/3287 1728/3311/3288
f 1728/3311/3288 1788/3310/3287 1787/3312/3289
f 1728/3311/3288 1787/3312/3289 1729/3313/3290
f 1729/3313/3290 1787/3312/3289 1786/3314/3291
f 1729/3313/3290 1786/3314/3291 1585/3315/3292
f 1585/3315/3292 1786/3314/3291 1785/3316/3293
f 1586/3317/3294 1585/3318/3295 1792/3319/3296
f 1792/3319/3296 1585/3318/3295 1785/3320/3297
f 1759/3321/3298 1590/3322/3299 1760/3323/3300
f 1760/3323/3300 1590/3322/3299 1589/3324/3301
f 1760/3323/3300 1589/3324/3301 1789/3325/3302
f 1789/3325/3302 1589/3324/3301 1588/3326/3303
f 1789/3325/3302 1588/3326/3303 1790/3327/3304
f 1790/3327/3304 1588/3326/3303 1587/3328/3305
f 1790/3327/3304 1587/3328/3305 1791/3329/3306
f 1791/3329/3306 1587/3328/3305 1586/3330/3307
f 1791/3329/3306 1586/3330/3307 1792/3331/3308
f 1759/3321/3298 1758/3332/3309 1590/3322/3299
f 1590/3322/3299 1758/3332/3309 1591/3333/3310
f 1591/3333/3310 1758/3332/3309 1757/3334/3311
f 1591/3333/3310 1757/3334/3311 1592/3335/3312
f 1794/3336/3313 1744/3337/3314 1793/3338/3315
f 1793/3338/3315 1744/3337/3314 1743/3339/3316
f 1793/3338/3315 1743/3339/3316 1800/3340/3317
f 1800/3340/3317 1743/3339/3316 1739/3341/3318
f 1800/3340/3317 1739/3341/3318 1738/3342/3319
f 1744/3337/3314 1794/3336/3313 1745/3343/3320
f 1745/3343/3320 1794/3336/3313 1795/3344/3321
f 1745/3343/3320 1795/3344/3321 1746/3345/3322
f 1746/3345/3322 1795/3344/3321 1796/3346/3323
f 1746/3345/3322 1796/3346/3323 1747/3347/3324
f 1739/3341/3318 1743/3339/3316 1740/3348/3325
f 1740/3348/3325 1743/3339/3316 1742/3349/3326
f 1740/3348/3325 1742/3349/3326 1741/3350/3327
f 1800/3340/3317 1738/3342/3319 1799/3351/3328
f 1799/3351/3328 1738/3342/3319 1737/3352/3329
f 1799/3351/3328 1737/3352/3329 1798/3353/3330
f 1798/3353/3330 1737/3352/3329 1736/3354/3331
f 1798/3353/3330 1736/3354/3331 1797/3355/3332
f 1797/3355/3332 1736/3354/3331 1735/3356/3333
f 1751/3357/3334 1750/3358/3335 1778/3359/3336
f 1778/3359/3336 1750/3358/3335 1749/3360/3337
f 1778/3359/3336 1749/3360/3337 1779/3361/3338
f 1779/3361/3338 1749/3360/3337 1748/3362/3339
f 1779/3361/3338 1748/3362/3339 1747/3363/3340
f 1779/3361/3338 1747/3363/3340 1780/3364/3341
f 1780/3364/3341 1747/3363/3340 1796/3365/3342
f 1780/3364/3341 1796/3365/3342 1781/3366/3343
f 1781/3366/3343 1796/3365/3342 1795/3367/3344
f 1781/3366/3343 1795/3367/3344 1782/3368/3345
f 1782/3368/3345 1795/3367/3344 1794/3369/3346
f 1782/3368/3345 1794/3369/3346 1573/3370/3347
f 1573/3370/3347 1794/3369/3346 1793/3371/3348
f 1793/3372/3348 1800/3373/3349 1573/3374/3347
f 1573/3374/3347 1800/3373/3349 1574/3375/3350
f 1734/3376/3351 1715/3377/3352 1735/3378/3353
f 1735/3378/3353 1715/3377/3352 1714/3379/3354
f 1735/3378/3353 1714/3379/3354 1797/3380/3355
f 1797/3380/3355 1714/3379/3354 1713/3381/3356
f 1797/3380/3355 1713/3381/3356 1798/3382/3357
f 1798/3382/3357 1713/3381/3356 1712/3383/3358
f 1798/3382/3357 1712/3383/3358 1799/3384/3359
f 1799/3384/3359 1712/3383/3358 1574/3385/3360
f 1799/3384/3359 1574/3385/3360 1800/3386/3361
f 1734/3376/3351 1733/3387/3362 1715/3377/3352
f 1715/3377/3352 1733/3387/3362 1716/3388/3363
f 1716/3388/3363 1733/3387/3362 1732/3389/3364
f 1716/3388/3363 1732/3389/3364 1717/3390/3365
f 1697/3391/3366 1428/3392/3367 1560/3393/3368
f 1560/3393/3368 1428/3392/3367 1427/3394/3369
f 1560/3393/3368 1427/3394/3369 1561/3395/3370
f 1560/3393/3368 1698/3396/3371 1697/3391/3366
f 1120/3397/1656 1088/3398/3372 894/3399/1654
f 894/3399/1654 1088/3398/3372 895/3400/3373
f 895/3400/3373 1088/3398/3372 1087/3401/3374
f 895/3400/3373 1087/3401/3374 1395/3402/2784
f 1395/3402/2784 1087/3401/3374 1095/3403/3375
f 1802/3404/3376 1810/3405/3377 1801/3406/3378
f 1801/3406/3378 1810/3405/3377 1812/3407/3379
f 1801/3406/3378 1812/3407/3379 1816/3408/3380
f 1816/3408/3380 1812/3407/3379 1813/3409/3381
f 1816/3408/3380 1813/3409/3381 1815/3410/3382
f 1815/3410/3382 1813/3409/3381 1814/3411/3383
f 1815/3410/3382 1814/3411/3383 1350/3412/2071
f 1350/3412/2071 1814/3411/3383 1425/3413/3384
f 1803/3414/3385 1807/3415/3386 1802/3404/3376
f 1802/3404/3376 1807/3415/3386 1809/3416/3387
f 1802/3404/3376 1809/3416/3387 1810/3405/3377
f 1807/3415/3386 1803/3414/3385 1806/3417/3388
f 1806/3417/3388 1803/3414/3385 1804/3418/3389
f 1806/3417/3388 1804/3418/3389 1805/3419/3390
f 1805/3419/3390 1804/3418/3389 1395/3420/2276
f 1805/3419/3390 1395/3420/2276 1558/3421/3391
f 1809/3416/3387 1807/3415/3386 1808/3422/3392
f 1808/3422/3392 1807/3415/3386 1562/3423/3393
f 1808/3422/3392 1562/3423/3393 1699/3424/3394
f 1810/3405/3377 1811/3425/3395 1812/3407/3379
f 1812/3407/3379 1811/3425/3395 1426/3426/3396
f 1426/3426/3396 1811/3425/3395 1700/3427/3397
f 899/3428/3398 898/3429/3399 1801/3430/3400
f 1801/3430/3400 898/3429/3399 1802/3431/3401
f 900/3432/3402 899/3433/3403 1816/3434/3404
f 1816/3434/3404 899/3433/3403 1801/3435/3405
f 901/3436/3406 900/3437/3407 1815/3438/3408
f 1815/3438/3408 900/3437/3407 1816/3439/3409
f 902/3440/3410 901/3441/3411 1350/3442/3412
f 1350/3442/3412 901/3441/3411 1815/3443/3413
f 825/3444/3414 824/3445/3415 1814/3446/3416
f 1814/3446/3416 824/3445/3415 1425/3447/3417
f 826/3448/3418 825/3449/3419 1813/3450/3420
f 1813/3450/3420 825/3449/3419 1814/3451/3421
f 822/3452/3422 826/3453/3423 1812/3454/3424
f 1812/3454/3424 826/3453/3423 1813/3455/3425
f 823/3456/3426 822/3457/3427 1426/3458/3428
f 1426/3458/3428 822/3457/3427 1812/3459/3429
f 815/3460/3430 814/3461/3431 1811/3462/3432
f 1811/3462/3432 814/3461/3431 1700/3463/3433
f 816/3464/3434 815/3465/3435 1810/3466/3436
f 1810/3466/3436 815/3465/3435 1811/3467/3437
f 817/3468/3438 816/3469/3439 1809/3470/3440
f 1809/3470/3440 816/3469/3439 1810/3471/3441
f 812/3472/3442 817/3473/3443 1808/3474/3444
f 1808/3474/3444 817/3473/3443 1809/3475/3445
f 813/3476/3446 812/3477/3447 1699/3478/3448
f 1699/3478/3448 812/3477/3447 1808/3479/3449
f 810/3480/3450 809/3481/3451 1807/3482/3452
f 1807/3482/3452 809/3481/3451 1562/3483/3453
f 811/3484/3454 810/3485/3455 1806/3486/3456
f 1806/3486/3456 810/3485/3455 1807/3487/3457
f 807/3488/3458 811/3489/3459 1805/3490/3460
f 1805/3490/3460 811/3489/3459 1806/3491/3461
f 808/3492/3462 807/3493/3463 1558/3494/3464
f 1558/3494/3464 807/3493/3463 1805/3495/3465
f 896/3496/3466 895/3497/3467 1804/3498/3468
f 1804/3498/3468 895/3497/3467 1395/3499/3469
f 897/3500/3470 896/3501/3471 1803/3502/3472
f 1803/3502/3472 896/3501/3471 1804/3503/3473
f 898/3504/3474 897/3505/3475 1802/3506/3476
f 1802/3506/3476 897/3505/3475 1803/3507/3477
f 1817/3508/3478 1818/3509/3479 774/3510/3480
f 774/3510/3480 1818/3509/3479 775/3511/3481
f 775/3512/3482 1818/3513/3483 776/3514/3484
f 776/3514/3484 1818/3513/3483 1819/3515/3485
f 776/3514/3484 1819/3515/3485 1820/3516/3486
f 776/3514/3484 1820/3516/3486 777/3517/3487
f 777/3517/3487 1820/3516/3486 1821/3518/3488
f 777/3517/3487 1821/3518/3488 778/3519/3489
f 778/3519/3489 1821/3518/3488 1822/3520/3490
f 778/3519/3489 1822/3520/3490 779/3521/3491
f 779/3521/3491 1822/3520/3490 1823/3522/3492
f 779/3521/3491 1823/3522/3492 780/3523/3493
f 780/3523/3493 1823/3522/3492 781/3524/3494
f 781/3524/3494 1823/3522/3492 1824/3525/3495
f 1824/3526/3496 1825/3527/3497 781/3528/3498
f 781/3528/3498 1825/3527/3497 782/3529/3499
f 1825/3530/3500 1826/3531/3501 782/3532/3502
f 782/3532/3502 1826/3531/3501 783/3533/3503
f 783/3534/3504 1826/3535/3505 784/3536/3506
f 784/3536/3506 1826/3535/3505 1827/3537/3507
f 784/3536/3506 1827/3537/3507 785/3538/3508
f 785/3538/3508 1827/3537/3507 1828/3539/3509
f 785/3538/3508 1828/3539/3509 786/3540/3510
f 786/3540/3510 1828/3539/3509 1829/3541/3511
f 786/3540/3510 1829/3541/3511 787/3542/3512
f 787/3542/3512 1829/3541/3511 1830/3543/3513
f 787/3542/3512 1830/3543/3513 788/3544/3514
f 788/3544/3514 1830/3543/3513 1831/3545/3515
f 788/3544/3514 1831/3545/3515 789/3546/3516
f 789/3546/3516 1831/3545/3515 1832/3547/3517
f 789/3546/3516 1832/3547/3517 790/3548/3518
f 790/3548/3518 1832/3547/3517 1833/3549/3519
f 1834/3550/3520 1817/3551/3521 773/3552/3522
f 773/3552/3522 1817/3551/3521 774/3553/3523
f 800/3554/3524 1835/3555/3525 801/3556/3526
f 801/3556/3526 1835/3555/3525 1836/3557/3527
f 801/3556/3526 1836/3557/3527 802/3558/3528
f 802/3558/3528 1836/3557/3527 1837/3559/3529
f 802/3558/3528 1837/3559/3529 803/3560/3530
f 803/3560/3530 1837/3559/3529 1838/3561/3531
f 803/3560/3530 1838/3561/3531 804/3562/3532
f 804/3562/3532 1838/3561/3531 1839/3563/3533
f 804/3562/3532 1839/3563/3533 805/3564/3534
f 805/3564/3534 1839/3563/3533 1840/3565/3535
f 805/3564/3534 1840/3565/3535 806/3566/3536
f 806/3566/3536 1840/3565/3535 1841/3567/3537
f 806/3566/3536 1841/3567/3537 773/3568/3538
f 773/3568/3538 1841/3567/3537 1834/3569/3539
f 1842/3570/3540 1835/3571/3541 799/3572/3542
f 799/3572/3542 1835/3571/3541 800/3573/3543
f 1843/3574/3544 1842/3575/3545 798/3576/3546
f 798/3576/3546 1842/3575/3545 799/3577/3547
f 792/3578/3548 1844/3579/3549 793/3580/3550
f 793/3580/3550 1844/3579/3549 1845/3581/3551
f 793/3580/3550 1845/3581/3551 1846/3582/3552
f 793/3580/3550 1846/3582/3552 794/3583/3553
f 794/3583/3553 1846/3582/3552 1847/3584/3554
f 794/3583/3553 1847/3584/3554 795/3585/3555
f 795/3585/3555 1847/3584/3554 1848/3586/3556
f 795/3585/3555 1848/3586/3556 796/3587/3557
f 796/3587/3557 1848/3586/3556 1849/3588/3558
f 796/3587/3557 1849/3588/3558 797/3589/3559
f 797/3589/3559 1849/3588/3558 798/3590/3560
f 798/3590/3560 1849/3588/3558 1843/3591/3561
f 1850/3592/3562 1844/3593/3563 791/3594/3564
f 791/3594/3564 1844/3593/3563 792/3595/3565
f 1833/3596/3566 1850/3597/3567 790/3598/3568
f 790/3598/3568 1850/3597/3567 791/3599/3569
f 1329/3600/2469 1852/3601/3570 1851/3602/3571
f 1851/3602/3571 1852/3601/3570 1853/3603/3572
f 1851/3602/3571 1853/3603/3572 1855/3604/3573
f 1855/3604/3573 1853/3603/3572 1854/3605/3574
f 827/3606/3575 831/3607/3576 1855/3604/3573
f 1855/3604/3573 831/3607/3576 1851/3602/3571
f 1308/3608/3577 767/3609/3578 1284/3610/3579
f 1284/3611/3579 767/3612/3578 766/3613/3580
f 1284/3611/3579 766/3613/3580 1285/3614/3581
f 1285/3614/3581 766/3613/3580 765/3615/3582
f 1285/3614/3581 765/3615/3582 1286/3616/3583
f 1286/3616/3583 765/3615/3582 764/3617/3584
f 1286/3616/3583 764/3617/3584 1287/3618/3585
f 1287/3618/3585 764/3617/3584 763/3619/3586
f 1287/3618/3585 763/3619/3586 1288/3620/3587
f 1288/3620/3587 763/3619/3586 762/3621/3588
f 1288/3620/3587 762/3621/3588 1289/3622/3589
f 1289/3622/3589 762/3621/3588 761/3623/3590
f 1289/3622/3589 761/3623/3590 1290/3624/3591
f 1290/3624/3591 761/3623/3590 760/3625/3592
f 1290/3624/3591 760/3625/3592 1291/3626/3593
f 1291/3626/3593 760/3625/3592 759/3627/3594
f 1291/3626/3593 759/3627/3594 1292/3628/3595
f 1292/3628/3595 759/3627/3594 758/3629/3596
f 1292/3628/3595 758/3629/3596 1293/3630/3597
f 1293/3630/3597 758/3629/3596 757/3631/3598
f 1293/3630/3597 757/3631/3598 1294/3632/3599
f 1294/3632/3599 757/3631/3598 756/3633/3600
f 1294/3632/3599 756/3633/3600 1295/3634/3601
f 1295/3634/3601 756/3633/3600 755/3635/3602
f 1295/3634/3601 755/3635/3602 1296/3636/3603
f 1296/3636/3603 755/3635/3602 754/3637/3604
f 1296/3636/3603 754/3637/3604 1297/3638/3605
f 1297/3638/3605 754/3637/3604 753/3639/3606
f 1297/3638/3605 753/3639/3606 1298/3640/3607
f 1298/3640/3607 753/3639/3606 752/3641/3608
f 1298/3640/3607 752/3641/3608 1299/3642/3609
f 1299/3642/3609 752/3641/3608 751/3643/3610
f 1299/3642/3609 751/3643/3610 1300/3644/3611
f 1300/3644/3611 751/3643/3610 750/3645/3612
f 1300/3644/3611 750/3645/3612 1301/3646/3613
f 1301/3646/3613 750/3645/3612 749/3647/3614
f 1301/3646/3613 749/3647/3614 1302/3648/3615
f 1302/3648/3615 749/3647/3614 748/3649/3616
f 1302/3648/3615 748/3649/3616 1303/3650/3617
f 1303/3650/3617 748/3649/3616 772/3651/3618
f 1303/3650/3617 772/3651/3618 1304/3652/3619
f 1304/3652/3619 772/3651/3618 771/3653/3620
f 1304/3652/3619 771/3653/3620 1305/3654/3621
f 1305/3654/3621 771/3653/3620 770/3655/3622
f 1305/3654/3621 770/3655/3622 1306/3656/3623
f 1306/3656/3623 770/3655/3622 769/3657/3624
f 1306/3656/3623 769/3657/3624 1307/3658/3625
f 1307/3658/3625 769/3657/3624 768/3659/3626
f 1307/3658/3625 768/3659/3626 1308/3608/3577
f 1308/3608/3577 768/3659/3626 767/3609/3578
f 1872/3660/3627 565/3661/3628 1869/3662/3629
f 1869/3662/3629 565/3661/3628 564/3663/3630
f 1869/3662/3629 564/3663/3630 832/3664/3631
f 832/3664/3631 564/3663/3630 563/3665/3632
f 832/3664/3631 563/3665/3632 562/3666/3633
f 562/3666/3633 561/3667/3634 832/3664/3631
f 832/3664/3631 561/3667/3634 560/3668/3635
f 832/3664/3631 560/3668/3635 559/3669/3636
f 559/3669/3636 558/3670/3637 832/3664/3631
f 832/3664/3631 558/3670/3637 557/3671/3638
f 835/3672/3639 1863/3673/3640 832/3664/3631
f 832/3664/3631 1863/3673/3640 1868/3674/3641
f 832/3664/3631 1868/3674/3641 1869/3662/3629
f 1856/3675/3642 1857/3676/3643 835/3672/3639
f 835/3672/3639 1857/3676/3643 1858/3677/3644
f 835/3672/3639 1858/3677/3644 1859/3678/3645
f 1859/3678/3645 1860/3679/3646 835/3672/3639
f 835/3672/3639 1860/3679/3646 1861/3680/3647
f 835/3672/3639 1861/3680/3647 1862/3681/3648
f 1862/3681/3648 1863/3673/3640 835/3672/3639
f 1863/3673/3640 1864/3682/3649 1868/3674/3641
f 1868/3674/3641 1864/3682/3649 1865/3683/3650
f 1868/3674/3641 1865/3683/3650 1866/3684/3651
f 1866/3684/3651 1867/3685/3652 1868/3674/3641
f 1869/3662/3629 1870/3686/3653 1872/3660/3627
f 1872/3660/3627 1870/3686/3653 1871/3687/3654
f 633/3688/3655 632/3689/3656 628/3690/3657
f 628/3690/3657 632/3689/3656 662/3691/3658
f 628/3690/3657 662/3691/3658 832/3692/3659
f 832/3692/3659 662/3691/3658 833/3693/3660
f 833/3693/3660 662/3691/3658 661/3694/3661
f 833/3693/3660 661/3694/3661 660/3695/3662
f 660/3695/3662 659/3696/3663 833/3693/3660
f 833/3693/3660 659/3696/3663 658/3697/3664
f 833/3693/3660 658/3697/3664 657/3698/3665
f 657/3698/3665 656/3699/3666 833/3693/3660
f 833/3693/3660 656/3699/3666 655/3700/3667
f 557/3701/3668 556/3702/3669 832/3692/3659
f 832/3692/3659 556/3702/3669 555/3703/3670
f 832/3692/3659 555/3703/3670 554/3704/3671
f 554/3704/3671 553/3705/3672 832/3692/3659
f 832/3692/3659 553/3705/3672 552/3706/3673
f 832/3692/3659 552/3706/3673 551/3707/3674
f 551/3707/3674 550/3708/3675 832/3692/3659
f 832/3692/3659 550/3708/3675 621/3709/3676
f 832/3692/3659 621/3709/3676 628/3690/3657
f 550/3708/3675 549/3710/3677 621/3709/3676
f 621/3709/3676 549/3710/3677 624/3711/3678
f 621/3709/3676 624/3711/3678 622/3712/3679
f 622/3712/3679 624/3711/3678 623/3713/3680
f 635/3714/3681 634/3715/3682 628/3690/3657
f 628/3690/3657 634/3715/3682 633/3688/3655
f 1873/3716/3683 1874/3717/3684 834/3718/3685
f 834/3718/3685 1874/3717/3684 1875/3719/3686
f 834/3718/3685 1875/3719/3686 1876/3720/3687
f 1876/3720/3687 1877/3721/3688 834/3718/3685
f 834/3718/3685 1877/3721/3688 1878/3722/3689
f 834/3718/3685 1878/3722/3689 1879/3723/3690
f 1879/3723/3690 1880/3724/3691 834/3718/3685
f 834/3718/3685 1880/3724/3691 1885/3725/3692
f 834/3718/3685 1885/3725/3692 1886/3726/3693
f 1880/3724/3691 1881/3727/3694 1885/3725/3692
f 1885/3725/3692 1881/3727/3694 1882/3728/3695
f 1885/3725/3692 1882/3728/3695 1884/3729/3696
f 1884/3729/3696 1882/3728/3695 1883/3730/3697
f 1887/3731/3698 1888/3732/3699 1886/3726/3693
f 1886/3726/3693 1888/3732/3699 1889/3733/3700
f 1886/3726/3693 1889/3733/3700 1890/3734/3701
f 1890/3734/3701 1891/3735/3702 1886/3726/3693
f 1886/3726/3693 1891/3735/3702 834/3718/3685
f 834/3718/3685 1891/3735/3702 835/3736/3703
f 835/3736/3703 1891/3735/3702 1892/3737/3704
f 835/3736/3703 1892/3737/3704 1893/3738/3705
f 1893/3738/3705 1894/3739/3706 835/3736/3703
f 835/3736/3703 1894/3739/3706 1895/3740/3707
f 835/3736/3703 1895/3740/3707 1896/3741/3708
f 1896/3741/3708 1897/3742/3709 835/3736/3703
f 835/3736/3703 1897/3742/3709 1856/3743/3710
f 655/3744/3711 654/3745/3712 833/3746/3713
f 833/3746/3713 654/3745/3712 653/3747/3714
f 833/3746/3713 653/3747/3714 652/3748/3715
f 652/3748/3715 651/3749/3716 833/3746/3713
f 833/3746/3713 651/3749/3716 650/3750/3717
f 833/3746/3713 650/3750/3717 649/3751/3718
f 649/3751/3718 648/3752/3719 833/3746/3713
f 833/3746/3713 648/3752/3719 834/3753/3720
f 834/3753/3720 648/3752/3719 693/3754/3721
f 834/3753/3720 693/3754/3721 699/3755/3722
f 648/3752/3719 647/3756/3723 693/3754/3721
f 693/3754/3721 647/3756/3723 696/3757/3724
f 693/3754/3721 696/3757/3724 695/3758/3725
f 695/3758/3725 694/3759/3726 693/3754/3721
f 706/3760/3727 704/3761/3728 699/3755/3722
f 699/3755/3722 704/3761/3728 703/3762/3729
f 699/3755/3722 703/3762/3729 1898/3763/3730
f 706/3760/3727 705/3764/3731 704/3761/3728
f 699/3755/3722 1898/3763/3730 834/3753/3720
f 834/3753/3720 1898/3763/3730 1899/3765/3732
f 834/3753/3720 1899/3765/3732 1900/3766/3733
f 1900/3766/3733 1901/3767/3734 834/3753/3720
f 834/3753/3720 1901/3767/3734 1902/3768/3735
f 834/3753/3720 1902/3768/3735 1903/3769/3736
f 1903/3769/3736 1904/3770/3737 834/3753/3720
f 834/3753/3720 1904/3770/3737 1873/3771/3738
f 315/3772/3739 1905/3773/3740 316/3774/3741
f 316/3774/3741 1905/3773/3740 1906/3775/3742
f 316/3774/3741 1906/3775/3742 1907/3776/3743
f 1907/3776/3743 1906/3775/3742 1916/3777/3744
f 1907/3776/3743 1916/3777/3744 1917/3778/3745
f 1917/3778/3745 1916/3777/3744 1926/3779/3746
f 1917/3778/3745 1926/3779/3746 1927/3780/3747
f 1927/3780/3747 1926/3779/3746 1936/3781/3748
f 1927/3780/3747 1936/3781/3748 1937/3782/3749
f 1937/3782/3749 1936/3781/3748 1946/3783/3750
f 1937/3782/3749 1946/3783/3750 1947/3784/3751
f 1947/3784/3751 1946/3783/3750 1956/3785/3752
f 1947/3784/3751 1956/3785/3752 1957/3786/3753
f 1957/3786/3753 1956/3785/3752 1966/3787/3754
f 1957/3786/3753 1966/3787/3754 1967/3788/3755
f 1967/3788/3755 1966/3787/3754 1976/3789/3756
f 1967/3788/3755 1976/3789/3756 1860/3790/3757
f 1860/3790/3757 1976/3789/3756 1861/3791/3758
f 1861/3791/3758 1976/3789/3756 1862/3792/3759
f 1862/3792/3759 1976/3789/3756 1985/3793/3760
f 1862/3792/3759 1985/3793/3760 1863/3794/3761
f 1863/3794/3761 1985/3793/3760 1864/3795/3762
f 1864/3795/3762 1985/3793/3760 1984/3796/3763
f 1864/3795/3762 1984/3796/3763 1983/3797/3764
f 1983/3797/3764 1984/3796/3763 1974/3798/3765
f 1983/3797/3764 1974/3798/3765 1973/3799/3766
f 1973/3799/3766 1974/3798/3765 1964/3800/3767
f 1973/3799/3766 1964/3800/3767 1963/3801/3768
f 1963/3801/3768 1964/3800/3767 1954/3802/3769
f 1963/3801/3768 1954/3802/3769 1953/3803/3770
f 1953/3803/3770 1954/3802/3769 1944/3804/3771
f 1953/3803/3770 1944/3804/3771 1943/3805/3772
f 1943/3805/3772 1944/3804/3771 1934/3806/3773
f 1943/3805/3772 1934/3806/3773 1933/3807/3774
f 1933/3807/3774 1934/3806/3773 1924/3808/3775
f 1933/3807/3774 1924/3808/3775 1923/3809/3776
f 1923/3809/3776 1924/3808/3775 1914/3810/3777
f 1923/3809/3776 1914/3810/3777 314/3811/3778
f 314/3811/3778 1914/3810/3777 315/3772/3739
f 315/3772/3739 1914/3810/3777 1905/3773/3740
f 314/3811/3778 313/3812/3779 1923/3809/3776
f 1923/3809/3776 313/3812/3779 1932/3813/3780
f 1923/3809/3776 1932/3813/3780 1933/3807/3774
f 1933/3807/3774 1932/3813/3780 1942/3814/3781
f 1933/3807/3774 1942/3814/3781 1943/3805/3772
f 1943/3805/3772 1942/3814/3781 1952/3815/3782
f 1943/3805/3772 1952/3815/3782 1953/3803/3770
f 1953/3803/3770 1952/3815/3782 1962/3816/3783
f 1953/3803/3770 1962/3816/3783 1963/3801/3768
f 1963/3801/3768 1962/3816/3783 1972/3817/3784
f 1963/3801/3768 1972/3817/3784 1973/3799/3766
f 1973/3799/3766 1972/3817/3784 1982/3818/3785
f 1973/3799/3766 1982/3818/3785 1983/3797/3764
f 1983/3797/3764 1982/3818/3785 1864/3795/3762
f 313/3812/3779 312/3819/3786 1932/3813/3780
f 1932/3813/3780 312/3819/3786 1941/3820/3787
f 1932/3813/3780 1941/3820/3787 1942/3814/3781
f 1942/3814/3781 1941/3820/3787 1951/3821/3788
f 1942/3814/3781 1951/3821/3788 1952/3815/3782
f 1952/3815/3782 1951/3821/3788 1961/3822/3789
f 1952/3815/3782 1961/3822/3789 1962/3816/3783
f 1962/3816/3783 1961/3822/3789 1971/3823/3790
f 1962/3816/3783 1971/3823/3790 1972/3817/3784
f 1972/3817/3784 1971/3823/3790 1981/3824/3791
f 1972/3817/3784 1981/3824/3791 1982/3818/3785
f 1982/3818/3785 1981/3824/3791 1864/3795/3762
f 312/3819/3786 311/3825/3792 1941/3820/3787
f 1941/3820/3787 311/3825/3792 1950/3826/3793
f 1941/3820/3787 1950/3826/3793 1951/3821/3788
f 1951/3821/3788 1950/3826/3793 1960/3827/3794
f 1951/3821/3788 1960/3827/3794 1961/3822/3789
f 1961/3822/3789 1960/3827/3794 1970/3828/3795
f 1961/3822/3789 1970/3828/3795 1971/3823/3790
f 1971/3823/3790 1970/3828/3795 1980/3829/3796
f 1971/3823/3790 1980/3829/3796 1981/3824/3791
f 1981/3824/3791 1980/3829/3796 306/3830/3797
f 1981/3824/3791 306/3830/3797 1864/3795/3762
f 311/3825/3792 310/3831/3798 1950/3826/3793
f 1950/3826/3793 310/3831/3798 1959/3832/3799
f 1950/3826/3793 1959/3832/3799 1960/3827/3794
f 1960/3827/3794 1959/3832/3799 1969/3833/3800
f 1960/3827/3794 1969/3833/3800 1970/3828/3795
f 1970/3828/3795 1969/3833/3800 1979/3834/3801
f 1970/3828/3795 1979/3834/3801 1980/3829/3796
f 1980/3829/3796 1979/3834/3801 306/3830/3797
f 310/3831/3798 309/3835/3802 1959/3832/3799
f 1959/3832/3799 309/3835/3802 1968/3836/3803
f 1959/3832/3799 1968/3836/3803 1969/3833/3800
f 1969/3833/3800 1968/3836/3803 1978/3837/3804
f 1969/3833/3800 1978/3837/3804 1979/3834/3801
f 1979/3834/3801 1978/3837/3804 306/3830/3797
f 309/3835/3802 308/3838/3805 1968/3836/3803
f 1968/3836/3803 308/3838/3805 1977/3839/3806
f 1968/3836/3803 1977/3839/3806 1978/3837/3804
f 1978/3837/3804 1977/3839/3806 306/3830/3797
f 308/3838/3805 307/3840/3807 1977/3839/3806
f 1977/3839/3806 307/3840/3807 306/3830/3797
f 1860/3790/3757 1859/3841/3808 1967/3788/3755
f 1967/3788/3755 1859/3841/3808 1858/3842/3809
f 1967/3788/3755 1858/3842/3809 1958/3843/3810
f 1958/3843/3810 1858/3842/3809 1857/3844/3811
f 1958/3843/3810 1857/3844/3811 1949/3845/3812
f 1949/3845/3812 1857/3844/3811 1856/3846/3813
f 1949/3845/3812 1856/3846/3813 1897/3847/3814
f 1949/3845/3812 1897/3847/3814 1940/3848/3815
f 1940/3848/3815 1897/3847/3814 1896/3849/3816
f 1940/3848/3815 1896/3849/3816 1931/3850/3817
f 1931/3850/3817 1896/3849/3816 1895/3851/3818
f 1931/3850/3817 1895/3851/3818 1894/3852/3819
f 1931/3850/3817 1894/3852/3819 1922/3853/3820
f 1922/3853/3820 1894/3852/3819 1893/3854/3821
f 1922/3853/3820 1893/3854/3821 1892/3855/3822
f 1922/3853/3820 1892/3855/3822 1913/3856/3823
f 1913/3856/3823 1892/3855/3822 1891/3857/3824
f 1913/3856/3823 1891/3857/3824 1912/3858/3825
f 1912/3858/3825 1891/3857/3824 1911/3859/3826
f 1912/3858/3825 1911/3859/3826 1921/3860/3827
f 1921/3860/3827 1911/3859/3826 1920/3861/3828
f 1921/3860/3827 1920/3861/3828 1930/3862/3829
f 1930/3862/3829 1920/3861/3828 1929/3863/3830
f 1930/3862/3829 1929/3863/3830 1939/3864/3831
f 1939/3864/3831 1929/3863/3830 1938/3865/3832
f 1939/3864/3831 1938/3865/3832 1948/3866/3833
f 1948/3866/3833 1938/3865/3832 1947/3784/3751
f 1948/3866/3833 1947/3784/3751 1957/3786/3753
f 1890/3867/3834 316/3774/3741 1891/3857/3824
f 1891/3857/3824 316/3774/3741 1910/3868/3835
f 1891/3857/3824 1910/3868/3835 1911/3859/3826
f 1911/3859/3826 1910/3868/3835 1920/3861/3828
f 1906/3775/3742 1905/3773/3740 1915/3869/3836
f 1915/3869/3836 1905/3773/3740 1914/3810/3777
f 1915/3869/3836 1914/3810/3777 1924/3808/3775
f 1907/3776/3743 1908/3870/3837 316/3774/3741
f 316/3774/3741 1908/3870/3837 1909/3871/3838
f 316/3774/3741 1909/3871/3838 1910/3868/3835
f 1910/3868/3835 1909/3871/3838 1919/3872/3839
f 1910/3868/3835 1919/3872/3839 1920/3861/3828
f 1920/3861/3828 1919/3872/3839 1929/3863/3830
f 1907/3776/3743 1917/3778/3745 1908/3870/3837
f 1908/3870/3837 1917/3778/3745 1918/3873/3840
f 1908/3870/3837 1918/3873/3840 1909/3871/3838
f 1909/3871/3838 1918/3873/3840 1919/3872/3839
f 1922/3853/3820 1913/3856/3823 1912/3858/3825
f 1922/3853/3820 1912/3858/3825 1921/3860/3827
f 1906/3775/3742 1915/3869/3836 1916/3777/3744
f 1916/3777/3744 1915/3869/3836 1925/3874/3841
f 1916/3777/3744 1925/3874/3841 1926/3779/3746
f 1926/3779/3746 1925/3874/3841 1935/3875/3842
f 1926/3779/3746 1935/3875/3842 1936/3781/3748
f 1936/3781/3748 1935/3875/3842 1945/3876/3843
f 1936/3781/3748 1945/3876/3843 1946/3783/3750
f 1946/3783/3750 1945/3876/3843 1955/3877/3844
f 1946/3783/3750 1955/3877/3844 1956/3785/3752
f 1956/3785/3752 1955/3877/3844 1965/3878/3845
f 1956/3785/3752 1965/3878/3845 1966/3787/3754
f 1966/3787/3754 1965/3878/3845 1975/3879/3846
f 1966/3787/3754 1975/3879/3846 1976/3789/3756
f 1976/3789/3756 1975/3879/3846 1985/3793/3760
f 1925/3874/3841 1915/3869/3836 1924/3808/3775
f 1917/3778/3745 1927/3780/3747 1918/3873/3840
f 1918/3873/3840 1927/3780/3747 1928/3880/3847
f 1918/3873/3840 1928/3880/3847 1919/3872/3839
f 1919/3872/3839 1928/3880/3847 1929/3863/3830
f 1931/3850/3817 1922/3853/3820 1921/3860/3827
f 1931/3850/3817 1921/3860/3827 1930/3862/3829
f 1935/3875/3842 1925/3874/3841 1934/3806/3773
f 1934/3806/3773 1925/3874/3841 1924/3808/3775
f 1938/3865/3832 1929/3863/3830 1928/3880/3847
f 1938/3865/3832 1928/3880/3847 1937/3782/3749
f 1937/3782/3749 1928/3880/3847 1927/3780/3747
f 1940/3848/3815 1931/3850/3817 1930/3862/3829
f 1940/3848/3815 1930/3862/3829 1939/3864/3831
f 1945/3876/3843 1935/3875/3842 1944/3804/3771
f 1944/3804/3771 1935/3875/3842 1934/3806/3773
f 1947/3784/3751 1938/3865/3832 1937/3782/3749
f 1949/3845/3812 1940/3848/3815 1939/3864/3831
f 1949/3845/3812 1939/3864/3831 1948/3866/3833
f 1955/3877/3844 1945/3876/3843 1954/3802/3769
f 1954/3802/3769 1945/3876/3843 1944/3804/3771
f 1958/3843/3810 1949/3845/3812 1948/3866/3833
f 1958/3843/3810 1948/3866/3833 1957/3786/3753
f 1965/3878/3845 1955/3877/3844 1964/3800/3767
f 1964/3800/3767 1955/3877/3844 1954/3802/3769
f 1967/3788/3755 1958/3843/3810 1957/3786/3753
f 1975/3879/3846 1965/3878/3845 1974/3798/3765
f 1974/3798/3765 1965/3878/3845 1964/3800/3767
f 1985/3793/3760 1975/3879/3846 1984/3796/3763
f 1984/3796/3763 1975/3879/3846 1974/3798/3765
f 305/3881/3848 1986/3882/3849 306/3883/3850
f 306/3883/3850 1986/3882/3849 1987/3884/3851
f 306/3883/3850 1987/3884/3851 1988/3885/3852
f 1988/3885/3852 1987/3884/3851 1868/3886/3853
f 1988/3885/3852 1868/3886/3853 1989/3887/3854
f 1989/3887/3854 1868/3886/3853 1990/3888/3855
f 1989/3887/3854 1990/3888/3855 1865/3889/3856
f 1865/3889/3856 1990/3888/3855 1866/3890/3857
f 1866/3890/3857 1990/3888/3855 1867/3891/3858
f 1867/3891/3858 1990/3888/3855 1868/3886/3853
f 305/3881/3848 304/3892/3859 1986/3882/3849
f 1986/3882/3849 304/3892/3859 1987/3884/3851
f 303/3893/3860 1868/3886/3853 304/3892/3859
f 304/3892/3859 1868/3886/3853 1987/3884/3851
f 1864/3894/3861 306/3883/3850 1865/3889/3856
f 1865/3889/3856 306/3883/3850 1989/3887/3854
f 1989/3887/3854 306/3883/3850 1988/3885/3852
f 303/3895/3862 302/3896/3863 1868/3897/3864
f 1868/3897/3864 302/3896/3863 1869/3898/3865
f 301/3899/3866 1991/3900/3867 302/3901/3868
f 302/3901/3868 1991/3900/3867 1992/3902/3869
f 302/3901/3868 1992/3902/3869 1993/3903/3870
f 1993/3903/3870 1992/3902/3869 565/3904/3871
f 1993/3903/3870 565/3904/3871 1994/3905/3872
f 1994/3905/3872 565/3904/3871 1995/3906/3873
f 1994/3905/3872 1995/3906/3873 1870/3907/3874
f 1870/3907/3874 1995/3906/3873 1871/3908/3875
f 1871/3908/3875 1995/3906/3873 1872/3909/3876
f 1872/3909/3876 1995/3906/3873 565/3904/3871
f 301/3899/3866 300/3910/3877 1991/3900/3867
f 1991/3900/3867 300/3910/3877 1992/3902/3869
f 299/3911/3878 565/3904/3871 300/3910/3877
f 300/3910/3877 565/3904/3871 1992/3902/3869
f 1869/3912/3879 302/3901/3868 1870/3907/3874
f 1870/3907/3874 302/3901/3868 1994/3905/3872
f 1994/3905/3872 302/3901/3868 1993/3903/3870
f 327/3913/3880 1996/3914/3881 238/3915/3882
f 238/3915/3882 1996/3914/3881 1997/3916/3883
f 238/3915/3882 1997/3916/3883 1998/3917/3884
f 1998/3917/3884 1997/3916/3883 2010/3918/3885
f 1998/3917/3884 2010/3918/3885 2011/3919/3886
f 2011/3919/3886 2010/3918/3885 2020/3920/3887
f 2011/3919/3886 2020/3920/3887 2021/3921/3888
f 2021/3921/3888 2020/3920/3887 2030/3922/3889
f 2021/3921/3888 2030/3922/3889 2031/3923/3890
f 2031/3923/3890 2030/3922/3889 1881/3924/3891
f 2031/3923/3890 1881/3924/3891 2032/3925/3892
f 2032/3925/3892 1881/3924/3891 2033/3926/3893
f 2032/3925/3892 2033/3926/3893 2023/3927/3894
f 2023/3927/3894 2033/3926/3893 2024/3928/3895
f 2023/3927/3894 2024/3928/3895 2014/3929/3896
f 2014/3929/3896 2024/3928/3895 2015/3930/3897
f 2014/3929/3896 2015/3930/3897 2002/3931/3898
f 2002/3931/3898 2015/3930/3897 2003/3932/3899
f 2002/3931/3898 2003/3932/3899 2007/3933/3900
f 2007/3933/3900 2003/3932/3899 2006/3934/3901
f 2007/3933/3900 2006/3934/3901 2037/3935/3902
f 2037/3935/3902 2006/3934/3901 2036/3936/3903
f 2037/3935/3902 2036/3936/3903 2040/3937/3904
f 2040/3937/3904 2036/3936/3903 2039/3938/3905
f 2040/3937/3904 2039/3938/3905 2043/3939/3906
f 2043/3939/3906 2039/3938/3905 2042/3940/3907
f 2043/3939/3906 2042/3940/3907 2046/3941/3908
f 2046/3941/3908 2042/3940/3907 2045/3942/3909
f 2046/3941/3908 2045/3942/3909 702/3943/3910
f 702/3943/3910 2045/3942/3909 2044/3944/3911
f 702/3943/3910 2044/3944/3911 1898/3945/3912
f 1898/3945/3912 2044/3944/3911 1899/3946/3913
f 1899/3946/3913 2044/3944/3911 2041/3947/3914
f 1899/3946/3913 2041/3947/3914 1900/3948/3915
f 1900/3948/3915 2041/3947/3914 1901/3949/3916
f 1901/3949/3916 2041/3947/3914 2038/3950/3917
f 1901/3949/3916 2038/3950/3917 1902/3951/3918
f 1902/3951/3918 2038/3950/3917 1903/3952/3919
f 1903/3952/3919 2038/3950/3917 2035/3953/3920
f 1903/3952/3919 2035/3953/3920 1904/3954/3921
f 1904/3954/3921 2035/3953/3920 2005/3955/3922
f 1904/3954/3921 2005/3955/3922 1873/3956/3923
f 1873/3956/3923 2005/3955/3922 1874/3957/3924
f 1874/3957/3924 2005/3955/3922 2004/3958/3925
f 1874/3957/3924 2004/3958/3925 1875/3959/3926
f 1875/3959/3926 2004/3958/3925 2016/3960/3927
f 1875/3959/3926 2016/3960/3927 1876/3961/3928
f 1876/3961/3928 2016/3960/3927 1877/3962/3929
f 1877/3962/3929 2016/3960/3927 2025/3963/3930
f 1877/3962/3929 2025/3963/3930 1878/3964/3931
f 1878/3964/3931 2025/3963/3930 1879/3965/3932
f 1879/3965/3932 2025/3963/3930 2034/3966/3933
f 1879/3965/3932 2034/3966/3933 1880/3967/3934
f 1880/3967/3934 2034/3966/3933 1881/3924/3891
f 1881/3924/3891 2034/3966/3933 2033/3926/3893
f 1996/3914/3881 327/3913/3880 2008/3968/3935
f 2008/3968/3935 327/3913/3880 326/3969/3936
f 2008/3968/3935 326/3969/3936 2017/3970/3937
f 2017/3970/3937 326/3969/3936 325/3971/3938
f 2017/3970/3937 325/3971/3938 2026/3972/3939
f 2026/3972/3939 325/3971/3938 324/3973/3940
f 2026/3972/3939 324/3973/3940 323/3974/3941
f 1881/3924/3891 2030/3922/3889 323/3974/3941
f 323/3974/3941 2030/3922/3889 2029/3975/3942
f 323/3974/3941 2029/3975/3942 2028/3976/3943
f 2028/3976/3943 2029/3975/3942 2019/3977/3944
f 2028/3976/3943 2019/3977/3944 2018/3978/3945
f 2018/3978/3945 2019/3977/3944 2009/3979/3946
f 2018/3978/3945 2009/3979/3946 2008/3968/3935
f 2008/3968/3935 2009/3979/3946 1996/3914/3881
f 1898/3945/3912 703/3980/3947 702/3943/3910
f 702/3943/3910 1318/3981/3948 2046/3941/3908
f 2046/3941/3908 1318/3981/3948 2043/3939/3906
f 1318/3981/3948 1317/3982/3949 2043/3939/3906
f 2043/3939/3906 1317/3982/3949 2040/3937/3904
f 1317/3982/3949 1316/3983/3950 2040/3937/3904
f 2040/3937/3904 1316/3983/3950 2037/3935/3902
f 1316/3983/3950 1315/3984/3951 2037/3935/3902
f 2037/3935/3902 1315/3984/3951 2007/3933/3900
f 1315/3984/3951 239/3985/3952 2007/3933/3900
f 2007/3933/3900 239/3985/3952 2002/3931/3898
f 238/3915/3882 1998/3917/3884 239/3985/3952
f 239/3985/3952 1998/3917/3884 1999/3986/3953
f 239/3985/3952 1999/3986/3953 2000/3987/3954
f 2000/3987/3954 1999/3986/3953 2012/3988/3955
f 2000/3987/3954 2012/3988/3955 2013/3989/3956
f 2013/3989/3956 2012/3988/3955 2022/3990/3957
f 2013/3989/3956 2022/3990/3957 2023/3927/3894
f 2023/3927/3894 2022/3990/3957 2032/3925/3892
f 2010/3918/3885 1997/3916/3883 2009/3979/3946
f 2009/3979/3946 1997/3916/3883 1996/3914/3881
f 2012/3988/3955 1999/3986/3953 2011/3919/3886
f 2011/3919/3886 1999/3986/3953 1998/3917/3884
f 2002/3931/3898 239/3985/3952 2001/3991/3958
f 2001/3991/3958 239/3985/3952 2000/3987/3954
f 2001/3991/3958 2000/3987/3954 2013/3989/3956
f 2014/3929/3896 2002/3931/3898 2001/3991/3958
f 2014/3929/3896 2001/3991/3958 2013/3989/3956
f 2003/3932/3899 2004/3958/3925 2006/3934/3901
f 2006/3934/3901 2004/3958/3925 2005/3955/3922
f 2006/3934/3901 2005/3955/3922 2036/3936/3903
f 2036/3936/3903 2005/3955/3922 2035/3953/3920
f 2036/3936/3903 2035/3953/3920 2039/3938/3905
f 2039/3938/3905 2035/3953/3920 2038/3950/3917
f 2039/3938/3905 2038/3950/3917 2042/3940/3907
f 2042/3940/3907 2038/3950/3917 2041/3947/3914
f 2042/3940/3907 2041/3947/3914 2045/3942/3909
f 2045/3942/3909 2041/3947/3914 2044/3944/3911
f 2004/3958/3925 2003/3932/3899 2016/3960/3927
f 2016/3960/3927 2003/3932/3899 2015/3930/3897
f 2016/3960/3927 2015/3930/3897 2025/3963/3930
f 2025/3963/3930 2015/3930/3897 2024/3928/3895
f 2025/3963/3930 2024/3928/3895 2034/3966/3933
f 2034/3966/3933 2024/3928/3895 2033/3926/3893
f 2018/3978/3945 2008/3968/3935 2017/3970/3937
f 2020/3920/3887 2010/3918/3885 2019/3977/3944
f 2019/3977/3944 2010/3918/3885 2009/3979/3946
f 2022/3990/3957 2012/3988/3955 2021/3921/3888
f 2021/3921/3888 2012/3988/3955 2011/3919/3886
f 2023/3927/3894 2014/3929/3896 2013/3989/3956
f 2018/3978/3945 2017/3970/3937 2027/3992/3959
f 2027/3992/3959 2017/3970/3937 2026/3972/3939
f 2027/3992/3959 2026/3972/3939 323/3974/3941
f 2030/3922/3889 2020/3920/3887 2029/3975/3942
f 2029/3975/3942 2020/3920/3887 2019/3977/3944
f 2032/3925/3892 2022/3990/3957 2031/3923/3890
f 2031/3923/3890 2022/3990/3957 2021/3921/3888
f 323/3974/3941 2028/3976/3943 2027/3992/3959
f 2027/3992/3959 2028/3976/3943 2018/3978/3945
f 322/3993/3960 2047/3994/3961 323/3995/3962
f 323/3995/3962 2047/3994/3961 2048/3996/3963
f 323/3995/3962 2048/3996/3963 2049/3997/3964
f 2049/3997/3964 2048/3996/3963 1885/3998/3965
f 2049/3997/3964 1885/3998/3965 2050/3999/3966
f 2050/3999/3966 1885/3998/3965 2051/4000/3967
f 2050/3999/3966 2051/4000/3967 1882/4001/3968
f 1882/4001/3968 2051/4000/3967 1883/4002/3969
f 1883/4002/3969 2051/4000/3967 1884/4003/3970
f 1884/4003/3970 2051/4000/3967 1885/3998/3965
f 322/3993/3960 321/4004/3971 2047/3994/3961
f 2047/3994/3961 321/4004/3971 2048/3996/3963
f 320/4005/3972 1885/3998/3965 321/4004/3971
f 321/4004/3971 1885/3998/3965 2048/3996/3963
f 1881/4006/3973 323/3995/3962 1882/4001/3968
f 1882/4001/3968 323/3995/3962 2050/3999/3966
f 2050/3999/3966 323/3995/3962 2049/3997/3964
f 320/4007/3974 319/4008/3975 1885/4009/3976
f 1885/4009/3976 319/4008/3975 1886/4010/3977
f 318/4011/3978 2052/4012/3979 319/4013/3980
f 319/4013/3980 2052/4012/3979 2053/4014/3981
f 319/4013/3980 2053/4014/3981 2054/4015/3982
f 2054/4015/3982 2053/4014/3981 1890/4016/3983
f 2054/4015/3982 1890/4016/3983 2055/4017/3984
f 2055/4017/3984 1890/4016/3983 2056/4018/3985
f 2055/4017/3984 2056/4018/3985 1887/4019/3986
f 1887/4019/3986 2056/4018/3985 1888/4020/3987
f 1888/4020/3987 2056/4018/3985 1889/4021/3988
f 1889/4021/3988 2056/4018/3985 1890/4016/3983
f 318/4011/3978 317/4022/3989 2052/4012/3979
f 2052/4012/3979 317/4022/3989 2053/4014/3981
f 316/4023/3990 1890/4016/3983 317/4022/3989
f 317/4022/3989 1890/4016/3983 2053/4014/3981
f 1886/4024/3991 319/4013/3980 1887/4019/3986
f 1887/4019/3986 319/4013/3980 2055/4017/3984
f 2055/4017/3984 319/4013/3980 2054/4015/3982
f 842/4025/3992 846/4026/3993 2057/4027/3994
f 2057/4027/3994 846/4026/3993 2058/4028/3995
f 2057/4027/3994 2058/4028/3995 2060/4029/3996
f 2060/4029/3996 2058/4028/3995 2059/4030/3997
f 2060/4029/3996 2061/4031/3998 2057/4027/3994
f 2057/4027/3994 2061/4031/3998 1309/4032/3999
f 2062/4033/4000 2063/4034/4001 2071/4035/4002
f 2071/4035/4002 2063/4034/4001 2064/4036/4003
f 2071/4035/4002 2064/4036/4003 2070/4037/4004
f 2070/4037/4004 2064/4036/4003 2069/4038/4005
f 2069/4038/4005 2064/4036/4003 2065/4039/4006
f 2069/4038/4005 2065/4039/4006 2068/4040/4007
f 2068/4040/4007 2065/4039/4006 2067/4041/4008
f 2067/4041/4008 2065/4039/4006 2066/4042/4009
f 2073/4043/4010 2062/4044/4011 2072/4045/4012
f 2072/4045/4012 2062/4044/4011 2071/4046/4013
f 2074/4047/4014 2075/4048/4015 2083/4049/4016
f 2083/4049/4016 2075/4048/4015 2082/4050/4017
f 2082/4050/4017 2075/4048/4015 2081/4051/4018
f 2081/4051/4018 2075/4048/4015 2076/4052/4019
f 2081/4051/4018 2076/4052/4019 2080/4053/4020
f 2080/4053/4020 2076/4052/4019 2079/4054/4021
f 2079/4054/4021 2076/4052/4019 2077/4055/4022
f 2079/4054/4021 2077/4055/4022 2078/4056/4023
f 2085/4057/4024 2079/4058/4025 2084/4059/4026
f 2084/4059/4026 2079/4058/4025 2078/4060/4027
f 2087/4061/4028 2095/4062/4029 2086/4063/4030
f 2086/4063/4030 2095/4062/4029 1314/4064/4031
f 2086/4063/4030 1314/4064/4031 2096/4065/4032
f 2096/4065/4032 1314/4064/4031 1313/4066/4033
f 2088/4067/4034 2093/4068/4035 2087/4061/4028
f 2087/4061/4028 2093/4068/4035 2094/4069/4036
f 2087/4061/4028 2094/4069/4036 2095/4062/4029
f 2093/4068/4035 2088/4067/4034 2092/4070/4037
f 2092/4070/4037 2088/4067/4034 2089/4071/4038
f 2092/4070/4037 2089/4071/4038 2074/4072/4039
f 2074/4072/4039 2089/4071/4038 2075/4073/4040
f 2075/4073/4040 2089/4071/4038 2090/4074/4041
f 2075/4073/4040 2090/4074/4041 2076/4075/4042
f 2076/4075/4042 2090/4074/4041 2091/4076/4043
f 2076/4075/4042 2091/4076/4043 2077/4077/4044
f 2077/4077/4044 2091/4076/4043 2084/4078/4026
f 2077/4077/4044 2084/4078/4026 2078/4079/4027
f 2096/4065/4032 2097/4080/4045 2086/4063/4030
f 2086/4063/4030 2097/4080/4045 2098/4081/4046
f 1817/4082/4047 1834/4083/4048 1818/4084/4049
f 1818/4084/4049 1834/4083/4048 1616/4085/4050
f 1818/4084/4049 1616/4085/4050 1819/4086/4051
f 1819/4086/4051 1616/4085/4050 1623/4087/4052
f 1819/4086/4051 1623/4087/4052 1820/4088/4053
f 1820/4088/4053 1623/4087/4052 1622/4089/4054
f 1820/4088/4053 1622/4089/4054 1821/4090/4055
f 1821/4090/4055 1622/4089/4054 1822/4091/4056
f 1822/4091/4056 1622/4089/4054 1621/4092/4057
f 1822/4091/4056 1621/4092/4057 1823/4093/4058
f 1823/4093/4058 1621/4092/4057 1624/4094/4059
f 1823/4093/4058 1624/4094/4059 1824/4095/4060
f 1824/4095/4060 1624/4094/4059 1826/4096/4061
f 1824/4095/4060 1826/4096/4061 1825/4097/4062
f 1616/4085/4050 1834/4083/4048 1617/4098/4063
f 1617/4098/4063 1834/4083/4048 1841/4099/4064
f 1617/4098/4063 1841/4099/4064 1618/4100/4065
f 1618/4100/4065 1841/4099/4064 1840/4101/4066
f 1618/4100/4065 1840/4101/4066 1615/4102/4067
f 1615/4102/4067 1840/4101/4066 1839/4103/4068
f 1615/4102/4067 1839/4103/4068 1607/4104/4069
f 1607/4104/4069 1839/4103/4068 1608/4105/4070
f 1608/4105/4070 1839/4103/4068 1838/4106/4071
f 1608/4105/4070 1838/4106/4071 1613/4107/4072
f 1613/4107/4072 1838/4106/4071 1614/4108/4073
f 1614/4108/4073 1838/4106/4071 1602/4109/4074
f 1614/4108/4073 1602/4109/4074 1605/4110/4075
f 1838/4106/4071 1837/4111/4076 1602/4109/4074
f 1602/4109/4074 1837/4111/4076 1603/4112/4077
f 1603/4112/4077 1837/4111/4076 1836/4113/4078
f 1603/4112/4077 1836/4113/4078 1604/4114/4079
f 1604/4114/4079 1836/4113/4078 1835/4115/4080
f 1604/4114/4079 1835/4115/4080 1600/4116/4081
f 1600/4116/4081 1835/4115/4080 1843/4117/4082
f 1600/4116/4081 1843/4117/4082 1849/4118/4083
f 1835/4115/4080 1842/4119/4084 1843/4117/4082
f 1600/4116/4081 1849/4118/4083 1627/4120/4085
f 1627/4120/4085 1849/4118/4083 1848/4121/4086
f 1627/4120/4085 1848/4121/4086 1847/4122/4087
f 1627/4120/4085 1847/4122/4087 1628/4123/4088
f 1628/4123/4088 1847/4122/4087 1846/4124/4089
f 1628/4123/4088 1846/4124/4089 1845/4125/4090
f 1628/4123/4088 1845/4125/4090 1632/4126/4091
f 1632/4126/4091 1845/4125/4090 1844/4127/4092
f 1632/4126/4091 1844/4127/4092 1833/4128/4093
f 1833/4128/4093 1844/4127/4092 1850/4129/4094
f 1632/4126/4091 1833/4128/4093 1633/4130/4095
f 1633/4130/4095 1833/4128/4093 1832/4131/4096
f 1633/4130/4095 1832/4131/4096 1634/4132/4097
f 1634/4132/4097 1832/4131/4096 1831/4133/4098
f 1634/4132/4097 1831/4133/4098 1635/4134/4099
f 1635/4134/4099 1831/4133/4098 1830/4135/4100
f 1635/4134/4099 1830/4135/4100 1637/4136/4101
f 1637/4136/4101 1830/4135/4100 1638/4137/4102
f 1638/4137/4102 1830/4135/4100 1829/4138/4103
f 1638/4137/4102 1829/4138/4103 1643/4139/4104
f 1643/4139/4104 1829/4138/4103 1644/4140/4105
f 1644/4140/4105 1829/4138/4103 1646/4141/4106
f 1644/4140/4105 1646/4141/4106 1645/4142/4107
f 1829/4138/4103 1828/4143/4108 1646/4141/4106
f 1646/4141/4106 1828/4143/4108 1647/4144/4109
f 1647/4144/4109 1828/4143/4108 1827/4145/4110
f 1647/4144/4109 1827/4145/4110 1648/4146/4111
f 1648/4146/4111 1827/4145/4110 1826/4096/4061
f 1648/4146/4111 1826/4096/4061 1624/4094/4059
f 2100/4147/4112 2101/4148/4113 2099/4149/4114
f 2099/4149/4114 2101/4148/4113 2165/4150/4115
f 2099/4149/4114 2165/4150/4115 2166/4151/4116
f 2101/4148/4113 2102/4152/4117 2165/4150/4115
f 2165/4150/4115 2102/4152/4117 2163/4153/4118
f 2165/4150/4115 2163/4153/4118 2164/4154/4119
f 2102/4152/4117 2103/4155/4120 2163/4153/4118
f 2163/4153/4118 2103/4155/4120 2162/4156/4121
f 2162/4156/4121 2103/4155/4120 2104/4157/4122
f 2162/4156/4121 2104/4157/4122 2105/4158/4123
f 2162/4156/4121 2105/4158/4123 2161/4159/4124
f 2161/4159/4124 2105/4158/4123 2106/4160/4125
f 2161/4159/4124 2106/4160/4125 2159/4161/4126
f 2159/4161/4126 2106/4160/4125 2107/4162/4127
f 2159/4161/4126 2107/4162/4127 2109/4163/4128
f 2109/4163/4128 2107/4162/4127 2108/4164/4129
f 2159/4161/4126 2109/4163/4128 2158/4165/4130
f 2158/4165/4130 2109/4163/4128 2110/4166/4131
f 2158/4165/4130 2110/4166/4131 2157/4167/4132
f 2157/4167/4132 2110/4166/4131 2111/4168/4133
f 2157/4167/4132 2111/4168/4133 2156/4169/4134
f 2156/4169/4134 2111/4168/4133 2112/4170/4135
f 2156/4169/4134 2112/4170/4135 2154/4171/4136
f 2154/4171/4136 2112/4170/4135 2153/4172/4137
f 2153/4172/4137 2112/4170/4135 2113/4173/4138
f 2153/4172/4137 2113/4173/4138 2148/4174/4139
f 2148/4174/4139 2113/4173/4138 2147/4175/4140
f 2147/4175/4140 2113/4173/4138 2145/4176/4141
f 2147/4175/4140 2145/4176/4141 2146/4177/4142
f 2113/4173/4138 2114/4178/4143 2145/4176/4141
f 2145/4176/4141 2114/4178/4143 2144/4179/4144
f 2144/4179/4144 2114/4178/4143 2115/4180/4145
f 2144/4179/4144 2115/4180/4145 2143/4181/4146
f 2143/4181/4146 2115/4180/4145 2116/4182/4147
f 2143/4181/4146 2116/4182/4147 2142/4183/4148
f 2142/4183/4148 2116/4182/4147 2118/4184/4149
f 2142/4183/4148 2118/4184/4149 2119/4185/4150
f 2116/4182/4147 2117/4186/4151 2118/4184/4149
f 2142/4183/4148 2119/4185/4150 2138/4187/4152
f 2138/4187/4152 2119/4185/4150 2120/4188/4153
f 2138/4187/4152 2120/4188/4153 2121/4189/4154
f 2138/4187/4152 2121/4189/4154 2137/4190/4155
f 2137/4190/4155 2121/4189/4154 2122/4191/4156
f 2137/4190/4155 2122/4191/4156 2123/4192/4157
f 2137/4190/4155 2123/4192/4157 2133/4193/4158
f 2133/4193/4158 2123/4192/4157 2124/4194/4159
f 2133/4193/4158 2124/4194/4159 2126/4195/4160
f 2126/4195/4160 2124/4194/4159 2125/4196/4161
f 2133/4193/4158 2126/4195/4160 2181/4197/4162
f 2181/4197/4162 2126/4195/4160 2127/4198/4163
f 2181/4197/4162 2127/4198/4163 2180/4199/4164
f 2180/4199/4164 2127/4198/4163 2128/4200/4165
f 2180/4199/4164 2128/4200/4165 2179/4201/4166
f 2179/4201/4166 2128/4200/4165 2129/4202/4167
f 2179/4201/4166 2129/4202/4167 2177/4203/4168
f 2177/4203/4168 2129/4202/4167 2176/4204/4169
f 2176/4204/4169 2129/4202/4167 2130/4205/4170
f 2176/4204/4169 2130/4205/4170 2171/4206/4171
f 2171/4206/4171 2130/4205/4170 2170/4207/4172
f 2170/4207/4172 2130/4205/4170 2168/4208/4173
f 2170/4207/4172 2168/4208/4173 2169/4209/4174
f 2130/4205/4170 2131/4210/4175 2168/4208/4173
f 2168/4208/4173 2131/4210/4175 2167/4211/4176
f 2167/4211/4176 2131/4210/4175 2132/4212/4177
f 2167/4211/4176 2132/4212/4177 2166/4151/4116
f 2166/4151/4116 2132/4212/4177 2099/4149/4114
f 2134/4213/4178 2135/4214/4179 2133/4193/4158
f 2133/4193/4158 2135/4214/4179 2136/4215/4180
f 2133/4193/4158 2136/4215/4180 2137/4190/4155
f 2137/4190/4155 1627/4120/4085 2138/4187/4152
f 2138/4187/4152 1627/4120/4085 1628/4123/4088
f 1627/4120/4085 1626/4216/4181 1600/4116/4081
f 1600/4116/4081 1626/4216/4181 1625/4217/4182
f 1600/4116/4081 1625/4217/4182 1601/4218/4183
f 1608/4105/4070 1613/4107/4072 1609/4219/4184
f 1609/4219/4184 1613/4107/4072 1612/4220/4185
f 1609/4219/4184 1612/4220/4185 1610/4221/4186
f 1610/4221/4186 1612/4220/4185 1611/4222/4187
f 1607/4104/4069 1606/4223/4188 1615/4102/4067
f 1616/4085/4050 1619/4224/4189 1623/4087/4052
f 1621/4092/4057 1620/4225/4190 1624/4094/4059
f 1638/4137/4102 1643/4139/4104 1639/4226/4191
f 1639/4226/4191 1643/4139/4104 1642/4227/4192
f 1639/4226/4191 1642/4227/4192 1640/4228/4193
f 1640/4228/4193 1642/4227/4192 1641/4229/4194
f 1637/4136/4101 1636/4230/4195 1635/4134/4099
f 1631/4231/4196 1630/4232/4197 1632/4126/4091
f 1632/4126/4091 1630/4232/4197 1629/4233/4198
f 1632/4126/4091 1629/4233/4198 1628/4123/4088
f 2138/4187/4152 2139/4234/4199 2142/4183/4148
f 2142/4183/4148 2139/4234/4199 2140/4235/4200
f 2142/4183/4148 2140/4235/4200 2141/4236/4201
f 2153/4172/4137 2148/4174/4139 2152/4237/4202
f 2152/4237/4202 2148/4174/4139 2149/4238/4203
f 2152/4237/4202 2149/4238/4203 2151/4239/4204
f 2151/4239/4204 2149/4238/4203 2150/4240/4205
f 2154/4171/4136 2155/4241/4206 2156/4169/4134
f 2159/4161/4126 2160/4242/4207 2161/4159/4124
f 2176/4204/4169 2171/4206/4171 2175/4243/4208
f 2175/4243/4208 2171/4206/4171 2172/4244/4209
f 2175/4243/4208 2172/4244/4209 2174/4245/4210
f 2174/4245/4210 2172/4244/4209 2173/4246/4211
f 2177/4203/4168 2178/4247/4212 2179/4201/4166
f 1240/4248/4213 1239/4249/4214 2133/4250/4215
f 2133/4250/4215 1239/4249/4214 2134/4251/4216
f 2179/4252/4217 1243/4253/4218 2180/4254/4219
f 2180/4254/4219 1243/4253/4218 1242/4255/4220
f 2180/4254/4219 1242/4255/4220 1241/4256/4221
f 1240/4257/4222 2133/4258/4223 1241/4256/4221
f 1241/4256/4221 2133/4258/4223 2181/4259/4224
f 1241/4256/4221 2181/4259/4224 2180/4254/4219
f 1244/4260/4225 1243/4261/4226 2178/4262/4227
f 2178/4262/4227 1243/4261/4226 2179/4263/4228
f 2169/4264/4229 1253/4265/4230 2170/4266/4231
f 2170/4266/4231 1253/4265/4230 1252/4267/4232
f 2170/4266/4231 1252/4267/4232 2171/4268/4233
f 2171/4268/4233 1252/4267/4232 1251/4269/4234
f 2171/4268/4233 1251/4269/4234 2172/4270/4235
f 2172/4270/4235 1251/4269/4234 1250/4271/4236
f 2172/4270/4235 1250/4271/4236 2173/4272/4237
f 2173/4272/4237 1250/4271/4236 1249/4273/4238
f 2173/4272/4237 1249/4273/4238 2174/4274/4239
f 2174/4274/4239 1249/4273/4238 1248/4275/4240
f 2174/4274/4239 1248/4275/4240 2175/4276/4241
f 2175/4276/4241 1248/4275/4240 1247/4277/4242
f 2175/4276/4241 1247/4277/4242 2176/4278/4243
f 2176/4278/4243 1247/4277/4242 1246/4279/4244
f 2176/4278/4243 1246/4279/4244 2177/4280/4245
f 2177/4280/4245 1246/4279/4244 1245/4281/4246
f 2177/4280/4245 1245/4281/4246 2178/4282/4247
f 2178/4282/4247 1245/4281/4246 1244/4283/4248
f 1254/4284/4249 1253/4285/4250 2168/4286/4251
f 2168/4286/4251 1253/4285/4250 2169/4287/4252
f 2165/4288/4253 1257/4289/4254 2166/4290/4255
f 2166/4290/4255 1257/4289/4254 1256/4291/4256
f 2166/4290/4255 1256/4291/4256 1255/4292/4257
f 1254/4293/4258 2168/4294/4259 1255/4292/4257
f 1255/4292/4257 2168/4294/4259 2167/4295/4260
f 1255/4292/4257 2167/4295/4260 2166/4290/4255
f 1258/4296/4261 1257/4297/4262 2164/4298/4263
f 2164/4298/4263 1257/4297/4262 2165/4299/4264
f 2160/4300/4265 1262/4301/4266 2161/4302/4267
f 2161/4302/4267 1262/4301/4266 1261/4303/4268
f 2161/4302/4267 1261/4303/4268 2162/4304/4269
f 2162/4304/4269 1261/4303/4268 1260/4305/4270
f 2162/4304/4269 1260/4305/4270 2163/4306/4271
f 2163/4306/4271 1260/4305/4270 1259/4307/4272
f 2163/4306/4271 1259/4307/4272 2164/4308/4273
f 2164/4308/4273 1259/4307/4272 1258/4309/4274
f 1263/4310/4275 1262/4311/4276 2159/4312/4277
f 2159/4312/4277 1262/4311/4276 2160/4313/4278
f 2134/4314/4279 1239/4315/4280 2135/4316/4281
f 2135/4316/4281 1239/4315/4280 1238/4317/4282
f 2135/4316/4281 1238/4317/4282 2136/4318/4283
f 2136/4318/4283 1238/4317/4282 1237/4319/4284
f 2136/4318/4283 1237/4319/4284 2137/4320/4285
f 2137/4320/4285 1237/4319/4284 1236/4321/4286
f 1236/4322/4287 1235/4323/4288 2137/4324/4289
f 2137/4324/4289 1235/4323/4288 1627/4325/4290
f 1187/4326/4291 1186/4327/4292 1628/4328/4293
f 1628/4328/4293 1186/4327/4292 2138/4329/4294
f 2138/4330/4295 1186/4331/4296 2139/4332/4297
f 2139/4332/4297 1186/4331/4296 1283/4333/4298
f 2139/4332/4297 1283/4333/4298 2140/4334/4299
f 2140/4334/4299 1283/4333/4298 1282/4335/4300
f 2140/4334/4299 1282/4335/4300 2141/4336/4301
f 2141/4336/4301 1282/4335/4300 1281/4337/4302
f 1281/4338/4303 1280/4339/4304 2141/4340/4305
f 2141/4340/4305 1280/4339/4304 2142/4341/4306
f 2142/4342/4307 1280/4343/4308 2143/4344/4309
f 2143/4344/4309 1280/4343/4308 1279/4345/4310
f 2143/4344/4309 1279/4345/4310 1278/4346/4311
f 1277/4347/4312 2145/4348/4313 1278/4346/4311
f 1278/4346/4311 2145/4348/4313 2144/4349/4314
f 1278/4346/4311 2144/4349/4314 2143/4344/4309
f 1277/4350/4315 1276/4351/4316 2145/4352/4317
f 2145/4352/4317 1276/4351/4316 2146/4353/4318
f 2146/4354/4319 1276/4355/4320 2147/4356/4321
f 2147/4356/4321 1276/4355/4320 1275/4357/4322
f 2147/4356/4321 1275/4357/4322 2148/4358/4323
f 2148/4358/4323 1275/4357/4322 1274/4359/4324
f 2148/4358/4323 1274/4359/4324 2149/4360/4325
f 2149/4360/4325 1274/4359/4324 1273/4361/4326
f 2149/4360/4325 1273/4361/4326 2150/4362/4327
f 2150/4362/4327 1273/4361/4326 1272/4363/4328
f 2150/4362/4327 1272/4363/4328 2151/4364/4329
f 2151/4364/4329 1272/4363/4328 1271/4365/4330
f 2151/4364/4329 1271/4365/4330 2152/4366/4331
f 2152/4366/4331 1271/4365/4330 1270/4367/4332
f 2152/4366/4331 1270/4367/4332 2153/4368/4333
f 2153/4368/4333 1270/4367/4332 1269/4369/4334
f 2153/4368/4333 1269/4369/4334 2154/4370/4335
f 2154/4370/4335 1269/4369/4334 1268/4371/4336
f 2154/4370/4335 1268/4371/4336 2155/4372/4337
f 2155/4372/4337 1268/4371/4336 1267/4373/4338
f 1267/4374/4339 1266/4375/4340 2155/4376/4341
f 2155/4376/4341 1266/4375/4340 2156/4377/4342
f 2156/4378/4343 1266/4379/4344 2157/4380/4345
f 2157/4380/4345 1266/4379/4344 1265/4381/4346
f 2157/4380/4345 1265/4381/4346 1264/4382/4347
f 1263/4383/4348 2159/4384/4349 1264/4382/4347
f 1264/4382/4347 2159/4384/4349 2158/4385/4350
f 1264/4382/4347 2158/4385/4350 2157/4380/4345
f 2183/4386/4351 2222/4387/4352 2182/4388/4353
f 2182/4389/4353 2222/4390/4352 2223/4391/4354
f 2182/4389/4353 2223/4391/4354 2205/4392/4355
f 2205/4392/4355 2223/4391/4354 2224/4393/4356
f 2205/4392/4355 2224/4393/4356 2204/4394/4357
f 2204/4394/4357 2224/4393/4356 2225/4395/4358
f 2204/4394/4357 2225/4395/4358 2203/4396/4359
f 2203/4396/4359 2225/4395/4358 2226/4397/4360
f 2203/4396/4359 2226/4397/4360 2202/4398/4361
f 2202/4398/4361 2226/4397/4360 1328/4399/4362
f 2202/4398/4361 1328/4399/4362 2201/4400/4363
f 2201/4400/4363 1328/4399/4362 1327/4401/4364
f 2201/4400/4363 1327/4401/4364 2227/4402/4365
f 2222/4387/4352 2183/4386/4351 2221/4403/4366
f 2221/4403/4366 2183/4386/4351 2184/4404/4367
f 2221/4403/4366 2184/4404/4367 2220/4405/4368
f 2220/4405/4368 2184/4404/4367 2185/4406/4369
f 2220/4405/4368 2185/4406/4369 2219/4407/4370
f 2219/4407/4370 2185/4406/4369 2186/4408/4371
f 2219/4407/4370 2186/4408/4371 2218/4409/4372
f 2218/4409/4372 2186/4408/4371 2187/4410/4373
f 2218/4409/4372 2187/4410/4373 2217/4411/4374
f 2217/4411/4374 2187/4410/4373 2188/4412/4375
f 2217/4411/4374 2188/4412/4375 2216/4413/4376
f 2216/4413/4376 2188/4412/4375 2215/4414/4377
f 2215/4414/4377 2188/4412/4375 2189/4415/4378
f 2215/4414/4377 2189/4415/4378 2214/4416/4379
f 2214/4416/4379 2189/4415/4378 2190/4417/4380
f 2214/4416/4379 2190/4417/4380 2213/4418/4381
f 2213/4418/4381 2190/4417/4380 2191/4419/4382
f 2213/4418/4381 2191/4419/4382 2212/4420/4383
f 2212/4420/4383 2191/4419/4382 2192/4421/4384
f 2212/4420/4383 2192/4421/4384 2211/4422/4385
f 2211/4422/4385 2192/4421/4384 2193/4423/4386
f 2211/4422/4385 2193/4423/4386 2210/4424/4387
f 2210/4424/4387 2193/4423/4386 2194/4425/4388
f 2210/4424/4387 2194/4425/4388 2209/4426/4389
f 2209/4426/4389 2194/4425/4388 2195/4427/4390
f 2209/4426/4389 2195/4427/4390 2208/4428/4391
f 2208/4428/4391 2195/4427/4390 2196/4429/4392
f 2208/4428/4391 2196/4429/4392 2207/4430/4393
f 2207/4430/4393 2196/4429/4392 2197/4431/4394
f 2207/4430/4393 2197/4431/4394 2206/4432/4395
f 2206/4432/4395 2197/4431/4394 2198/4433/4396
f 2206/4432/4395 2198/4433/4396 1310/4434/4397
f 1310/4434/4397 2198/4433/4396 2199/4435/4398
f 1310/4434/4397 2199/4435/4398 2229/4436/4399
f 2229/4436/4399 2199/4435/4398 2200/4437/4400
f 2229/4436/4399 2200/4437/4400 2228/4438/4401
f 2228/4438/4401 2200/4437/4400 2227/4402/4365
f 2227/4402/4365 2200/4437/4400 2201/4400/4363
f 2229/4436/4399 1311/4439/4402 1310/4434/4397
f 2061/4440/4403 2208/4441/4404 1309/4442/4405
f 1309/4442/4405 2208/4441/4404 2207/4443/4406
f 1309/4442/4405 2207/4443/4406 2206/4444/4407
f 2230/4445/4408 2213/4446/4409 2061/4440/4403
f 2061/4440/4403 2213/4446/4409 2212/4447/4410
f 2061/4440/4403 2212/4447/4410 2211/4448/4411
f 2231/4449/4412 2216/4450/4413 2230/4445/4408
f 2230/4445/4408 2216/4450/4413 2215/4451/4414
f 2230/4445/4408 2215/4451/4414 2214/4452/4415
f 1852/4453/4416 2219/4454/4417 2231/4449/4412
f 2231/4449/4412 2219/4454/4417 2218/4455/4418
f 2231/4449/4412 2218/4455/4418 2217/4456/4419
f 1329/4457/4420 2224/4458/4421 1852/4453/4416
f 1852/4453/4416 2224/4458/4421 2223/4459/4422
f 1852/4453/4416 2223/4459/4422 2222/4460/4423
f 1328/4461/4424 2226/4462/4425 1329/4457/4420
f 1329/4457/4420 2226/4462/4425 2225/4463/4426
f 1329/4457/4420 2225/4463/4426 2224/4458/4421
f 2222/4460/4423 2221/4464/4427 1852/4453/4416
f 1852/4453/4416 2221/4464/4427 2220/4465/4428
f 1852/4453/4416 2220/4465/4428 2219/4454/4417
f 2217/4456/4419 2216/4450/4413 2231/4449/4412
f 2214/4452/4415 2213/4446/4409 2230/4445/4408
f 2211/4448/4411 2210/4466/4429 2061/4440/4403
f 2061/4440/4403 2210/4466/4429 2209/4467/4430
f 2061/4440/4403 2209/4467/4430 2208/4441/4404
f 2206/4444/4407 1310/4468/4431 1309/4442/4405
f 836/4469/4432 2198/4470/4433 2232/4471/4434
f 2232/4471/4434 2198/4470/4433 2197/4472/4435
f 2232/4471/4434 2197/4472/4435 2196/4473/4436
f 841/4474/4437 2200/4475/4438 836/4469/4432
f 836/4469/4432 2200/4475/4438 2199/4476/4439
f 836/4469/4432 2199/4476/4439 2198/4470/4433
f 2233/4477/4440 2202/4478/4441 841/4474/4437
f 841/4474/4437 2202/4478/4441 2201/4479/4442
f 841/4474/4437 2201/4479/4442 2200/4475/4438
f 1855/4480/4443 1854/4481/4444 2233/4477/4440
f 2233/4477/4440 1854/4481/4444 2183/4482/4445
f 2233/4477/4440 2183/4482/4445 2182/4483/4446
f 2059/4484/4447 2188/4485/4448 1854/4481/4444
f 1854/4481/4444 2188/4485/4448 2187/4486/4449
f 1854/4481/4444 2187/4486/4449 2186/4487/4450
f 2058/4488/4451 2232/4471/4434 2059/4484/4447
f 2059/4484/4447 2232/4471/4434 2193/4489/4452
f 2059/4484/4447 2193/4489/4452 2192/4490/4453
f 2182/4483/4446 2205/4491/4454 2233/4477/4440
f 2233/4477/4440 2205/4491/4454 2204/4492/4455
f 2233/4477/4440 2204/4492/4455 2203/4493/4456
f 2203/4493/4456 2202/4478/4441 2233/4477/4440
f 2196/4473/4436 2195/4494/4457 2232/4471/4434
f 2232/4471/4434 2195/4494/4457 2194/4495/4458
f 2232/4471/4434 2194/4495/4458 2193/4489/4452
f 2192/4490/4453 2191/4496/4459 2059/4484/4447
f 2059/4484/4447 2191/4496/4459 2190/4497/4460
f 2059/4484/4447 2190/4497/4460 2189/4498/4461
f 2189/4498/4461 2188/4485/4448 2059/4484/4447
f 2186/4487/4450 2185/4499/4462 1854/4481/4444
f 1854/4481/4444 2185/4499/4462 2184/4500/4463
f 1854/4481/4444 2184/4500/4463 2183/4482/4445
f 2231/4501/4464 1853/4502/4465 1852/4503/4466
f 2061/4504/4467 2060/4505/4468 2230/4506/4469
f 2094/4507/4470 2093/4508/4471 2234/4509/4472
f 2234/4509/4472 2093/4508/4471 2236/4510/4473
f 2236/4510/4473 2093/4508/4471 2235/4511/4474
f 2235/4511/4474 2093/4508/4471 2092/4512/4475
f 2235/4511/4474 2092/4512/4475 2083/4513/4476
f 2083/4513/4476 2092/4512/4475 2074/4514/4477
f 538/4515/4478 537/4516/4479 2234/4517/4480
f 2234/4517/4480 537/4516/4479 2094/4518/4481
f 2094/4518/4481 537/4516/4479 2095/4519/4482
f 2095/4519/4482 537/4516/4479 1314/4520/4483
f 2237/4521/4484 2238/4522/4485 2242/4523/4486
f 2242/4523/4486 2238/4522/4485 2239/4524/4487
f 2242/4523/4486 2239/4524/4487 2240/4525/4488
f 2242/4523/4486 2240/4525/4488 2241/4526/4489
f 2241/4526/4489 2240/4525/4488 2067/4527/4490
f 2241/4526/4489 2067/4527/4490 2066/4528/4491
f 1323/4529/4492 2243/4530/4493 1324/4531/4494
f 1324/4531/4494 2243/4530/4493 2238/4532/4495
f 1324/4531/4494 2238/4532/4495 2244/4533/4496
f 2244/4533/4496 2238/4532/4495 2237/4534/4497
f 2246/4535/4498 2243/4536/4499 2245/4537/4500
f 2245/4537/4500 2243/4536/4499 1323/4538/4501
f 2245/4537/4500 1323/4538/4501 2251/4539/4502
f 2251/4539/4502 1323/4538/4501 1322/4540/4503
f 2247/4541/4504 2239/4542/4505 2246/4535/4498
f 2246/4535/4498 2239/4542/4505 2238/4543/4506
f 2246/4535/4498 2238/4543/4506 2243/4536/4499
f 2239/4542/4505 2247/4541/4504 2240/4544/4507
f 2240/4544/4507 2247/4541/4504 2248/4545/4508
f 2240/4544/4507 2248/4545/4508 2067/4546/4509
f 2067/4546/4509 2248/4545/4508 2068/4547/4510
f 2068/4547/4510 2248/4545/4508 2249/4548/4511
f 2068/4547/4510 2249/4548/4511 2069/4549/4512
f 2069/4549/4512 2249/4548/4511 2250/4550/4513
f 2069/4549/4512 2250/4550/4513 2070/4551/4514
f 2070/4551/4514 2250/4550/4513 2072/4552/4012
f 2070/4551/4514 2072/4552/4012 2071/4553/4013
f 2251/4539/4502 2252/4554/4515 2245/4537/4500
f 2245/4537/4500 2252/4554/4515 2253/4555/4516
f 538/4556/4517 2259/4557/4518 539/4558/4519
f 539/4558/4519 2259/4557/4518 2262/4559/4520
f 539/4558/4519 2262/4559/4520 1319/4560/4521
f 2259/4557/4518 538/4556/4517 2258/4561/4522
f 2258/4561/4522 538/4556/4517 2234/4562/4523
f 2258/4561/4522 2234/4562/4523 2236/4563/4524
f 2258/4561/4522 2236/4563/4524 2257/4564/4525
f 2257/4564/4525 2236/4563/4524 2235/4565/4526
f 2257/4564/4525 2235/4565/4526 2256/4566/4527
f 2256/4566/4527 2235/4565/4526 2083/4567/4528
f 2256/4566/4527 2083/4567/4528 2082/4568/4529
f 2256/4566/4527 2082/4568/4529 2255/4569/4530
f 2255/4569/4530 2082/4568/4529 2081/4570/4531
f 2255/4569/4530 2081/4570/4531 2254/4571/4532
f 2254/4571/4532 2081/4570/4531 2080/4572/4533
f 2254/4571/4532 2080/4572/4533 2085/4573/4024
f 2085/4573/4024 2080/4572/4533 2079/4574/4025
f 2260/4575/4534 2261/4576/4535 2259/4557/4518
f 2259/4557/4518 2261/4576/4535 2262/4559/4520
f 2263/4577/4536 2266/4578/4537 2253/4579/4538
f 2253/4579/4538 2266/4578/4537 2260/4580/4539
f 2253/4579/4538 2260/4580/4539 2310/4581/4540
f 2310/4581/4540 2260/4580/4539 2267/4582/4541
f 2310/4581/4540 2267/4582/4541 2268/4583/4542
f 2266/4578/4537 2263/4577/4536 2265/4584/4543
f 2265/4584/4543 2263/4577/4536 2264/4585/4544
f 2265/4584/4543 2264/4585/4544 1320/4586/4545
f 1320/4586/4545 2264/4585/4544 1321/4587/4546
f 2260/4580/4539 2259/4588/4547 2267/4582/4541
f 2310/4581/4540 2268/4583/4542 2309/4589/4548
f 2309/4589/4548 2268/4583/4542 2269/4590/4549
f 2309/4589/4548 2269/4590/4549 2308/4591/4550
f 2308/4591/4550 2269/4590/4549 2270/4592/4551
f 2308/4591/4550 2270/4592/4551 2307/4593/4552
f 2307/4593/4552 2270/4592/4551 2271/4594/4553
f 2307/4593/4552 2271/4594/4553 2306/4595/4554
f 2306/4595/4554 2271/4594/4553 2272/4596/4555
f 2306/4595/4554 2272/4596/4555 2305/4597/4556
f 2305/4597/4556 2272/4596/4555 2273/4598/4557
f 2305/4597/4556 2273/4598/4557 2304/4599/4558
f 2304/4599/4558 2273/4598/4557 2274/4600/4559
f 2304/4599/4558 2274/4600/4559 2303/4601/4560
f 2303/4601/4560 2274/4600/4559 2275/4602/4561
f 2303/4601/4560 2275/4602/4561 2302/4603/4562
f 2302/4603/4562 2275/4602/4561 2301/4604/4563
f 2301/4604/4563 2275/4602/4561 2276/4605/4564
f 2301/4604/4563 2276/4605/4564 2300/4606/4565
f 2300/4606/4565 2276/4605/4564 2277/4607/4566
f 2300/4606/4565 2277/4607/4566 2278/4608/4567
f 2300/4606/4565 2278/4608/4567 2299/4609/4568
f 2299/4609/4568 2278/4608/4567 2279/4610/4569
f 2299/4609/4568 2279/4610/4569 2298/4611/4570
f 2298/4611/4570 2279/4610/4569 2280/4612/4571
f 2298/4611/4570 2280/4612/4571 2297/4613/4572
f 2297/4613/4572 2280/4612/4571 2281/4614/4573
f 2297/4613/4572 2281/4614/4573 2296/4615/4574
f 2296/4615/4574 2281/4614/4573 2282/4616/4575
f 2296/4615/4574 2282/4616/4575 2295/4617/4576
f 2295/4617/4576 2282/4616/4575 2283/4618/4577
f 2295/4617/4576 2283/4618/4577 2294/4619/4578
f 2294/4619/4578 2283/4618/4577 2284/4620/4579
f 2294/4619/4578 2284/4620/4579 2293/4621/4580
f 2293/4621/4580 2284/4620/4579 2285/4622/4581
f 2293/4621/4580 2285/4622/4581 2292/4623/4582
f 2292/4623/4582 2285/4622/4581 2290/4624/4583
f 2292/4623/4582 2290/4624/4583 2291/4625/4584
f 2086/4626/4585 2098/4627/4586 2285/4622/4581
f 2285/4622/4581 2098/4627/4586 2290/4624/4583
f 2290/4624/4583 2098/4627/4586 2289/4628/4587
f 2289/4628/4587 2098/4627/4586 2286/4629/4588
f 2289/4628/4587 2286/4629/4588 2228/4630/4589
f 2228/4630/4589 2286/4629/4588 2287/4631/4590
f 2228/4630/4589 2287/4631/4590 2229/4632/4591
f 2229/4632/4591 2287/4631/4590 1311/4633/4592
f 1311/4633/4592 2287/4631/4590 1312/4634/4593
f 2289/4628/4587 2228/4630/4589 2288/4635/4594
f 2288/4635/4594 2228/4630/4589 2227/4636/4595
f 2288/4635/4594 2227/4636/4595 1327/4637/4596
f 1327/4637/4596 1326/4638/4597 2288/4635/4594
f 2310/4581/4540 2245/4639/4598 2253/4579/4538
f 2098/4640/4599 2097/4641/4600 2286/4642/4601
f 2286/4642/4601 2097/4641/4600 2287/4643/4602
f 2287/4643/4602 2097/4641/4600 2096/4644/4603
f 2287/4643/4602 2096/4644/4603 1312/4645/4604
f 1312/4645/4604 2096/4644/4603 1313/4646/4605
f 1319/4647/4606 2262/4648/4607 1320/4649/4608
f 1320/4649/4608 2262/4648/4607 2265/4650/4609
f 2265/4650/4609 2262/4648/4607 2261/4651/4610
f 2265/4650/4609 2261/4651/4610 2266/4652/4611
f 2266/4652/4611 2261/4651/4610 2260/4653/4612
f 1322/4654/4613 1321/4655/4614 2251/4656/4615
f 2251/4656/4615 1321/4655/4614 2264/4657/4616
f 2251/4656/4615 2264/4657/4616 2252/4658/4617
f 2252/4658/4617 2264/4657/4616 2263/4659/4618
f 2252/4658/4617 2263/4659/4618 2253/4660/4619
f 2290/4661/4620 2311/4662/4621 2291/4663/4622
f 2291/4663/4622 2311/4662/4621 2312/4664/4623
f 2291/4663/4622 2312/4664/4623 1324/4665/4624
f 1324/4665/4624 2312/4664/4623 1325/4666/4625
f 1324/4665/4624 2244/4667/4626 2291/4663/4622
f 2291/4663/4622 2244/4667/4626 2317/4668/4627
f 2317/4668/4627 2244/4667/4626 2237/4669/4628
f 2317/4668/4627 2237/4669/4628 2242/4670/4629
f 2317/4668/4627 2242/4670/4629 2316/4671/4630
f 2316/4671/4630 2242/4670/4629 2241/4672/4631
f 2316/4671/4630 2241/4672/4631 2315/4673/4632
f 2315/4673/4632 2241/4672/4631 2066/4674/4633
f 2315/4673/4632 2066/4674/4633 2065/4675/4634
f 2315/4673/4632 2065/4675/4634 2314/4676/4635
f 2314/4676/4635 2065/4675/4634 2064/4677/4636
f 2314/4676/4635 2064/4677/4636 2313/4678/4637
f 2313/4678/4637 2064/4677/4636 2063/4679/4638
f 2313/4678/4637 2063/4679/4638 2073/4680/4010
f 2073/4680/4010 2063/4679/4638 2062/4681/4011
f 1325/4682/4639 2312/4683/4640 1326/4684/4641
f 1326/4684/4641 2312/4683/4640 2288/4685/4642
f 2288/4685/4642 2312/4683/4640 2311/4686/4643
f 2288/4685/4642 2311/4686/4643 2289/4687/4644
f 2289/4687/4644 2311/4686/4643 2290/4688/4645
f 2270/4689/4646 2318/4690/4647 2271/4691/4648
f 2271/4691/4648 2318/4690/4647 2319/4692/4649
f 2271/4691/4648 2319/4692/4649 2272/4693/4650
f 2272/4693/4650 2319/4692/4649 2320/4694/4651
f 2272/4693/4650 2320/4694/4651 2273/4695/4652
f 2273/4695/4652 2320/4694/4651 2321/4696/4653
f 2273/4695/4652 2321/4696/4653 2274/4697/4654
f 2274/4697/4654 2321/4696/4653 2278/4698/4655
f 2274/4697/4654 2278/4698/4655 2275/4699/4656
f 2275/4699/4656 2278/4698/4655 2277/4700/4657
f 2275/4699/4656 2277/4700/4657 2276/4701/4658
f 2321/4696/4653 2322/4702/4659 2278/4698/4655
f 2278/4698/4655 2322/4702/4659 2279/4703/4660
f 2279/4703/4660 2322/4702/4659 2323/4704/4661
f 2279/4703/4660 2323/4704/4661 2280/4705/4662
f 2280/4705/4662 2323/4704/4661 2324/4706/4663
f 2280/4705/4662 2324/4706/4663 2281/4707/4664
f 2281/4707/4664 2324/4706/4663 2325/4708/4665
f 2281/4707/4664 2325/4708/4665 2282/4709/4666
f 2269/4710/4667 2257/4711/4668 2270/4712/4669
f 2270/4712/4669 2257/4711/4668 2256/4713/4670
f 2270/4712/4669 2256/4713/4670 2318/4714/4671
f 2318/4714/4671 2256/4713/4670 2255/4715/4672
f 2318/4714/4671 2255/4715/4672 2319/4716/4673
f 2319/4716/4673 2255/4715/4672 2254/4717/4674
f 2319/4716/4673 2254/4717/4674 2320/4718/4675
f 2320/4718/4675 2254/4717/4674 2085/4719/4676
f 2320/4718/4675 2085/4719/4676 2321/4720/4677
f 2269/4710/4667 2268/4721/4678 2257/4711/4668
f 2257/4711/4668 2268/4721/4678 2258/4722/4679
f 2258/4722/4679 2268/4721/4678 2267/4723/4680
f 2258/4722/4679 2267/4723/4680 2259/4724/4681
f 2084/4725/4682 2322/4726/4683 2085/4727/4684
f 2085/4727/4684 2322/4726/4683 2321/4728/4685
f 2086/4729/4686 2285/4730/4687 2087/4731/4688
f 2087/4731/4688 2285/4730/4687 2284/4732/4689
f 2087/4731/4688 2284/4732/4689 2088/4733/4690
f 2088/4733/4690 2284/4732/4689 2283/4734/4691
f 2088/4733/4690 2283/4734/4691 2282/4735/4692
f 2088/4733/4690 2282/4735/4692 2089/4736/4693
f 2089/4736/4693 2282/4735/4692 2325/4737/4694
f 2089/4736/4693 2325/4737/4694 2090/4738/4695
f 2090/4738/4695 2325/4737/4694 2324/4739/4696
f 2090/4738/4695 2324/4739/4696 2091/4740/4697
f 2091/4740/4697 2324/4739/4696 2323/4741/4698
f 2091/4740/4697 2323/4741/4698 2084/4742/4699
f 2084/4742/4699 2323/4741/4698 2322/4743/4700
f 2295/4744/4701 2326/4745/4702 2296/4746/4703
f 2296/4746/4703 2326/4745/4702 2327/4747/4704
f 2296/4746/4703 2327/4747/4704 2297/4748/4705
f 2297/4748/4705 2327/4747/4704 2328/4749/4706
f 2297/4748/4705 2328/4749/4706 2298/4750/4707
f 2298/4750/4707 2328/4749/4706 2329/4751/4708
f 2298/4750/4707 2329/4751/4708 2299/4752/4709
f 2299/4752/4709 2329/4751/4708 2330/4753/4710
f 2299/4752/4709 2330/4753/4710 2303/4754/4711
f 2303/4754/4711 2330/4753/4710 2304/4755/4712
f 2304/4755/4712 2330/4753/4710 2331/4756/4713
f 2304/4755/4712 2331/4756/4713 2305/4757/4714
f 2305/4757/4714 2331/4756/4713 2332/4758/4715
f 2305/4757/4714 2332/4758/4715 2306/4759/4716
f 2306/4759/4716 2332/4758/4715 2333/4760/4717
f 2306/4759/4716 2333/4760/4717 2307/4761/4718
f 2303/4754/4711 2302/4762/4719 2299/4752/4709
f 2299/4752/4709 2302/4762/4719 2300/4763/4720
f 2300/4763/4720 2302/4762/4719 2301/4764/4721
f 2294/4765/4722 2316/4766/4723 2295/4767/4724
f 2295/4767/4724 2316/4766/4723 2315/4768/4725
f 2295/4767/4724 2315/4768/4725 2326/4769/4726
f 2326/4769/4726 2315/4768/4725 2314/4770/4727
f 2326/4769/4726 2314/4770/4727 2327/4771/4728
f 2327/4771/4728 2314/4770/4727 2313/4772/4729
f 2327/4771/4728 2313/4772/4729 2328/4773/4730
f 2328/4773/4730 2313/4772/4729 2073/4774/4731
f 2328/4773/4730 2073/4774/4731 2329/4775/4732
f 2294/4765/4722 2293/4776/4733 2316/4766/4723
f 2316/4766/4723 2293/4776/4733 2317/4777/4734
f 2317/4777/4734 2293/4776/4733 2292/4778/4735
f 2317/4777/4734 2292/4778/4735 2291/4779/4736
f 2329/4780/4732 2073/4781/4731 2330/4782/4737
f 2330/4782/4737 2073/4781/4731 2072/4783/4738
f 2245/4784/4739 2310/4785/4740 2246/4786/4741
f 2246/4786/4741 2310/4785/4740 2309/4787/4742
f 2246/4786/4741 2309/4787/4742 2247/4788/4743
f 2247/4788/4743 2309/4787/4742 2308/4789/4744
f 2247/4788/4743 2308/4789/4744 2307/4790/4745
f 2247/4788/4743 2307/4790/4745 2248/4791/4746
f 2248/4791/4746 2307/4790/4745 2333/4792/4747
f 2248/4791/4746 2333/4792/4747 2249/4793/4748
f 2249/4793/4748 2333/4792/4747 2332/4794/4749
f 2249/4793/4748 2332/4794/4749 2250/4795/4750
f 2250/4795/4750 2332/4794/4749 2331/4796/4751
f 2250/4795/4750 2331/4796/4751 2072/4797/4752
f 2072/4797/4752 2331/4796/4751 2330/4798/4753
f 2059/4799/4754 1854/4800/4755 2060/4801/4756
f 2060/4801/4756 1854/4800/4755 1853/4802/4757
f 2060/4801/4756 1853/4802/4757 2231/4803/4758
f 2231/4803/4758 2230/4804/4759 2060/4801/4756
f 1132/4805/1691 922/4806/1693 1103/4807/4760
f 1103/4807/4760 922/4806/1693 921/4808/4761
f 1103/4807/4760 921/4808/4761 1104/4809/4762
f 1104/4809/4762 921/4808/4761 1309/4810/3999
f 1104/4809/4762 1309/4810/3999 1108/4811/4763
f 2335/4812/4764 2342/4813/4765 2334/4814/4766
f 2334/4814/4766 2342/4813/4765 2343/4815/4767
f 2334/4814/4766 2343/4815/4767 2345/4816/4768
f 2345/4816/4768 2343/4815/4767 2344/4817/4769
f 2345/4816/4768 2344/4817/4769 2058/4818/4770
f 2058/4818/4770 2344/4817/4769 2232/4819/4771
f 2342/4813/4765 2335/4812/4764 2340/4820/4772
f 2340/4820/4772 2335/4812/4764 2336/4821/4773
f 2340/4820/4772 2336/4821/4773 2339/4822/4774
f 2339/4822/4774 2336/4821/4773 2337/4823/4775
f 2339/4822/4774 2337/4823/4775 2338/4824/4776
f 2338/4824/4776 2337/4823/4775 1329/4825/2230
f 2338/4824/4776 1329/4825/2230 1851/4826/4777
f 2342/4813/4765 2340/4820/4772 2341/4827/4778
f 2341/4827/4778 2340/4820/4772 1855/4828/4779
f 2341/4827/4778 1855/4828/4779 2233/4829/4780
f 2334/4814/4766 2345/4816/4768 2349/4830/4781
f 2349/4830/4781 2345/4816/4768 2346/4831/4782
f 2349/4830/4781 2346/4831/4782 2348/4832/4783
f 2348/4832/4783 2346/4831/4782 2347/4833/4784
f 2348/4832/4783 2347/4833/4784 1309/4834/2190
f 1309/4834/2190 2347/4833/4784 2057/4835/4785
f 918/4836/4786 917/4837/4787 2334/4838/4788
f 2334/4838/4788 917/4837/4787 2335/4839/4789
f 917/4840/4790 916/4841/4791 2335/4842/4792
f 2335/4842/4792 916/4841/4791 2336/4843/4793
f 916/4844/4794 915/4845/4795 2336/4846/4796
f 2336/4846/4796 915/4845/4795 2337/4847/4797
f 915/4848/4798 914/4849/4799 2337/4850/4800
f 2337/4850/4800 914/4849/4799 1329/4851/4801
f 831/4852/4802 830/4853/4803 1851/4854/4804
f 1851/4854/4804 830/4853/4803 2338/4855/4805
f 830/4856/4806 829/4857/4807 2338/4858/4808
f 2338/4858/4808 829/4857/4807 2339/4859/4809
f 829/4860/4810 828/4861/4811 2339/4862/4812
f 2339/4862/4812 828/4861/4811 2340/4863/4813
f 828/4864/4814 827/4865/4815 2340/4866/4816
f 2340/4866/4816 827/4865/4815 1855/4867/4817
f 841/4868/4818 840/4869/4819 2233/4870/4820
f 2233/4870/4820 840/4869/4819 2341/4871/4821
f 840/4872/4822 839/4873/4823 2341/4874/4824
f 2341/4874/4824 839/4873/4823 2342/4875/4825
f 839/4876/4826 838/4877/4827 2342/4878/4828
f 2342/4878/4828 838/4877/4827 2343/4879/4829
f 838/4880/4830 837/4881/4831 2343/4882/4832
f 2343/4882/4832 837/4881/4831 2344/4883/4833
f 837/4884/4834 836/4885/4835 2344/4886/4836
f 2344/4886/4836 836/4885/4835 2232/4887/4837
f 846/4888/4838 845/4889/4839 2058/4890/4840
f 2058/4890/4840 845/4889/4839 2345/4891/4841
f 845/4892/4842 844/4893/4843 2345/4894/4844
f 2345/4894/4844 844/4893/4843 2346/4895/4845
f 844/4896/4846 843/4897/4847 2346/4898/4848
f 2346/4898/4848 843/4897/4847 2347/4899/4849
f 843/4900/4850 842/4901/4851 2347/4902/4852
f 2347/4902/4852 842/4901/4851 2057/4903/4853
f 921/4904/4854 920/4905/4855 1309/4906/4856
f 1309/4906/4856 920/4905/4855 2348/4907/4857
f 920/4908/4858 919/4909/4859 2348/4910/4860
f 2348/4910/4860 919/4909/4859 2349/4911/4861
f 919/4912/4862 918/4913/4863 2349/4914/4864
f 2349/4914/4864 918/4913/4863 2334/4915/4865
f 2101/4916/4866 2100/4917/4867 880/4918/4868
f 880/4918/4868 2100/4917/4867 847/4919/4869
f 874/4920/4870 2107/4921/4871 875/4922/4872
f 875/4922/4872 2107/4921/4871 2106/4923/4873
f 875/4922/4872 2106/4923/4873 2105/4924/4874
f 875/4922/4872 2105/4924/4874 876/4925/4875
f 876/4925/4875 2105/4924/4874 2104/4926/4876
f 876/4925/4875 2104/4926/4876 877/4927/4877
f 877/4927/4877 2104/4926/4876 2103/4928/4878
f 877/4927/4877 2103/4928/4878 878/4929/4879
f 878/4929/4879 2103/4928/4878 2102/4930/4880
f 878/4929/4879 2102/4930/4880 879/4931/4881
f 879/4931/4881 2102/4930/4880 880/4932/4882
f 880/4932/4882 2102/4930/4880 2101/4933/4883
f 2108/4934/4884 2107/4935/4885 873/4936/4886
f 873/4936/4886 2107/4935/4885 874/4937/4887
f 2109/4938/4888 2108/4939/4889 872/4940/4890
f 872/4940/4890 2108/4939/4889 873/4941/4891
f 865/4942/4892 2116/4943/4893 866/4944/4894
f 866/4944/4894 2116/4943/4893 2115/4945/4895
f 866/4944/4894 2115/4945/4895 867/4946/4896
f 867/4946/4896 2115/4945/4895 2114/4947/4897
f 867/4946/4896 2114/4947/4897 868/4948/4898
f 868/4948/4898 2114/4947/4897 2113/4949/4899
f 868/4948/4898 2113/4949/4899 869/4950/4900
f 869/4950/4900 2113/4949/4899 2112/4951/4901
f 869/4950/4900 2112/4951/4901 870/4952/4902
f 870/4952/4902 2112/4951/4901 2111/4953/4903
f 870/4952/4902 2111/4953/4903 871/4954/4904
f 871/4954/4904 2111/4953/4903 2110/4955/4905
f 871/4954/4904 2110/4955/4905 872/4956/4906
f 872/4956/4906 2110/4955/4905 2109/4957/4907
f 2100/4958/4908 2099/4959/4909 847/4960/4910
f 847/4960/4910 2099/4959/4909 848/4961/4911
f 848/4962/4912 2099/4963/4913 849/4964/4914
f 849/4964/4914 2099/4963/4913 2132/4965/4915
f 849/4964/4914 2132/4965/4915 850/4966/4916
f 850/4966/4916 2132/4965/4915 2131/4967/4917
f 850/4966/4916 2131/4967/4917 851/4968/4918
f 851/4968/4918 2131/4967/4917 2130/4969/4919
f 851/4968/4918 2130/4969/4919 852/4970/4920
f 852/4970/4920 2130/4969/4919 2129/4971/4921
f 852/4970/4920 2129/4971/4921 853/4972/4922
f 853/4972/4922 2129/4971/4921 2128/4973/4923
f 853/4972/4922 2128/4973/4923 854/4974/4924
f 854/4974/4924 2128/4973/4923 2127/4975/4925
f 854/4974/4924 2127/4975/4925 855/4976/4926
f 855/4976/4926 2127/4975/4925 2126/4977/4927
f 2126/4978/4928 2125/4979/4929 855/4980/4930
f 855/4980/4930 2125/4979/4929 856/4981/4931
f 2125/4982/4932 2124/4983/4933 856/4984/4934
f 856/4984/4934 2124/4983/4933 857/4985/4935
f 857/4986/4936 2124/4987/4937 858/4988/4938
f 858/4988/4938 2124/4987/4937 2123/4989/4939
f 858/4988/4938 2123/4989/4939 2122/4990/4940
f 858/4988/4938 2122/4990/4940 859/4991/4941
f 859/4991/4941 2122/4990/4940 2121/4992/4942
f 859/4991/4941 2121/4992/4942 860/4993/4943
f 860/4993/4943 2121/4992/4942 2120/4994/4944
f 860/4993/4943 2120/4994/4944 861/4995/4945
f 861/4995/4945 2120/4994/4944 2119/4996/4946
f 861/4995/4945 2119/4996/4946 862/4997/4947
f 862/4997/4947 2119/4996/4946 863/4998/4948
f 863/4998/4948 2119/4996/4946 2118/4999/4949
f 2118/5000/4950 2117/5001/4951 863/5002/4952
f 863/5002/4952 2117/5001/4951 864/5003/4953
f 2117/5004/4954 2116/5005/4955 864/5006/4956
f 864/5006/4956 2116/5005/4955 865/5007/4957
# 2349 vertices
# 5007 texture params
# 4957 normals
# 4774 facets

# 1 groups
