# WaveFront *.obj file (generated by Autodesk ATF)

mtllib Template Hotend.mtl

g Template Hotend

v 15.288235 -21.056811 9.600000
v 15.257476 -20.986031 9.600000
v 15.209677 -20.925441 9.600000
v 15.148002 -20.879049 9.600000
v 15.076534 -20.849927 9.600000
v 15.000000 -20.840000 9.600000
v 15.000000 -20.840000 19.600000
v 14.923466 -20.849927 19.600000
v 14.851998 -20.879049 19.600000
v 14.790323 -20.925441 19.600000
v 14.742524 -20.986031 19.600000
v 14.711765 -21.056811 19.600000
v 14.711765 -21.056811 -17.500000
v 14.742524 -20.986031 -17.500000
v 14.790323 -20.925441 -17.500000
v 14.851998 -20.879049 -17.500000
v 14.923466 -20.849927 -17.500000
v 15.000000 -20.840000 -17.500000
v 15.076534 -20.849927 -17.500000
v 15.148002 -20.879049 -17.500000
v 15.209677 -20.925441 -17.500000
v 15.257476 -20.986031 -17.500000
v 15.288235 -21.056811 -17.500000
v 15.288235 -21.056811 -8.788235
v 15.271143 -21.011620 -8.771143
v 15.247018 -20.969758 -8.747018
v 15.216485 -20.932312 -8.716485
v 15.180338 -20.900254 -8.680338
v 15.095069 -20.855462 -8.595069
v 15.000000 -20.840000 -8.500000
v 15.000000 -20.840000 5.400000
v 15.095069 -20.855462 5.495069
v 15.180338 -20.900254 5.580338
v 15.216485 -20.932312 5.616485
v 15.247018 -20.969758 5.647018
v 15.271143 -21.011620 5.671143
v 15.288235 -21.056811 5.688235
v 15.257476 -20.986031 8.308696
v 15.257476 -20.986031 6.695652
v 15.209677 -20.925441 8.308696
v 15.209677 -20.925441 6.695652
v 15.148002 -20.879049 8.308696
v 15.148002 -20.879049 6.695652
v 15.076534 -20.849927 8.308696
v 15.076534 -20.849927 6.695652
v 15.000000 -20.840000 8.308696
v 15.000000 -20.840000 6.695652
v 14.923466 -20.849927 17.986957
v 14.923466 -20.849927 16.373913
v 14.923466 -20.849927 14.760870
v 14.923466 -20.849927 13.147826
v 14.923466 -20.849927 11.534783
v 14.923466 -20.849927 9.921739
v 14.923466 -20.849927 8.308696
v 14.923466 -20.849927 6.695652
v 14.923466 -20.849927 5.082609
v 14.923466 -20.849927 3.469565
v 14.923466 -20.849927 1.856522
v 14.923466 -20.849927 0.243478
v 14.923466 -20.849927 -1.369565
v 14.923466 -20.849927 -2.982609
v 14.923466 -20.849927 -4.595652
v 14.923466 -20.849927 -6.208696
v 14.923466 -20.849927 -7.821739
v 14.923466 -20.849927 -9.434783
v 14.923466 -20.849927 -11.047826
v 14.923466 -20.849927 -12.660870
v 14.923466 -20.849927 -14.273913
v 14.923466 -20.849927 -15.886957
v 15.000000 -20.840000 -15.886957
v 15.000000 -20.840000 -14.273913
v 15.000000 -20.840000 -12.660870
v 15.000000 -20.840000 -11.047826
v 15.000000 -20.840000 -9.434783
v 14.851998 -20.879049 17.986957
v 14.851998 -20.879049 16.373913
v 14.851998 -20.879049 14.760870
v 14.851998 -20.879049 13.147826
v 14.851998 -20.879049 11.534783
v 14.851998 -20.879049 9.921739
v 14.851998 -20.879049 8.308696
v 14.851998 -20.879049 6.695652
v 14.851998 -20.879049 5.082609
v 14.851998 -20.879049 3.469565
v 14.851998 -20.879049 1.856522
v 14.851998 -20.879049 0.243478
v 14.851998 -20.879049 -1.369565
v 14.851998 -20.879049 -2.982609
v 14.851998 -20.879049 -4.595652
v 14.851998 -20.879049 -6.208696
v 14.851998 -20.879049 -7.821739
v 14.851998 -20.879049 -9.434783
v 14.851998 -20.879049 -11.047826
v 14.851998 -20.879049 -12.660870
v 14.851998 -20.879049 -14.273913
v 14.851998 -20.879049 -15.886957
v 14.790323 -20.925441 17.986957
v 14.790323 -20.925441 16.373913
v 14.790323 -20.925441 14.760870
v 14.790323 -20.925441 13.147826
v 14.790323 -20.925441 11.534783
v 14.790323 -20.925441 9.921739
v 14.790323 -20.925441 8.308696
v 14.790323 -20.925441 6.695652
v 14.790323 -20.925441 5.082609
v 14.790323 -20.925441 3.469565
v 14.790323 -20.925441 1.856522
v 14.790323 -20.925441 0.243478
v 14.790323 -20.925441 -1.369565
v 14.790323 -20.925441 -2.982609
v 14.790323 -20.925441 -4.595652
v 14.790323 -20.925441 -6.208696
v 14.790323 -20.925441 -7.821739
v 14.790323 -20.925441 -9.434783
v 14.790323 -20.925441 -11.047826
v 14.790323 -20.925441 -12.660870
v 14.790323 -20.925441 -14.273913
v 14.790323 -20.925441 -15.886957
v 14.742524 -20.986031 17.986957
v 14.742524 -20.986031 16.373913
v 14.742524 -20.986031 14.760870
v 14.742524 -20.986031 13.147826
v 14.742524 -20.986031 11.534783
v 14.742524 -20.986031 9.921739
v 14.742524 -20.986031 8.308696
v 14.742524 -20.986031 6.695652
v 14.742524 -20.986031 5.082609
v 14.742524 -20.986031 3.469565
v 14.742524 -20.986031 1.856522
v 14.742524 -20.986031 0.243478
v 14.742524 -20.986031 -1.369565
v 14.742524 -20.986031 -2.982609
v 14.742524 -20.986031 -4.595652
v 14.742524 -20.986031 -6.208696
v 14.742524 -20.986031 -7.821739
v 14.742524 -20.986031 -9.434783
v 14.742524 -20.986031 -11.047826
v 14.742524 -20.986031 -12.660870
v 14.742524 -20.986031 -14.273913
v 14.742524 -20.986031 -15.886957
v 15.076534 -20.849927 -15.886957
v 15.076534 -20.849927 -14.273913
v 15.076534 -20.849927 -12.660870
v 15.076534 -20.849927 -11.047826
v 15.076534 -20.849927 -9.434783
v 15.148002 -20.879049 -15.886957
v 15.148002 -20.879049 -14.273913
v 15.148002 -20.879049 -12.660870
v 15.148002 -20.879049 -11.047826
v 15.148002 -20.879049 -9.434783
v 15.209677 -20.925441 -15.886957
v 15.209677 -20.925441 -14.273913
v 15.209677 -20.925441 -12.660870
v 15.209677 -20.925441 -11.047826
v 15.209677 -20.925441 -9.434783
v 15.257476 -20.986031 -15.886957
v 15.257476 -20.986031 -14.273913
v 15.257476 -20.986031 -12.660870
v 15.257476 -20.986031 -11.047826
v 15.257476 -20.986031 -9.434783
v 14.681128 -21.136974 19.600000
v 14.637509 -21.210879 19.600000
v 14.582137 -21.276442 19.600000
v 14.582137 -21.276442 -17.500000
v 14.637509 -21.210879 -17.500000
v 14.681128 -21.136974 -17.500000
v 14.660873 -21.174844 16.950000
v 14.660873 -21.174844 14.300000
v 14.660873 -21.174844 11.650000
v 14.660873 -21.174844 9.000000
v 14.660873 -21.174844 6.350000
v 14.660873 -21.174844 3.700000
v 14.660873 -21.174844 1.050000
v 14.660873 -21.174844 -1.600000
v 14.660873 -21.174844 -4.250000
v 14.660873 -21.174844 -6.900000
v 14.660873 -21.174844 -9.550000
v 14.660873 -21.174844 -12.200000
v 14.660873 -21.174844 -14.850000
v 13.155122 -22.703457 19.600000
v 13.155122 -22.703457 -17.500000
v 13.089558 -22.758829 19.600000
v 13.015653 -22.802449 19.600000
v 12.935491 -22.833085 19.600000
v 12.935491 -22.833085 -17.500000
v 13.015653 -22.802449 -17.500000
v 13.089558 -22.758829 -17.500000
v 13.053523 -22.782193 16.950000
v 13.053523 -22.782193 14.300000
v 13.053523 -22.782193 11.650000
v 13.053523 -22.782193 9.000000
v 13.053523 -22.782193 6.350000
v 13.053523 -22.782193 3.700000
v 13.053523 -22.782193 1.050000
v 13.053523 -22.782193 -1.600000
v 13.053523 -22.782193 -4.250000
v 13.053523 -22.782193 -6.900000
v 13.053523 -22.782193 -9.550000
v 13.053523 -22.782193 -12.200000
v 13.053523 -22.782193 -14.850000
v 12.864711 -22.863845 19.600000
v 12.804121 -22.911643 19.600000
v 12.757729 -22.973318 19.600000
v 12.728606 -23.044787 19.600000
v 12.718680 -23.121320 19.600000
v 12.728606 -23.197854 19.600000
v 12.757729 -23.269323 19.600000
v 12.804121 -23.330997 19.600000
v 12.864711 -23.378796 19.600000
v 12.935491 -23.409556 19.600000
v 12.935491 -23.409556 -17.500000
v 12.864711 -23.378796 -17.500000
v 12.804121 -23.330997 -17.500000
v 12.757729 -23.269323 -17.500000
v 12.728606 -23.197854 -17.500000
v 12.718680 -23.121320 -17.500000
v 12.728606 -23.044787 -17.500000
v 12.757729 -22.973318 -17.500000
v 12.804121 -22.911643 -17.500000
v 12.864711 -22.863845 -17.500000
v 12.864711 -22.863845 17.986957
v 12.864711 -22.863845 16.373913
v 12.864711 -22.863845 14.760870
v 12.864711 -22.863845 13.147826
v 12.864711 -22.863845 11.534783
v 12.864711 -22.863845 9.921739
v 12.864711 -22.863845 8.308696
v 12.864711 -22.863845 6.695652
v 12.864711 -22.863845 5.082609
v 12.864711 -22.863845 3.469565
v 12.864711 -22.863845 1.856522
v 12.864711 -22.863845 0.243478
v 12.864711 -22.863845 -1.369565
v 12.864711 -22.863845 -2.982609
v 12.864711 -22.863845 -4.595652
v 12.864711 -22.863845 -6.208696
v 12.864711 -22.863845 -7.821739
v 12.864711 -22.863845 -9.434783
v 12.864711 -22.863845 -11.047826
v 12.864711 -22.863845 -12.660870
v 12.864711 -22.863845 -14.273913
v 12.864711 -22.863845 -15.886957
v 12.804121 -22.911643 17.986957
v 12.804121 -22.911643 16.373913
v 12.804121 -22.911643 14.760870
v 12.804121 -22.911643 13.147826
v 12.804121 -22.911643 11.534783
v 12.804121 -22.911643 9.921739
v 12.804121 -22.911643 8.308696
v 12.804121 -22.911643 6.695652
v 12.804121 -22.911643 5.082609
v 12.804121 -22.911643 3.469565
v 12.804121 -22.911643 1.856522
v 12.804121 -22.911643 0.243478
v 12.804121 -22.911643 -1.369565
v 12.804121 -22.911643 -2.982609
v 12.804121 -22.911643 -4.595652
v 12.804121 -22.911643 -6.208696
v 12.804121 -22.911643 -7.821739
v 12.804121 -22.911643 -9.434783
v 12.804121 -22.911643 -11.047826
v 12.804121 -22.911643 -12.660870
v 12.804121 -22.911643 -14.273913
v 12.804121 -22.911643 -15.886957
v 12.757729 -22.973318 17.986957
v 12.757729 -22.973318 16.373913
v 12.757729 -22.973318 14.760870
v 12.757729 -22.973318 13.147826
v 12.757729 -22.973318 11.534783
v 12.757729 -22.973318 9.921739
v 12.757729 -22.973318 8.308696
v 12.757729 -22.973318 6.695652
v 12.757729 -22.973318 5.082609
v 12.757729 -22.973318 3.469565
v 12.757729 -22.973318 1.856522
v 12.757729 -22.973318 0.243478
v 12.757729 -22.973318 -1.369565
v 12.757729 -22.973318 -2.982609
v 12.757729 -22.973318 -4.595652
v 12.757729 -22.973318 -6.208696
v 12.757729 -22.973318 -7.821739
v 12.757729 -22.973318 -9.434783
v 12.757729 -22.973318 -11.047826
v 12.757729 -22.973318 -12.660870
v 12.757729 -22.973318 -14.273913
v 12.757729 -22.973318 -15.886957
v 12.728606 -23.044787 17.986957
v 12.728606 -23.044787 16.373913
v 12.728606 -23.044787 14.760870
v 12.728606 -23.044787 13.147826
v 12.728606 -23.044787 11.534783
v 12.728606 -23.044787 9.921739
v 12.728606 -23.044787 8.308696
v 12.728606 -23.044787 6.695652
v 12.728606 -23.044787 5.082609
v 12.728606 -23.044787 3.469565
v 12.728606 -23.044787 1.856522
v 12.728606 -23.044787 0.243478
v 12.728606 -23.044787 -1.369565
v 12.728606 -23.044787 -2.982609
v 12.728606 -23.044787 -4.595652
v 12.728606 -23.044787 -6.208696
v 12.728606 -23.044787 -7.821739
v 12.728606 -23.044787 -9.434783
v 12.728606 -23.044787 -11.047826
v 12.728606 -23.044787 -12.660870
v 12.728606 -23.044787 -14.273913
v 12.728606 -23.044787 -15.886957
v 12.718680 -23.121320 17.986957
v 12.718680 -23.121320 16.373913
v 12.718680 -23.121320 14.760870
v 12.718680 -23.121320 13.147826
v 12.718680 -23.121320 11.534783
v 12.718680 -23.121320 9.921739
v 12.718680 -23.121320 8.308696
v 12.718680 -23.121320 6.695652
v 12.718680 -23.121320 5.082609
v 12.718680 -23.121320 3.469565
v 12.718680 -23.121320 1.856522
v 12.718680 -23.121320 0.243478
v 12.718680 -23.121320 -1.369565
v 12.718680 -23.121320 -2.982609
v 12.718680 -23.121320 -4.595652
v 12.718680 -23.121320 -6.208696
v 12.718680 -23.121320 -7.821739
v 12.718680 -23.121320 -9.434783
v 12.718680 -23.121320 -11.047826
v 12.718680 -23.121320 -12.660870
v 12.718680 -23.121320 -14.273913
v 12.718680 -23.121320 -15.886957
v 12.728606 -23.197854 17.986957
v 12.728606 -23.197854 16.373913
v 12.728606 -23.197854 14.760870
v 12.728606 -23.197854 13.147826
v 12.728606 -23.197854 11.534783
v 12.728606 -23.197854 9.921739
v 12.728606 -23.197854 8.308696
v 12.728606 -23.197854 6.695652
v 12.728606 -23.197854 5.082609
v 12.728606 -23.197854 3.469565
v 12.728606 -23.197854 1.856522
v 12.728606 -23.197854 0.243478
v 12.728606 -23.197854 -1.369565
v 12.728606 -23.197854 -2.982609
v 12.728606 -23.197854 -4.595652
v 12.728606 -23.197854 -6.208696
v 12.728606 -23.197854 -7.821739
v 12.728606 -23.197854 -9.434783
v 12.728606 -23.197854 -11.047826
v 12.728606 -23.197854 -12.660870
v 12.728606 -23.197854 -14.273913
v 12.728606 -23.197854 -15.886957
v 12.757729 -23.269323 17.986957
v 12.757729 -23.269323 16.373913
v 12.757729 -23.269323 14.760870
v 12.757729 -23.269323 13.147826
v 12.757729 -23.269323 11.534783
v 12.757729 -23.269323 9.921739
v 12.757729 -23.269323 8.308696
v 12.757729 -23.269323 6.695652
v 12.757729 -23.269323 5.082609
v 12.757729 -23.269323 3.469565
v 12.757729 -23.269323 1.856522
v 12.757729 -23.269323 0.243478
v 12.757729 -23.269323 -1.369565
v 12.757729 -23.269323 -2.982609
v 12.757729 -23.269323 -4.595652
v 12.757729 -23.269323 -6.208696
v 12.757729 -23.269323 -7.821739
v 12.757729 -23.269323 -9.434783
v 12.757729 -23.269323 -11.047826
v 12.757729 -23.269323 -12.660870
v 12.757729 -23.269323 -14.273913
v 12.757729 -23.269323 -15.886957
v 12.804121 -23.330997 17.986957
v 12.804121 -23.330997 16.373913
v 12.804121 -23.330997 14.760870
v 12.804121 -23.330997 13.147826
v 12.804121 -23.330997 11.534783
v 12.804121 -23.330997 9.921739
v 12.804121 -23.330997 8.308696
v 12.804121 -23.330997 6.695652
v 12.804121 -23.330997 5.082609
v 12.804121 -23.330997 3.469565
v 12.804121 -23.330997 1.856522
v 12.804121 -23.330997 0.243478
v 12.804121 -23.330997 -1.369565
v 12.804121 -23.330997 -2.982609
v 12.804121 -23.330997 -4.595652
v 12.804121 -23.330997 -6.208696
v 12.804121 -23.330997 -7.821739
v 12.804121 -23.330997 -9.434783
v 12.804121 -23.330997 -11.047826
v 12.804121 -23.330997 -12.660870
v 12.804121 -23.330997 -14.273913
v 12.804121 -23.330997 -15.886957
v 12.864711 -23.378796 17.986957
v 12.864711 -23.378796 16.373913
v 12.864711 -23.378796 14.760870
v 12.864711 -23.378796 13.147826
v 12.864711 -23.378796 11.534783
v 12.864711 -23.378796 9.921739
v 12.864711 -23.378796 8.308696
v 12.864711 -23.378796 6.695652
v 12.864711 -23.378796 5.082609
v 12.864711 -23.378796 3.469565
v 12.864711 -23.378796 1.856522
v 12.864711 -23.378796 0.243478
v 12.864711 -23.378796 -1.369565
v 12.864711 -23.378796 -2.982609
v 12.864711 -23.378796 -4.595652
v 12.864711 -23.378796 -6.208696
v 12.864711 -23.378796 -7.821739
v 12.864711 -23.378796 -9.434783
v 12.864711 -23.378796 -11.047826
v 12.864711 -23.378796 -12.660870
v 12.864711 -23.378796 -14.273913
v 12.864711 -23.378796 -15.886957
v 13.015653 -23.440192 19.600000
v 13.089558 -23.483811 19.600000
v 13.155122 -23.539184 19.600000
v 13.155122 -23.539184 -17.500000
v 13.089558 -23.483811 -17.500000
v 13.015653 -23.440192 -17.500000
v 13.053523 -23.460448 16.950000
v 13.053523 -23.460448 14.300000
v 13.053523 -23.460448 11.650000
v 13.053523 -23.460448 9.000000
v 13.053523 -23.460448 6.350000
v 13.053523 -23.460448 3.700000
v 13.053523 -23.460448 1.050000
v 13.053523 -23.460448 -1.600000
v 13.053523 -23.460448 -4.250000
v 13.053523 -23.460448 -6.900000
v 13.053523 -23.460448 -9.550000
v 13.053523 -23.460448 -12.200000
v 13.053523 -23.460448 -14.850000
v 14.582137 -24.966199 19.600000
v 14.582137 -24.966199 -17.500000
v 14.637509 -25.031762 19.600000
v 14.681128 -25.105667 19.600000
v 14.711765 -25.185830 19.600000
v 14.711765 -25.185830 -17.500000
v 14.681128 -25.105667 -17.500000
v 14.637509 -25.031762 -17.500000
v 14.660873 -25.067797 16.950000
v 14.660873 -25.067797 14.300000
v 14.660873 -25.067797 11.650000
v 14.660873 -25.067797 9.000000
v 14.660873 -25.067797 6.350000
v 14.660873 -25.067797 3.700000
v 14.660873 -25.067797 1.050000
v 14.660873 -25.067797 -1.600000
v 14.660873 -25.067797 -4.250000
v 14.660873 -25.067797 -6.900000
v 14.660873 -25.067797 -9.550000
v 14.660873 -25.067797 -12.200000
v 14.660873 -25.067797 -14.850000
v -15.000000 -29.000000 9.600000
v -17.261274 -26.900000 9.600000
v -17.261274 -26.900000 7.661274
v -17.569895 -26.613389 7.969895
v -17.569895 -26.613389 -6.500000
v -17.500000 -26.678300 -6.500000
v -15.000000 -29.000000 -9.000000
v -17.300000 -26.900000 9.600000
v -17.300000 -26.900000 7.700000
v -18.400000 -25.800000 9.600000
v -18.400000 -25.800000 8.800000
v -14.711765 -21.056811 19.600000
v -14.742524 -20.986031 19.600000
v -14.790323 -20.925441 19.600000
v -14.851998 -20.879049 19.600000
v -14.923466 -20.849927 19.600000
v -15.000000 -20.840000 19.600000
v -15.000000 -20.840000 9.600000
v -15.076534 -20.849927 9.600000
v -15.148002 -20.879049 9.600000
v -15.209677 -20.925441 9.600000
v -15.257476 -20.986031 9.600000
v -15.288235 -21.056811 9.600000
v -15.288235 -21.056811 5.688235
v -15.271143 -21.011620 5.671143
v -15.247018 -20.969758 5.647018
v -15.216485 -20.932312 5.616485
v -15.180338 -20.900254 5.580338
v -15.095069 -20.855462 5.495069
v -15.000000 -20.840000 5.400000
v -15.000000 -20.840000 -8.500000
v -15.095069 -20.855462 -8.595069
v -15.180338 -20.900254 -8.680338
v -15.216485 -20.932312 -8.716485
v -15.247018 -20.969758 -8.747018
v -15.271143 -21.011620 -8.771143
v -15.288235 -21.056811 -8.788235
v -15.288235 -21.056811 -17.500000
v -15.257476 -20.986031 -17.500000
v -15.209677 -20.925441 -17.500000
v -15.148002 -20.879049 -17.500000
v -15.076534 -20.849927 -17.500000
v -15.000000 -20.840000 -17.500000
v -14.923466 -20.849927 -17.500000
v -14.851998 -20.879049 -17.500000
v -14.790323 -20.925441 -17.500000
v -14.742524 -20.986031 -17.500000
v -14.711765 -21.056811 -17.500000
v -14.742524 -20.986031 17.986957
v -14.742524 -20.986031 16.373913
v -14.742524 -20.986031 14.760870
v -14.742524 -20.986031 13.147826
v -14.742524 -20.986031 11.534783
v -14.742524 -20.986031 9.921739
v -14.742524 -20.986031 8.308696
v -14.742524 -20.986031 6.695652
v -14.742524 -20.986031 5.082609
v -14.742524 -20.986031 3.469565
v -14.742524 -20.986031 1.856522
v -14.742524 -20.986031 0.243478
v -14.742524 -20.986031 -1.369565
v -14.742524 -20.986031 -2.982609
v -14.742524 -20.986031 -4.595652
v -14.742524 -20.986031 -6.208696
v -14.742524 -20.986031 -7.821739
v -14.742524 -20.986031 -9.434783
v -14.742524 -20.986031 -11.047826
v -14.742524 -20.986031 -12.660870
v -14.742524 -20.986031 -14.273913
v -14.742524 -20.986031 -15.886957
v -14.790323 -20.925441 17.986957
v -14.790323 -20.925441 16.373913
v -14.790323 -20.925441 14.760870
v -14.790323 -20.925441 13.147826
v -14.790323 -20.925441 11.534783
v -14.790323 -20.925441 9.921739
v -14.790323 -20.925441 8.308696
v -14.790323 -20.925441 6.695652
v -14.790323 -20.925441 5.082609
v -14.790323 -20.925441 3.469565
v -14.790323 -20.925441 1.856522
v -14.790323 -20.925441 0.243478
v -14.790323 -20.925441 -1.369565
v -14.790323 -20.925441 -2.982609
v -14.790323 -20.925441 -4.595652
v -14.790323 -20.925441 -6.208696
v -14.790323 -20.925441 -7.821739
v -14.790323 -20.925441 -9.434783
v -14.790323 -20.925441 -11.047826
v -14.790323 -20.925441 -12.660870
v -14.790323 -20.925441 -14.273913
v -14.790323 -20.925441 -15.886957
v -14.851998 -20.879049 17.986957
v -14.851998 -20.879049 16.373913
v -14.851998 -20.879049 14.760870
v -14.851998 -20.879049 13.147826
v -14.851998 -20.879049 11.534783
v -14.851998 -20.879049 9.921739
v -14.851998 -20.879049 8.308696
v -14.851998 -20.879049 6.695652
v -14.851998 -20.879049 5.082609
v -14.851998 -20.879049 3.469565
v -14.851998 -20.879049 1.856522
v -14.851998 -20.879049 0.243478
v -14.851998 -20.879049 -1.369565
v -14.851998 -20.879049 -2.982609
v -14.851998 -20.879049 -4.595652
v -14.851998 -20.879049 -6.208696
v -14.851998 -20.879049 -7.821739
v -14.851998 -20.879049 -9.434783
v -14.851998 -20.879049 -11.047826
v -14.851998 -20.879049 -12.660870
v -14.851998 -20.879049 -14.273913
v -14.851998 -20.879049 -15.886957
v -14.923466 -20.849927 17.986957
v -14.923466 -20.849927 16.373913
v -14.923466 -20.849927 14.760870
v -14.923466 -20.849927 13.147826
v -14.923466 -20.849927 11.534783
v -14.923466 -20.849927 9.921739
v -14.923466 -20.849927 8.308696
v -14.923466 -20.849927 6.695652
v -14.923466 -20.849927 5.082609
v -14.923466 -20.849927 3.469565
v -14.923466 -20.849927 1.856522
v -14.923466 -20.849927 0.243478
v -14.923466 -20.849927 -1.369565
v -14.923466 -20.849927 -2.982609
v -14.923466 -20.849927 -4.595652
v -14.923466 -20.849927 -6.208696
v -14.923466 -20.849927 -7.821739
v -14.923466 -20.849927 -9.434783
v -14.923466 -20.849927 -11.047826
v -14.923466 -20.849927 -12.660870
v -14.923466 -20.849927 -14.273913
v -14.923466 -20.849927 -15.886957
v -15.076534 -20.849927 8.308696
v -15.076534 -20.849927 6.695652
v -15.076534 -20.849927 -9.434783
v -15.076534 -20.849927 -11.047826
v -15.076534 -20.849927 -12.660870
v -15.076534 -20.849927 -14.273913
v -15.076534 -20.849927 -15.886957
v -15.148002 -20.879049 8.308696
v -15.148002 -20.879049 6.695652
v -15.209677 -20.925441 8.308696
v -15.209677 -20.925441 6.695652
v -15.257476 -20.986031 8.308696
v -15.257476 -20.986031 6.695652
v -15.148002 -20.879049 -9.434783
v -15.148002 -20.879049 -11.047826
v -15.148002 -20.879049 -12.660870
v -15.148002 -20.879049 -14.273913
v -15.148002 -20.879049 -15.886957
v -15.209677 -20.925441 -9.434783
v -15.209677 -20.925441 -11.047826
v -15.209677 -20.925441 -12.660870
v -15.209677 -20.925441 -14.273913
v -15.209677 -20.925441 -15.886957
v -15.257476 -20.986031 -9.434783
v -15.257476 -20.986031 -11.047826
v -15.257476 -20.986031 -12.660870
v -15.257476 -20.986031 -14.273913
v -15.257476 -20.986031 -15.886957
v -15.318872 -21.136974 9.600000
v -15.362491 -21.210879 9.600000
v -15.417863 -21.276442 9.600000
v -15.417863 -21.276442 5.817863
v -15.339127 -21.174843 5.739127
v -15.309955 -21.117434 5.709955
v -15.339127 -21.174843 7.644118
v -16.844878 -22.703457 9.600000
v -16.844878 -22.703457 7.244878
v -16.910442 -22.758829 9.600000
v -16.984347 -22.802449 9.600000
v -17.064509 -22.833085 9.600000
v -17.064509 -22.833085 7.464509
v -16.946477 -22.782193 7.346477
v -17.135289 -22.863845 9.600000
v -17.195879 -22.911643 9.600000
v -17.242271 -22.973318 9.600000
v -17.271394 -23.044787 9.600000
v -17.281320 -23.121320 9.600000
v -17.271394 -23.197854 9.600000
v -17.242271 -23.269323 9.600000
v -17.195879 -23.330997 9.600000
v -17.135289 -23.378796 9.600000
v -17.064509 -23.409556 9.600000
v -17.064509 -23.409556 7.600000
v -17.114390 -23.390193 7.600000
v -17.160038 -23.362277 7.600000
v -17.200000 -23.326696 7.600000
v -17.224382 -23.297164 7.624382
v -17.244803 -23.264767 7.644803
v -17.260930 -23.230032 7.660930
v -17.272501 -23.193526 7.672501
v -17.279327 -23.155843 7.679327
v -17.281297 -23.117598 7.681297
v -17.278379 -23.079413 7.678379
v -17.270620 -23.041911 7.670620
v -17.258146 -23.005703 7.658146
v -17.241162 -22.971379 7.641162
v -17.219943 -22.939499 7.619943
v -17.194836 -22.910581 7.594836
v -17.134649 -22.863463 7.534649
v -17.134958 -22.863647 8.532255
v -17.195879 -22.911643 8.532255
v -17.242271 -22.973318 8.532255
v -17.271394 -23.044787 8.532255
v -17.281320 -23.121320 8.532255
v -17.271394 -23.197854 8.532255
v -17.242271 -23.269323 8.532255
v -17.195879 -23.330997 8.532255
v -17.135289 -23.378796 8.532255
v -16.984347 -23.440192 9.600000
v -16.910442 -23.483812 9.600000
v -16.844878 -23.539184 9.600000
v -16.844878 -23.539184 7.600000
v -16.910442 -23.483812 7.600000
v -16.984347 -23.440192 7.600000
v -15.417863 -24.966199 9.600000
v -15.417863 -24.966199 -8.582137
v -16.664713 -23.719349 -7.335287
v -16.664713 -23.719349 7.600000
v -15.362491 -25.031762 9.600000
v -15.318872 -25.105667 9.600000
v -15.288235 -25.185830 9.600000
v -15.288235 -25.185830 -8.711765
v -15.309955 -25.125207 -8.690045
v -15.339127 -25.067797 -8.660873
v -15.339127 -25.067797 6.984034
v -15.339127 -25.067797 4.368067
v -15.339127 -25.067797 1.752101
v -15.339127 -25.067797 -0.863866
v -15.339127 -25.067797 -3.479832
v -15.339127 -25.067797 -6.095798
v 15.000000 -25.402641 -17.500000
v 15.000000 -21.000000 -17.500000
v 15.409259 -21.409259 -17.500000
v 15.436998 -21.295576 -17.500000
v 15.417863 -21.276442 -17.500000
v 15.362491 -21.210879 -17.500000
v 15.318872 -21.136974 -17.500000
v 14.742524 -25.256609 -17.500000
v 14.790323 -25.317200 -17.500000
v 14.851998 -25.363591 -17.500000
v 14.923466 -25.392714 -17.500000
v 18.400000 -19.400000 9.600000
v 18.400000 -25.800000 9.600000
v 18.400000 -25.800000 8.800000
v 18.400000 -19.400000 8.800000
v 14.200000 -19.400000 5.400000
v 14.313997 -19.400000 5.408081
v 14.423883 -19.400000 5.430737
v 14.642668 -19.400000 5.514306
v 14.875093 -19.400000 5.646781
v 15.138083 -19.400000 5.832883
v 15.287051 -19.400000 5.949696
v 15.451686 -19.400000 6.085503
v 15.635860 -19.400000 6.243683
v 15.844486 -19.400000 6.428752
v 16.083970 -19.400000 6.646789
v 16.362894 -19.400000 6.906103
v 16.520673 -19.400000 7.054695
v 16.693084 -19.400000 7.218295
v 16.882397 -19.400000 7.399152
v 17.091366 -19.400000 7.600000
v 17.151555 -19.663044 7.600000
v 17.187864 -19.930431 7.600000
v 17.200000 -20.200000 7.600000
v 15.000000 -20.200000 5.400000
v 14.972741 -19.992945 5.400000
v 14.892820 -19.800000 5.400000
v 14.765685 -19.634315 5.400000
v 14.600000 -19.507180 5.400000
v 14.407055 -19.427259 5.400000
v 17.200000 -19.400000 7.600000
v 17.569895 -24.624532 7.969895
v 17.569895 -26.613389 7.969895
v 17.569895 -26.613389 -6.500000
v 17.569895 -24.624532 -6.500000
v 17.261274 -26.900000 9.600000
v 15.000000 -29.000000 9.600000
v 15.000000 -29.000000 -9.000000
v 17.500000 -26.678300 -6.500000
v 17.261274 -26.900000 7.661274
v 17.200000 -23.326696 7.600000
v 17.224382 -23.297164 7.624382
v 17.244803 -23.264767 7.644803
v 17.260930 -23.230032 7.660930
v 17.272501 -23.193526 7.672501
v 17.279327 -23.155843 7.679327
v 17.281297 -23.117598 7.681297
v 17.278379 -23.079413 7.678379
v 17.270620 -23.041911 7.670620
v 17.258146 -23.005703 7.658146
v 17.241162 -22.971379 7.641162
v 17.219943 -22.939499 7.619943
v 17.194836 -22.910581 7.594836
v 17.134649 -22.863463 7.534649
v 17.064509 -22.833085 7.464509
v 16.946477 -22.782193 7.346477
v 16.844878 -22.703457 7.244878
v 15.417863 -21.276442 5.817863
v 15.339127 -21.174843 5.739127
v 15.309955 -21.117434 5.709955
v 17.300000 -26.900000 7.700000
v 17.200000 -24.254637 7.600000
v 17.300000 -26.900000 9.600000
v 17.500000 -24.554637 -6.500000
v 15.000000 -20.200000 -8.500000
v 14.997939 -20.142610 -8.500000
v 14.991766 -20.085516 -8.500000
v 14.981513 -20.029012 -8.500000
v 14.981513 -20.029012 -14.080240
v 14.964243 -19.963500 -12.770008
v 14.941492 -19.899685 -11.493698
v 14.913423 -19.838023 -10.260466
v 14.880238 -19.778958 -9.079154
v 14.842174 -19.722912 -7.958237
v 14.799504 -19.670288 -6.905752
v 14.776536 -19.645378 -6.407551
v 14.752534 -19.621462 -5.929248
v 14.727541 -19.598585 -5.471700
v 14.701602 -19.576786 -5.035728
v 14.674763 -19.556106 -4.622114
v 14.647073 -19.536580 -4.231601
v 14.618580 -19.518244 -3.864888
v 14.589337 -19.501132 -3.522634
v 14.559395 -19.485273 -3.205452
v 14.528809 -19.470696 -2.913911
v 14.497632 -19.457427 -2.648535
v 14.465922 -19.445490 -2.409799
v 14.433735 -19.434907 -2.198131
v 14.401129 -19.425696 -2.013912
v 14.368161 -19.417874 -1.857471
v 14.334892 -19.411454 -1.729090
v 14.301382 -19.406450 -1.628998
v 14.267689 -19.402869 -1.557375
v 14.250793 -19.401614 -1.532282
v 14.233875 -19.400718 -1.514350
v 14.225409 -19.400404 -1.508073
v 14.216941 -19.400179 -1.503588
v 14.208471 -19.400045 -1.500897
v 14.200000 -19.400000 -1.500000
v 14.972741 -19.992945 -10.184192
v 14.972741 -19.992945 -6.288144
v 14.972741 -19.992945 -2.392096
v 14.972741 -19.992945 1.503952
v 14.892820 -19.800000 -6.288144
v 14.892820 -19.800000 -2.392096
v 14.892820 -19.800000 1.503952
v 14.765685 -19.634315 -2.392096
v 14.765685 -19.634315 1.503952
v 14.600000 -19.507180 -2.392096
v 14.600000 -19.507180 1.503952
v 14.407055 -19.427259 1.503952
v 15.500000 -20.734489 -9.000000
v 15.500000 -21.037374 -9.000000
v 15.555484 -20.809983 -9.000000
v 15.000000 -20.230000 -18.100000
v 15.000000 -20.200000 -17.500000
v 15.000000 -20.200000 -18.100000
v 15.000000 -21.000000 -18.100000
v 15.409259 -21.409259 -17.690741
v 15.436998 -21.295576 -8.936998
v 15.500000 -21.037374 -17.600000
v 15.555484 -20.809983 -17.600000
v 15.500000 -20.734489 -17.600000
v 14.981513 -20.029012 -18.118487
v 15.107180 -20.200000 -8.607180
v 14.995365 -20.114008 -15.780156
v 14.995365 -20.114008 -18.104635
v 15.000000 -20.734489 -8.500000
v 15.309955 -21.117434 -8.809955
v 15.339127 -21.174843 -8.839127
v 15.417863 -21.276442 -8.917863
v 15.417863 -24.966199 -8.582137
v 16.664713 -23.719349 -7.335287
v 15.000000 -25.402641 -9.000000
v 15.095069 -25.387179 -8.904931
v 15.180338 -25.342387 -8.819662
v 15.216485 -25.310328 -8.783515
v 15.247018 -25.272883 -8.752982
v 15.271143 -25.231021 -8.728857
v 15.288235 -25.185830 -8.711765
v 15.309955 -25.125207 -8.690045
v 15.339127 -25.067797 -8.660873
v 16.664713 -23.719349 7.600000
v 17.064509 -23.409556 7.600000
v 17.114390 -23.390193 7.600000
v 17.160038 -23.362277 7.600000
v 16.844878 -23.539184 7.600000
v 16.910442 -23.483812 7.600000
v 16.984347 -23.440192 7.600000
v 17.064509 -23.409556 9.600000
v 17.135289 -23.378796 9.600000
v 17.195879 -23.330997 9.600000
v 17.242271 -23.269323 9.600000
v 17.271394 -23.197854 9.600000
v 17.281320 -23.121320 9.600000
v 17.271394 -23.044787 9.600000
v 17.242271 -22.973318 9.600000
v 17.195879 -22.911643 9.600000
v 17.135289 -22.863845 9.600000
v 17.064509 -22.833085 9.600000
v 17.135289 -23.378796 8.532255
v 17.195879 -23.330997 8.532255
v 17.242271 -23.269323 8.532255
v 17.271394 -23.197854 8.532255
v 17.281320 -23.121320 8.532255
v 17.271394 -23.044787 8.532255
v 17.242271 -22.973318 8.532255
v 17.195879 -22.911643 8.532255
v 17.134958 -22.863647 8.532255
v 16.984347 -22.802449 9.600000
v 16.910442 -22.758829 9.600000
v 16.844878 -22.703457 9.600000
v 15.417863 -21.276442 9.600000
v 15.362491 -21.210879 9.600000
v 15.318872 -21.136974 9.600000
v 15.339127 -21.174843 7.644118
v 15.000000 -25.402641 9.600000
v 15.076534 -25.392714 9.600000
v 15.148002 -25.363591 9.600000
v 15.209677 -25.317200 9.600000
v 15.257476 -25.256609 9.600000
v 15.288235 -25.185830 9.600000
v 14.742524 -25.256609 19.600000
v 14.790323 -25.317200 19.600000
v 14.851998 -25.363591 19.600000
v 14.923466 -25.392714 19.600000
v 15.000000 -25.402641 19.600000
v 15.076534 -25.392714 8.308696
v 15.076534 -25.392714 6.695652
v 15.076534 -25.392714 5.082609
v 15.076534 -25.392714 3.469565
v 15.076534 -25.392714 1.856522
v 15.076534 -25.392714 0.243478
v 15.076534 -25.392714 -1.369565
v 15.076534 -25.392714 -2.982609
v 15.076534 -25.392714 -4.595652
v 15.076534 -25.392714 -6.208696
v 15.076534 -25.392714 -7.821739
v 14.923466 -25.392714 -15.886957
v 14.923466 -25.392714 -14.273913
v 14.923466 -25.392714 -12.660870
v 14.923466 -25.392714 -11.047826
v 14.923466 -25.392714 -9.434783
v 14.923466 -25.392714 -7.821739
v 14.923466 -25.392714 -6.208696
v 14.923466 -25.392714 -4.595652
v 14.923466 -25.392714 -2.982609
v 14.923466 -25.392714 -1.369565
v 14.923466 -25.392714 0.243478
v 14.923466 -25.392714 1.856522
v 14.923466 -25.392714 3.469565
v 14.923466 -25.392714 5.082609
v 14.923466 -25.392714 6.695652
v 14.923466 -25.392714 8.308696
v 14.923466 -25.392714 9.921739
v 14.923466 -25.392714 11.534783
v 14.923466 -25.392714 13.147826
v 14.923466 -25.392714 14.760870
v 14.923466 -25.392714 16.373913
v 14.923466 -25.392714 17.986957
v 15.148002 -25.363591 8.308696
v 15.148002 -25.363591 6.695652
v 15.148002 -25.363591 5.082609
v 15.148002 -25.363591 3.469565
v 15.148002 -25.363591 1.856522
v 15.148002 -25.363591 0.243478
v 15.148002 -25.363591 -1.369565
v 15.148002 -25.363591 -2.982609
v 15.148002 -25.363591 -4.595652
v 15.148002 -25.363591 -6.208696
v 15.148002 -25.363591 -7.821739
v 15.209677 -25.317200 8.308696
v 15.209677 -25.317200 6.695652
v 15.209677 -25.317200 5.082609
v 15.209677 -25.317200 3.469565
v 15.209677 -25.317200 1.856522
v 15.209677 -25.317200 0.243478
v 15.209677 -25.317200 -1.369565
v 15.209677 -25.317200 -2.982609
v 15.209677 -25.317200 -4.595652
v 15.209677 -25.317200 -6.208696
v 15.209677 -25.317200 -7.821739
v 15.257476 -25.256609 8.308696
v 15.257476 -25.256609 6.695652
v 15.257476 -25.256609 5.082609
v 15.257476 -25.256609 3.469565
v 15.257476 -25.256609 1.856522
v 15.257476 -25.256609 0.243478
v 15.257476 -25.256609 -1.369565
v 15.257476 -25.256609 -2.982609
v 15.257476 -25.256609 -4.595652
v 15.257476 -25.256609 -6.208696
v 15.257476 -25.256609 -7.821739
v 14.851998 -25.363591 -15.886957
v 14.851998 -25.363591 -14.273913
v 14.851998 -25.363591 -12.660870
v 14.851998 -25.363591 -11.047826
v 14.851998 -25.363591 -9.434783
v 14.851998 -25.363591 -7.821739
v 14.851998 -25.363591 -6.208696
v 14.851998 -25.363591 -4.595652
v 14.851998 -25.363591 -2.982609
v 14.851998 -25.363591 -1.369565
v 14.851998 -25.363591 0.243478
v 14.851998 -25.363591 1.856522
v 14.851998 -25.363591 3.469565
v 14.851998 -25.363591 5.082609
v 14.851998 -25.363591 6.695652
v 14.851998 -25.363591 8.308696
v 14.851998 -25.363591 9.921739
v 14.851998 -25.363591 11.534783
v 14.851998 -25.363591 13.147826
v 14.851998 -25.363591 14.760870
v 14.851998 -25.363591 16.373913
v 14.851998 -25.363591 17.986957
v 14.790323 -25.317200 -15.886957
v 14.790323 -25.317200 -14.273913
v 14.790323 -25.317200 -12.660870
v 14.790323 -25.317200 -11.047826
v 14.790323 -25.317200 -9.434783
v 14.790323 -25.317200 -7.821739
v 14.790323 -25.317200 -6.208696
v 14.790323 -25.317200 -4.595652
v 14.790323 -25.317200 -2.982609
v 14.790323 -25.317200 -1.369565
v 14.790323 -25.317200 0.243478
v 14.790323 -25.317200 1.856522
v 14.790323 -25.317200 3.469565
v 14.790323 -25.317200 5.082609
v 14.790323 -25.317200 6.695652
v 14.790323 -25.317200 8.308696
v 14.790323 -25.317200 9.921739
v 14.790323 -25.317200 11.534783
v 14.790323 -25.317200 13.147826
v 14.790323 -25.317200 14.760870
v 14.790323 -25.317200 16.373913
v 14.790323 -25.317200 17.986957
v 14.742524 -25.256609 -15.886957
v 14.742524 -25.256609 -14.273913
v 14.742524 -25.256609 -12.660870
v 14.742524 -25.256609 -11.047826
v 14.742524 -25.256609 -9.434783
v 14.742524 -25.256609 -7.821739
v 14.742524 -25.256609 -6.208696
v 14.742524 -25.256609 -4.595652
v 14.742524 -25.256609 -2.982609
v 14.742524 -25.256609 -1.369565
v 14.742524 -25.256609 0.243478
v 14.742524 -25.256609 1.856522
v 14.742524 -25.256609 3.469565
v 14.742524 -25.256609 5.082609
v 14.742524 -25.256609 6.695652
v 14.742524 -25.256609 8.308696
v 14.742524 -25.256609 9.921739
v 14.742524 -25.256609 11.534783
v 14.742524 -25.256609 13.147826
v 14.742524 -25.256609 14.760870
v 14.742524 -25.256609 16.373913
v 14.742524 -25.256609 17.986957
v 15.318872 -25.105667 9.600000
v 15.362491 -25.031762 9.600000
v 15.417863 -24.966199 9.600000
v 15.339127 -25.067797 6.984034
v 15.339127 -25.067797 4.368067
v 15.339127 -25.067797 1.752101
v 15.339127 -25.067797 -0.863866
v 15.339127 -25.067797 -3.479832
v 15.339127 -25.067797 -6.095798
v 15.339127 -21.174843 -10.966177
v 15.339127 -21.174843 -13.144118
v 15.339127 -21.174843 -15.322059
v 16.844878 -23.539184 9.600000
v 16.910442 -23.483812 9.600000
v 16.984347 -23.440192 9.600000
v 15.000000 -49.100000 -21.500000
v -15.000000 -49.100000 -21.500000
v -15.000000 -20.400000 -21.500000
v 15.000000 -20.400000 -21.500000
v 0.000000 -38.200000 -21.500000
v 0.404249 -38.162541 -21.500000
v 0.794732 -38.051439 -21.500000
v 1.158151 -37.870478 -21.500000
v 1.482130 -37.625820 -21.500000
v 1.755638 -37.325796 -21.500000
v 1.969359 -36.980624 -21.500000
v 2.116016 -36.602059 -21.500000
v 2.190615 -36.202990 -21.500000
v 2.190615 -35.797010 -21.500000
v 2.116016 -35.397941 -21.500000
v 1.969359 -35.019376 -21.500000
v 1.755638 -34.674204 -21.500000
v 1.482130 -34.374180 -21.500000
v 1.158151 -34.129522 -21.500000
v 0.794732 -33.948561 -21.500000
v 0.404249 -33.837459 -21.500000
v 0.000000 -33.800000 -21.500000
v -0.404249 -33.837459 -21.500000
v -0.794732 -33.948561 -21.500000
v -1.158151 -34.129522 -21.500000
v -1.482130 -34.374180 -21.500000
v -1.755638 -34.674204 -21.500000
v -1.969359 -35.019376 -21.500000
v -2.116016 -35.397941 -21.500000
v -2.190615 -35.797010 -21.500000
v -2.190615 -36.202990 -21.500000
v -2.116016 -36.602059 -21.500000
v -1.969359 -36.980624 -21.500000
v -1.755638 -37.325796 -21.500000
v -1.482130 -37.625820 -21.500000
v -1.158151 -37.870478 -21.500000
v -0.794732 -38.051439 -21.500000
v -0.404249 -38.162541 -21.500000
v 2.200000 -36.000000 19.600000
v 2.162541 -35.595751 19.600000
v 2.051439 -35.205268 19.600000
v 1.870478 -34.841849 19.600000
v 1.625820 -34.517870 19.600000
v 1.325796 -34.244362 19.600000
v 0.980624 -34.030641 19.600000
v 0.602059 -33.883984 19.600000
v 0.202990 -33.809385 19.600000
v -0.202990 -33.809385 19.600000
v -0.602059 -33.883984 19.600000
v -0.980624 -34.030641 19.600000
v -1.325796 -34.244362 19.600000
v -1.625820 -34.517870 19.600000
v -1.870478 -34.841849 19.600000
v -2.051439 -35.205268 19.600000
v -2.162541 -35.595751 19.600000
v -2.200000 -36.000000 19.600000
v -2.162541 -36.404249 19.600000
v -2.051439 -36.794732 19.600000
v -1.870478 -37.158151 19.600000
v -1.625820 -37.482130 19.600000
v -1.325796 -37.755638 19.600000
v -0.980624 -37.969359 19.600000
v -0.602059 -38.116016 19.600000
v -0.202990 -38.190615 19.600000
v 0.202990 -38.190615 19.600000
v 0.602059 -38.116016 19.600000
v 0.980624 -37.969359 19.600000
v 1.325796 -37.755638 19.600000
v 1.625820 -37.482130 19.600000
v 1.870478 -37.158151 19.600000
v 2.051439 -36.794732 19.600000
v 2.162541 -36.404249 19.600000
v 2.200000 -36.000000 11.380000
v 2.200000 -36.000000 3.160000
v 2.200000 -36.000000 -5.060000
v 2.200000 -36.000000 -13.280000
v 2.160243 -35.583647 11.380000
v 2.160243 -35.583647 3.160000
v 2.160243 -35.583647 -5.060000
v 2.160243 -35.583647 -13.280000
v 2.042409 -35.182343 11.380000
v 2.042409 -35.182343 3.160000
v 2.042409 -35.182343 -5.060000
v 2.042409 -35.182343 -13.280000
v 1.850758 -34.810590 11.380000
v 1.850758 -34.810590 3.160000
v 1.850758 -34.810590 -5.060000
v 1.850758 -34.810590 -13.280000
v 1.592215 -34.481826 11.380000
v 1.592215 -34.481826 3.160000
v 1.592215 -34.481826 -5.060000
v 1.592215 -34.481826 -13.280000
v 1.276125 -34.207933 11.380000
v 1.276125 -34.207933 3.160000
v 1.276125 -34.207933 -5.060000
v 1.276125 -34.207933 -13.280000
v 0.913913 -33.998810 11.380000
v 0.913913 -33.998810 3.160000
v 0.913913 -33.998810 -5.060000
v 0.913913 -33.998810 -13.280000
v 0.518670 -33.862015 11.380000
v 0.518670 -33.862015 3.160000
v 0.518670 -33.862015 -5.060000
v 0.518670 -33.862015 -13.280000
v 0.104680 -33.802492 11.380000
v 0.104680 -33.802492 3.160000
v 0.104680 -33.802492 -5.060000
v 0.104680 -33.802492 -13.280000
v -0.313093 -33.822393 11.380000
v -0.313093 -33.822393 3.160000
v -0.313093 -33.822393 -5.060000
v -0.313093 -33.822393 -13.280000
v -0.719550 -33.920998 11.380000
v -0.719550 -33.920998 3.160000
v -0.719550 -33.920998 -5.060000
v -0.719550 -33.920998 -13.280000
v -1.100000 -34.094744 11.380000
v -1.100000 -34.094744 3.160000
v -1.100000 -34.094744 -5.060000
v -1.100000 -34.094744 -13.280000
v -1.440694 -34.337351 11.380000
v -1.440694 -34.337351 3.160000
v -1.440694 -34.337351 -5.060000
v -1.440694 -34.337351 -13.280000
v -1.729317 -34.640050 11.380000
v -1.729317 -34.640050 3.160000
v -1.729317 -34.640050 -5.060000
v -1.729317 -34.640050 -13.280000
v -1.955438 -34.991902 11.380000
v -1.955438 -34.991902 3.160000
v -1.955438 -34.991902 -5.060000
v -1.955438 -34.991902 -13.280000
v -2.110885 -35.380188 11.380000
v -2.110885 -35.380188 3.160000
v -2.110885 -35.380188 -5.060000
v -2.110885 -35.380188 -13.280000
v -2.190038 -35.790877 11.380000
v -2.190038 -35.790877 3.160000
v -2.190038 -35.790877 -5.060000
v -2.190038 -35.790877 -13.280000
v -2.190038 -36.209123 11.380000
v -2.190038 -36.209123 3.160000
v -2.190038 -36.209123 -5.060000
v -2.190038 -36.209123 -13.280000
v -2.110885 -36.619812 11.380000
v -2.110885 -36.619812 3.160000
v -2.110885 -36.619812 -5.060000
v -2.110885 -36.619812 -13.280000
v -1.955438 -37.008098 11.380000
v -1.955438 -37.008098 3.160000
v -1.955438 -37.008098 -5.060000
v -1.955438 -37.008098 -13.280000
v -1.729317 -37.359950 11.380000
v -1.729317 -37.359950 3.160000
v -1.729317 -37.359950 -5.060000
v -1.729317 -37.359950 -13.280000
v -1.440694 -37.662649 11.380000
v -1.440694 -37.662649 3.160000
v -1.440694 -37.662649 -5.060000
v -1.440694 -37.662649 -13.280000
v -1.100000 -37.905256 11.380000
v -1.100000 -37.905256 3.160000
v -1.100000 -37.905256 -5.060000
v -1.100000 -37.905256 -13.280000
v -0.719550 -38.079002 11.380000
v -0.719550 -38.079002 3.160000
v -0.719550 -38.079002 -5.060000
v -0.719550 -38.079002 -13.280000
v -0.313093 -38.177607 11.380000
v -0.313093 -38.177607 3.160000
v -0.313093 -38.177607 -5.060000
v -0.313093 -38.177607 -13.280000
v 0.104680 -38.197508 11.380000
v 0.104680 -38.197508 3.160000
v 0.104680 -38.197508 -5.060000
v 0.104680 -38.197508 -13.280000
v 0.518670 -38.137985 11.380000
v 0.518670 -38.137985 3.160000
v 0.518670 -38.137985 -5.060000
v 0.518670 -38.137985 -13.280000
v 0.913913 -38.001190 11.380000
v 0.913913 -38.001190 3.160000
v 0.913913 -38.001190 -5.060000
v 0.913913 -38.001190 -13.280000
v 1.276125 -37.792067 11.380000
v 1.276125 -37.792067 3.160000
v 1.276125 -37.792067 -5.060000
v 1.276125 -37.792067 -13.280000
v 1.592215 -37.518174 11.380000
v 1.592215 -37.518174 3.160000
v 1.592215 -37.518174 -5.060000
v 1.592215 -37.518174 -13.280000
v 1.850758 -37.189410 11.380000
v 1.850758 -37.189410 3.160000
v 1.850758 -37.189410 -5.060000
v 1.850758 -37.189410 -13.280000
v 2.042409 -36.817657 11.380000
v 2.042409 -36.817657 3.160000
v 2.042409 -36.817657 -5.060000
v 2.042409 -36.817657 -13.280000
v 2.160243 -36.416353 11.380000
v 2.160243 -36.416353 3.160000
v 2.160243 -36.416353 -5.060000
v 2.160243 -36.416353 -13.280000
v -15.000000 -21.000000 -17.500000
v -15.000000 -25.402641 -17.500000
v -14.923466 -25.392714 -17.500000
v -14.851998 -25.363591 -17.500000
v -14.790323 -25.317200 -17.500000
v -14.742524 -25.256609 -17.500000
v -14.711765 -25.185830 -17.500000
v -14.681128 -25.105667 -17.500000
v -14.637509 -25.031762 -17.500000
v -14.582137 -24.966199 -17.500000
v -13.155122 -23.539184 -17.500000
v -13.089558 -23.483811 -17.500000
v -13.015653 -23.440192 -17.500000
v -12.935491 -23.409556 -17.500000
v -12.864711 -23.378796 -17.500000
v -12.804121 -23.330997 -17.500000
v -12.757729 -23.269323 -17.500000
v -12.728606 -23.197854 -17.500000
v -12.718680 -23.121320 -17.500000
v -12.728606 -23.044787 -17.500000
v -12.757729 -22.973318 -17.500000
v -12.804121 -22.911643 -17.500000
v -12.864711 -22.863845 -17.500000
v -12.935491 -22.833085 -17.500000
v -13.015653 -22.802449 -17.500000
v -13.089558 -22.758829 -17.500000
v -13.155122 -22.703457 -17.500000
v -14.582137 -21.276442 -17.500000
v -14.637509 -21.210879 -17.500000
v -14.681128 -21.136974 -17.500000
v -15.318872 -21.136974 -17.500000
v -15.362491 -21.210879 -17.500000
v -15.417863 -21.276442 -17.500000
v -15.436998 -21.295576 -17.500000
v -15.409259 -21.409259 -17.500000
v -18.400000 -19.400000 9.600000
v -18.400000 -19.400000 8.800000
v -17.091366 -19.400000 7.600000
v -16.882397 -19.400000 7.399152
v -16.693084 -19.400000 7.218295
v -16.520673 -19.400000 7.054695
v -16.362894 -19.400000 6.906103
v -16.083970 -19.400000 6.646789
v -15.844486 -19.400000 6.428752
v -15.635860 -19.400000 6.243683
v -15.451686 -19.400000 6.085503
v -15.287051 -19.400000 5.949696
v -15.138083 -19.400000 5.832883
v -14.875093 -19.400000 5.646781
v -14.642668 -19.400000 5.514306
v -14.423883 -19.400000 5.430737
v -14.313997 -19.400000 5.408081
v -14.200000 -19.400000 5.400000
v -14.407055 -19.427259 5.400000
v -14.600000 -19.507180 5.400000
v -14.765685 -19.634315 5.400000
v -14.892820 -19.800000 5.400000
v -14.972741 -19.992945 5.400000
v -15.000000 -20.200000 5.400000
v -17.200000 -20.200000 7.600000
v -17.187864 -19.930431 7.600000
v -17.151555 -19.663044 7.600000
v -17.200000 -19.400000 7.600000
v -17.569895 -24.624532 7.969895
v -17.569895 -24.624532 -6.500000
v -17.200000 -24.254637 7.600000
v -17.500000 -24.554637 -6.500000
v -14.981513 -20.029012 -8.500000
v -14.991766 -20.085516 -8.500000
v -14.997939 -20.142610 -8.500000
v -15.000000 -20.200000 -8.500000
v -14.200000 -19.400000 -1.500000
v -14.208471 -19.400045 -1.500897
v -14.216941 -19.400179 -1.503588
v -14.225409 -19.400404 -1.508073
v -14.233875 -19.400718 -1.514350
v -14.250793 -19.401614 -1.532282
v -14.267689 -19.402869 -1.557375
v -14.301382 -19.406450 -1.628998
v -14.334892 -19.411454 -1.729090
v -14.368161 -19.417874 -1.857471
v -14.401129 -19.425696 -2.013912
v -14.433735 -19.434907 -2.198131
v -14.465922 -19.445490 -2.409799
v -14.497632 -19.457427 -2.648535
v -14.528809 -19.470696 -2.913911
v -14.559395 -19.485273 -3.205452
v -14.589337 -19.501132 -3.522634
v -14.618580 -19.518244 -3.864888
v -14.647073 -19.536580 -4.231601
v -14.674763 -19.556106 -4.622114
v -14.701602 -19.576786 -5.035728
v -14.727541 -19.598585 -5.471700
v -14.752534 -19.621462 -5.929248
v -14.776536 -19.645378 -6.407551
v -14.799504 -19.670288 -6.905752
v -14.842174 -19.722912 -7.958237
v -14.880238 -19.778958 -9.079154
v -14.913423 -19.838023 -10.260466
v -14.941492 -19.899685 -11.493698
v -14.964243 -19.963500 -12.770008
v -14.981513 -20.029012 -14.080240
v -14.972741 -19.992945 1.503952
v -14.972741 -19.992945 -2.392096
v -14.972741 -19.992945 -6.288144
v -14.972741 -19.992945 -10.184192
v -14.892820 -19.800000 1.503952
v -14.892820 -19.800000 -2.392096
v -14.892820 -19.800000 -6.288144
v -14.765685 -19.634315 1.503952
v -14.765685 -19.634315 -2.392096
v -14.600000 -19.507180 1.503952
v -14.600000 -19.507180 -2.392096
v -14.407055 -19.427259 1.503952
v -15.500000 -21.037374 -9.000000
v -15.500000 -20.734489 -9.000000
v -15.555484 -20.809983 -9.000000
v -15.000000 -20.200000 -17.500000
v -15.000000 -20.230000 -18.100000
v -15.000000 -20.200000 -18.100000
v -15.409259 -21.409259 -17.690741
v -15.000000 -21.000000 -18.100000
v -15.436998 -21.295576 -8.936998
v -15.555484 -20.809983 -17.600000
v -15.500000 -21.037374 -17.600000
v -15.500000 -20.734489 -17.600000
v -15.107180 -20.200000 -8.607180
v -14.981513 -20.029012 -18.118487
v -14.995365 -20.114008 -15.780156
v -14.995365 -20.114008 -18.104635
v -15.000000 -20.734489 -8.500000
v -15.417863 -21.276442 -8.917863
v -15.339127 -21.174843 -8.839127
v -15.309955 -21.117434 -8.809955
v -15.271143 -25.231021 -8.728857
v -15.247018 -25.272883 -8.752982
v -15.216485 -25.310328 -8.783515
v -15.180338 -25.342387 -8.819662
v -15.095069 -25.387179 -8.904931
v -15.000000 -25.402641 -9.000000
v -14.582137 -21.276442 19.600000
v -14.637509 -21.210879 19.600000
v -14.681128 -21.136974 19.600000
v -14.660873 -21.174844 16.950000
v -14.660873 -21.174844 14.300000
v -14.660873 -21.174844 11.650000
v -14.660873 -21.174844 9.000000
v -14.660873 -21.174844 6.350000
v -14.660873 -21.174844 3.700000
v -14.660873 -21.174844 1.050000
v -14.660873 -21.174844 -1.600000
v -14.660873 -21.174844 -4.250000
v -14.660873 -21.174844 -6.900000
v -14.660873 -21.174844 -9.550000
v -14.660873 -21.174844 -12.200000
v -14.660873 -21.174844 -14.850000
v -13.155122 -22.703457 19.600000
v -12.935491 -22.833085 19.600000
v -13.015653 -22.802449 19.600000
v -13.089558 -22.758829 19.600000
v -13.053523 -22.782193 16.950000
v -13.053523 -22.782193 14.300000
v -13.053523 -22.782193 11.650000
v -13.053523 -22.782193 9.000000
v -13.053523 -22.782193 6.350000
v -13.053523 -22.782193 3.700000
v -13.053523 -22.782193 1.050000
v -13.053523 -22.782193 -1.600000
v -13.053523 -22.782193 -4.250000
v -13.053523 -22.782193 -6.900000
v -13.053523 -22.782193 -9.550000
v -13.053523 -22.782193 -12.200000
v -13.053523 -22.782193 -14.850000
v -15.000000 -25.402641 19.600000
v -14.923466 -25.392714 19.600000
v -14.851998 -25.363591 19.600000
v -14.790323 -25.317200 19.600000
v -14.742524 -25.256609 19.600000
v -14.711765 -25.185830 19.600000
v -15.257476 -25.256609 9.600000
v -15.209677 -25.317200 9.600000
v -15.148002 -25.363591 9.600000
v -15.076534 -25.392714 9.600000
v -15.000000 -25.402641 9.600000
v -14.923466 -25.392714 17.986957
v -14.923466 -25.392714 16.373913
v -14.923466 -25.392714 14.760870
v -14.923466 -25.392714 13.147826
v -14.923466 -25.392714 11.534783
v -14.923466 -25.392714 9.921739
v -14.923466 -25.392714 8.308696
v -14.923466 -25.392714 6.695652
v -14.923466 -25.392714 5.082609
v -14.923466 -25.392714 3.469565
v -14.923466 -25.392714 1.856522
v -14.923466 -25.392714 0.243478
v -14.923466 -25.392714 -1.369565
v -14.923466 -25.392714 -2.982609
v -14.923466 -25.392714 -4.595652
v -14.923466 -25.392714 -6.208696
v -14.923466 -25.392714 -7.821739
v -14.923466 -25.392714 -9.434783
v -14.923466 -25.392714 -11.047826
v -14.923466 -25.392714 -12.660870
v -14.923466 -25.392714 -14.273913
v -14.923466 -25.392714 -15.886957
v -15.076534 -25.392714 -7.821739
v -15.076534 -25.392714 -6.208696
v -15.076534 -25.392714 -4.595652
v -15.076534 -25.392714 -2.982609
v -15.076534 -25.392714 -1.369565
v -15.076534 -25.392714 0.243478
v -15.076534 -25.392714 1.856522
v -15.076534 -25.392714 3.469565
v -15.076534 -25.392714 5.082609
v -15.076534 -25.392714 6.695652
v -15.076534 -25.392714 8.308696
v -14.851998 -25.363591 17.986957
v -14.851998 -25.363591 16.373913
v -14.851998 -25.363591 14.760870
v -14.851998 -25.363591 13.147826
v -14.851998 -25.363591 11.534783
v -14.851998 -25.363591 9.921739
v -14.851998 -25.363591 8.308696
v -14.851998 -25.363591 6.695652
v -14.851998 -25.363591 5.082609
v -14.851998 -25.363591 3.469565
v -14.851998 -25.363591 1.856522
v -14.851998 -25.363591 0.243478
v -14.851998 -25.363591 -1.369565
v -14.851998 -25.363591 -2.982609
v -14.851998 -25.363591 -4.595652
v -14.851998 -25.363591 -6.208696
v -14.851998 -25.363591 -7.821739
v -14.851998 -25.363591 -9.434783
v -14.851998 -25.363591 -11.047826
v -14.851998 -25.363591 -12.660870
v -14.851998 -25.363591 -14.273913
v -14.851998 -25.363591 -15.886957
v -14.790323 -25.317200 17.986957
v -14.790323 -25.317200 16.373913
v -14.790323 -25.317200 14.760870
v -14.790323 -25.317200 13.147826
v -14.790323 -25.317200 11.534783
v -14.790323 -25.317200 9.921739
v -14.790323 -25.317200 8.308696
v -14.790323 -25.317200 6.695652
v -14.790323 -25.317200 5.082609
v -14.790323 -25.317200 3.469565
v -14.790323 -25.317200 1.856522
v -14.790323 -25.317200 0.243478
v -14.790323 -25.317200 -1.369565
v -14.790323 -25.317200 -2.982609
v -14.790323 -25.317200 -4.595652
v -14.790323 -25.317200 -6.208696
v -14.790323 -25.317200 -7.821739
v -14.790323 -25.317200 -9.434783
v -14.790323 -25.317200 -11.047826
v -14.790323 -25.317200 -12.660870
v -14.790323 -25.317200 -14.273913
v -14.790323 -25.317200 -15.886957
v -14.742524 -25.256609 17.986957
v -14.742524 -25.256609 16.373913
v -14.742524 -25.256609 14.760870
v -14.742524 -25.256609 13.147826
v -14.742524 -25.256609 11.534783
v -14.742524 -25.256609 9.921739
v -14.742524 -25.256609 8.308696
v -14.742524 -25.256609 6.695652
v -14.742524 -25.256609 5.082609
v -14.742524 -25.256609 3.469565
v -14.742524 -25.256609 1.856522
v -14.742524 -25.256609 0.243478
v -14.742524 -25.256609 -1.369565
v -14.742524 -25.256609 -2.982609
v -14.742524 -25.256609 -4.595652
v -14.742524 -25.256609 -6.208696
v -14.742524 -25.256609 -7.821739
v -14.742524 -25.256609 -9.434783
v -14.742524 -25.256609 -11.047826
v -14.742524 -25.256609 -12.660870
v -14.742524 -25.256609 -14.273913
v -14.742524 -25.256609 -15.886957
v -15.148002 -25.363591 -7.821739
v -15.148002 -25.363591 -6.208696
v -15.148002 -25.363591 -4.595652
v -15.148002 -25.363591 -2.982609
v -15.148002 -25.363591 -1.369565
v -15.148002 -25.363591 0.243478
v -15.148002 -25.363591 1.856522
v -15.148002 -25.363591 3.469565
v -15.148002 -25.363591 5.082609
v -15.148002 -25.363591 6.695652
v -15.148002 -25.363591 8.308696
v -15.209677 -25.317200 -7.821739
v -15.209677 -25.317200 -6.208696
v -15.209677 -25.317200 -4.595652
v -15.209677 -25.317200 -2.982609
v -15.209677 -25.317200 -1.369565
v -15.209677 -25.317200 0.243478
v -15.209677 -25.317200 1.856522
v -15.209677 -25.317200 3.469565
v -15.209677 -25.317200 5.082609
v -15.209677 -25.317200 6.695652
v -15.209677 -25.317200 8.308696
v -15.257476 -25.256609 -7.821739
v -15.257476 -25.256609 -6.208696
v -15.257476 -25.256609 -4.595652
v -15.257476 -25.256609 -2.982609
v -15.257476 -25.256609 -1.369565
v -15.257476 -25.256609 0.243478
v -15.257476 -25.256609 1.856522
v -15.257476 -25.256609 3.469565
v -15.257476 -25.256609 5.082609
v -15.257476 -25.256609 6.695652
v -15.257476 -25.256609 8.308696
v -15.339127 -21.174843 -10.966177
v -15.339127 -21.174843 -13.144118
v -15.339127 -21.174843 -15.322059
v -14.681128 -25.105667 19.600000
v -14.637509 -25.031762 19.600000
v -14.582137 -24.966199 19.600000
v -14.660873 -25.067797 16.950000
v -14.660873 -25.067797 14.300000
v -14.660873 -25.067797 11.650000
v -14.660873 -25.067797 9.000000
v -14.660873 -25.067797 6.350000
v -14.660873 -25.067797 3.700000
v -14.660873 -25.067797 1.050000
v -14.660873 -25.067797 -1.600000
v -14.660873 -25.067797 -4.250000
v -14.660873 -25.067797 -6.900000
v -14.660873 -25.067797 -9.550000
v -14.660873 -25.067797 -12.200000
v -14.660873 -25.067797 -14.850000
v -13.155122 -23.539184 19.600000
v -13.089558 -23.483811 19.600000
v -13.015653 -23.440192 19.600000
v -12.935491 -23.409556 19.600000
v -13.053523 -23.460448 16.950000
v -13.053523 -23.460448 14.300000
v -13.053523 -23.460448 11.650000
v -13.053523 -23.460448 9.000000
v -13.053523 -23.460448 6.350000
v -13.053523 -23.460448 3.700000
v -13.053523 -23.460448 1.050000
v -13.053523 -23.460448 -1.600000
v -13.053523 -23.460448 -4.250000
v -13.053523 -23.460448 -6.900000
v -13.053523 -23.460448 -9.550000
v -13.053523 -23.460448 -12.200000
v -13.053523 -23.460448 -14.850000
v -12.864711 -23.378796 19.600000
v -12.804121 -23.330997 19.600000
v -12.757729 -23.269323 19.600000
v -12.728606 -23.197854 19.600000
v -12.718680 -23.121320 19.600000
v -12.728606 -23.044787 19.600000
v -12.757729 -22.973318 19.600000
v -12.804121 -22.911643 19.600000
v -12.864711 -22.863845 19.600000
v -12.864711 -23.378796 17.986957
v -12.864711 -23.378796 16.373913
v -12.864711 -23.378796 14.760870
v -12.864711 -23.378796 13.147826
v -12.864711 -23.378796 11.534783
v -12.864711 -23.378796 9.921739
v -12.864711 -23.378796 8.308696
v -12.864711 -23.378796 6.695652
v -12.864711 -23.378796 5.082609
v -12.864711 -23.378796 3.469565
v -12.864711 -23.378796 1.856522
v -12.864711 -23.378796 0.243478
v -12.864711 -23.378796 -1.369565
v -12.864711 -23.378796 -2.982609
v -12.864711 -23.378796 -4.595652
v -12.864711 -23.378796 -6.208696
v -12.864711 -23.378796 -7.821739
v -12.864711 -23.378796 -9.434783
v -12.864711 -23.378796 -11.047826
v -12.864711 -23.378796 -12.660870
v -12.864711 -23.378796 -14.273913
v -12.864711 -23.378796 -15.886957
v -12.804121 -23.330997 17.986957
v -12.804121 -23.330997 16.373913
v -12.804121 -23.330997 14.760870
v -12.804121 -23.330997 13.147826
v -12.804121 -23.330997 11.534783
v -12.804121 -23.330997 9.921739
v -12.804121 -23.330997 8.308696
v -12.804121 -23.330997 6.695652
v -12.804121 -23.330997 5.082609
v -12.804121 -23.330997 3.469565
v -12.804121 -23.330997 1.856522
v -12.804121 -23.330997 0.243478
v -12.804121 -23.330997 -1.369565
v -12.804121 -23.330997 -2.982609
v -12.804121 -23.330997 -4.595652
v -12.804121 -23.330997 -6.208696
v -12.804121 -23.330997 -7.821739
v -12.804121 -23.330997 -9.434783
v -12.804121 -23.330997 -11.047826
v -12.804121 -23.330997 -12.660870
v -12.804121 -23.330997 -14.273913
v -12.804121 -23.330997 -15.886957
v -12.757729 -23.269323 17.986957
v -12.757729 -23.269323 16.373913
v -12.757729 -23.269323 14.760870
v -12.757729 -23.269323 13.147826
v -12.757729 -23.269323 11.534783
v -12.757729 -23.269323 9.921739
v -12.757729 -23.269323 8.308696
v -12.757729 -23.269323 6.695652
v -12.757729 -23.269323 5.082609
v -12.757729 -23.269323 3.469565
v -12.757729 -23.269323 1.856522
v -12.757729 -23.269323 0.243478
v -12.757729 -23.269323 -1.369565
v -12.757729 -23.269323 -2.982609
v -12.757729 -23.269323 -4.595652
v -12.757729 -23.269323 -6.208696
v -12.757729 -23.269323 -7.821739
v -12.757729 -23.269323 -9.434783
v -12.757729 -23.269323 -11.047826
v -12.757729 -23.269323 -12.660870
v -12.757729 -23.269323 -14.273913
v -12.757729 -23.269323 -15.886957
v -12.728606 -23.197854 17.986957
v -12.728606 -23.197854 16.373913
v -12.728606 -23.197854 14.760870
v -12.728606 -23.197854 13.147826
v -12.728606 -23.197854 11.534783
v -12.728606 -23.197854 9.921739
v -12.728606 -23.197854 8.308696
v -12.728606 -23.197854 6.695652
v -12.728606 -23.197854 5.082609
v -12.728606 -23.197854 3.469565
v -12.728606 -23.197854 1.856522
v -12.728606 -23.197854 0.243478
v -12.728606 -23.197854 -1.369565
v -12.728606 -23.197854 -2.982609
v -12.728606 -23.197854 -4.595652
v -12.728606 -23.197854 -6.208696
v -12.728606 -23.197854 -7.821739
v -12.728606 -23.197854 -9.434783
v -12.728606 -23.197854 -11.047826
v -12.728606 -23.197854 -12.660870
v -12.728606 -23.197854 -14.273913
v -12.728606 -23.197854 -15.886957
v -12.718680 -23.121320 17.986957
v -12.718680 -23.121320 16.373913
v -12.718680 -23.121320 14.760870
v -12.718680 -23.121320 13.147826
v -12.718680 -23.121320 11.534783
v -12.718680 -23.121320 9.921739
v -12.718680 -23.121320 8.308696
v -12.718680 -23.121320 6.695652
v -12.718680 -23.121320 5.082609
v -12.718680 -23.121320 3.469565
v -12.718680 -23.121320 1.856522
v -12.718680 -23.121320 0.243478
v -12.718680 -23.121320 -1.369565
v -12.718680 -23.121320 -2.982609
v -12.718680 -23.121320 -4.595652
v -12.718680 -23.121320 -6.208696
v -12.718680 -23.121320 -7.821739
v -12.718680 -23.121320 -9.434783
v -12.718680 -23.121320 -11.047826
v -12.718680 -23.121320 -12.660870
v -12.718680 -23.121320 -14.273913
v -12.718680 -23.121320 -15.886957
v -12.728606 -23.044787 17.986957
v -12.728606 -23.044787 16.373913
v -12.728606 -23.044787 14.760870
v -12.728606 -23.044787 13.147826
v -12.728606 -23.044787 11.534783
v -12.728606 -23.044787 9.921739
v -12.728606 -23.044787 8.308696
v -12.728606 -23.044787 6.695652
v -12.728606 -23.044787 5.082609
v -12.728606 -23.044787 3.469565
v -12.728606 -23.044787 1.856522
v -12.728606 -23.044787 0.243478
v -12.728606 -23.044787 -1.369565
v -12.728606 -23.044787 -2.982609
v -12.728606 -23.044787 -4.595652
v -12.728606 -23.044787 -6.208696
v -12.728606 -23.044787 -7.821739
v -12.728606 -23.044787 -9.434783
v -12.728606 -23.044787 -11.047826
v -12.728606 -23.044787 -12.660870
v -12.728606 -23.044787 -14.273913
v -12.728606 -23.044787 -15.886957
v -12.757729 -22.973318 17.986957
v -12.757729 -22.973318 16.373913
v -12.757729 -22.973318 14.760870
v -12.757729 -22.973318 13.147826
v -12.757729 -22.973318 11.534783
v -12.757729 -22.973318 9.921739
v -12.757729 -22.973318 8.308696
v -12.757729 -22.973318 6.695652
v -12.757729 -22.973318 5.082609
v -12.757729 -22.973318 3.469565
v -12.757729 -22.973318 1.856522
v -12.757729 -22.973318 0.243478
v -12.757729 -22.973318 -1.369565
v -12.757729 -22.973318 -2.982609
v -12.757729 -22.973318 -4.595652
v -12.757729 -22.973318 -6.208696
v -12.757729 -22.973318 -7.821739
v -12.757729 -22.973318 -9.434783
v -12.757729 -22.973318 -11.047826
v -12.757729 -22.973318 -12.660870
v -12.757729 -22.973318 -14.273913
v -12.757729 -22.973318 -15.886957
v -12.804121 -22.911643 17.986957
v -12.804121 -22.911643 16.373913
v -12.804121 -22.911643 14.760870
v -12.804121 -22.911643 13.147826
v -12.804121 -22.911643 11.534783
v -12.804121 -22.911643 9.921739
v -12.804121 -22.911643 8.308696
v -12.804121 -22.911643 6.695652
v -12.804121 -22.911643 5.082609
v -12.804121 -22.911643 3.469565
v -12.804121 -22.911643 1.856522
v -12.804121 -22.911643 0.243478
v -12.804121 -22.911643 -1.369565
v -12.804121 -22.911643 -2.982609
v -12.804121 -22.911643 -4.595652
v -12.804121 -22.911643 -6.208696
v -12.804121 -22.911643 -7.821739
v -12.804121 -22.911643 -9.434783
v -12.804121 -22.911643 -11.047826
v -12.804121 -22.911643 -12.660870
v -12.804121 -22.911643 -14.273913
v -12.804121 -22.911643 -15.886957
v -12.864711 -22.863845 17.986957
v -12.864711 -22.863845 16.373913
v -12.864711 -22.863845 14.760870
v -12.864711 -22.863845 13.147826
v -12.864711 -22.863845 11.534783
v -12.864711 -22.863845 9.921739
v -12.864711 -22.863845 8.308696
v -12.864711 -22.863845 6.695652
v -12.864711 -22.863845 5.082609
v -12.864711 -22.863845 3.469565
v -12.864711 -22.863845 1.856522
v -12.864711 -22.863845 0.243478
v -12.864711 -22.863845 -1.369565
v -12.864711 -22.863845 -2.982609
v -12.864711 -22.863845 -4.595652
v -12.864711 -22.863845 -6.208696
v -12.864711 -22.863845 -7.821739
v -12.864711 -22.863845 -9.434783
v -12.864711 -22.863845 -11.047826
v -12.864711 -22.863845 -12.660870
v -12.864711 -22.863845 -14.273913
v -12.864711 -22.863845 -15.886957
v 15.000000 -19.400000 9.600000
v -15.000000 -19.400000 9.600000
v -15.000000 -19.400000 19.600000
v 15.000000 -19.400000 19.600000
v 15.000000 -48.100000 19.600000
v 15.000000 -48.100000 6.600000
v 15.000000 -49.100000 6.600000
v -15.000000 -49.100000 6.600000
v -15.000000 -48.100000 6.600000
v -15.000000 -48.100000 19.600000
vt -1.600000 0.063292 0.000000
vt -1.729130 0.063292 0.000000
vt -1.600000 0.055553 0.000000
vt -1.890435 0.063292 0.000000
vt -1.992886 0.060390 0.000000
vt -1.995298 0.065227 0.000000
vt -1.890435 0.071031 0.000000
vt -1.998351 0.070064 0.000000
vt -2.001966 0.074901 0.000000
vt -1.890435 0.078770 0.000000
vt -2.010493 0.084574 0.000000
vt -1.890435 0.086509 0.000000
vt -2.020000 0.094248 0.000000
vt -1.890435 0.094248 0.000000
vt -1.890435 0.101987 0.000000
vt -1.729130 0.094248 0.000000
vt -1.729130 0.101987 0.000000
vt -1.600000 0.094248 0.000000
vt -1.567826 0.101987 0.000000
vt -1.406522 0.101987 0.000000
vt -1.567826 0.109726 0.000000
vt -1.406522 0.109726 0.000000
vt -1.567826 0.117464 0.000000
vt -1.406522 0.117464 0.000000
vt -1.567826 0.125203 0.000000
vt -1.406522 0.125203 0.000000
vt -0.600000 0.132942 0.000000
vt -1.245217 0.125203 0.000000
vt -1.083913 0.125203 0.000000
vt -1.083913 0.117464 0.000000
vt -0.922609 0.117464 0.000000
vt -0.922609 0.109726 0.000000
vt -0.761304 0.109726 0.000000
vt -0.761304 0.101987 0.000000
vt -0.600000 0.101987 0.000000
vt -0.600000 0.094248 0.000000
vt -0.922609 0.101987 0.000000
vt -1.083913 0.101987 0.000000
vt -1.083913 0.109726 0.000000
vt -1.245217 0.109726 0.000000
vt -1.245217 0.117464 0.000000
vt -1.729130 0.071031 0.000000
vt -1.600000 0.071031 0.000000
vt -1.729130 0.078770 0.000000
vt -1.600000 0.078770 0.000000
vt -1.729130 0.086509 0.000000
vt -1.600000 0.086509 0.000000
vt -1.245217 0.101987 0.000000
vt -0.600000 0.109726 0.000000
vt -0.761304 0.117464 0.000000
vt -0.922609 0.125203 0.000000
vt -0.600000 0.117464 0.000000
vt -0.761304 0.125203 0.000000
vt -0.600000 0.125203 0.000000
vt -4.310000 0.132942 0.000000
vt -2.374348 0.125203 0.000000
vt -2.213043 0.125203 0.000000
vt -2.051739 0.125203 0.000000
vt -2.051739 0.117464 0.000000
vt -1.890435 0.117464 0.000000
vt -1.890435 0.109726 0.000000
vt -1.729130 0.109726 0.000000
vt -4.310000 0.125203 0.000000
vt -4.148696 0.125203 0.000000
vt -3.987391 0.125203 0.000000
vt -3.826087 0.125203 0.000000
vt -3.826087 0.117464 0.000000
vt -3.664783 0.117464 0.000000
vt -3.664783 0.109726 0.000000
vt -3.503478 0.109726 0.000000
vt -3.503478 0.101987 0.000000
vt -3.342174 0.101987 0.000000
vt -3.410000 0.094248 0.000000
vt -3.180870 0.101987 0.000000
vt -3.019565 0.101987 0.000000
vt -3.180870 0.109726 0.000000
vt -3.019565 0.109726 0.000000
vt -3.180870 0.117464 0.000000
vt -3.019565 0.117464 0.000000
vt -3.180870 0.125203 0.000000
vt -3.019565 0.125203 0.000000
vt -2.858261 0.125203 0.000000
vt -2.696957 0.125203 0.000000
vt -2.696957 0.117464 0.000000
vt -2.535652 0.117464 0.000000
vt -2.535652 0.109726 0.000000
vt -2.374348 0.109726 0.000000
vt -2.374348 0.101987 0.000000
vt -2.213043 0.101987 0.000000
vt -2.051739 0.101987 0.000000
vt -2.051739 0.109726 0.000000
vt -4.148696 0.117464 0.000000
vt -4.310000 0.117464 0.000000
vt -4.148696 0.109726 0.000000
vt -4.310000 0.109726 0.000000
vt -4.148696 0.101987 0.000000
vt -4.310000 0.101987 0.000000
vt -4.148696 0.094248 0.000000
vt -4.310000 0.094248 0.000000
vt -4.148696 0.086509 0.000000
vt -4.310000 0.086509 0.000000
vt -4.148696 0.078770 0.000000
vt -4.310000 0.078770 0.000000
vt -4.148696 0.071031 0.000000
vt -4.310000 0.071031 0.000000
vt -4.148696 0.063292 0.000000
vt -4.310000 0.063292 0.000000
vt -4.310000 0.055553 0.000000
vt -3.438824 0.055553 0.000000
vt -3.826087 0.063292 0.000000
vt -3.987391 0.063292 0.000000
vt -3.437114 0.060390 0.000000
vt -3.503478 0.063292 0.000000
vt -3.664783 0.063292 0.000000
vt -3.826087 0.071031 0.000000
vt -3.987391 0.071031 0.000000
vt -3.987391 0.078770 0.000000
vt -3.434702 0.065227 0.000000
vt -3.503478 0.071031 0.000000
vt -3.664783 0.071031 0.000000
vt -3.664783 0.078770 0.000000
vt -3.826087 0.078770 0.000000
vt -3.826087 0.086509 0.000000
vt -3.987391 0.086509 0.000000
vt -3.987391 0.094248 0.000000
vt -3.431649 0.070064 0.000000
vt -3.428034 0.074901 0.000000
vt -3.503478 0.078770 0.000000
vt -3.419507 0.084574 0.000000
vt -3.503478 0.086509 0.000000
vt -3.503478 0.094248 0.000000
vt -3.664783 0.101987 0.000000
vt -3.826087 0.109726 0.000000
vt -3.987391 0.117464 0.000000
vt -2.696957 0.101987 0.000000
vt -2.858261 0.101987 0.000000
vt -1.991176 0.055553 0.000000
vt -2.213043 0.109726 0.000000
vt -2.213043 0.117464 0.000000
vt -2.535652 0.101987 0.000000
vt -2.696957 0.109726 0.000000
vt -2.858261 0.109726 0.000000
vt -2.858261 0.117464 0.000000
vt -3.342174 0.109726 0.000000
vt -3.342174 0.117464 0.000000
vt -3.342174 0.125203 0.000000
vt -3.826087 0.101987 0.000000
vt -3.664783 0.094248 0.000000
vt -3.826087 0.094248 0.000000
vt -3.664783 0.086509 0.000000
vt -3.987391 0.101987 0.000000
vt -3.987391 0.109726 0.000000
vt -1.729130 0.117464 0.000000
vt -1.729130 0.125203 0.000000
vt -2.374348 0.117464 0.000000
vt -2.535652 0.125203 0.000000
vt -3.503478 0.117464 0.000000
vt -3.664783 0.125203 0.000000
vt -1.890435 0.125203 0.000000
vt -3.503478 0.125203 0.000000
vt 0.600000 -0.008592 0.000000
vt 0.865000 -0.012888 0.000000
vt 0.600000 0.000000 0.000000
vt 1.130000 -0.012888 0.000000
vt 1.395000 -0.012888 0.000000
vt 0.600000 -0.017184 0.000000
vt 1.660000 -0.012888 0.000000
vt 1.925000 -0.012888 0.000000
vt 2.190000 -0.012888 0.000000
vt 2.455000 -0.012888 0.000000
vt 4.310000 -0.025776 0.000000
vt 2.720000 -0.012888 0.000000
vt 2.985000 -0.012888 0.000000
vt 4.310000 -0.008592 0.000000
vt 4.310000 0.000000 0.000000
vt 0.600000 -0.025776 0.000000
vt 4.310000 -0.017184 0.000000
vt 4.045000 -0.012888 0.000000
vt 3.780000 -0.012888 0.000000
vt 3.515000 -0.012888 0.000000
vt 3.250000 -0.012888 0.000000
vt -0.000000 0.600000 0.000000
vt 0.201810 0.600000 0.000000
vt -0.000000 4.310000 0.000000
vt 0.201810 4.310000 0.000000
vt 0.600000 -0.008592 0.000000
vt 0.865000 -0.012888 0.000000
vt 0.600000 0.000000 0.000000
vt 1.130000 -0.012888 0.000000
vt 1.395000 -0.012888 0.000000
vt 0.600000 -0.017184 0.000000
vt 1.660000 -0.012888 0.000000
vt 1.925000 -0.012888 0.000000
vt 2.190000 -0.012888 0.000000
vt 2.455000 -0.012888 0.000000
vt 4.310000 -0.025776 0.000000
vt 2.720000 -0.012888 0.000000
vt 2.985000 -0.012888 0.000000
vt 4.310000 -0.008592 0.000000
vt 4.310000 0.000000 0.000000
vt 0.600000 -0.025776 0.000000
vt 4.310000 -0.017184 0.000000
vt 4.045000 -0.012888 0.000000
vt 3.780000 -0.012888 0.000000
vt 3.515000 -0.012888 0.000000
vt 3.250000 -0.012888 0.000000
vt -0.600000 0.063292 0.000000
vt -0.761304 0.063292 0.000000
vt -0.600000 0.055553 0.000000
vt -0.922609 0.063292 0.000000
vt -1.083913 0.063292 0.000000
vt -1.083913 0.071031 0.000000
vt -1.245217 0.071031 0.000000
vt -1.245217 0.078770 0.000000
vt -1.406522 0.078770 0.000000
vt -1.406522 0.086509 0.000000
vt -1.567826 0.086509 0.000000
vt -1.567826 0.094248 0.000000
vt -1.729130 0.094248 0.000000
vt -1.729130 0.101987 0.000000
vt -1.890435 0.101987 0.000000
vt -1.890435 0.109726 0.000000
vt -2.051739 0.109726 0.000000
vt -2.051739 0.117464 0.000000
vt -2.213043 0.117464 0.000000
vt -2.213043 0.125203 0.000000
vt -2.374348 0.125203 0.000000
vt -0.600000 0.132942 0.000000
vt -4.310000 0.132942 0.000000
vt -0.761304 0.071031 0.000000
vt -0.600000 0.071031 0.000000
vt -0.761304 0.078770 0.000000
vt -0.600000 0.078770 0.000000
vt -0.761304 0.086509 0.000000
vt -0.600000 0.086509 0.000000
vt -0.761304 0.094248 0.000000
vt -0.600000 0.094248 0.000000
vt -0.761304 0.101987 0.000000
vt -0.600000 0.101987 0.000000
vt -0.761304 0.109726 0.000000
vt -0.600000 0.109726 0.000000
vt -0.761304 0.117464 0.000000
vt -0.600000 0.117464 0.000000
vt -0.761304 0.125203 0.000000
vt -0.600000 0.125203 0.000000
vt -4.310000 0.125203 0.000000
vt -4.148696 0.125203 0.000000
vt -3.987391 0.125203 0.000000
vt -3.826087 0.125203 0.000000
vt -3.826087 0.117464 0.000000
vt -3.664783 0.117464 0.000000
vt -3.664783 0.109726 0.000000
vt -3.503478 0.109726 0.000000
vt -3.503478 0.101987 0.000000
vt -3.342174 0.101987 0.000000
vt -3.342174 0.094248 0.000000
vt -3.180870 0.094248 0.000000
vt -3.180870 0.086509 0.000000
vt -3.019565 0.086509 0.000000
vt -3.019565 0.078770 0.000000
vt -2.858261 0.078770 0.000000
vt -2.858261 0.071031 0.000000
vt -2.696957 0.071031 0.000000
vt -2.696957 0.063292 0.000000
vt -2.535652 0.063292 0.000000
vt -4.310000 0.055553 0.000000
vt -4.148696 0.117464 0.000000
vt -4.310000 0.117464 0.000000
vt -4.148696 0.109726 0.000000
vt -4.310000 0.109726 0.000000
vt -4.148696 0.101987 0.000000
vt -4.310000 0.101987 0.000000
vt -4.148696 0.094248 0.000000
vt -4.310000 0.094248 0.000000
vt -4.148696 0.086509 0.000000
vt -4.310000 0.086509 0.000000
vt -4.148696 0.078770 0.000000
vt -4.310000 0.078770 0.000000
vt -4.148696 0.071031 0.000000
vt -4.310000 0.071031 0.000000
vt -4.148696 0.063292 0.000000
vt -4.310000 0.063292 0.000000
vt -0.922609 0.071031 0.000000
vt -0.922609 0.078770 0.000000
vt -0.922609 0.086509 0.000000
vt -0.922609 0.094248 0.000000
vt -0.922609 0.101987 0.000000
vt -0.922609 0.109726 0.000000
vt -0.922609 0.117464 0.000000
vt -0.922609 0.125203 0.000000
vt -1.245217 0.063292 0.000000
vt -1.406522 0.063292 0.000000
vt -1.567826 0.063292 0.000000
vt -1.567826 0.071031 0.000000
vt -1.729130 0.071031 0.000000
vt -1.729130 0.078770 0.000000
vt -1.890435 0.078770 0.000000
vt -1.890435 0.086509 0.000000
vt -2.051739 0.086509 0.000000
vt -2.051739 0.094248 0.000000
vt -2.213043 0.094248 0.000000
vt -2.213043 0.101987 0.000000
vt -2.374348 0.101987 0.000000
vt -2.374348 0.109726 0.000000
vt -2.535652 0.109726 0.000000
vt -2.535652 0.117464 0.000000
vt -2.696957 0.117464 0.000000
vt -2.696957 0.125203 0.000000
vt -2.858261 0.125203 0.000000
vt -3.019565 0.125203 0.000000
vt -3.180870 0.125203 0.000000
vt -3.019565 0.117464 0.000000
vt -3.180870 0.117464 0.000000
vt -3.019565 0.109726 0.000000
vt -3.180870 0.109726 0.000000
vt -3.019565 0.101987 0.000000
vt -3.180870 0.101987 0.000000
vt -3.019565 0.094248 0.000000
vt -1.406522 0.071031 0.000000
vt -1.729130 0.063292 0.000000
vt -1.890435 0.063292 0.000000
vt -2.051739 0.063292 0.000000
vt -2.051739 0.071031 0.000000
vt -2.213043 0.071031 0.000000
vt -2.213043 0.078770 0.000000
vt -2.374348 0.078770 0.000000
vt -2.374348 0.086509 0.000000
vt -2.535652 0.086509 0.000000
vt -2.535652 0.094248 0.000000
vt -2.696957 0.094248 0.000000
vt -2.696957 0.101987 0.000000
vt -2.858261 0.101987 0.000000
vt -2.858261 0.109726 0.000000
vt -1.890435 0.071031 0.000000
vt -2.213043 0.063292 0.000000
vt -2.374348 0.063292 0.000000
vt -2.535652 0.071031 0.000000
vt -2.696957 0.078770 0.000000
vt -2.858261 0.086509 0.000000
vt -2.374348 0.071031 0.000000
vt -2.858261 0.063292 0.000000
vt -3.019565 0.063292 0.000000
vt -3.180870 0.063292 0.000000
vt -3.180870 0.071031 0.000000
vt -3.342174 0.071031 0.000000
vt -3.342174 0.078770 0.000000
vt -3.503478 0.078770 0.000000
vt -3.503478 0.086509 0.000000
vt -3.664783 0.086509 0.000000
vt -3.664783 0.094248 0.000000
vt -3.826087 0.094248 0.000000
vt -3.826087 0.101987 0.000000
vt -3.987391 0.101987 0.000000
vt -3.987391 0.109726 0.000000
vt -3.019565 0.071031 0.000000
vt -3.342174 0.063292 0.000000
vt -3.503478 0.063292 0.000000
vt -3.664783 0.063292 0.000000
vt -3.664783 0.071031 0.000000
vt -3.826087 0.071031 0.000000
vt -3.826087 0.078770 0.000000
vt -3.987391 0.078770 0.000000
vt -3.987391 0.086509 0.000000
vt -3.503478 0.071031 0.000000
vt -3.826087 0.063292 0.000000
vt -3.987391 0.063292 0.000000
vt -3.987391 0.071031 0.000000
vt -1.083913 0.078770 0.000000
vt -1.245217 0.086509 0.000000
vt -1.406522 0.094248 0.000000
vt -1.567826 0.101987 0.000000
vt -1.729130 0.109726 0.000000
vt -1.890435 0.117464 0.000000
vt -2.051739 0.125203 0.000000
vt -1.567826 0.078770 0.000000
vt -2.051739 0.078770 0.000000
vt -2.535652 0.078770 0.000000
vt -3.180870 0.078770 0.000000
vt -3.664783 0.078770 0.000000
vt -1.083913 0.086509 0.000000
vt -1.083913 0.094248 0.000000
vt -1.083913 0.101987 0.000000
vt -1.083913 0.109726 0.000000
vt -1.083913 0.117464 0.000000
vt -1.083913 0.125203 0.000000
vt -1.729130 0.086509 0.000000
vt -2.213043 0.086509 0.000000
vt -2.696957 0.086509 0.000000
vt -3.342174 0.086509 0.000000
vt -3.826087 0.086509 0.000000
vt -1.245217 0.094248 0.000000
vt -1.406522 0.101987 0.000000
vt -1.567826 0.109726 0.000000
vt -1.729130 0.117464 0.000000
vt -1.890435 0.125203 0.000000
vt -1.890435 0.094248 0.000000
vt -2.374348 0.094248 0.000000
vt -2.858261 0.094248 0.000000
vt -3.503478 0.094248 0.000000
vt -3.987391 0.094248 0.000000
vt -1.245217 0.101987 0.000000
vt -1.245217 0.109726 0.000000
vt -1.245217 0.117464 0.000000
vt -1.245217 0.125203 0.000000
vt -2.051739 0.101987 0.000000
vt -2.535652 0.101987 0.000000
vt -3.664783 0.101987 0.000000
vt -1.406522 0.109726 0.000000
vt -1.567826 0.117464 0.000000
vt -1.729130 0.125203 0.000000
vt -2.213043 0.109726 0.000000
vt -2.696957 0.109726 0.000000
vt -3.342174 0.109726 0.000000
vt -3.342174 0.117464 0.000000
vt -3.342174 0.125203 0.000000
vt -3.826087 0.109726 0.000000
vt -1.406522 0.117464 0.000000
vt -1.406522 0.125203 0.000000
vt -2.374348 0.117464 0.000000
vt -2.858261 0.117464 0.000000
vt -3.503478 0.117464 0.000000
vt -3.664783 0.125203 0.000000
vt -3.987391 0.117464 0.000000
vt -1.567826 0.125203 0.000000
vt -2.535652 0.125203 0.000000
vt -3.503478 0.125203 0.000000
vt 0.600000 -0.008592 0.000000
vt 0.865000 -0.012888 0.000000
vt 0.600000 0.000000 0.000000
vt 1.130000 -0.012888 0.000000
vt 1.395000 -0.012888 0.000000
vt 0.600000 -0.017184 0.000000
vt 1.660000 -0.012888 0.000000
vt 1.925000 -0.012888 0.000000
vt 2.190000 -0.012888 0.000000
vt 2.455000 -0.012888 0.000000
vt 4.310000 -0.025776 0.000000
vt 2.720000 -0.012888 0.000000
vt 2.985000 -0.012888 0.000000
vt 4.310000 -0.008592 0.000000
vt 4.310000 0.000000 0.000000
vt 0.600000 -0.025776 0.000000
vt 4.310000 -0.017184 0.000000
vt 4.045000 -0.012888 0.000000
vt 3.780000 -0.012888 0.000000
vt 3.515000 -0.012888 0.000000
vt 3.250000 -0.012888 0.000000
vt 0.000000 0.600000 0.000000
vt 0.201810 0.600000 0.000000
vt 0.000000 4.310000 0.000000
vt 0.201810 4.310000 0.000000
vt 0.600000 -0.008592 0.000000
vt 0.865000 -0.012888 0.000000
vt 0.600000 0.000000 0.000000
vt 1.130000 -0.012888 0.000000
vt 1.395000 -0.012888 0.000000
vt 0.600000 -0.017184 0.000000
vt 1.660000 -0.012888 0.000000
vt 1.925000 -0.012888 0.000000
vt 2.190000 -0.012888 0.000000
vt 2.455000 -0.012888 0.000000
vt 4.310000 -0.025776 0.000000
vt 2.720000 -0.012888 0.000000
vt 2.985000 -0.012888 0.000000
vt 4.310000 -0.008592 0.000000
vt 4.310000 0.000000 0.000000
vt 0.600000 -0.025776 0.000000
vt 4.310000 -0.017184 0.000000
vt 4.045000 -0.012888 0.000000
vt 3.780000 -0.012888 0.000000
vt 3.515000 -0.012888 0.000000
vt 3.250000 -0.012888 0.000000
vt 0.042118 3.110000 0.000000
vt 0.042118 2.916127 0.000000
vt 0.350717 3.110000 0.000000
vt 0.350717 1.250000 0.000000
vt 0.009539 1.500000 0.000000
vt 0.000000 1.500000 0.000000
vt 0.000000 2.946990 0.000000
vt 0.230000 1.000000 0.000000
vt 0.230000 1.190000 0.000000
vt 0.226127 1.000000 0.000000
vt 0.226127 1.193873 0.000000
vt -1.000000 0.077782 0.000000
vt -1.080000 0.077782 0.000000
vt -1.000000 -0.077782 0.000000
vt -1.190000 -0.077782 0.000000
vt 0.600000 -0.063292 0.000000
vt 0.761304 -0.063292 0.000000
vt 0.600000 -0.055553 0.000000
vt 0.922609 -0.063292 0.000000
vt 1.083913 -0.063292 0.000000
vt 1.083913 -0.071031 0.000000
vt 1.245217 -0.071031 0.000000
vt 1.245217 -0.078770 0.000000
vt 1.406522 -0.078770 0.000000
vt 1.406522 -0.086509 0.000000
vt 1.567826 -0.086509 0.000000
vt 1.600000 -0.094248 0.000000
vt 1.729130 -0.086509 0.000000
vt 1.729130 -0.101987 0.000000
vt 1.890435 -0.101987 0.000000
vt 1.890435 -0.109726 0.000000
vt 2.010493 -0.103921 0.000000
vt 2.001966 -0.113595 0.000000
vt 1.890435 -0.117464 0.000000
vt 1.998351 -0.118432 0.000000
vt 1.995298 -0.123269 0.000000
vt 1.890435 -0.125203 0.000000
vt 1.992886 -0.128105 0.000000
vt 1.991176 -0.132942 0.000000
vt 1.729130 -0.125203 0.000000
vt 1.600000 -0.132942 0.000000
vt 1.600000 -0.125203 0.000000
vt 1.600000 -0.117464 0.000000
vt 1.729130 -0.117464 0.000000
vt 1.600000 -0.109726 0.000000
vt 1.729130 -0.109726 0.000000
vt 1.600000 -0.101987 0.000000
vt 0.761304 -0.071031 0.000000
vt 0.600000 -0.071031 0.000000
vt 0.761304 -0.078770 0.000000
vt 0.600000 -0.078770 0.000000
vt 0.761304 -0.086509 0.000000
vt 0.600000 -0.086509 0.000000
vt 0.600000 -0.094248 0.000000
vt 1.083913 -0.086509 0.000000
vt 0.922609 -0.086509 0.000000
vt 2.020000 -0.094248 0.000000
vt 1.890435 -0.086509 0.000000
vt 1.729130 -0.078770 0.000000
vt 1.567826 -0.078770 0.000000
vt 1.567826 -0.071031 0.000000
vt 1.406522 -0.071031 0.000000
vt 1.406522 -0.063292 0.000000
vt 1.245217 -0.063292 0.000000
vt 3.410000 -0.094248 0.000000
vt 2.696957 -0.086509 0.000000
vt 2.535652 -0.086509 0.000000
vt 2.374348 -0.086509 0.000000
vt 2.374348 -0.078770 0.000000
vt 2.213043 -0.078770 0.000000
vt 2.213043 -0.071031 0.000000
vt 2.051739 -0.071031 0.000000
vt 2.051739 -0.063292 0.000000
vt 1.890435 -0.063292 0.000000
vt 1.729130 -0.063292 0.000000
vt 1.567826 -0.063292 0.000000
vt 1.729130 -0.071031 0.000000
vt 3.419507 -0.103921 0.000000
vt 3.503478 -0.101987 0.000000
vt 3.503478 -0.086509 0.000000
vt 3.342174 -0.086509 0.000000
vt 3.342174 -0.078770 0.000000
vt 3.180870 -0.078770 0.000000
vt 3.180870 -0.071031 0.000000
vt 3.019565 -0.071031 0.000000
vt 3.019565 -0.063292 0.000000
vt 2.858261 -0.063292 0.000000
vt 4.310000 -0.055553 0.000000
vt 2.696957 -0.063292 0.000000
vt 2.535652 -0.063292 0.000000
vt 2.696957 -0.071031 0.000000
vt 2.535652 -0.071031 0.000000
vt 2.696957 -0.078770 0.000000
vt 2.535652 -0.078770 0.000000
vt 3.503478 -0.109726 0.000000
vt 3.428034 -0.113595 0.000000
vt 3.503478 -0.117464 0.000000
vt 3.431649 -0.118432 0.000000
vt 3.434702 -0.123269 0.000000
vt 3.503478 -0.125203 0.000000
vt 3.437114 -0.128105 0.000000
vt 3.664783 -0.125203 0.000000
vt 3.826087 -0.125203 0.000000
vt 3.664783 -0.117464 0.000000
vt 3.826087 -0.117464 0.000000
vt 3.664783 -0.109726 0.000000
vt 3.826087 -0.109726 0.000000
vt 3.664783 -0.101987 0.000000
vt 3.826087 -0.101987 0.000000
vt 3.664783 -0.086509 0.000000
vt 3.826087 -0.086509 0.000000
vt 3.664783 -0.078770 0.000000
vt 3.826087 -0.078770 0.000000
vt 3.664783 -0.071031 0.000000
vt 3.826087 -0.071031 0.000000
vt 3.664783 -0.063292 0.000000
vt 3.826087 -0.063292 0.000000
vt 3.987391 -0.063292 0.000000
vt 4.148696 -0.063292 0.000000
vt 4.148696 -0.071031 0.000000
vt 4.310000 -0.071031 0.000000
vt 4.310000 -0.078770 0.000000
vt 4.148696 -0.078770 0.000000
vt 4.310000 -0.086509 0.000000
vt 4.148696 -0.086509 0.000000
vt 4.310000 -0.094248 0.000000
vt 4.148696 -0.101987 0.000000
vt 4.310000 -0.101987 0.000000
vt 4.310000 -0.109726 0.000000
vt 4.148696 -0.109726 0.000000
vt 4.310000 -0.117464 0.000000
vt 4.148696 -0.117464 0.000000
vt 4.310000 -0.125203 0.000000
vt 4.148696 -0.125203 0.000000
vt 4.310000 -0.132942 0.000000
vt 3.987391 -0.125203 0.000000
vt 3.438824 -0.132942 0.000000
vt 4.310000 -0.063292 0.000000
vt 2.374348 -0.063292 0.000000
vt 2.374348 -0.071031 0.000000
vt 0.922609 -0.071031 0.000000
vt 0.922609 -0.078770 0.000000
vt 1.890435 -0.071031 0.000000
vt 1.890435 -0.078770 0.000000
vt 2.213043 -0.063292 0.000000
vt 2.858261 -0.071031 0.000000
vt 2.858261 -0.078770 0.000000
vt 2.858261 -0.086509 0.000000
vt 3.180870 -0.063292 0.000000
vt 3.342174 -0.063292 0.000000
vt 3.503478 -0.063292 0.000000
vt 3.503478 -0.071031 0.000000
vt 3.342174 -0.071031 0.000000
vt 3.987391 -0.071031 0.000000
vt 3.987391 -0.078770 0.000000
vt 3.987391 -0.086509 0.000000
vt 3.987391 -0.101987 0.000000
vt 3.987391 -0.109726 0.000000
vt 3.987391 -0.117464 0.000000
vt 1.083913 -0.078770 0.000000
vt 1.245217 -0.086509 0.000000
vt 2.051739 -0.078770 0.000000
vt 2.213043 -0.086509 0.000000
vt 3.019565 -0.078770 0.000000
vt 3.180870 -0.086509 0.000000
vt 3.503478 -0.078770 0.000000
vt 2.051739 -0.086509 0.000000
vt 3.019565 -0.086509 0.000000
vt -1.600000 -0.017184 0.000000
vt -1.795588 -0.012888 0.000000
vt -1.600000 -0.025776 0.000000
vt -1.989004 -0.019332 0.000000
vt -1.991176 -0.025776 0.000000
vt -1.600000 -0.008592 0.000000
vt -1.978214 0.000000 0.000000
vt -1.986087 -0.012888 0.000000
vt -1.600000 0.000000 0.000000
vt 0.000000 1.600000 0.000000
vt 0.000000 1.835512 0.000000
vt -0.201810 1.600000 0.000000
vt -0.201810 1.978214 0.000000
vt -1.600000 -0.025776 0.000000
vt -1.600000 -0.017184 0.000000
vt -1.835512 -0.025776 0.000000
vt -1.825352 -0.012888 0.000000
vt -1.600000 -0.008592 0.000000
vt -1.813549 0.000000 0.000000
vt -1.600000 0.000000 0.000000
vt 1.600000 -0.063292 0.000000
vt 1.706775 -0.063254 0.000000
vt 1.600000 -0.055553 0.000000
vt 1.806535 -0.063218 0.000000
vt 1.813549 -0.055553 0.000000
vt 1.706775 -0.071031 0.000000
vt 1.600000 -0.071031 0.000000
vt 1.706775 -0.078770 0.000000
vt 1.600000 -0.078770 0.000000
vt 1.706775 -0.086509 0.000000
vt 1.600000 -0.086509 0.000000
vt 1.706775 -0.094248 0.000000
vt 1.600000 -0.094248 0.000000
vt 1.706775 -0.101987 0.000000
vt 1.600000 -0.101987 0.000000
vt 1.706775 -0.109726 0.000000
vt 1.600000 -0.109726 0.000000
vt 1.706775 -0.117464 0.000000
vt 1.600000 -0.117464 0.000000
vt 1.706775 -0.125203 0.000000
vt 1.600000 -0.125203 0.000000
vt 1.600000 -0.132942 0.000000
vt 1.800000 -0.132942 0.000000
vt 1.800000 -0.127584 0.000000
vt 1.800000 -0.122227 0.000000
vt 1.800000 -0.116869 0.000000
vt 1.797562 -0.113037 0.000000
vt 1.795520 -0.109204 0.000000
vt 1.793907 -0.105372 0.000000
vt 1.792750 -0.101540 0.000000
vt 1.792067 -0.097708 0.000000
vt 1.791870 -0.093876 0.000000
vt 1.792162 -0.090043 0.000000
vt 1.792938 -0.086211 0.000000
vt 1.794185 -0.082379 0.000000
vt 1.795884 -0.078547 0.000000
vt 1.798006 -0.074714 0.000000
vt 1.800516 -0.070882 0.000000
vt -1.800000 -0.025776 0.000000
vt -1.600000 -0.025776 0.000000
vt -1.800000 -0.017184 0.000000
vt -1.600000 -0.017184 0.000000
vt -1.600000 -0.008592 0.000000
vt -1.600000 0.000000 0.000000
vt -1.800000 0.000000 0.000000
vt -1.800000 -0.008592 0.000000
vt -0.201810 1.800000 0.000000
vt -0.201810 1.600000 0.000000
vt -0.176331 1.800000 0.000000
vt 0.000000 1.600000 0.000000
vt 0.000000 3.418214 0.000000
vt -0.176331 3.293529 0.000000
vt -1.600000 -0.017184 0.000000
vt -1.861597 -0.012888 0.000000
vt -1.600000 -0.025776 0.000000
vt -2.123193 -0.012888 0.000000
vt -2.384790 -0.012888 0.000000
vt -1.600000 -0.008592 0.000000
vt -3.431176 0.000000 0.000000
vt -1.600000 0.000000 0.000000
vt -3.429004 -0.006444 0.000000
vt -3.169580 -0.012888 0.000000
vt -2.907983 -0.012888 0.000000
vt -2.646387 -0.012888 0.000000
vt -3.418214 -0.025776 0.000000
vt -3.426087 -0.012888 0.000000
vt -0.000000 0.212132 0.000000
vt -0.036249 -0.191044 0.000000
vt -0.000000 -0.228132 0.000000
vt -0.031887 -0.198435 0.000000
vt -0.007653 -0.227139 0.000000
vt -0.028824 -0.206451 0.000000
vt -0.014800 -0.224227 0.000000
vt -0.020968 -0.219588 0.000000
vt -0.025748 -0.213529 0.000000
vt 0.040926 0.171206 0.000000
vt 0.031887 0.198435 0.000000
vt 0.028824 0.206451 0.000000
vt 0.025748 0.213529 0.000000
vt 0.043700 0.182574 0.000000
vt 0.041786 0.184488 0.000000
vt 0.036249 0.191044 0.000000
vt 0.020968 0.219588 0.000000
vt 0.014800 0.224227 0.000000
vt 0.007653 0.227139 0.000000
vt -0.000000 0.228132 0.000000
vt -0.007653 0.227139 0.000000
vt -0.014800 0.224227 0.000000
vt -0.020968 0.219588 0.000000
vt -0.025748 0.213529 0.000000
vt -0.028824 0.206451 0.000000
vt -0.031887 0.198435 0.000000
vt -0.036249 0.191044 0.000000
vt -0.041786 0.184488 0.000000
vt -0.184488 0.041786 0.000000
vt -0.184488 -0.041786 0.000000
vt -0.041786 -0.184488 0.000000
vt -0.191044 0.036249 0.000000
vt -0.191044 -0.036249 0.000000
vt -0.198435 0.031887 0.000000
vt -0.198435 -0.031887 0.000000
vt -0.206451 0.028824 0.000000
vt -0.206451 -0.028824 0.000000
vt -0.213529 0.025748 0.000000
vt -0.213529 -0.025748 0.000000
vt -0.219588 -0.020968 0.000000
vt -0.219588 0.020968 0.000000
vt -0.224227 -0.014800 0.000000
vt -0.224227 0.014800 0.000000
vt -0.227139 -0.007653 0.000000
vt -0.227139 0.007653 0.000000
vt -0.228132 0.000000 0.000000
vt -0.750000 1.000000 0.000000
vt -0.110000 1.000000 0.000000
vt -0.750000 1.080000 0.000000
vt -0.110000 1.080000 0.000000
vt 0.155563 0.149226 0.000000
vt 0.154421 0.122332 0.000000
vt 0.155563 0.099484 0.000000
vt 0.151217 0.097380 0.000000
vt 0.155563 0.049742 0.000000
vt 0.139398 0.053200 0.000000
vt 0.120663 0.016050 0.000000
vt 0.155563 0.000000 0.000000
vt 0.094345 -0.015063 0.000000
vt 0.077825 -0.028682 0.000000
vt 0.155563 -0.049742 0.000000
vt 0.058619 -0.041172 0.000000
vt 0.036249 -0.052645 0.000000
vt 0.010076 -0.063200 0.000000
vt -0.020759 -0.072929 0.000000
vt 0.155563 -0.099484 0.000000
vt -0.057432 -0.081914 0.000000
vt -0.078446 -0.086151 0.000000
vt -0.101582 -0.090229 0.000000
vt -0.127159 -0.094156 0.000000
vt -0.155563 -0.097938 0.000000
vt -0.155563 -0.115034 0.000000
vt -0.155563 -0.132130 0.000000
vt 0.155563 -0.149226 0.000000
vt -0.155563 -0.149226 0.000000
vt -0.050000 0.295000 0.000000
vt -0.048786 0.321957 0.000000
vt -0.050000 0.375000 0.000000
vt -0.045156 0.348696 0.000000
vt -0.039137 0.375000 0.000000
vt -0.000000 2.946990 0.000000
vt -0.198886 2.946990 0.000000
vt -0.000000 1.500000 0.000000
vt -0.198886 1.500000 0.000000
vt -0.042118 3.110000 0.000000
vt -0.350717 3.110000 0.000000
vt -0.042118 2.916127 0.000000
vt -0.350717 1.250000 0.000000
vt -0.009539 1.500000 0.000000
vt -0.000000 1.500000 0.000000
vt -0.000000 2.946990 0.000000
vt -0.155563 0.787330 0.000000
vt -0.159012 0.790284 0.000000
vt -0.155563 0.694536 0.000000
vt -0.161900 0.793523 0.000000
vt -0.164180 0.796997 0.000000
vt -0.207875 0.657547 0.000000
vt -0.165817 0.800647 0.000000
vt -0.166782 0.804416 0.000000
vt -0.167061 0.808240 0.000000
vt -0.325269 1.180000 0.000000
vt -0.325269 0.540000 0.000000
vt -0.166648 0.812059 0.000000
vt -0.165551 0.815809 0.000000
vt -0.163787 0.819430 0.000000
vt -0.155563 1.100000 0.000000
vt -0.161385 0.822862 0.000000
vt -0.158384 0.826050 0.000000
vt -0.154833 0.828942 0.000000
vt -0.146322 0.833654 0.000000
vt -0.136402 0.836691 0.000000
vt -0.119710 0.841781 0.000000
vt -0.105342 0.849654 0.000000
vt 0.096469 0.992356 0.000000
vt 0.107604 1.002516 0.000000
vt 0.114801 1.014319 0.000000
vt 0.117218 1.018838 0.000000
vt 0.155563 1.100000 0.000000
vt 0.120630 1.023024 0.000000
vt 0.124948 1.026769 0.000000
vt 0.111729 1.008257 0.000000
vt 0.130060 1.029975 0.000000
vt 0.142119 1.034454 0.000000
vt 0.155563 1.036000 0.000000
vt -0.155563 1.180000 0.000000
vt -0.207875 0.458661 0.000000
vt -0.169706 0.430000 0.000000
vt -0.164229 0.430000 0.000000
vt -0.230000 1.000000 0.000000
vt -0.226127 1.000000 0.000000
vt -0.230000 1.190000 0.000000
vt -0.226127 1.193873 0.000000
vt 1.000000 0.077782 0.000000
vt 1.000000 -0.077782 0.000000
vt 1.080000 0.077782 0.000000
vt 1.190000 -0.077782 0.000000
vt -0.121505 0.176968 0.000000
vt -0.128495 0.169979 0.000000
vt -0.121505 -0.035398 0.000000
vt -0.128495 -0.028907 0.000000
vt -0.272500 -0.062832 0.000000
vt -0.272500 -0.057088 0.000000
vt -1.662500 -0.062832 0.000000
vt -0.272500 -0.051344 0.000000
vt -1.662500 -0.041888 0.000000
vt -1.272895 -0.041888 0.000000
vt -1.662500 -0.020944 0.000000
vt -1.272895 -0.020944 0.000000
vt -1.662500 0.000000 0.000000
vt -1.272895 0.000000 0.000000
vt -1.662500 0.020944 0.000000
vt -1.272895 0.020944 0.000000
vt -1.662500 0.041888 0.000000
vt -1.272895 0.041888 0.000000
vt -1.662500 0.062832 0.000000
vt -0.972141 0.061138 0.000000
vt -0.972410 0.061985 0.000000
vt -0.272500 -0.045600 0.000000
vt -0.493686 -0.041888 0.000000
vt -0.883290 -0.041888 0.000000
vt -0.104081 -0.041888 0.000000
vt 0.285524 -0.045600 0.000000
vt 0.154501 -0.038823 0.000000
vt 0.026870 -0.032046 0.000000
vt -0.096453 -0.025269 0.000000
vt -0.214585 -0.018492 0.000000
vt -0.493686 -0.020944 0.000000
vt -0.326676 -0.011715 0.000000
vt -0.431925 -0.004938 0.000000
vt -0.481745 -0.001550 0.000000
vt -0.883290 -0.020944 0.000000
vt -0.883290 0.000000 0.000000
vt -0.529575 0.001839 0.000000
vt -0.575330 0.005227 0.000000
vt -0.618927 0.008616 0.000000
vt -0.660289 0.012004 0.000000
vt -0.699340 0.015393 0.000000
vt -0.883290 0.020944 0.000000
vt -0.736011 0.018781 0.000000
vt -0.770237 0.022170 0.000000
vt -0.801955 0.025558 0.000000
vt -0.831109 0.028947 0.000000
vt -0.857647 0.032335 0.000000
vt -0.881520 0.035724 0.000000
vt -0.902687 0.039112 0.000000
vt -0.921109 0.042501 0.000000
vt -0.936753 0.045889 0.000000
vt -0.949591 0.049278 0.000000
vt -0.959600 0.052666 0.000000
vt -0.966762 0.056055 0.000000
vt -0.969272 0.057749 0.000000
vt -0.971065 0.059443 0.000000
vt -0.971693 0.060290 0.000000
vt -0.972500 0.062832 0.000000
vt -0.023150 0.001535 0.000000
vt -0.023150 0.031824 0.000000
vt -0.028699 0.009085 0.000000
vt -0.077000 0.340000 0.000000
vt -0.080000 0.400000 0.000000
vt -0.080000 0.340000 0.000000
vt -0.000000 0.400000 0.000000
vt -0.057878 0.400000 0.000000
vt -0.000000 0.380926 0.000000
vt -0.057878 0.340000 0.000000
vt -0.049984 1.256300 0.000000
vt -0.049984 0.400000 0.000000
vt -0.023406 1.250000 0.000000
vt -0.023406 0.390000 0.000000
vt -0.000000 0.390000 0.000000
vt -0.061686 0.400000 0.000000
vt -0.061686 0.380926 0.000000
vt -0.000000 1.250000 0.000000
vt -0.096921 1.250000 0.000000
vt -0.096921 0.390000 0.000000
vt -0.087551 1.250000 0.000000
vt -0.087551 0.390000 0.000000
vt -0.021220 1.289282 0.000000
vt -0.000000 0.741976 0.000000
vt -0.000000 1.300000 0.000000
vt 0.000000 0.338151 0.000000
vt -0.340000 0.000000 0.000000
vt -0.400000 -0.000000 0.000000
vt -0.339536 -0.008616 0.000000
vt -0.571984 -0.008616 0.000000
vt -0.338151 -0.017232 0.000000
vt -0.741976 -0.017232 0.000000
vt 0.755000 1.841000 0.000000
vt 0.755000 1.851551 0.000000
vt -0.635000 1.841000 0.000000
vt -0.635000 1.905000 0.000000
vt 0.755000 1.905000 0.000000
vt 0.035355 0.048655 0.000000
vt 0.035355 0.054783 0.000000
vt 0.020198 0.067041 0.000000
vt 0.035355 0.060912 0.000000
vt 0.035355 0.067041 0.000000
vt -0.070711 -0.925008 0.000000
vt -0.015158 -0.978457 0.000000
vt -0.000000 -0.925008 0.000000
vt -0.000000 -0.978457 0.000000
vt -0.035355 0.914457 0.000000
vt -0.021911 0.912911 0.000000
vt -0.035355 0.925008 0.000000
vt 0.035355 0.925008 0.000000
vt -0.009852 0.908431 0.000000
vt -0.004740 0.905226 0.000000
vt -0.000422 0.901481 0.000000
vt 0.035355 0.894719 0.000000
vt 0.002990 0.897295 0.000000
vt 0.005407 0.892776 0.000000
vt 0.008479 0.886713 0.000000
vt 0.012604 0.880972 0.000000
vt 0.023739 0.870813 0.000000
vt 0.026445 0.868899 0.000000
vt 0.023150 0.031824 0.000000
vt 0.023150 0.001535 0.000000
vt 0.028699 0.009085 0.000000
vt 0.037970 0.995556 0.000000
vt -0.035355 0.925008 0.000000
vt 0.036011 0.987056 0.000000
vt 0.035355 0.978457 0.000000
vt 0.035355 0.975457 0.000000
vt 0.035355 0.898457 0.000000
vt -0.035355 0.894719 0.000000
vt -0.022523 0.857531 0.000000
vt -0.058649 0.906781 0.000000
vt -0.176777 0.610886 0.000000
vt 0.117682 0.782096 0.000000
vt 0.138431 0.755614 0.000000
vt 0.136014 0.760133 0.000000
vt -0.176777 0.823252 0.000000
vt 0.176777 0.378716 0.000000
vt 0.141843 0.751428 0.000000
vt 0.146161 0.747683 0.000000
vt 0.151273 0.744477 0.000000
vt 0.163332 0.739998 0.000000
vt 0.176777 0.738452 0.000000
vt 0.132942 0.766195 0.000000
vt 0.128817 0.771936 0.000000
vt -0.010000 2.910000 0.000000
vt -0.085701 2.910000 0.000000
vt -0.010000 1.416471 0.000000
vt -0.128127 1.500000 0.000000
vt -0.138012 2.946990 0.000000
vt -0.138012 1.500000 0.000000
vt -0.028435 -0.029019 0.000000
vt -0.036451 -0.025956 0.000000
vt -0.050000 -0.110464 0.000000
vt -0.041439 -0.024019 0.000000
vt -0.046004 -0.021228 0.000000
vt -0.050000 -0.017670 0.000000
vt 0.003529 -0.056935 0.000000
vt -0.014488 -0.038918 0.000000
vt -0.021044 -0.033381 0.000000
vt -1.600000 0.063292 0.000000
vt -1.706775 0.063292 0.000000
vt -1.600000 0.055553 0.000000
vt -1.800000 0.060911 0.000000
vt -1.800000 0.055553 0.000000
vt -1.706775 0.071031 0.000000
vt -1.600000 0.071031 0.000000
vt -1.706775 0.078770 0.000000
vt -1.600000 0.078770 0.000000
vt -1.706775 0.086509 0.000000
vt -1.600000 0.086509 0.000000
vt -1.706775 0.094248 0.000000
vt -1.600000 0.094248 0.000000
vt -1.706775 0.101987 0.000000
vt -1.600000 0.101987 0.000000
vt -1.706775 0.109726 0.000000
vt -1.600000 0.109726 0.000000
vt -1.706775 0.117464 0.000000
vt -1.600000 0.117464 0.000000
vt -1.600000 0.125203 0.000000
vt -1.706775 0.125242 0.000000
vt -1.600000 0.132942 0.000000
vt -1.813549 0.132942 0.000000
vt -1.806535 0.125278 0.000000
vt -1.800516 0.117613 0.000000
vt -1.798006 0.113781 0.000000
vt -1.795884 0.109949 0.000000
vt -1.794185 0.106117 0.000000
vt -1.792938 0.102285 0.000000
vt -1.792162 0.098452 0.000000
vt -1.791870 0.094620 0.000000
vt -1.792067 0.090788 0.000000
vt -1.792750 0.086956 0.000000
vt -1.793907 0.083123 0.000000
vt -1.795520 0.079291 0.000000
vt -1.797562 0.075459 0.000000
vt -1.800000 0.071627 0.000000
vt -1.800000 0.066269 0.000000
vt 1.600000 0.000000 0.000000
vt 1.600000 -0.008592 0.000000
vt 1.813549 0.000000 0.000000
vt 1.825352 -0.012888 0.000000
vt 1.600000 -0.017184 0.000000
vt 1.835512 -0.025776 0.000000
vt 1.600000 -0.025776 0.000000
vt -0.000000 1.600000 0.000000
vt 0.201810 1.600000 0.000000
vt -0.000000 1.835512 0.000000
vt 0.201810 1.978214 0.000000
vt 1.978214 0.000000 0.000000
vt 1.600000 0.000000 0.000000
vt 1.795588 -0.012888 0.000000
vt 1.600000 -0.008592 0.000000
vt 1.600000 -0.017184 0.000000
vt 1.600000 -0.025776 0.000000
vt 1.991176 -0.025776 0.000000
vt 1.989004 -0.019332 0.000000
vt 1.986087 -0.012888 0.000000
vt -1.600000 -0.086509 0.000000
vt -1.729130 -0.086509 0.000000
vt -1.600000 -0.094248 0.000000
vt -1.729130 -0.101987 0.000000
vt -1.567826 -0.101987 0.000000
vt -1.567826 -0.109726 0.000000
vt -1.406522 -0.109726 0.000000
vt -1.406522 -0.117464 0.000000
vt -1.245217 -0.117464 0.000000
vt -1.245217 -0.125203 0.000000
vt -1.083913 -0.125203 0.000000
vt -0.600000 -0.132942 0.000000
vt -0.922609 -0.125203 0.000000
vt -0.761304 -0.125203 0.000000
vt -0.922609 -0.117464 0.000000
vt -0.761304 -0.117464 0.000000
vt -0.922609 -0.109726 0.000000
vt -0.761304 -0.109726 0.000000
vt -0.922609 -0.101987 0.000000
vt -0.761304 -0.101987 0.000000
vt -0.600000 -0.094248 0.000000
vt -0.600000 -0.101987 0.000000
vt -0.600000 -0.109726 0.000000
vt -0.600000 -0.117464 0.000000
vt -0.600000 -0.125203 0.000000
vt -1.729130 -0.078770 0.000000
vt -1.600000 -0.078770 0.000000
vt -1.729130 -0.071031 0.000000
vt -1.600000 -0.071031 0.000000
vt -1.729130 -0.063292 0.000000
vt -1.600000 -0.063292 0.000000
vt -1.600000 -0.055553 0.000000
vt -3.431176 -0.055553 0.000000
vt -2.535652 -0.063292 0.000000
vt -2.374348 -0.063292 0.000000
vt -2.213043 -0.063292 0.000000
vt -2.213043 -0.071031 0.000000
vt -2.051739 -0.071031 0.000000
vt -2.051739 -0.078770 0.000000
vt -1.890435 -0.078770 0.000000
vt -1.890435 -0.086509 0.000000
vt -3.432886 -0.060390 0.000000
vt -3.342174 -0.063292 0.000000
vt -3.180870 -0.063292 0.000000
vt -3.019565 -0.063292 0.000000
vt -3.019565 -0.071031 0.000000
vt -2.858261 -0.071031 0.000000
vt -2.858261 -0.078770 0.000000
vt -2.696957 -0.078770 0.000000
vt -2.696957 -0.086509 0.000000
vt -2.535652 -0.086509 0.000000
vt -2.535652 -0.101987 0.000000
vt -2.374348 -0.101987 0.000000
vt -2.374348 -0.109726 0.000000
vt -2.213043 -0.109726 0.000000
vt -2.213043 -0.117464 0.000000
vt -2.051739 -0.117464 0.000000
vt -2.051739 -0.125203 0.000000
vt -1.890435 -0.125203 0.000000
vt -1.729130 -0.125203 0.000000
vt -1.567826 -0.125203 0.000000
vt -1.729130 -0.117464 0.000000
vt -1.567826 -0.117464 0.000000
vt -1.729130 -0.109726 0.000000
vt -3.435298 -0.065227 0.000000
vt -3.342174 -0.071031 0.000000
vt -3.180870 -0.071031 0.000000
vt -3.180870 -0.078770 0.000000
vt -3.019565 -0.078770 0.000000
vt -3.019565 -0.086509 0.000000
vt -2.858261 -0.086509 0.000000
vt -2.858261 -0.101987 0.000000
vt -2.696957 -0.101987 0.000000
vt -2.696957 -0.109726 0.000000
vt -2.535652 -0.109726 0.000000
vt -2.535652 -0.117464 0.000000
vt -2.374348 -0.117464 0.000000
vt -2.374348 -0.125203 0.000000
vt -2.213043 -0.125203 0.000000
vt -3.438351 -0.070064 0.000000
vt -3.441966 -0.074901 0.000000
vt -3.342174 -0.078770 0.000000
vt -3.450493 -0.084574 0.000000
vt -3.342174 -0.086509 0.000000
vt -3.460000 -0.094248 0.000000
vt -3.342174 -0.101987 0.000000
vt -3.503478 -0.101987 0.000000
vt -3.342174 -0.109726 0.000000
vt -3.503478 -0.109726 0.000000
vt -3.342174 -0.117464 0.000000
vt -3.503478 -0.117464 0.000000
vt -3.342174 -0.125203 0.000000
vt -3.503478 -0.125203 0.000000
vt -4.310000 -0.132942 0.000000
vt -3.664783 -0.125203 0.000000
vt -3.826087 -0.125203 0.000000
vt -3.826087 -0.117464 0.000000
vt -3.987391 -0.117464 0.000000
vt -3.987391 -0.109726 0.000000
vt -4.148696 -0.109726 0.000000
vt -4.148696 -0.101987 0.000000
vt -4.310000 -0.101987 0.000000
vt -4.310000 -0.094248 0.000000
vt -3.987391 -0.101987 0.000000
vt -3.826087 -0.101987 0.000000
vt -3.826087 -0.109726 0.000000
vt -3.664783 -0.109726 0.000000
vt -3.664783 -0.117464 0.000000
vt -3.664783 -0.101987 0.000000
vt -4.310000 -0.109726 0.000000
vt -4.148696 -0.117464 0.000000
vt -3.987391 -0.125203 0.000000
vt -4.310000 -0.117464 0.000000
vt -4.148696 -0.125203 0.000000
vt -4.310000 -0.125203 0.000000
vt -2.535652 -0.125203 0.000000
vt -2.696957 -0.125203 0.000000
vt -2.858261 -0.125203 0.000000
vt -2.858261 -0.117464 0.000000
vt -3.019565 -0.117464 0.000000
vt -3.019565 -0.109726 0.000000
vt -3.180870 -0.109726 0.000000
vt -3.180870 -0.101987 0.000000
vt -1.083913 -0.101987 0.000000
vt -1.245217 -0.101987 0.000000
vt -1.406522 -0.101987 0.000000
vt -1.245217 -0.109726 0.000000
vt -2.051739 -0.086509 0.000000
vt -1.890435 -0.101987 0.000000
vt -2.051739 -0.101987 0.000000
vt -1.890435 -0.109726 0.000000
vt -2.051739 -0.109726 0.000000
vt -1.890435 -0.117464 0.000000
vt -2.213043 -0.086509 0.000000
vt -2.213043 -0.101987 0.000000
vt -2.213043 -0.078770 0.000000
vt -2.374348 -0.078770 0.000000
vt -2.374348 -0.086509 0.000000
vt -2.535652 -0.078770 0.000000
vt -3.180870 -0.086509 0.000000
vt -3.019565 -0.101987 0.000000
vt -2.858261 -0.109726 0.000000
vt -2.696957 -0.117464 0.000000
vt -1.083913 -0.109726 0.000000
vt -1.083913 -0.117464 0.000000
vt -1.890435 -0.071031 0.000000
vt -1.890435 -0.063292 0.000000
vt -2.374348 -0.071031 0.000000
vt -2.535652 -0.071031 0.000000
vt -2.696957 -0.071031 0.000000
vt -2.051739 -0.063292 0.000000
vt -2.696957 -0.063292 0.000000
vt -2.858261 -0.063292 0.000000
vt -3.180870 -0.117464 0.000000
vt -3.180870 -0.125203 0.000000
vt -3.019565 -0.125203 0.000000
vt -1.406522 -0.125203 0.000000
vt 1.600000 -0.008592 0.000000
vt 1.861597 -0.012888 0.000000
vt 1.600000 0.000000 0.000000
vt 2.123193 -0.012888 0.000000
vt 2.384790 -0.012888 0.000000
vt 1.600000 -0.017184 0.000000
vt 3.418214 -0.025776 0.000000
vt 1.600000 -0.025776 0.000000
vt 3.426087 -0.012888 0.000000
vt 3.169580 -0.012888 0.000000
vt 2.907983 -0.012888 0.000000
vt 2.646387 -0.012888 0.000000
vt 3.429004 -0.006444 0.000000
vt 3.431176 0.000000 0.000000
vt 0.201810 3.451786 0.000000
vt 0.201810 4.310000 0.000000
vt 0.199104 3.453700 0.000000
vt 0.199104 4.310000 0.000000
vt 3.443913 -0.012888 0.000000
vt 3.656618 -0.012888 0.000000
vt 3.451786 0.000000 0.000000
vt 3.874412 -0.012888 0.000000
vt 4.092206 -0.012888 0.000000
vt 4.310000 -0.025776 0.000000
vt 4.310000 -0.017184 0.000000
vt 3.440996 -0.019332 0.000000
vt 3.438824 -0.025776 0.000000
vt 4.310000 -0.008592 0.000000
vt 4.310000 0.000000 0.000000
vt -0.000000 3.418214 0.000000
vt -0.000000 1.600000 0.000000
vt 0.176331 1.800000 0.000000
vt 0.201810 1.600000 0.000000
vt 0.201810 1.800000 0.000000
vt 0.176331 3.293529 0.000000
vt 1.800000 0.000000 0.000000
vt 1.600000 0.000000 0.000000
vt 1.800000 -0.008592 0.000000
vt 1.600000 -0.008592 0.000000
vt 1.600000 -0.017184 0.000000
vt 1.600000 -0.025776 0.000000
vt 1.800000 -0.025776 0.000000
vt 1.800000 -0.017184 0.000000
vt 0.040000 -1.500000 0.000000
vt 1.130000 0.000000 0.000000
vt 0.040000 1.500000 0.000000
vt 1.133746 0.040425 0.000000
vt 1.144856 0.079473 0.000000
vt 2.910000 -1.500000 0.000000
vt 1.370299 -0.219062 0.000000
vt 1.329701 -0.219062 0.000000
vt 1.289794 -0.211602 0.000000
vt 2.910000 1.500000 0.000000
vt 1.570000 0.000000 0.000000
vt 1.566254 -0.040425 0.000000
vt 1.555144 -0.079473 0.000000
vt 1.370299 0.219062 0.000000
vt 1.410206 0.211602 0.000000
vt 1.448062 0.196936 0.000000
vt 1.162952 0.115815 0.000000
vt 1.187418 0.148213 0.000000
vt 1.217420 0.175564 0.000000
vt 1.251938 0.196936 0.000000
vt 1.289794 0.211602 0.000000
vt 1.329701 0.219062 0.000000
vt 1.482580 0.175564 0.000000
vt 1.512582 0.148213 0.000000
vt 1.537048 0.115815 0.000000
vt 1.555144 0.079473 0.000000
vt 1.566254 0.040425 0.000000
vt 1.537048 -0.115815 0.000000
vt 1.512582 -0.148213 0.000000
vt 1.482580 -0.175564 0.000000
vt 1.448062 -0.196936 0.000000
vt 1.410206 -0.211602 0.000000
vt 1.251938 -0.196936 0.000000
vt 1.217420 -0.175564 0.000000
vt 1.187418 -0.148213 0.000000
vt 1.162952 -0.115815 0.000000
vt 1.144856 -0.079473 0.000000
vt 1.133746 -0.040425 0.000000
vt 0.000000 0.650494 0.000000
vt 0.000000 0.691150 0.000000
vt -0.822000 0.691150 0.000000
vt -0.822000 -0.691150 0.000000
vt 0.000000 -0.691150 0.000000
vt 0.000000 -0.650494 0.000000
vt -0.822000 -0.649262 0.000000
vt 0.000000 -0.609839 0.000000
vt -0.822000 -0.607375 0.000000
vt 0.000000 -0.569183 0.000000
vt -0.822000 -0.565487 0.000000
vt 0.000000 -0.528527 0.000000
vt -0.822000 -0.523599 0.000000
vt 0.000000 -0.487871 0.000000
vt -0.822000 -0.481711 0.000000
vt 0.000000 -0.447215 0.000000
vt -0.822000 -0.439823 0.000000
vt 0.000000 -0.406559 0.000000
vt -0.822000 -0.397935 0.000000
vt 0.000000 -0.365903 0.000000
vt -0.822000 -0.356047 0.000000
vt 0.000000 -0.325247 0.000000
vt -0.822000 -0.314159 0.000000
vt 0.000000 -0.284591 0.000000
vt -0.822000 -0.272271 0.000000
vt 0.000000 -0.243935 0.000000
vt -0.822000 -0.230383 0.000000
vt 0.000000 -0.203280 0.000000
vt -0.822000 -0.188496 0.000000
vt 0.000000 -0.162624 0.000000
vt -0.822000 -0.146608 0.000000
vt 0.000000 -0.121968 0.000000
vt -0.822000 -0.104720 0.000000
vt 0.000000 -0.081312 0.000000
vt -0.822000 -0.062832 0.000000
vt 0.000000 -0.040656 0.000000
vt -0.822000 -0.020944 0.000000
vt 0.000000 0.000000 0.000000
vt -0.822000 0.020944 0.000000
vt 0.000000 0.040656 0.000000
vt -0.822000 0.062832 0.000000
vt 0.000000 0.081312 0.000000
vt -0.822000 0.104720 0.000000
vt 0.000000 0.121968 0.000000
vt -0.822000 0.146608 0.000000
vt 0.000000 0.162624 0.000000
vt -0.822000 0.188496 0.000000
vt 0.000000 0.203280 0.000000
vt -0.822000 0.230383 0.000000
vt 0.000000 0.243935 0.000000
vt -0.822000 0.272271 0.000000
vt 0.000000 0.284591 0.000000
vt -0.822000 0.314159 0.000000
vt 0.000000 0.325247 0.000000
vt -0.822000 0.356047 0.000000
vt 0.000000 0.365903 0.000000
vt -0.822000 0.397935 0.000000
vt 0.000000 0.406559 0.000000
vt -0.822000 0.439823 0.000000
vt 0.000000 0.447215 0.000000
vt -0.822000 0.481711 0.000000
vt 0.000000 0.487871 0.000000
vt -0.822000 0.523599 0.000000
vt 0.000000 0.528527 0.000000
vt -0.822000 0.565487 0.000000
vt 0.000000 0.569183 0.000000
vt -0.822000 0.607375 0.000000
vt 0.000000 0.609839 0.000000
vt -0.822000 0.649262 0.000000
vt -4.110000 0.304919 0.000000
vt -3.288000 0.314159 0.000000
vt -4.110000 0.345575 0.000000
vt -3.288000 0.356047 0.000000
vt -4.110000 0.386231 0.000000
vt -3.288000 0.397935 0.000000
vt -4.110000 0.426887 0.000000
vt -3.288000 0.439823 0.000000
vt -4.110000 0.467543 0.000000
vt -3.288000 0.481711 0.000000
vt -4.110000 0.508199 0.000000
vt -3.288000 0.523599 0.000000
vt -4.110000 0.548855 0.000000
vt -3.288000 0.565487 0.000000
vt -4.110000 0.589511 0.000000
vt -3.288000 0.607375 0.000000
vt -4.110000 0.630167 0.000000
vt -3.288000 0.649262 0.000000
vt -4.110000 0.670822 0.000000
vt -3.288000 0.691150 0.000000
vt -4.110000 0.711478 0.000000
vt -4.110000 -0.670822 0.000000
vt -3.288000 -0.691150 0.000000
vt -3.288000 -0.649262 0.000000
vt -4.110000 -0.630167 0.000000
vt -3.288000 -0.607375 0.000000
vt -4.110000 -0.589511 0.000000
vt -3.288000 -0.565487 0.000000
vt -4.110000 -0.548855 0.000000
vt -3.288000 -0.523599 0.000000
vt -4.110000 -0.508199 0.000000
vt -3.288000 -0.481711 0.000000
vt -4.110000 -0.467543 0.000000
vt -3.288000 -0.439823 0.000000
vt -4.110000 -0.426887 0.000000
vt -3.288000 -0.397935 0.000000
vt -4.110000 -0.386231 0.000000
vt -3.288000 -0.356047 0.000000
vt -4.110000 -0.345575 0.000000
vt -3.288000 -0.314159 0.000000
vt -4.110000 -0.304919 0.000000
vt -3.288000 -0.272271 0.000000
vt -4.110000 -0.264263 0.000000
vt -3.288000 -0.230383 0.000000
vt -4.110000 -0.223607 0.000000
vt -3.288000 -0.188496 0.000000
vt -4.110000 -0.182952 0.000000
vt -3.288000 -0.146608 0.000000
vt -4.110000 -0.142296 0.000000
vt -3.288000 -0.104720 0.000000
vt -4.110000 -0.101640 0.000000
vt -3.288000 -0.062832 0.000000
vt -4.110000 -0.060984 0.000000
vt -3.288000 -0.020944 0.000000
vt -4.110000 -0.020328 0.000000
vt -4.110000 0.020328 0.000000
vt -3.288000 0.020944 0.000000
vt -4.110000 0.060984 0.000000
vt -3.288000 0.062832 0.000000
vt -4.110000 0.101640 0.000000
vt -3.288000 0.104720 0.000000
vt -4.110000 0.142296 0.000000
vt -3.288000 0.146608 0.000000
vt -4.110000 0.182952 0.000000
vt -3.288000 0.188496 0.000000
vt -4.110000 0.223607 0.000000
vt -3.288000 0.230383 0.000000
vt -4.110000 0.264263 0.000000
vt -3.288000 0.272271 0.000000
vt -1.644000 0.691150 0.000000
vt -1.644000 0.649262 0.000000
vt -1.644000 0.607375 0.000000
vt -1.644000 0.565487 0.000000
vt -1.644000 0.523599 0.000000
vt -1.644000 0.481711 0.000000
vt -1.644000 0.439823 0.000000
vt -1.644000 0.397935 0.000000
vt -1.644000 0.356047 0.000000
vt -1.644000 0.314159 0.000000
vt -1.644000 0.272271 0.000000
vt -1.644000 0.230383 0.000000
vt -1.644000 0.188496 0.000000
vt -1.644000 0.146608 0.000000
vt -1.644000 0.104720 0.000000
vt -1.644000 0.062832 0.000000
vt -1.644000 0.020944 0.000000
vt -1.644000 -0.020944 0.000000
vt -1.644000 -0.062832 0.000000
vt -1.644000 -0.104720 0.000000
vt -1.644000 -0.146608 0.000000
vt -1.644000 -0.188496 0.000000
vt -1.644000 -0.230383 0.000000
vt -1.644000 -0.272271 0.000000
vt -1.644000 -0.314159 0.000000
vt -1.644000 -0.356047 0.000000
vt -1.644000 -0.397935 0.000000
vt -1.644000 -0.439823 0.000000
vt -1.644000 -0.481711 0.000000
vt -1.644000 -0.523599 0.000000
vt -1.644000 -0.565487 0.000000
vt -1.644000 -0.607375 0.000000
vt -1.644000 -0.649262 0.000000
vt -1.644000 -0.691150 0.000000
vt -2.466000 0.691150 0.000000
vt -2.466000 0.649262 0.000000
vt -2.466000 0.607375 0.000000
vt -2.466000 0.565487 0.000000
vt -2.466000 0.523599 0.000000
vt -2.466000 0.481711 0.000000
vt -2.466000 0.439823 0.000000
vt -2.466000 0.397935 0.000000
vt -2.466000 0.356047 0.000000
vt -2.466000 0.314159 0.000000
vt -2.466000 0.272271 0.000000
vt -2.466000 0.230383 0.000000
vt -2.466000 0.188496 0.000000
vt -2.466000 0.146608 0.000000
vt -2.466000 0.104720 0.000000
vt -2.466000 0.062832 0.000000
vt -2.466000 0.020944 0.000000
vt -2.466000 -0.020944 0.000000
vt -2.466000 -0.062832 0.000000
vt -2.466000 -0.104720 0.000000
vt -2.466000 -0.146608 0.000000
vt -2.466000 -0.188496 0.000000
vt -2.466000 -0.230383 0.000000
vt -2.466000 -0.272271 0.000000
vt -2.466000 -0.314159 0.000000
vt -2.466000 -0.356047 0.000000
vt -2.466000 -0.397935 0.000000
vt -2.466000 -0.439823 0.000000
vt -2.466000 -0.481711 0.000000
vt -2.466000 -0.523599 0.000000
vt -2.466000 -0.565487 0.000000
vt -2.466000 -0.607375 0.000000
vt -2.466000 -0.649262 0.000000
vt -2.466000 -0.691150 0.000000
vt 0.000000 -0.228132 0.000000
vt 0.036249 -0.191044 0.000000
vt 0.000000 0.212132 0.000000
vt 0.041786 -0.184488 0.000000
vt 0.041786 0.184488 0.000000
vt 0.184488 -0.041786 0.000000
vt 0.184488 0.041786 0.000000
vt 0.191044 0.036249 0.000000
vt 0.191044 -0.036249 0.000000
vt 0.198435 0.031887 0.000000
vt 0.198435 -0.031887 0.000000
vt 0.206451 0.028824 0.000000
vt 0.206451 -0.028824 0.000000
vt 0.213529 0.025748 0.000000
vt 0.213529 -0.025748 0.000000
vt 0.219588 -0.020968 0.000000
vt 0.031887 -0.198435 0.000000
vt 0.007653 -0.227139 0.000000
vt 0.028824 -0.206451 0.000000
vt 0.014800 -0.224227 0.000000
vt 0.020968 -0.219588 0.000000
vt 0.025748 -0.213529 0.000000
vt 0.219588 0.020968 0.000000
vt 0.224227 -0.014800 0.000000
vt 0.224227 0.014800 0.000000
vt 0.227139 -0.007653 0.000000
vt 0.227139 0.007653 0.000000
vt 0.228132 0.000000 0.000000
vt 0.036249 0.191044 0.000000
vt 0.031887 0.198435 0.000000
vt 0.028824 0.206451 0.000000
vt 0.025748 0.213529 0.000000
vt 0.020968 0.219588 0.000000
vt 0.014800 0.224227 0.000000
vt 0.007653 0.227139 0.000000
vt 0.000000 0.228132 0.000000
vt -0.007653 0.227139 0.000000
vt -0.014800 0.224227 0.000000
vt -0.020968 0.219588 0.000000
vt -0.025748 0.213529 0.000000
vt -0.028824 0.206451 0.000000
vt -0.031887 0.198435 0.000000
vt -0.040926 0.171206 0.000000
vt -0.036249 0.191044 0.000000
vt -0.041786 0.184488 0.000000
vt -0.043700 0.182574 0.000000
vt 0.110000 1.000000 0.000000
vt 0.750000 1.000000 0.000000
vt 0.110000 1.080000 0.000000
vt 0.750000 1.080000 0.000000
vt 0.155563 -0.115034 0.000000
vt 0.155563 -0.097938 0.000000
vt -0.155563 -0.099484 0.000000
vt 0.127159 -0.094156 0.000000
vt 0.101582 -0.090229 0.000000
vt 0.078446 -0.086151 0.000000
vt 0.057432 -0.081914 0.000000
vt 0.020759 -0.072929 0.000000
vt -0.010076 -0.063200 0.000000
vt -0.155563 -0.049742 0.000000
vt -0.036249 -0.052645 0.000000
vt -0.058619 -0.041172 0.000000
vt -0.077825 -0.028682 0.000000
vt -0.094345 -0.015063 0.000000
vt -0.155563 0.000000 0.000000
vt -0.120663 0.016050 0.000000
vt -0.155563 0.049742 0.000000
vt -0.139398 0.053200 0.000000
vt -0.151217 0.097380 0.000000
vt -0.155563 0.099484 0.000000
vt -0.154421 0.122332 0.000000
vt -0.155563 0.149226 0.000000
vt 0.155563 -0.132130 0.000000
vt -0.155563 -0.149226 0.000000
vt 0.155563 -0.149226 0.000000
vt 0.050000 0.295000 0.000000
vt 0.050000 0.375000 0.000000
vt 0.048786 0.321957 0.000000
vt 0.045156 0.348696 0.000000
vt 0.039137 0.375000 0.000000
vt 0.198886 2.946990 0.000000
vt 0.000000 2.946990 0.000000
vt 0.198886 1.500000 0.000000
vt 0.000000 1.500000 0.000000
vt 0.119710 0.841781 0.000000
vt 0.136402 0.836691 0.000000
vt 0.155563 1.100000 0.000000
vt 0.146322 0.833654 0.000000
vt 0.154833 0.828942 0.000000
vt 0.158384 0.826050 0.000000
vt 0.161385 0.822862 0.000000
vt 0.163787 0.819430 0.000000
vt 0.325269 1.180000 0.000000
vt 0.165551 0.815809 0.000000
vt 0.166648 0.812059 0.000000
vt 0.167061 0.808240 0.000000
vt 0.207875 0.657547 0.000000
vt 0.325269 0.540000 0.000000
vt 0.207875 0.458661 0.000000
vt 0.169706 0.430000 0.000000
vt 0.164229 0.430000 0.000000
vt 0.166782 0.804416 0.000000
vt 0.165817 0.800647 0.000000
vt 0.164180 0.796997 0.000000
vt 0.155563 0.694536 0.000000
vt 0.161900 0.793523 0.000000
vt 0.159012 0.790284 0.000000
vt 0.155563 0.787330 0.000000
vt 0.155563 1.180000 0.000000
vt -0.155563 1.100000 0.000000
vt -0.117218 1.018838 0.000000
vt -0.096469 0.992356 0.000000
vt 0.105342 0.849654 0.000000
vt -0.155563 1.036000 0.000000
vt -0.142119 1.034454 0.000000
vt -0.130060 1.029975 0.000000
vt -0.124948 1.026769 0.000000
vt -0.120630 1.023024 0.000000
vt -0.114801 1.014319 0.000000
vt -0.107604 1.002516 0.000000
vt -0.111729 1.008257 0.000000
vt 0.121505 0.176968 0.000000
vt 0.121505 -0.035398 0.000000
vt 0.128495 0.169979 0.000000
vt 0.128495 -0.028907 0.000000
vt 0.272500 -0.051344 0.000000
vt 0.493686 -0.041888 0.000000
vt 0.272500 -0.045600 0.000000
vt 0.104081 -0.041888 0.000000
vt -0.285524 -0.045600 0.000000
vt -0.154501 -0.038823 0.000000
vt -0.026870 -0.032046 0.000000
vt 0.096453 -0.025269 0.000000
vt 0.493686 -0.020944 0.000000
vt 0.883290 -0.041888 0.000000
vt 0.883290 -0.020944 0.000000
vt 1.272895 -0.041888 0.000000
vt 1.272895 -0.020944 0.000000
vt 1.662500 -0.041888 0.000000
vt 1.662500 -0.020944 0.000000
vt 0.272500 -0.057088 0.000000
vt 1.662500 -0.062832 0.000000
vt 0.272500 -0.062832 0.000000
vt 1.272895 0.000000 0.000000
vt 1.662500 0.000000 0.000000
vt 1.272895 0.020944 0.000000
vt 1.662500 0.020944 0.000000
vt 1.272895 0.041888 0.000000
vt 1.662500 0.041888 0.000000
vt 1.662500 0.062832 0.000000
vt 0.972500 0.062832 0.000000
vt 0.972410 0.061985 0.000000
vt 0.972141 0.061138 0.000000
vt 0.971693 0.060290 0.000000
vt 0.971065 0.059443 0.000000
vt 0.969272 0.057749 0.000000
vt 0.966762 0.056055 0.000000
vt 0.959600 0.052666 0.000000
vt 0.949591 0.049278 0.000000
vt 0.936753 0.045889 0.000000
vt 0.921109 0.042501 0.000000
vt 0.902687 0.039112 0.000000
vt 0.881520 0.035724 0.000000
vt 0.883290 0.020944 0.000000
vt 0.883290 0.000000 0.000000
vt 0.857647 0.032335 0.000000
vt 0.831109 0.028947 0.000000
vt 0.801955 0.025558 0.000000
vt 0.770237 0.022170 0.000000
vt 0.736011 0.018781 0.000000
vt 0.699340 0.015393 0.000000
vt 0.660289 0.012004 0.000000
vt 0.618927 0.008616 0.000000
vt 0.575330 0.005227 0.000000
vt 0.529575 0.001839 0.000000
vt 0.481745 -0.001550 0.000000
vt 0.431925 -0.004938 0.000000
vt 0.326676 -0.011715 0.000000
vt 0.214585 -0.018492 0.000000
vt 0.023150 0.031824 0.000000
vt 0.023150 0.001535 0.000000
vt 0.028699 0.009085 0.000000
vt 0.080000 0.400000 0.000000
vt 0.077000 0.340000 0.000000
vt 0.080000 0.340000 0.000000
vt 0.000000 0.400000 0.000000
vt 0.000000 0.380926 0.000000
vt 0.057878 0.400000 0.000000
vt 0.057878 0.340000 0.000000
vt 0.049984 1.256300 0.000000
vt 0.023406 1.250000 0.000000
vt 0.049984 0.400000 0.000000
vt 0.023406 0.390000 0.000000
vt 0.061686 0.380926 0.000000
vt 0.000000 1.250000 0.000000
vt 0.000000 0.390000 0.000000
vt 0.061686 0.400000 0.000000
vt 0.096921 0.390000 0.000000
vt 0.087551 1.250000 0.000000
vt 0.087551 0.390000 0.000000
vt 0.021220 1.289282 0.000000
vt 0.000000 0.741976 0.000000
vt 0.000000 1.300000 0.000000
vt 0.096921 1.250000 0.000000
vt -0.000000 0.338151 0.000000
vt 0.741976 -0.017232 0.000000
vt 0.571984 -0.008616 0.000000
vt 0.338151 -0.017232 0.000000
vt 0.339536 -0.008616 0.000000
vt 0.400000 -0.000000 0.000000
vt 0.340000 0.000000 0.000000
vt -0.755000 1.841000 0.000000
vt 0.635000 1.841000 0.000000
vt -0.755000 1.851551 0.000000
vt 0.635000 1.905000 0.000000
vt -0.755000 1.905000 0.000000
vt -0.035355 0.048655 0.000000
vt -0.020198 0.067041 0.000000
vt -0.035355 0.054783 0.000000
vt -0.035355 0.060912 0.000000
vt -0.035355 0.067041 0.000000
vt 0.070711 -0.925008 0.000000
vt 0.000000 -0.925008 0.000000
vt 0.015158 -0.978457 0.000000
vt 0.000000 -0.978457 0.000000
vt -0.008479 0.886713 0.000000
vt -0.005407 0.892776 0.000000
vt -0.035355 0.894719 0.000000
vt -0.002990 0.897295 0.000000
vt 0.000422 0.901481 0.000000
vt -0.035355 0.925008 0.000000
vt 0.004740 0.905226 0.000000
vt 0.009852 0.908431 0.000000
vt 0.021911 0.912911 0.000000
vt 0.035355 0.925008 0.000000
vt 0.035355 0.914457 0.000000
vt -0.026445 0.868899 0.000000
vt -0.023739 0.870813 0.000000
vt -0.012604 0.880972 0.000000
vt -0.023150 0.001535 0.000000
vt -0.023150 0.031824 0.000000
vt -0.028699 0.009085 0.000000
vt -0.037970 0.995556 0.000000
vt -0.036011 0.987056 0.000000
vt 0.035355 0.925008 0.000000
vt -0.035355 0.978457 0.000000
vt -0.035355 0.975457 0.000000
vt -0.035355 0.898457 0.000000
vt 0.035355 0.894719 0.000000
vt 0.022523 0.857531 0.000000
vt 0.176777 0.823252 0.000000
vt 0.058649 0.906781 0.000000
vt 0.176777 0.610886 0.000000
vt -0.117682 0.782096 0.000000
vt -0.138431 0.755614 0.000000
vt -0.136014 0.760133 0.000000
vt -0.128817 0.771936 0.000000
vt -0.132942 0.766195 0.000000
vt -0.176777 0.378716 0.000000
vt -0.141843 0.751428 0.000000
vt -0.146161 0.747683 0.000000
vt -0.151273 0.744477 0.000000
vt -0.163332 0.739998 0.000000
vt -0.176777 0.738452 0.000000
vt 0.010000 2.910000 0.000000
vt 0.010000 1.416471 0.000000
vt 0.085701 2.910000 0.000000
vt 0.128127 1.500000 0.000000
vt 0.138012 2.946990 0.000000
vt 0.138012 1.500000 0.000000
vt 0.050000 -0.017670 0.000000
vt 0.046004 -0.021228 0.000000
vt 0.050000 -0.110464 0.000000
vt 0.041439 -0.024019 0.000000
vt 0.036451 -0.025956 0.000000
vt 0.028435 -0.029019 0.000000
vt 0.021044 -0.033381 0.000000
vt 0.014488 -0.038918 0.000000
vt -0.003529 -0.056935 0.000000
vt -0.600000 -0.017184 0.000000
vt -0.865000 -0.012888 0.000000
vt -0.600000 -0.025776 0.000000
vt -1.130000 -0.012888 0.000000
vt -1.395000 -0.012888 0.000000
vt -0.600000 -0.008592 0.000000
vt -1.660000 -0.012888 0.000000
vt -1.925000 -0.012888 0.000000
vt -2.190000 -0.012888 0.000000
vt -2.455000 -0.012888 0.000000
vt -4.310000 0.000000 0.000000
vt -2.720000 -0.012888 0.000000
vt -2.985000 -0.012888 0.000000
vt -4.310000 -0.017184 0.000000
vt -4.310000 -0.025776 0.000000
vt -0.600000 0.000000 0.000000
vt -4.310000 -0.008592 0.000000
vt -4.045000 -0.012888 0.000000
vt -3.780000 -0.012888 0.000000
vt -3.515000 -0.012888 0.000000
vt -3.250000 -0.012888 0.000000
vt -0.201810 0.600000 0.000000
vt 0.000000 0.600000 0.000000
vt -0.201810 4.310000 0.000000
vt 0.000000 4.310000 0.000000
vt -0.600000 -0.017184 0.000000
vt -0.865000 -0.012888 0.000000
vt -0.600000 -0.025776 0.000000
vt -1.130000 -0.012888 0.000000
vt -1.395000 -0.012888 0.000000
vt -0.600000 -0.008592 0.000000
vt -1.660000 -0.012888 0.000000
vt -1.925000 -0.012888 0.000000
vt -2.190000 -0.012888 0.000000
vt -2.455000 -0.012888 0.000000
vt -4.310000 0.000000 0.000000
vt -2.720000 -0.012888 0.000000
vt -2.985000 -0.012888 0.000000
vt -4.310000 -0.017184 0.000000
vt -4.310000 -0.025776 0.000000
vt -0.600000 0.000000 0.000000
vt -4.310000 -0.008592 0.000000
vt -4.045000 -0.012888 0.000000
vt -3.780000 -0.012888 0.000000
vt -3.515000 -0.012888 0.000000
vt -3.250000 -0.012888 0.000000
vt 0.600000 -0.101987 0.000000
vt 0.761304 -0.101987 0.000000
vt 0.600000 -0.094248 0.000000
vt 0.922609 -0.101987 0.000000
vt 1.083913 -0.101987 0.000000
vt 1.083913 -0.109726 0.000000
vt 1.245217 -0.109726 0.000000
vt 1.245217 -0.117464 0.000000
vt 1.406522 -0.117464 0.000000
vt 1.406522 -0.125203 0.000000
vt 1.567826 -0.125203 0.000000
vt 0.600000 -0.132942 0.000000
vt 1.729130 -0.125203 0.000000
vt 1.890435 -0.125203 0.000000
vt 1.729130 -0.117464 0.000000
vt 1.890435 -0.117464 0.000000
vt 1.729130 -0.109726 0.000000
vt 1.890435 -0.109726 0.000000
vt 1.729130 -0.101987 0.000000
vt 1.890435 -0.101987 0.000000
vt 1.729130 -0.086509 0.000000
vt 1.890435 -0.086509 0.000000
vt 1.729130 -0.078770 0.000000
vt 1.890435 -0.078770 0.000000
vt 1.729130 -0.071031 0.000000
vt 1.890435 -0.071031 0.000000
vt 1.729130 -0.063292 0.000000
vt 1.890435 -0.063292 0.000000
vt 1.600000 -0.055553 0.000000
vt 2.051739 -0.063292 0.000000
vt 2.213043 -0.063292 0.000000
vt 2.213043 -0.071031 0.000000
vt 2.374348 -0.071031 0.000000
vt 2.374348 -0.078770 0.000000
vt 2.535652 -0.078770 0.000000
vt 2.535652 -0.086509 0.000000
vt 2.696957 -0.086509 0.000000
vt 2.696957 -0.101987 0.000000
vt 2.858261 -0.101987 0.000000
vt 2.858261 -0.109726 0.000000
vt 3.019565 -0.109726 0.000000
vt 3.019565 -0.117464 0.000000
vt 3.180870 -0.117464 0.000000
vt 3.180870 -0.125203 0.000000
vt 3.342174 -0.125203 0.000000
vt 4.310000 -0.132942 0.000000
vt 3.503478 -0.125203 0.000000
vt 3.664783 -0.125203 0.000000
vt 3.503478 -0.117464 0.000000
vt 3.664783 -0.117464 0.000000
vt 3.503478 -0.109726 0.000000
vt 3.664783 -0.109726 0.000000
vt 3.503478 -0.101987 0.000000
vt 3.664783 -0.101987 0.000000
vt 3.460000 -0.094248 0.000000
vt 3.826087 -0.101987 0.000000
vt 4.310000 -0.094248 0.000000
vt 3.987391 -0.101987 0.000000
vt 4.148696 -0.101987 0.000000
vt 4.148696 -0.109726 0.000000
vt 4.310000 -0.109726 0.000000
vt 4.310000 -0.117464 0.000000
vt 4.148696 -0.117464 0.000000
vt 4.310000 -0.125203 0.000000
vt 4.148696 -0.125203 0.000000
vt 3.987391 -0.125203 0.000000
vt 3.826087 -0.125203 0.000000
vt 3.826087 -0.117464 0.000000
vt 0.761304 -0.109726 0.000000
vt 0.600000 -0.109726 0.000000
vt 0.761304 -0.117464 0.000000
vt 0.600000 -0.117464 0.000000
vt 0.761304 -0.125203 0.000000
vt 0.600000 -0.125203 0.000000
vt 2.374348 -0.125203 0.000000
vt 2.213043 -0.125203 0.000000
vt 2.051739 -0.125203 0.000000
vt 2.051739 -0.117464 0.000000
vt 4.310000 -0.101987 0.000000
vt 3.450493 -0.084574 0.000000
vt 3.342174 -0.086509 0.000000
vt 3.342174 -0.101987 0.000000
vt 3.342174 -0.078770 0.000000
vt 3.441966 -0.074901 0.000000
vt 3.342174 -0.071031 0.000000
vt 3.438351 -0.070064 0.000000
vt 3.435298 -0.065227 0.000000
vt 3.342174 -0.063292 0.000000
vt 3.432886 -0.060390 0.000000
vt 3.180870 -0.063292 0.000000
vt 3.019565 -0.063292 0.000000
vt 3.180870 -0.071031 0.000000
vt 3.019565 -0.071031 0.000000
vt 3.180870 -0.078770 0.000000
vt 3.019565 -0.078770 0.000000
vt 3.180870 -0.086509 0.000000
vt 3.019565 -0.086509 0.000000
vt 3.180870 -0.101987 0.000000
vt 3.019565 -0.101987 0.000000
vt 3.180870 -0.109726 0.000000
vt 3.431176 -0.055553 0.000000
vt 2.696957 -0.063292 0.000000
vt 2.858261 -0.063292 0.000000
vt 2.858261 -0.071031 0.000000
vt 1.600000 -0.063292 0.000000
vt 1.600000 -0.071031 0.000000
vt 1.600000 -0.078770 0.000000
vt 1.600000 -0.086509 0.000000
vt 1.600000 -0.094248 0.000000
vt 1.567826 -0.101987 0.000000
vt 1.567826 -0.109726 0.000000
vt 1.567826 -0.117464 0.000000
vt 1.245217 -0.101987 0.000000
vt 1.406522 -0.101987 0.000000
vt 1.406522 -0.109726 0.000000
vt 0.922609 -0.109726 0.000000
vt 0.922609 -0.117464 0.000000
vt 0.922609 -0.125203 0.000000
vt 2.051739 -0.101987 0.000000
vt 2.051739 -0.086509 0.000000
vt 2.051739 -0.078770 0.000000
vt 2.051739 -0.071031 0.000000
vt 2.213043 -0.101987 0.000000
vt 2.213043 -0.086509 0.000000
vt 2.213043 -0.078770 0.000000
vt 2.051739 -0.109726 0.000000
vt 2.374348 -0.101987 0.000000
vt 2.374348 -0.086509 0.000000
vt 2.213043 -0.109726 0.000000
vt 2.213043 -0.117464 0.000000
vt 2.535652 -0.101987 0.000000
vt 2.374348 -0.109726 0.000000
vt 2.374348 -0.117464 0.000000
vt 2.696957 -0.109726 0.000000
vt 2.858261 -0.117464 0.000000
vt 3.019565 -0.125203 0.000000
vt 2.535652 -0.109726 0.000000
vt 2.535652 -0.117464 0.000000
vt 2.535652 -0.125203 0.000000
vt 2.858261 -0.086509 0.000000
vt 2.858261 -0.078770 0.000000
vt 3.342174 -0.109726 0.000000
vt 3.342174 -0.117464 0.000000
vt 3.826087 -0.109726 0.000000
vt 3.987391 -0.109726 0.000000
vt 3.987391 -0.117464 0.000000
vt 2.696957 -0.078770 0.000000
vt 2.535652 -0.071031 0.000000
vt 2.374348 -0.063292 0.000000
vt 1.083913 -0.117464 0.000000
vt 1.245217 -0.125203 0.000000
vt 2.696957 -0.117464 0.000000
vt 2.858261 -0.125203 0.000000
vt 1.083913 -0.125203 0.000000
vt 2.696957 -0.125203 0.000000
vt 2.696957 -0.071031 0.000000
vt 2.535652 -0.063292 0.000000
vt -0.201810 3.451786 0.000000
vt -0.199104 3.453700 0.000000
vt -0.201810 4.310000 0.000000
vt -0.199104 4.310000 0.000000
vt -3.440996 -0.019332 0.000000
vt -3.656618 -0.012888 0.000000
vt -3.438824 -0.025776 0.000000
vt -3.874412 -0.012888 0.000000
vt -4.092206 -0.012888 0.000000
vt -4.310000 0.000000 0.000000
vt -4.310000 -0.008592 0.000000
vt -3.443913 -0.012888 0.000000
vt -3.451786 0.000000 0.000000
vt -4.310000 -0.017184 0.000000
vt -4.310000 -0.025776 0.000000
vt -0.600000 -0.017184 0.000000
vt -0.865000 -0.012888 0.000000
vt -0.600000 -0.025776 0.000000
vt -1.130000 -0.012888 0.000000
vt -1.395000 -0.012888 0.000000
vt -0.600000 -0.008592 0.000000
vt -1.660000 -0.012888 0.000000
vt -1.925000 -0.012888 0.000000
vt -2.190000 -0.012888 0.000000
vt -2.455000 -0.012888 0.000000
vt -4.310000 0.000000 0.000000
vt -2.720000 -0.012888 0.000000
vt -2.985000 -0.012888 0.000000
vt -4.310000 -0.017184 0.000000
vt -4.310000 -0.025776 0.000000
vt -0.600000 0.000000 0.000000
vt -4.310000 -0.008592 0.000000
vt -4.045000 -0.012888 0.000000
vt -3.780000 -0.012888 0.000000
vt -3.515000 -0.012888 0.000000
vt -3.250000 -0.012888 0.000000
vt -0.201810 0.600000 0.000000
vt -0.000000 0.600000 0.000000
vt -0.201810 4.310000 0.000000
vt -0.000000 4.310000 0.000000
vt -0.600000 -0.017184 0.000000
vt -0.865000 -0.012888 0.000000
vt -0.600000 -0.025776 0.000000
vt -1.130000 -0.012888 0.000000
vt -1.395000 -0.012888 0.000000
vt -0.600000 -0.008592 0.000000
vt -1.660000 -0.012888 0.000000
vt -1.925000 -0.012888 0.000000
vt -2.190000 -0.012888 0.000000
vt -2.455000 -0.012888 0.000000
vt -4.310000 0.000000 0.000000
vt -2.720000 -0.012888 0.000000
vt -2.985000 -0.012888 0.000000
vt -4.310000 -0.017184 0.000000
vt -4.310000 -0.025776 0.000000
vt -0.600000 0.000000 0.000000
vt -4.310000 -0.008592 0.000000
vt -4.045000 -0.012888 0.000000
vt -3.780000 -0.012888 0.000000
vt -3.515000 -0.012888 0.000000
vt -3.250000 -0.012888 0.000000
vt 0.600000 -0.063292 0.000000
vt 0.761304 -0.063292 0.000000
vt 0.600000 -0.055553 0.000000
vt 0.922609 -0.063292 0.000000
vt 1.083913 -0.063292 0.000000
vt 1.083913 -0.071031 0.000000
vt 1.245217 -0.071031 0.000000
vt 1.245217 -0.078770 0.000000
vt 1.406522 -0.078770 0.000000
vt 1.406522 -0.086509 0.000000
vt 1.567826 -0.086509 0.000000
vt 1.567826 -0.094248 0.000000
vt 1.729130 -0.094248 0.000000
vt 1.729130 -0.101987 0.000000
vt 1.890435 -0.101987 0.000000
vt 1.890435 -0.109726 0.000000
vt 2.051739 -0.109726 0.000000
vt 2.051739 -0.117464 0.000000
vt 2.213043 -0.117464 0.000000
vt 2.213043 -0.125203 0.000000
vt 2.374348 -0.125203 0.000000
vt 0.600000 -0.132942 0.000000
vt 4.310000 -0.132942 0.000000
vt 0.761304 -0.071031 0.000000
vt 0.600000 -0.071031 0.000000
vt 0.761304 -0.078770 0.000000
vt 0.600000 -0.078770 0.000000
vt 0.761304 -0.086509 0.000000
vt 0.600000 -0.086509 0.000000
vt 0.761304 -0.094248 0.000000
vt 0.600000 -0.094248 0.000000
vt 0.761304 -0.101987 0.000000
vt 0.600000 -0.101987 0.000000
vt 0.761304 -0.109726 0.000000
vt 0.600000 -0.109726 0.000000
vt 0.761304 -0.117464 0.000000
vt 0.600000 -0.117464 0.000000
vt 0.761304 -0.125203 0.000000
vt 0.600000 -0.125203 0.000000
vt 4.310000 -0.125203 0.000000
vt 4.148696 -0.125203 0.000000
vt 3.987391 -0.125203 0.000000
vt 3.826087 -0.125203 0.000000
vt 3.826087 -0.117464 0.000000
vt 3.664783 -0.117464 0.000000
vt 3.664783 -0.109726 0.000000
vt 3.503478 -0.109726 0.000000
vt 3.503478 -0.101987 0.000000
vt 3.342174 -0.101987 0.000000
vt 3.342174 -0.094248 0.000000
vt 3.180870 -0.094248 0.000000
vt 3.180870 -0.086509 0.000000
vt 3.019565 -0.086509 0.000000
vt 3.019565 -0.078770 0.000000
vt 2.858261 -0.078770 0.000000
vt 2.858261 -0.071031 0.000000
vt 2.696957 -0.071031 0.000000
vt 2.696957 -0.063292 0.000000
vt 2.535652 -0.063292 0.000000
vt 4.310000 -0.055553 0.000000
vt 4.148696 -0.117464 0.000000
vt 4.310000 -0.117464 0.000000
vt 4.148696 -0.109726 0.000000
vt 4.310000 -0.109726 0.000000
vt 4.148696 -0.101987 0.000000
vt 4.310000 -0.101987 0.000000
vt 4.148696 -0.094248 0.000000
vt 4.310000 -0.094248 0.000000
vt 4.148696 -0.086509 0.000000
vt 4.310000 -0.086509 0.000000
vt 4.148696 -0.078770 0.000000
vt 4.310000 -0.078770 0.000000
vt 4.148696 -0.071031 0.000000
vt 4.310000 -0.071031 0.000000
vt 4.148696 -0.063292 0.000000
vt 4.310000 -0.063292 0.000000
vt 0.922609 -0.071031 0.000000
vt 0.922609 -0.078770 0.000000
vt 0.922609 -0.086509 0.000000
vt 0.922609 -0.094248 0.000000
vt 0.922609 -0.101987 0.000000
vt 0.922609 -0.109726 0.000000
vt 0.922609 -0.117464 0.000000
vt 0.922609 -0.125203 0.000000
vt 1.245217 -0.063292 0.000000
vt 1.406522 -0.063292 0.000000
vt 1.567826 -0.063292 0.000000
vt 1.567826 -0.071031 0.000000
vt 1.729130 -0.071031 0.000000
vt 1.729130 -0.078770 0.000000
vt 1.890435 -0.078770 0.000000
vt 1.890435 -0.086509 0.000000
vt 2.051739 -0.086509 0.000000
vt 2.051739 -0.094248 0.000000
vt 2.213043 -0.094248 0.000000
vt 2.213043 -0.101987 0.000000
vt 2.374348 -0.101987 0.000000
vt 2.374348 -0.109726 0.000000
vt 2.535652 -0.109726 0.000000
vt 2.535652 -0.117464 0.000000
vt 2.696957 -0.117464 0.000000
vt 2.696957 -0.125203 0.000000
vt 2.858261 -0.125203 0.000000
vt 3.019565 -0.125203 0.000000
vt 3.180870 -0.125203 0.000000
vt 3.019565 -0.117464 0.000000
vt 3.180870 -0.117464 0.000000
vt 3.019565 -0.109726 0.000000
vt 3.180870 -0.109726 0.000000
vt 3.019565 -0.101987 0.000000
vt 3.180870 -0.101987 0.000000
vt 3.019565 -0.094248 0.000000
vt 1.406522 -0.071031 0.000000
vt 1.729130 -0.063292 0.000000
vt 1.890435 -0.063292 0.000000
vt 2.051739 -0.063292 0.000000
vt 2.051739 -0.071031 0.000000
vt 2.213043 -0.071031 0.000000
vt 2.213043 -0.078770 0.000000
vt 2.374348 -0.078770 0.000000
vt 2.374348 -0.086509 0.000000
vt 2.535652 -0.086509 0.000000
vt 2.535652 -0.094248 0.000000
vt 2.696957 -0.094248 0.000000
vt 2.696957 -0.101987 0.000000
vt 2.858261 -0.101987 0.000000
vt 2.858261 -0.109726 0.000000
vt 1.890435 -0.071031 0.000000
vt 2.213043 -0.063292 0.000000
vt 2.374348 -0.063292 0.000000
vt 2.535652 -0.071031 0.000000
vt 2.696957 -0.078770 0.000000
vt 2.858261 -0.086509 0.000000
vt 2.374348 -0.071031 0.000000
vt 2.858261 -0.063292 0.000000
vt 3.019565 -0.063292 0.000000
vt 3.180870 -0.063292 0.000000
vt 3.180870 -0.071031 0.000000
vt 3.342174 -0.071031 0.000000
vt 3.342174 -0.078770 0.000000
vt 3.503478 -0.078770 0.000000
vt 3.503478 -0.086509 0.000000
vt 3.664783 -0.086509 0.000000
vt 3.664783 -0.094248 0.000000
vt 3.826087 -0.094248 0.000000
vt 3.826087 -0.101987 0.000000
vt 3.987391 -0.101987 0.000000
vt 3.987391 -0.109726 0.000000
vt 3.019565 -0.071031 0.000000
vt 3.342174 -0.063292 0.000000
vt 3.503478 -0.063292 0.000000
vt 3.664783 -0.063292 0.000000
vt 3.664783 -0.071031 0.000000
vt 3.826087 -0.071031 0.000000
vt 3.826087 -0.078770 0.000000
vt 3.987391 -0.078770 0.000000
vt 3.987391 -0.086509 0.000000
vt 3.503478 -0.071031 0.000000
vt 3.826087 -0.063292 0.000000
vt 3.987391 -0.063292 0.000000
vt 3.987391 -0.071031 0.000000
vt 1.083913 -0.078770 0.000000
vt 1.245217 -0.086509 0.000000
vt 1.406522 -0.094248 0.000000
vt 1.567826 -0.101987 0.000000
vt 1.729130 -0.109726 0.000000
vt 1.890435 -0.117464 0.000000
vt 2.051739 -0.125203 0.000000
vt 1.567826 -0.078770 0.000000
vt 2.051739 -0.078770 0.000000
vt 2.535652 -0.078770 0.000000
vt 3.180870 -0.078770 0.000000
vt 3.664783 -0.078770 0.000000
vt 1.083913 -0.086509 0.000000
vt 1.083913 -0.094248 0.000000
vt 1.083913 -0.101987 0.000000
vt 1.083913 -0.109726 0.000000
vt 1.083913 -0.117464 0.000000
vt 1.083913 -0.125203 0.000000
vt 1.729130 -0.086509 0.000000
vt 2.213043 -0.086509 0.000000
vt 2.696957 -0.086509 0.000000
vt 3.342174 -0.086509 0.000000
vt 3.826087 -0.086509 0.000000
vt 1.245217 -0.094248 0.000000
vt 1.406522 -0.101987 0.000000
vt 1.567826 -0.109726 0.000000
vt 1.729130 -0.117464 0.000000
vt 1.890435 -0.125203 0.000000
vt 1.890435 -0.094248 0.000000
vt 2.374348 -0.094248 0.000000
vt 2.858261 -0.094248 0.000000
vt 3.503478 -0.094248 0.000000
vt 3.987391 -0.094248 0.000000
vt 1.245217 -0.101987 0.000000
vt 1.245217 -0.109726 0.000000
vt 1.245217 -0.117464 0.000000
vt 1.245217 -0.125203 0.000000
vt 2.051739 -0.101987 0.000000
vt 2.535652 -0.101987 0.000000
vt 3.664783 -0.101987 0.000000
vt 1.406522 -0.109726 0.000000
vt 1.567826 -0.117464 0.000000
vt 1.729130 -0.125203 0.000000
vt 2.213043 -0.109726 0.000000
vt 2.696957 -0.109726 0.000000
vt 3.342174 -0.109726 0.000000
vt 3.342174 -0.117464 0.000000
vt 3.342174 -0.125203 0.000000
vt 3.826087 -0.109726 0.000000
vt 1.406522 -0.117464 0.000000
vt 1.406522 -0.125203 0.000000
vt 2.374348 -0.117464 0.000000
vt 2.858261 -0.117464 0.000000
vt 3.503478 -0.117464 0.000000
vt 3.664783 -0.125203 0.000000
vt 3.987391 -0.117464 0.000000
vt 1.567826 -0.125203 0.000000
vt 2.535652 -0.125203 0.000000
vt 3.503478 -0.125203 0.000000
vt -1.001249 1.500000 0.000000
vt -1.001249 -1.500000 0.000000
vt -0.660824 1.500000 0.000000
vt -0.600750 1.500000 0.000000
vt -0.428550 1.499536 0.000000
vt -0.258346 1.498151 0.000000
vt -0.127159 1.496424 0.000000
vt 0.859681 -1.452881 0.000000
vt 0.000631 1.494149 0.000000
vt 0.124108 1.491342 0.000000
vt 0.242387 1.488024 0.000000
vt 0.354619 1.484217 0.000000
vt 0.459999 1.479950 0.000000
vt 0.509881 1.477654 0.000000
vt 0.557771 1.475253 0.000000
vt 0.603583 1.472754 0.000000
vt 0.647235 1.470160 0.000000
vt 0.688648 1.467476 0.000000
vt 0.727748 1.464707 0.000000
vt 0.764465 1.461858 0.000000
vt 0.798733 1.458934 0.000000
vt 0.830491 1.455939 0.000000
vt 0.859681 1.452881 0.000000
vt 0.886252 -1.449763 0.000000
vt 1.001249 -1.420000 0.000000
vt 0.910156 -1.446592 0.000000
vt 0.931349 -1.443373 0.000000
vt -0.660824 -1.500000 0.000000
vt -0.428550 -1.499536 0.000000
vt -0.258346 -1.498151 0.000000
vt -0.127159 -1.496424 0.000000
vt -0.600750 -1.500000 0.000000
vt 0.000631 -1.494149 0.000000
vt 0.124108 -1.491342 0.000000
vt 0.242387 -1.488024 0.000000
vt 0.354619 -1.484217 0.000000
vt 0.459999 -1.479950 0.000000
vt 0.509881 -1.477654 0.000000
vt 0.557771 -1.475253 0.000000
vt 0.603583 -1.472754 0.000000
vt 0.647235 -1.470160 0.000000
vt 0.688648 -1.467476 0.000000
vt 0.727748 -1.464707 0.000000
vt 0.764465 -1.461858 0.000000
vt 0.798733 -1.458934 0.000000
vt 0.830491 -1.455939 0.000000
vt 0.949794 -1.440113 0.000000
vt 0.965457 -1.436816 0.000000
vt 0.978312 -1.433489 0.000000
vt 0.988333 -1.430138 0.000000
vt 0.995505 -1.426769 0.000000
vt 0.998017 -1.425079 0.000000
vt 0.999812 -1.423387 0.000000
vt 1.000441 -1.422541 0.000000
vt 1.000890 -1.421694 0.000000
vt 1.001159 -1.420847 0.000000
vt 1.001249 1.420000 0.000000
vt 0.886252 1.449763 0.000000
vt 0.910156 1.446592 0.000000
vt 0.931349 1.443373 0.000000
vt 0.949794 1.440113 0.000000
vt 0.965457 1.436816 0.000000
vt 0.978312 1.433489 0.000000
vt 0.988333 1.430138 0.000000
vt 0.995505 1.426769 0.000000
vt 0.998017 1.425079 0.000000
vt 0.999812 1.423387 0.000000
vt 1.000441 1.422541 0.000000
vt 1.000890 1.421694 0.000000
vt 1.001159 1.420847 0.000000
vt 3.110000 1.840000 0.000000
vt 3.030000 1.840000 0.000000
vt 3.110000 1.500000 0.000000
vt 2.910000 1.709137 0.000000
vt 2.889915 1.688240 0.000000
vt 2.910000 1.720000 0.000000
vt 2.871829 1.669308 0.000000
vt 2.855469 1.652067 0.000000
vt 2.840610 1.636289 0.000000
vt 2.814679 1.608397 0.000000
vt 2.792875 1.584449 0.000000
vt 2.774368 1.563586 0.000000
vt 2.758550 1.545169 0.000000
vt 2.690000 1.420000 0.000000
vt 2.690000 -1.420000 0.000000
vt 2.000000 1.420000 0.000000
vt 2.000000 -1.420000 0.000000
vt 2.744970 1.528705 0.000000
vt 2.733288 1.513808 0.000000
vt 2.714678 1.487509 0.000000
vt 2.701431 1.464267 0.000000
vt 2.693074 1.442388 0.000000
vt 2.690808 1.431400 0.000000
vt 2.690808 -1.431400 0.000000
vt 2.693074 -1.442388 0.000000
vt 2.701431 -1.464267 0.000000
vt 2.714678 -1.487509 0.000000
vt 2.733288 -1.513808 0.000000
vt 2.744970 -1.528705 0.000000
vt 2.758550 -1.545169 0.000000
vt 3.110000 -1.500000 0.000000
vt 2.774368 -1.563586 0.000000
vt 2.792875 -1.584449 0.000000
vt 2.814679 -1.608397 0.000000
vt 2.840610 -1.636289 0.000000
vt 2.855469 -1.652067 0.000000
vt 2.871829 -1.669308 0.000000
vt 2.889915 -1.688240 0.000000
vt 2.910000 -1.709137 0.000000
vt 2.910000 -1.720000 0.000000
vt 3.030000 -1.840000 0.000000
vt 3.110000 -1.840000 0.000000
vt 4.110000 -1.500000 0.000000
vt 4.110000 1.500000 0.000000
vt 0.383848 -0.347697 0.000000
vt 0.376195 -0.346705 0.000000
vt 0.383848 -0.491697 0.000000
vt 0.369048 -0.343792 0.000000
vt 0.362880 -0.339153 0.000000
vt 0.358100 -0.333094 0.000000
vt 0.342062 -0.304053 0.000000
vt 0.043848 -0.491697 0.000000
vt 0.199360 -0.161351 0.000000
vt 0.192804 -0.155814 0.000000
vt 0.355024 -0.326016 0.000000
vt 0.347599 -0.310609 0.000000
vt 0.351961 -0.318000 0.000000
vt 0.185413 -0.151452 0.000000
vt 0.177397 -0.148389 0.000000
vt 0.170319 -0.145313 0.000000
vt 0.164260 -0.140533 0.000000
vt 0.159621 -0.134365 0.000000
vt 0.156709 -0.127219 0.000000
vt 0.155716 -0.119565 0.000000
vt 0.043848 0.148303 0.000000
vt 0.156709 -0.111912 0.000000
vt 0.159621 -0.104765 0.000000
vt 0.153848 0.258303 0.000000
vt 0.164260 -0.098597 0.000000
vt 0.170319 -0.093818 0.000000
vt 0.157721 0.258303 0.000000
vt 0.177397 -0.090742 0.000000
vt 0.185413 -0.087678 0.000000
vt 0.192804 -0.083316 0.000000
vt 0.199360 -0.077779 0.000000
vt 0.342062 0.064923 0.000000
vt 0.347599 0.071479 0.000000
vt 0.355024 0.086886 0.000000
vt 0.358100 0.093964 0.000000
vt 0.383848 0.468303 0.000000
vt 0.362880 0.100023 0.000000
vt 0.369048 0.104662 0.000000
vt 0.351961 0.078870 0.000000
vt 0.376195 0.107574 0.000000
vt 0.383848 0.108567 0.000000
vt 0.639310 1.000000 0.000000
vt 0.639310 0.000000 0.000000
vt 0.999046 1.000000 0.000000
vt 2.909046 0.000000 0.000000
vt 2.909046 1.300000 0.000000
vt 3.009046 1.300000 0.000000
vt 3.009046 4.110000 0.000000
vt 0.999046 2.860000 0.000000
vt 0.639310 3.710000 0.000000
vt 0.139046 4.110000 0.000000
vt 0.199046 3.770000 0.000000
vt 0.122046 3.770000 0.000000
vt 0.199046 3.710000 0.000000
vt 0.639310 2.860000 0.000000
vt 2.970000 1.000000 0.000000
vt 2.826000 1.000000 0.000000
vt 2.970000 0.000000 0.000000
vt 2.826000 0.000000 0.000000
vt 0.000000 1.300000 0.000000
vt 0.100000 1.300000 0.000000
vt 0.000000 4.110000 0.000000
vt 2.010000 2.860000 0.000000
vt 2.369736 3.710000 0.000000
vt 2.369736 2.860000 0.000000
vt 2.010000 1.000000 0.000000
vt 0.100000 0.000000 0.000000
vt 2.369736 0.000000 0.000000
vt 2.369736 1.000000 0.000000
vt 2.810000 3.710000 0.000000
vt 2.810000 3.770000 0.000000
vt 2.870000 4.110000 0.000000
vt 2.887000 3.770000 0.000000
vt -0.092653 0.595425 0.000000
vt -1.376399 1.765000 0.000000
vt -0.096399 0.555000 0.000000
vt -1.376399 -0.504736 0.000000
vt -1.368745 -0.505729 0.000000
vt -0.081543 0.634473 0.000000
vt -0.063447 0.670815 0.000000
vt -0.038981 0.703213 0.000000
vt -0.008978 0.730564 0.000000
vt 0.025539 0.751936 0.000000
vt 0.063395 0.766602 0.000000
vt 0.103302 0.774062 0.000000
vt 0.143900 0.774062 0.000000
vt 1.623601 1.765000 0.000000
vt 0.183807 0.766602 0.000000
vt 0.221664 0.751936 0.000000
vt 0.256181 0.730564 0.000000
vt 0.286183 0.703213 0.000000
vt 0.310649 0.670815 0.000000
vt 0.328745 0.634473 0.000000
vt 0.339855 0.595425 0.000000
vt 0.343601 0.555000 0.000000
vt 0.339855 0.514575 0.000000
vt 1.615948 -0.505729 0.000000
vt 1.623601 -0.504736 0.000000
vt 1.608801 -0.508641 0.000000
vt 0.328745 0.475527 0.000000
vt 1.602634 -0.513280 0.000000
vt 0.310649 0.439185 0.000000
vt 0.286183 0.406787 0.000000
vt 0.256181 0.379436 0.000000
vt 1.404013 -0.711900 0.000000
vt 1.410072 -0.707120 0.000000
vt 1.597854 -0.519339 0.000000
vt 1.581815 -0.548380 0.000000
vt 1.594778 -0.526417 0.000000
vt 1.591714 -0.534433 0.000000
vt 1.587352 -0.541824 0.000000
vt 1.399374 -0.718068 0.000000
vt 0.221664 0.358064 0.000000
vt 1.396462 -0.725215 0.000000
vt 0.183807 0.343398 0.000000
vt 1.395469 -0.732868 0.000000
vt 0.143900 0.335938 0.000000
vt 1.396462 -0.740521 0.000000
vt 0.103302 0.335938 0.000000
vt -1.149259 -0.740521 0.000000
vt -1.148267 -0.732868 0.000000
vt 0.063395 0.343398 0.000000
vt -1.149259 -0.725215 0.000000
vt 0.025539 0.358064 0.000000
vt -1.152172 -0.718068 0.000000
vt -0.008978 0.379436 0.000000
vt -1.156811 -0.711900 0.000000
vt -0.038981 0.406787 0.000000
vt -1.162870 -0.707120 0.000000
vt -1.350651 -0.519339 0.000000
vt -1.334612 -0.548380 0.000000
vt -1.347575 -0.526417 0.000000
vt -1.344512 -0.534433 0.000000
vt -1.355431 -0.513280 0.000000
vt -0.063447 0.439185 0.000000
vt -0.081543 0.475527 0.000000
vt -1.361599 -0.508641 0.000000
vt -0.092653 0.514575 0.000000
vt -1.344512 -0.931303 0.000000
vt -1.347575 -0.939319 0.000000
vt -1.334612 -0.917356 0.000000
vt -1.350651 -0.946397 0.000000
vt -1.376399 -1.105000 0.000000
vt -1.355431 -0.952456 0.000000
vt -1.361599 -0.957095 0.000000
vt -1.368745 -0.960007 0.000000
vt -1.376399 -0.961000 0.000000
vt 1.623601 -1.105000 0.000000
vt -1.156811 -0.753836 0.000000
vt -1.162870 -0.758616 0.000000
vt -1.191911 -0.774654 0.000000
vt -1.169948 -0.761692 0.000000
vt -1.185355 -0.769117 0.000000
vt -1.177964 -0.764755 0.000000
vt 1.623601 -0.961000 0.000000
vt 1.615948 -0.960007 0.000000
vt 1.608801 -0.957095 0.000000
vt 1.602634 -0.952456 0.000000
vt 1.597854 -0.946397 0.000000
vt 1.581815 -0.917356 0.000000
vt 1.439113 -0.774654 0.000000
vt 1.594778 -0.939319 0.000000
vt 1.591714 -0.931303 0.000000
vt 1.587352 -0.923912 0.000000
vt 1.432557 -0.769117 0.000000
vt 1.417150 -0.761692 0.000000
vt 1.410072 -0.758616 0.000000
vt 1.404013 -0.753836 0.000000
vt -1.152172 -0.747668 0.000000
vt 1.399374 -0.747668 0.000000
vt 1.425167 -0.764755 0.000000
vt 1.439113 -0.691082 0.000000
vt 1.417150 -0.704044 0.000000
vt 1.432557 -0.696619 0.000000
vt 1.425167 -0.700981 0.000000
vt -1.340150 -0.541824 0.000000
vt -1.191911 -0.691082 0.000000
vt -1.169948 -0.704044 0.000000
vt -1.185355 -0.696619 0.000000
vt -1.177964 -0.700981 0.000000
vt -1.340150 -0.923912 0.000000
vt -3.000000 0.000000 0.000000
vt -0.000000 0.000000 0.000000
vt -3.000000 1.300000 0.000000
vt -0.000000 1.300000 0.000000
vt 1.500000 0.050000 0.000000
vt -1.500000 0.050000 0.000000
vt 1.500000 -0.050000 0.000000
vt -1.500000 -0.050000 0.000000
vt 0.183046 1.000000 0.000000
vt 0.039046 1.000000 0.000000
vt 0.183046 0.000000 0.000000
vt 0.039046 0.000000 0.000000
vt -0.260247 0.483570 0.000000
vt -0.218460 0.080190 0.000000
vt -0.034119 0.273570 0.000000
vt -0.075759 -0.062511 0.000000
vt -0.069203 -0.068049 0.000000
vt -0.260247 0.123834 0.000000
vt -0.252593 0.122842 0.000000
vt -0.245446 0.119929 0.000000
vt -0.239279 0.115290 0.000000
vt -0.234499 0.109231 0.000000
vt -0.231423 0.102153 0.000000
vt -0.223998 0.086746 0.000000
vt -0.228360 0.094137 0.000000
vt -0.061812 -0.072411 0.000000
vt -0.053796 -0.075474 0.000000
vt -0.046718 -0.078550 0.000000
vt -0.030247 0.273570 0.000000
vt -0.040659 -0.083330 0.000000
vt -0.036020 -0.089498 0.000000
vt 0.079753 0.163570 0.000000
vt -0.033107 -0.096644 0.000000
vt -0.032115 -0.104298 0.000000
vt 0.079753 -0.476430 0.000000
vt -0.033107 -0.111951 0.000000
vt -0.036020 -0.119098 0.000000
vt -0.040659 -0.125265 0.000000
vt -0.046718 -0.130045 0.000000
vt -0.053796 -0.133121 0.000000
vt -0.061812 -0.136185 0.000000
vt -0.069203 -0.140547 0.000000
vt -0.075759 -0.146084 0.000000
vt -0.218460 -0.288786 0.000000
vt -0.260247 -0.476430 0.000000
vt -0.234499 -0.317827 0.000000
vt -0.239279 -0.323886 0.000000
vt -0.231423 -0.310749 0.000000
vt -0.223998 -0.295342 0.000000
vt -0.228360 -0.302732 0.000000
vt -0.245446 -0.328525 0.000000
vt -0.252593 -0.331437 0.000000
vt -0.260247 -0.332430 0.000000
vt 3.000000 4.110000 0.000000
vt 0.000000 4.110000 0.000000
vt 3.000000 1.300000 0.000000
vt 0.000000 1.300000 0.000000
vn -0.085825 -0.051323 0.000000
vn -0.085825 -0.051323 0.000000
vn -0.096078 -0.027730 0.000000
vn -0.085825 -0.051323 0.000000
vn -0.090381 -0.042793 0.000000
vn -0.082339 -0.056747 0.000000
vn -0.069892 -0.071520 0.000000
vn -0.072162 -0.069229 0.000000
vn -0.060113 -0.079915 0.000000
vn -0.049334 -0.086984 0.000000
vn -0.031690 -0.094846 0.000000
vn -0.025511 -0.096691 0.000000
vn 0.000000 -0.100000 0.000000
vn 0.000000 -0.100000 0.000000
vn 0.025511 -0.096691 0.000000
vn 0.000000 -0.100000 0.000000
vn 0.025511 -0.096691 0.000000
vn 0.000000 -0.100000 0.000000
vn 0.025511 -0.096691 0.000000
vn 0.025511 -0.096691 0.000000
vn 0.049334 -0.086984 0.000000
vn 0.049334 -0.086984 0.000000
vn 0.069892 -0.071520 0.000000
vn 0.069892 -0.071520 0.000000
vn 0.085825 -0.051323 0.000000
vn 0.085825 -0.051323 0.000000
vn 0.096078 -0.027730 0.000000
vn 0.085825 -0.051323 0.000000
vn 0.085825 -0.051323 0.000000
vn 0.069892 -0.071520 0.000000
vn 0.069892 -0.071520 0.000000
vn 0.049334 -0.086984 0.000000
vn 0.049334 -0.086984 0.000000
vn 0.025511 -0.096691 0.000000
vn 0.025511 -0.096691 0.000000
vn 0.000000 -0.100000 0.000000
vn 0.025511 -0.096691 0.000000
vn 0.025511 -0.096691 0.000000
vn 0.049334 -0.086984 0.000000
vn 0.049334 -0.086984 0.000000
vn 0.069892 -0.071520 0.000000
vn -0.069892 -0.071520 0.000000
vn -0.069892 -0.071520 0.000000
vn -0.049334 -0.086984 0.000000
vn -0.049334 -0.086984 0.000000
vn -0.025511 -0.096691 0.000000
vn -0.025511 -0.096691 0.000000
vn 0.025511 -0.096691 0.000000
vn 0.049334 -0.086984 0.000000
vn 0.069892 -0.071520 0.000000
vn 0.085825 -0.051323 0.000000
vn 0.069892 -0.071520 0.000000
vn 0.085825 -0.051323 0.000000
vn 0.085825 -0.051323 0.000000
vn 0.096078 -0.027730 0.000000
vn 0.085825 -0.051323 0.000000
vn 0.085825 -0.051323 0.000000
vn 0.085825 -0.051323 0.000000
vn 0.069892 -0.071520 0.000000
vn 0.069892 -0.071520 0.000000
vn 0.049334 -0.086984 0.000000
vn 0.049334 -0.086984 0.000000
vn 0.085825 -0.051323 0.000000
vn 0.085825 -0.051323 0.000000
vn 0.085825 -0.051323 0.000000
vn 0.085825 -0.051323 0.000000
vn 0.069892 -0.071520 0.000000
vn 0.069892 -0.071520 0.000000
vn 0.049334 -0.086984 0.000000
vn 0.049334 -0.086984 0.000000
vn 0.025511 -0.096691 0.000000
vn 0.025511 -0.096691 0.000000
vn 0.000000 -0.100000 0.000000
vn 0.025511 -0.096691 0.000000
vn 0.025511 -0.096691 0.000000
vn 0.049334 -0.086984 0.000000
vn 0.049334 -0.086984 0.000000
vn 0.069892 -0.071520 0.000000
vn 0.069892 -0.071520 0.000000
vn 0.085825 -0.051323 0.000000
vn 0.085825 -0.051323 0.000000
vn 0.085825 -0.051323 0.000000
vn 0.085825 -0.051323 0.000000
vn 0.069892 -0.071520 0.000000
vn 0.069892 -0.071520 0.000000
vn 0.049334 -0.086984 0.000000
vn 0.049334 -0.086984 0.000000
vn 0.025511 -0.096691 0.000000
vn 0.025511 -0.096691 0.000000
vn 0.025511 -0.096691 0.000000
vn 0.049334 -0.086984 0.000000
vn 0.069892 -0.071520 0.000000
vn 0.069892 -0.071520 0.000000
vn 0.049334 -0.086984 0.000000
vn 0.049334 -0.086984 0.000000
vn 0.025511 -0.096691 0.000000
vn 0.025511 -0.096691 0.000000
vn 0.000000 -0.100000 0.000000
vn -0.000000 -0.100000 0.000000
vn -0.025511 -0.096691 0.000000
vn -0.025511 -0.096691 0.000000
vn -0.049334 -0.086984 0.000000
vn -0.049334 -0.086984 0.000000
vn -0.069892 -0.071520 0.000000
vn -0.069892 -0.071520 0.000000
vn -0.085825 -0.051323 0.000000
vn -0.085825 -0.051323 0.000000
vn -0.096078 -0.027730 0.000000
vn -0.096078 -0.027730 0.000000
vn -0.085825 -0.051323 0.000000
vn -0.085825 -0.051323 0.000000
vn -0.090381 -0.042793 0.000000
vn -0.085825 -0.051323 0.000000
vn -0.085825 -0.051323 0.000000
vn -0.069892 -0.071520 0.000000
vn -0.069892 -0.071520 0.000000
vn -0.049334 -0.086984 0.000000
vn -0.082339 -0.056747 0.000000
vn -0.069892 -0.071520 0.000000
vn -0.069892 -0.071520 0.000000
vn -0.049334 -0.086984 0.000000
vn -0.049334 -0.086984 0.000000
vn -0.025511 -0.096691 0.000000
vn -0.025511 -0.096691 0.000000
vn 0.000000 -0.100000 0.000000
vn -0.072162 -0.069229 0.000000
vn -0.060113 -0.079915 0.000000
vn -0.049334 -0.086984 0.000000
vn -0.031690 -0.094846 0.000000
vn -0.025511 -0.096691 0.000000
vn 0.000000 -0.100000 0.000000
vn 0.025511 -0.096691 0.000000
vn 0.049334 -0.086984 0.000000
vn 0.069892 -0.071520 0.000000
vn 0.025511 -0.096691 0.000000
vn 0.025511 -0.096691 0.000000
vn -0.096078 -0.027730 0.000000
vn 0.049334 -0.086984 0.000000
vn 0.069892 -0.071520 0.000000
vn 0.025511 -0.096691 0.000000
vn 0.049334 -0.086984 0.000000
vn 0.049334 -0.086984 0.000000
vn 0.069892 -0.071520 0.000000
vn 0.049334 -0.086984 0.000000
vn 0.069892 -0.071520 0.000000
vn 0.085825 -0.051323 0.000000
vn 0.025511 -0.096691 0.000000
vn 0.000000 -0.100000 0.000000
vn 0.000000 -0.100000 0.000000
vn -0.025511 -0.096691 0.000000
vn 0.025511 -0.096691 0.000000
vn 0.049334 -0.086984 0.000000
vn 0.069892 -0.071520 0.000000
vn 0.085825 -0.051323 0.000000
vn 0.069892 -0.071520 0.000000
vn 0.085825 -0.051323 0.000000
vn 0.069892 -0.071520 0.000000
vn 0.085825 -0.051323 0.000000
vn 0.085825 -0.051323 0.000000
vn 0.085825 -0.051323 0.000000
vn 0.090083 -0.043417 0.000000
vn 0.086119 -0.050828 0.000000
vn 0.096078 -0.027730 0.000000
vn 0.086119 -0.050828 0.000000
vn 0.086119 -0.050828 0.000000
vn 0.081547 -0.057880 0.000000
vn 0.086119 -0.050828 0.000000
vn 0.086119 -0.050828 0.000000
vn 0.086119 -0.050828 0.000000
vn 0.086119 -0.050828 0.000000
vn 0.070711 -0.070711 0.000000
vn 0.086119 -0.050828 0.000000
vn 0.086119 -0.050828 0.000000
vn 0.090083 -0.043417 0.000000
vn 0.096078 -0.027730 0.000000
vn 0.070711 -0.070711 0.000000
vn 0.081547 -0.057880 0.000000
vn 0.086119 -0.050828 0.000000
vn 0.086119 -0.050828 0.000000
vn 0.086119 -0.050828 0.000000
vn 0.086119 -0.050828 0.000000
vn 0.070711 -0.070711 0.000000
vn 0.070711 -0.070711 0.000000
vn 0.070711 -0.070711 0.000000
vn 0.070711 -0.070711 0.000000
vn 0.057880 -0.081547 0.000000
vn 0.050828 -0.086119 0.000000
vn 0.070711 -0.070711 0.000000
vn 0.050828 -0.086119 0.000000
vn 0.050828 -0.086119 0.000000
vn 0.043417 -0.090083 0.000000
vn 0.050828 -0.086119 0.000000
vn 0.050828 -0.086119 0.000000
vn 0.050828 -0.086119 0.000000
vn 0.050828 -0.086119 0.000000
vn 0.027730 -0.096078 0.000000
vn 0.050828 -0.086119 0.000000
vn 0.050828 -0.086119 0.000000
vn 0.057880 -0.081547 0.000000
vn 0.070711 -0.070711 0.000000
vn 0.027730 -0.096078 0.000000
vn 0.043417 -0.090083 0.000000
vn 0.050828 -0.086119 0.000000
vn 0.050828 -0.086119 0.000000
vn 0.050828 -0.086119 0.000000
vn 0.050828 -0.086119 0.000000
vn 0.051323 -0.085825 0.000000
vn 0.051323 -0.085825 0.000000
vn 0.027730 -0.096078 0.000000
vn 0.051323 -0.085825 0.000000
vn 0.051323 -0.085825 0.000000
vn 0.071520 -0.069892 0.000000
vn 0.071520 -0.069892 0.000000
vn 0.086984 -0.049334 0.000000
vn 0.086984 -0.049334 0.000000
vn 0.096691 -0.025511 0.000000
vn 0.096691 -0.025511 0.000000
vn 0.100000 -0.000000 0.000000
vn 0.100000 -0.000000 0.000000
vn 0.096691 0.025511 0.000000
vn 0.096691 0.025511 0.000000
vn 0.086984 0.049334 0.000000
vn 0.086984 0.049334 0.000000
vn 0.071520 0.069892 0.000000
vn 0.071520 0.069892 0.000000
vn 0.051323 0.085825 0.000000
vn 0.051323 0.085825 0.000000
vn 0.027730 0.096078 0.000000
vn 0.027730 0.096078 0.000000
vn 0.071520 -0.069892 0.000000
vn 0.071520 -0.069892 0.000000
vn 0.086984 -0.049334 0.000000
vn 0.086984 -0.049334 0.000000
vn 0.096691 -0.025511 0.000000
vn 0.096691 -0.025511 0.000000
vn 0.100000 -0.000000 0.000000
vn 0.100000 -0.000000 0.000000
vn 0.096691 0.025511 0.000000
vn 0.096691 0.025511 0.000000
vn 0.086984 0.049334 0.000000
vn 0.086984 0.049334 0.000000
vn 0.071520 0.069892 0.000000
vn 0.071520 0.069892 0.000000
vn 0.051323 0.085825 0.000000
vn 0.051323 0.085825 0.000000
vn 0.051323 0.085825 0.000000
vn 0.051323 0.085825 0.000000
vn 0.051323 0.085825 0.000000
vn 0.051323 0.085825 0.000000
vn 0.071520 0.069892 0.000000
vn 0.071520 0.069892 0.000000
vn 0.086984 0.049334 0.000000
vn 0.086984 0.049334 0.000000
vn 0.096691 0.025511 0.000000
vn 0.096691 0.025511 0.000000
vn 0.100000 -0.000000 0.000000
vn 0.100000 -0.000000 0.000000
vn 0.096691 -0.025511 0.000000
vn 0.096691 -0.025511 0.000000
vn 0.086984 -0.049334 0.000000
vn 0.086984 -0.049334 0.000000
vn 0.071520 -0.069892 0.000000
vn 0.071520 -0.069892 0.000000
vn 0.051323 -0.085825 0.000000
vn 0.051323 -0.085825 0.000000
vn 0.027730 -0.096078 0.000000
vn 0.071520 0.069892 0.000000
vn 0.071520 0.069892 0.000000
vn 0.086984 0.049334 0.000000
vn 0.086984 0.049334 0.000000
vn 0.096691 0.025511 0.000000
vn 0.096691 0.025511 0.000000
vn 0.100000 -0.000000 0.000000
vn 0.100000 -0.000000 0.000000
vn 0.096691 -0.025511 0.000000
vn 0.096691 -0.025511 0.000000
vn 0.086984 -0.049334 0.000000
vn 0.086984 -0.049334 0.000000
vn 0.071520 -0.069892 0.000000
vn 0.071520 -0.069892 0.000000
vn 0.051323 -0.085825 0.000000
vn 0.051323 -0.085825 0.000000
vn 0.071520 -0.069892 0.000000
vn 0.086984 -0.049334 0.000000
vn 0.096691 -0.025511 0.000000
vn 0.100000 -0.000000 0.000000
vn 0.096691 0.025511 0.000000
vn 0.086984 0.049334 0.000000
vn 0.071520 0.069892 0.000000
vn 0.051323 0.085825 0.000000
vn 0.051323 -0.085825 0.000000
vn 0.051323 -0.085825 0.000000
vn 0.051323 -0.085825 0.000000
vn 0.071520 -0.069892 0.000000
vn 0.071520 -0.069892 0.000000
vn 0.086984 -0.049334 0.000000
vn 0.086984 -0.049334 0.000000
vn 0.096691 -0.025511 0.000000
vn 0.096691 -0.025511 0.000000
vn 0.100000 -0.000000 0.000000
vn 0.100000 -0.000000 0.000000
vn 0.096691 0.025511 0.000000
vn 0.096691 0.025511 0.000000
vn 0.086984 0.049334 0.000000
vn 0.086984 0.049334 0.000000
vn 0.071520 0.069892 0.000000
vn 0.071520 0.069892 0.000000
vn 0.051323 0.085825 0.000000
vn 0.051323 0.085825 0.000000
vn 0.051323 0.085825 0.000000
vn 0.051323 0.085825 0.000000
vn 0.071520 0.069892 0.000000
vn 0.071520 0.069892 0.000000
vn 0.086984 0.049334 0.000000
vn 0.086984 0.049334 0.000000
vn 0.096691 0.025511 0.000000
vn 0.096691 0.025511 0.000000
vn 0.100000 -0.000000 0.000000
vn 0.071520 -0.069892 0.000000
vn 0.051323 -0.085825 0.000000
vn 0.051323 -0.085825 0.000000
vn 0.051323 -0.085825 0.000000
vn 0.071520 -0.069892 0.000000
vn 0.071520 -0.069892 0.000000
vn 0.086984 -0.049334 0.000000
vn 0.086984 -0.049334 0.000000
vn 0.096691 -0.025511 0.000000
vn 0.096691 -0.025511 0.000000
vn 0.100000 -0.000000 0.000000
vn 0.100000 -0.000000 0.000000
vn 0.096691 0.025511 0.000000
vn 0.096691 0.025511 0.000000
vn 0.086984 0.049334 0.000000
vn 0.071520 -0.069892 0.000000
vn 0.051323 -0.085825 0.000000
vn 0.051323 -0.085825 0.000000
vn 0.071520 -0.069892 0.000000
vn 0.086984 -0.049334 0.000000
vn 0.096691 -0.025511 0.000000
vn 0.071520 -0.069892 0.000000
vn 0.051323 -0.085825 0.000000
vn 0.051323 -0.085825 0.000000
vn 0.051323 -0.085825 0.000000
vn 0.071520 -0.069892 0.000000
vn 0.071520 -0.069892 0.000000
vn 0.086984 -0.049334 0.000000
vn 0.086984 -0.049334 0.000000
vn 0.096691 -0.025511 0.000000
vn 0.096691 -0.025511 0.000000
vn 0.100000 -0.000000 0.000000
vn 0.100000 -0.000000 0.000000
vn 0.096691 0.025511 0.000000
vn 0.096691 0.025511 0.000000
vn 0.086984 0.049334 0.000000
vn 0.071520 -0.069892 0.000000
vn 0.051323 -0.085825 0.000000
vn 0.051323 -0.085825 0.000000
vn 0.051323 -0.085825 0.000000
vn 0.071520 -0.069892 0.000000
vn 0.071520 -0.069892 0.000000
vn 0.086984 -0.049334 0.000000
vn 0.086984 -0.049334 0.000000
vn 0.096691 -0.025511 0.000000
vn 0.071520 -0.069892 0.000000
vn 0.051323 -0.085825 0.000000
vn 0.051323 -0.085825 0.000000
vn 0.071520 -0.069892 0.000000
vn 0.086984 -0.049334 0.000000
vn 0.096691 -0.025511 0.000000
vn 0.100000 -0.000000 0.000000
vn 0.096691 0.025511 0.000000
vn 0.086984 0.049334 0.000000
vn 0.071520 0.069892 0.000000
vn 0.051323 0.085825 0.000000
vn 0.086984 -0.049334 0.000000
vn 0.086984 -0.049334 0.000000
vn 0.086984 -0.049334 0.000000
vn 0.086984 -0.049334 0.000000
vn 0.086984 -0.049334 0.000000
vn 0.096691 -0.025511 0.000000
vn 0.100000 -0.000000 0.000000
vn 0.096691 0.025511 0.000000
vn 0.086984 0.049334 0.000000
vn 0.071520 0.069892 0.000000
vn 0.051323 0.085825 0.000000
vn 0.096691 -0.025511 0.000000
vn 0.096691 -0.025511 0.000000
vn 0.096691 -0.025511 0.000000
vn 0.096691 -0.025511 0.000000
vn 0.096691 -0.025511 0.000000
vn 0.100000 -0.000000 0.000000
vn 0.096691 0.025511 0.000000
vn 0.086984 0.049334 0.000000
vn 0.071520 0.069892 0.000000
vn 0.051323 0.085825 0.000000
vn 0.100000 -0.000000 0.000000
vn 0.100000 -0.000000 0.000000
vn 0.100000 -0.000000 0.000000
vn 0.100000 -0.000000 0.000000
vn 0.100000 -0.000000 0.000000
vn 0.096691 0.025511 0.000000
vn 0.086984 0.049334 0.000000
vn 0.071520 0.069892 0.000000
vn 0.051323 0.085825 0.000000
vn 0.096691 0.025511 0.000000
vn 0.096691 0.025511 0.000000
vn 0.096691 0.025511 0.000000
vn 0.086984 0.049334 0.000000
vn 0.071520 0.069892 0.000000
vn 0.051323 0.085825 0.000000
vn 0.086984 0.049334 0.000000
vn 0.086984 0.049334 0.000000
vn 0.086984 0.049334 0.000000
vn 0.071520 0.069892 0.000000
vn 0.051323 0.085825 0.000000
vn 0.086984 0.049334 0.000000
vn 0.071520 0.069892 0.000000
vn 0.051323 0.085825 0.000000
vn 0.071520 0.069892 0.000000
vn 0.071520 0.069892 0.000000
vn 0.071520 0.069892 0.000000
vn 0.051323 0.085825 0.000000
vn 0.071520 0.069892 0.000000
vn 0.051323 0.085825 0.000000
vn 0.051323 0.085825 0.000000
vn 0.051323 0.085825 0.000000
vn 0.043417 0.090083 0.000000
vn 0.050828 0.086119 0.000000
vn 0.027730 0.096078 0.000000
vn 0.050828 0.086119 0.000000
vn 0.050828 0.086119 0.000000
vn 0.057880 0.081547 0.000000
vn 0.050828 0.086119 0.000000
vn 0.050828 0.086119 0.000000
vn 0.050828 0.086119 0.000000
vn 0.050828 0.086119 0.000000
vn 0.070711 0.070711 0.000000
vn 0.050828 0.086119 0.000000
vn 0.050828 0.086119 0.000000
vn 0.043417 0.090083 0.000000
vn 0.027730 0.096078 0.000000
vn 0.070711 0.070711 0.000000
vn 0.057880 0.081547 0.000000
vn 0.050828 0.086119 0.000000
vn 0.050828 0.086119 0.000000
vn 0.050828 0.086119 0.000000
vn 0.050828 0.086119 0.000000
vn 0.070711 0.070711 0.000000
vn 0.070711 0.070711 0.000000
vn 0.070711 0.070711 0.000000
vn 0.070711 0.070711 0.000000
vn 0.081547 0.057880 0.000000
vn 0.086119 0.050828 0.000000
vn 0.070711 0.070711 0.000000
vn 0.086119 0.050828 0.000000
vn 0.086119 0.050828 0.000000
vn 0.090083 0.043417 0.000000
vn 0.086119 0.050828 0.000000
vn 0.086119 0.050828 0.000000
vn 0.086119 0.050828 0.000000
vn 0.086119 0.050828 0.000000
vn 0.096078 0.027730 0.000000
vn 0.086119 0.050828 0.000000
vn 0.086119 0.050828 0.000000
vn 0.081547 0.057880 0.000000
vn 0.070711 0.070711 0.000000
vn 0.096078 0.027730 0.000000
vn 0.090083 0.043417 0.000000
vn 0.086119 0.050828 0.000000
vn 0.086119 0.050828 0.000000
vn 0.086119 0.050828 0.000000
vn 0.086119 0.050828 0.000000
vn -0.068049 -0.073275 0.000000
vn -0.068049 -0.073275 0.000000
vn -0.068049 -0.073275 0.000000
vn -0.068049 -0.073275 0.000000
vn -0.068049 -0.073275 0.000000
vn -0.068049 -0.073275 0.000000
vn -0.068049 -0.073275 0.000000
vn 0.000000 -0.100000 0.000000
vn 0.000000 -0.100000 0.000000
vn 0.000000 -0.100000 0.000000
vn 0.000000 -0.100000 0.000000
vn -0.070711 -0.070711 0.000000
vn -0.070711 -0.070711 0.000000
vn -0.070711 -0.070711 0.000000
vn -0.070711 -0.070711 0.000000
vn -0.085825 -0.051323 0.000000
vn -0.085825 -0.051323 0.000000
vn -0.096078 -0.027730 0.000000
vn -0.085825 -0.051323 0.000000
vn -0.085825 -0.051323 0.000000
vn -0.069892 -0.071520 0.000000
vn -0.069892 -0.071520 0.000000
vn -0.049334 -0.086984 0.000000
vn -0.049334 -0.086984 0.000000
vn -0.025511 -0.096691 0.000000
vn -0.025511 -0.096691 0.000000
vn -0.000000 -0.100000 0.000000
vn -0.025511 -0.096691 0.000000
vn 0.025511 -0.096691 0.000000
vn 0.025511 -0.096691 0.000000
vn 0.049334 -0.086984 0.000000
vn 0.031690 -0.094846 0.000000
vn 0.060113 -0.079915 0.000000
vn 0.069892 -0.071520 0.000000
vn 0.072162 -0.069229 0.000000
vn 0.082339 -0.056747 0.000000
vn 0.085825 -0.051323 0.000000
vn 0.090381 -0.042793 0.000000
vn 0.096078 -0.027730 0.000000
vn 0.085825 -0.051323 0.000000
vn 0.096078 -0.027730 0.000000
vn 0.085825 -0.051323 0.000000
vn 0.069892 -0.071520 0.000000
vn 0.069892 -0.071520 0.000000
vn 0.049334 -0.086984 0.000000
vn 0.049334 -0.086984 0.000000
vn 0.025511 -0.096691 0.000000
vn -0.069892 -0.071520 0.000000
vn -0.069892 -0.071520 0.000000
vn -0.049334 -0.086984 0.000000
vn -0.049334 -0.086984 0.000000
vn -0.025511 -0.096691 0.000000
vn -0.025511 -0.096691 0.000000
vn -0.000000 -0.100000 0.000000
vn -0.025511 -0.096691 0.000000
vn -0.025511 -0.096691 0.000000
vn -0.000000 -0.100000 0.000000
vn -0.025511 -0.096691 0.000000
vn -0.049334 -0.086984 0.000000
vn -0.049334 -0.086984 0.000000
vn -0.069892 -0.071520 0.000000
vn -0.069892 -0.071520 0.000000
vn -0.085825 -0.051323 0.000000
vn -0.085825 -0.051323 0.000000
vn -0.000000 -0.100000 0.000000
vn -0.025511 -0.096691 0.000000
vn -0.025511 -0.096691 0.000000
vn -0.025511 -0.096691 0.000000
vn -0.049334 -0.086984 0.000000
vn -0.049334 -0.086984 0.000000
vn -0.069892 -0.071520 0.000000
vn -0.069892 -0.071520 0.000000
vn -0.085825 -0.051323 0.000000
vn -0.085825 -0.051323 0.000000
vn -0.085825 -0.051323 0.000000
vn -0.085825 -0.051323 0.000000
vn -0.069892 -0.071520 0.000000
vn 0.031690 -0.094846 0.000000
vn 0.025511 -0.096691 0.000000
vn -0.025511 -0.096691 0.000000
vn -0.025511 -0.096691 0.000000
vn -0.049334 -0.086984 0.000000
vn -0.049334 -0.086984 0.000000
vn -0.069892 -0.071520 0.000000
vn -0.069892 -0.071520 0.000000
vn -0.085825 -0.051323 0.000000
vn -0.085825 -0.051323 0.000000
vn -0.096078 -0.027730 0.000000
vn -0.085825 -0.051323 0.000000
vn -0.085825 -0.051323 0.000000
vn -0.069892 -0.071520 0.000000
vn -0.069892 -0.071520 0.000000
vn -0.049334 -0.086984 0.000000
vn -0.049334 -0.086984 0.000000
vn 0.049334 -0.086984 0.000000
vn 0.060113 -0.079915 0.000000
vn 0.069892 -0.071520 0.000000
vn 0.072162 -0.069229 0.000000
vn 0.082339 -0.056747 0.000000
vn 0.085825 -0.051323 0.000000
vn 0.090381 -0.042793 0.000000
vn 0.085825 -0.051323 0.000000
vn 0.085825 -0.051323 0.000000
vn 0.069892 -0.071520 0.000000
vn 0.069892 -0.071520 0.000000
vn 0.049334 -0.086984 0.000000
vn 0.049334 -0.086984 0.000000
vn 0.025511 -0.096691 0.000000
vn 0.025511 -0.096691 0.000000
vn -0.025511 -0.096691 0.000000
vn -0.025511 -0.096691 0.000000
vn -0.049334 -0.086984 0.000000
vn -0.049334 -0.086984 0.000000
vn -0.069892 -0.071520 0.000000
vn -0.069892 -0.071520 0.000000
vn -0.085825 -0.051323 0.000000
vn -0.085825 -0.051323 0.000000
vn -0.085825 -0.051323 0.000000
vn -0.085825 -0.051323 0.000000
vn -0.069892 -0.071520 0.000000
vn -0.069892 -0.071520 0.000000
vn -0.049334 -0.086984 0.000000
vn -0.049334 -0.086984 0.000000
vn -0.025511 -0.096691 0.000000
vn -0.025511 -0.096691 0.000000
vn -0.000000 -0.100000 0.000000
vn 0.025511 -0.096691 0.000000
vn 0.025511 -0.096691 0.000000
vn 0.049334 -0.086984 0.000000
vn 0.049334 -0.086984 0.000000
vn 0.069892 -0.071520 0.000000
vn 0.069892 -0.071520 0.000000
vn 0.085825 -0.051323 0.000000
vn 0.085825 -0.051323 0.000000
vn 0.096078 -0.027730 0.000000
vn 0.085825 -0.051323 0.000000
vn 0.096078 -0.027730 0.000000
vn -0.085825 -0.051323 0.000000
vn -0.085825 -0.051323 0.000000
vn -0.069892 -0.071520 0.000000
vn -0.069892 -0.071520 0.000000
vn -0.049334 -0.086984 0.000000
vn -0.069892 -0.071520 0.000000
vn -0.049334 -0.086984 0.000000
vn -0.085825 -0.051323 0.000000
vn -0.069892 -0.071520 0.000000
vn -0.049334 -0.086984 0.000000
vn -0.025511 -0.096691 0.000000
vn -0.085825 -0.051323 0.000000
vn -0.085825 -0.051323 0.000000
vn -0.085825 -0.051323 0.000000
vn -0.069892 -0.071520 0.000000
vn -0.069892 -0.071520 0.000000
vn -0.069892 -0.071520 0.000000
vn -0.049334 -0.086984 0.000000
vn -0.025511 -0.096691 0.000000
vn 0.025511 -0.096691 0.000000
vn 0.049334 -0.086984 0.000000
vn 0.069892 -0.071520 0.000000
vn -0.049334 -0.086984 0.000000
vn -0.025511 -0.096691 0.000000
vn -0.049334 -0.086984 0.000000
vn -0.025511 -0.096691 0.000000
vn -0.049334 -0.086984 0.000000
vn -0.025511 -0.096691 0.000000
vn -0.049334 -0.086984 0.000000
vn -0.025511 -0.096691 0.000000
vn -0.025511 -0.096691 0.000000
vn 0.090083 -0.043417 0.000000
vn 0.086119 -0.050828 0.000000
vn 0.096078 -0.027730 0.000000
vn 0.091828 -0.039593 0.000000
vn 0.096078 -0.027730 0.000000
vn 0.081547 -0.057880 0.000000
vn 0.070711 -0.070711 0.000000
vn 0.086119 -0.050828 0.000000
vn 0.070711 -0.070711 0.000000
vn 0.070711 -0.070711 0.000000
vn 0.070711 -0.070711 0.000000
vn 0.070711 -0.070711 0.000000
vn 0.070711 -0.070711 0.000000
vn 0.070711 -0.070711 0.000000
vn 0.057880 -0.081547 0.000000
vn 0.070711 -0.070711 0.000000
vn 0.050828 -0.086119 0.000000
vn 0.043417 -0.090083 0.000000
vn 0.027730 -0.096078 0.000000
vn 0.027730 -0.096078 0.000000
vn 0.051323 -0.085825 0.000000
vn 0.051213 -0.085891 0.000000
vn 0.027730 -0.096078 0.000000
vn 0.051110 -0.085952 0.000000
vn 0.027730 -0.096078 0.000000
vn 0.071520 -0.069892 0.000000
vn 0.071520 -0.069892 0.000000
vn 0.086984 -0.049334 0.000000
vn 0.086984 -0.049334 0.000000
vn 0.096691 -0.025511 0.000000
vn 0.096691 -0.025511 0.000000
vn 0.100000 0.000000 0.000000
vn 0.100000 -0.000000 0.000000
vn 0.096691 0.025511 0.000000
vn 0.096691 0.025511 0.000000
vn 0.086984 0.049334 0.000000
vn 0.086984 0.049334 0.000000
vn 0.071520 0.069892 0.000000
vn 0.071520 0.069892 0.000000
vn 0.051323 0.085825 0.000000
vn 0.051323 0.085825 0.000000
vn 0.027730 0.096078 0.000000
vn 0.027730 0.096078 0.000000
vn 0.044357 0.089624 0.000000
vn 0.059572 0.080319 0.000000
vn 0.072893 0.068459 0.000000
vn 0.081020 0.058615 0.000000
vn 0.087827 0.047816 0.000000
vn 0.093203 0.036237 0.000000
vn 0.097060 0.024069 0.000000
vn 0.099336 0.011508 0.000000
vn 0.099992 -0.001241 0.000000
vn 0.099020 -0.013969 0.000000
vn 0.096433 -0.026470 0.000000
vn 0.092275 -0.038539 0.000000
vn 0.086614 -0.049980 0.000000
vn 0.079541 -0.060607 0.000000
vn 0.071172 -0.070246 0.000000
vn 0.027730 0.096078 0.000000
vn 0.027730 0.096078 0.000000
vn 0.043417 0.090083 0.000000
vn 0.043417 0.090083 0.000000
vn 0.057880 0.081547 0.000000
vn 0.070711 0.070711 0.000000
vn 0.070711 0.070711 0.000000
vn 0.057880 0.081547 0.000000
vn 0.070711 0.070711 0.000000
vn 0.070711 0.070711 0.000000
vn 0.070711 0.070711 0.000000
vn 0.070711 0.070711 0.000000
vn 0.070711 0.070711 0.000000
vn 0.070711 0.070711 0.000000
vn 0.081547 0.057880 0.000000
vn 0.086119 0.050828 0.000000
vn 0.070711 0.070711 0.000000
vn 0.086119 0.050828 0.000000
vn 0.086119 0.050828 0.000000
vn 0.090083 0.043417 0.000000
vn 0.096078 0.027730 0.000000
vn 0.096078 0.027730 0.000000
vn 0.091828 0.039593 0.000000
vn 0.086119 0.050828 0.000000
vn 0.086119 0.050828 0.000000
vn 0.086119 0.050828 0.000000
vn 0.070711 0.070711 0.000000
vn 0.086119 0.050828 0.000000
vn 0.000000 -0.000000 0.100000
vn 0.000000 -0.000000 0.100000
vn 0.000000 -0.000000 0.100000
vn 0.000000 -0.000000 0.100000
vn 0.000000 -0.000000 0.100000
vn 0.000000 -0.000000 0.100000
vn 0.000000 -0.000000 0.100000
vn 0.000000 -0.000000 0.100000
vn 0.000000 -0.000000 0.100000
vn 0.000000 -0.000000 0.100000
vn 0.000000 -0.000000 0.100000
vn 0.000000 -0.000000 0.100000
vn 0.000000 -0.000000 0.100000
vn 0.000000 -0.000000 0.100000
vn 0.000000 -0.000000 0.100000
vn 0.000000 -0.000000 0.100000
vn 0.000000 -0.000000 0.100000
vn 0.000000 -0.000000 0.100000
vn 0.000000 -0.000000 0.100000
vn 0.000000 -0.000000 0.100000
vn 0.000000 -0.000000 0.100000
vn 0.000000 -0.000000 0.100000
vn 0.000000 -0.000000 0.100000
vn 0.000000 -0.000000 0.100000
vn 0.000000 -0.000000 0.100000
vn 0.000000 -0.000000 0.100000
vn 0.000000 -0.000000 0.100000
vn 0.000000 -0.000000 0.100000
vn 0.000000 -0.000000 0.100000
vn 0.000000 -0.000000 0.100000
vn 0.000000 -0.000000 0.100000
vn 0.000000 -0.000000 0.100000
vn 0.000000 -0.000000 0.100000
vn 0.000000 -0.000000 0.100000
vn 0.000000 -0.000000 0.100000
vn 0.000000 -0.000000 0.100000
vn 0.000000 -0.000000 0.100000
vn 0.000000 -0.000000 0.100000
vn 0.000000 -0.000000 0.100000
vn 0.000000 -0.000000 0.100000
vn 0.000000 -0.000000 0.100000
vn 0.000000 -0.000000 0.100000
vn 0.000000 -0.000000 0.100000
vn 0.000000 -0.000000 0.100000
vn 0.000000 -0.000000 0.100000
vn 0.000000 -0.000000 0.100000
vn 0.100000 0.000000 0.000000
vn 0.100000 0.000000 0.000000
vn 0.100000 0.000000 0.000000
vn 0.100000 0.000000 0.000000
vn -0.000000 0.070711 -0.070711
vn 0.009975 0.070004 -0.070711
vn 0.018301 0.068301 -0.070711
vn 0.019056 0.068094 -0.070711
vn 0.035355 0.061237 -0.070711
vn 0.034235 0.061870 -0.070711
vn 0.045603 0.054040 -0.070711
vn 0.050000 0.050000 -0.070711
vn 0.053803 0.045883 -0.070711
vn 0.056951 0.041912 -0.070711
vn 0.061237 0.035355 -0.070711
vn 0.059581 0.038080 -0.070711
vn 0.061770 0.034416 -0.070711
vn 0.063586 0.030933 -0.070711
vn 0.065086 0.027638 -0.070711
vn 0.068301 0.018301 -0.070711
vn 0.066320 0.024530 -0.070711
vn 0.066850 0.023045 -0.070711
vn 0.067329 0.021605 -0.070711
vn 0.067761 0.020209 -0.070711
vn 0.068150 0.018856 -0.070711
vn 0.069569 0.012656 -0.070711
vn 0.070425 0.006354 -0.070711
vn 0.070711 -0.000000 -0.070711
vn 0.070711 0.000000 -0.070711
vn 0.000000 0.000000 -0.100000
vn 0.000000 0.000000 -0.100000
vn 0.000000 0.000000 -0.100000
vn 0.000000 0.000000 -0.100000
vn 0.000000 0.000000 -0.100000
vn 0.100000 0.000000 0.000000
vn 0.100000 0.000000 0.000000
vn 0.100000 0.000000 0.000000
vn 0.100000 0.000000 0.000000
vn 0.068049 -0.073275 0.000000
vn 0.068049 -0.073275 0.000000
vn 0.068049 -0.073275 0.000000
vn 0.068049 -0.073275 0.000000
vn 0.068049 -0.073275 0.000000
vn 0.068049 -0.073275 0.000000
vn 0.068049 -0.073275 0.000000
vn 0.070711 0.000000 -0.070711
vn 0.070711 0.000000 -0.070711
vn 0.070711 0.000000 -0.070711
vn 0.070711 0.000000 -0.070711
vn 0.070711 0.000000 -0.070711
vn 0.070711 0.000000 -0.070711
vn 0.070711 0.000000 -0.070711
vn 0.070711 0.000000 -0.070711
vn 0.070711 0.000000 -0.070711
vn 0.070711 0.000000 -0.070711
vn 0.070711 0.000000 -0.070711
vn 0.070711 0.000000 -0.070711
vn 0.070711 0.000000 -0.070711
vn 0.070711 0.000000 -0.070711
vn 0.070711 0.000000 -0.070711
vn 0.070711 0.000000 -0.070711
vn 0.070711 0.000000 -0.070711
vn 0.070711 0.000000 -0.070711
vn 0.070711 0.000000 -0.070711
vn 0.070711 0.000000 -0.070711
vn 0.070711 0.000000 -0.070711
vn 0.070711 0.000000 -0.070711
vn 0.070711 0.000000 -0.070711
vn 0.070711 0.000000 -0.070711
vn 0.070711 0.000000 -0.070711
vn 0.070711 0.000000 -0.070711
vn 0.070711 0.000000 -0.070711
vn 0.070711 0.000000 -0.070711
vn 0.070711 0.000000 -0.070711
vn 0.070711 0.000000 -0.070711
vn 0.070711 0.000000 -0.070711
vn 0.070711 0.000000 -0.070711
vn 0.070711 0.000000 -0.070711
vn 0.070711 0.000000 -0.070711
vn 0.070711 0.000000 -0.070711
vn 0.070711 0.000000 -0.070711
vn 0.070711 0.000000 -0.070711
vn -0.000000 -0.100000 0.000000
vn -0.000000 -0.100000 0.000000
vn -0.000000 -0.100000 0.000000
vn -0.000000 -0.100000 0.000000
vn 0.070711 -0.070711 0.000000
vn 0.070711 -0.070711 0.000000
vn 0.070711 -0.070711 0.000000
vn 0.070711 -0.070711 0.000000
vn 0.000000 0.000000 -0.100000
vn 0.000000 0.000000 -0.100000
vn 0.000000 0.000000 -0.100000
vn 0.000000 0.000000 -0.100000
vn 0.100000 -0.000000 -0.000000
vn 0.099742 0.007174 0.000000
vn 0.100000 0.000000 0.000000
vn 0.098971 0.014310 0.000000
vn 0.096593 0.025882 0.000000
vn 0.096593 0.025882 0.000000
vn 0.086603 0.050000 0.000000
vn 0.086603 0.050000 0.000000
vn 0.070711 0.070711 0.000000
vn 0.070711 0.070711 0.000000
vn 0.050000 0.086603 0.000000
vn 0.050000 0.086603 0.000000
vn 0.025882 0.096593 0.000000
vn 0.025882 0.096593 0.000000
vn 0.000000 0.100000 0.000000
vn 0.002118 0.099978 0.000000
vn 0.001059 0.099994 0.000000
vn 0.097689 0.021373 0.000000
vn 0.096593 0.025882 0.000000
vn 0.096593 0.025882 0.000000
vn 0.096593 0.025882 0.000000
vn 0.097689 0.021373 0.000000
vn 0.095530 0.029562 0.000000
vn 0.092687 0.037539 0.000000
vn 0.089178 0.045247 0.000000
vn 0.085030 0.052630 0.000000
vn 0.086603 0.050000 0.000000
vn 0.080272 0.059636 0.000000
vn 0.074938 0.066214 0.000000
vn 0.072067 0.069328 0.000000
vn 0.086603 0.050000 0.000000
vn 0.070711 0.070711 0.000000
vn 0.069067 0.072317 0.000000
vn 0.065943 0.075177 0.000000
vn 0.062700 0.077902 0.000000
vn 0.059345 0.080487 0.000000
vn 0.055884 0.082927 0.000000
vn 0.050000 0.086603 0.000000
vn 0.052323 0.085219 0.000000
vn 0.048667 0.087359 0.000000
vn 0.044924 0.089341 0.000000
vn 0.041101 0.091163 0.000000
vn 0.037204 0.092822 0.000000
vn 0.033240 0.094314 0.000000
vn 0.029217 0.095637 0.000000
vn 0.025141 0.096788 0.000000
vn 0.021020 0.097766 0.000000
vn 0.016862 0.098568 0.000000
vn 0.012673 0.099194 0.000000
vn 0.008461 0.099641 0.000000
vn 0.006349 0.099798 0.000000
vn 0.004234 0.099910 0.000000
vn 0.003176 0.099950 0.000000
vn 0.000000 0.100000 0.000000
vn 0.000000 0.000000 0.100000
vn 0.000000 0.000000 0.100000
vn 0.000000 0.000000 0.100000
vn -0.100000 0.000000 0.000000
vn -0.100000 0.000000 0.000000
vn -0.100000 0.000000 0.000000
vn -0.070711 -0.070711 0.000000
vn -0.070711 -0.070711 0.000000
vn -0.070711 -0.070711 0.000000
vn -0.070711 -0.070711 0.000000
vn 0.097150 -0.023705 0.000000
vn 0.097150 -0.023705 0.000000
vn 0.097150 -0.023705 0.000000
vn 0.097150 -0.023705 0.000000
vn 0.097150 -0.023705 0.000000
vn 0.097150 -0.023705 0.000000
vn 0.097150 -0.023705 0.000000
vn 0.097150 -0.023705 0.000000
vn 0.080579 0.059221 0.000000
vn 0.080579 0.059221 0.000000
vn 0.080579 0.059221 0.000000
vn 0.080579 0.059221 0.000000
vn 0.080579 0.059221 0.000000
vn 0.080579 0.059221 0.000000
vn 0.080579 0.059221 0.000000
vn 0.080579 0.059221 0.000000
vn -0.100000 -0.000000 0.000000
vn -0.099421 -0.010749 0.000000
vn -0.099421 -0.010749 0.000000
vn -0.097689 -0.021373 0.000000
vn -0.097689 -0.021373 0.000000
vn 0.100000 0.000000 0.000000
vn 0.100000 0.000000 0.000000
vn 0.100000 0.000000 0.000000
vn 0.069077 0.015113 0.070711
vn 0.069983 0.010119 0.070711
vn 0.070711 -0.000000 0.070711
vn 0.070528 0.005073 0.070711
vn 0.070711 -0.000000 0.070711
vn 0.070711 0.000000 0.070711
vn 0.070711 0.000000 0.070711
vn 0.070711 0.000000 0.070711
vn 0.070711 0.000000 0.070711
vn 0.070711 0.000000 0.070711
vn 0.070711 0.000000 0.070711
vn 0.070711 0.000000 0.070711
vn 0.070711 0.000000 0.070711
vn 0.070711 0.000000 0.070711
vn 0.070711 0.000000 0.070711
vn 0.070711 0.000000 0.070711
vn 0.070711 0.000000 0.070711
vn 0.070711 0.000000 0.070711
vn 0.070711 0.000000 0.070711
vn 0.070711 0.000000 0.070711
vn 0.070711 0.000000 0.070711
vn 0.000000 0.000000 -0.100000
vn 0.000000 0.000000 -0.100000
vn 0.000000 0.000000 -0.100000
vn 0.070711 0.000000 -0.070711
vn 0.070711 0.000000 -0.070711
vn 0.070711 0.000000 -0.070711
vn 0.070711 0.000000 -0.070711
vn 0.070711 0.000000 -0.070711
vn 0.070711 0.000000 -0.070711
vn 0.070711 0.000000 -0.070711
vn 0.070711 0.000000 -0.070711
vn 0.070711 0.000000 -0.070711
vn 0.070711 0.000000 -0.070711
vn 0.070711 0.000000 -0.070711
vn 0.070711 0.000000 -0.070711
vn 0.070711 0.000000 -0.070711
vn 0.070711 0.000000 -0.070711
vn 0.070711 0.000000 -0.070711
vn 0.070711 0.000000 -0.070711
vn 0.070711 0.000000 -0.070711
vn 0.070711 0.000000 -0.070711
vn 0.070711 0.000000 -0.070711
vn 0.070711 0.000000 -0.070711
vn 0.070711 0.000000 -0.070711
vn 0.070711 0.000000 -0.070711
vn 0.070711 0.070711 0.000000
vn 0.070711 0.070711 0.000000
vn 0.070711 0.070711 0.000000
vn 0.070711 0.070711 0.000000
vn 0.070711 0.070711 0.000000
vn 0.070711 0.070711 0.000000
vn 0.000000 0.000000 -0.100000
vn 0.000000 0.000000 -0.100000
vn 0.000000 0.000000 -0.100000
vn 0.000000 0.000000 -0.100000
vn 0.000000 0.000000 -0.100000
vn 0.000000 0.000000 -0.100000
vn 0.000000 0.000000 -0.100000
vn 0.000000 0.000000 -0.100000
vn 0.000000 0.000000 -0.100000
vn -0.051323 0.085825 -0.000000
vn -0.051323 0.085825 -0.000000
vn -0.027730 0.096078 -0.000000
vn -0.044357 0.089624 -0.000000
vn -0.027730 0.096078 -0.000000
vn -0.071520 0.069892 -0.000000
vn -0.071520 0.069892 -0.000000
vn -0.086984 0.049334 -0.000000
vn -0.086984 0.049334 -0.000000
vn -0.096691 0.025511 -0.000000
vn -0.096691 0.025511 -0.000000
vn -0.100000 0.000000 -0.000000
vn -0.100000 0.000000 -0.000000
vn -0.096691 -0.025511 0.000000
vn -0.096691 -0.025511 0.000000
vn -0.086984 -0.049334 0.000000
vn -0.086984 -0.049334 0.000000
vn -0.071520 -0.069892 0.000000
vn -0.071520 -0.069892 0.000000
vn -0.051323 -0.085825 0.000000
vn -0.051213 -0.085891 0.000000
vn -0.027730 -0.096078 0.000000
vn -0.027730 -0.096078 0.000000
vn -0.051110 -0.085952 0.000000
vn -0.071172 -0.070246 0.000000
vn -0.079541 -0.060607 0.000000
vn -0.086614 -0.049980 0.000000
vn -0.092275 -0.038539 0.000000
vn -0.096433 -0.026470 0.000000
vn -0.099020 -0.013969 0.000000
vn -0.099992 -0.001241 0.000000
vn -0.099336 0.011508 -0.000000
vn -0.097060 0.024069 -0.000000
vn -0.093203 0.036237 -0.000000
vn -0.087827 0.047816 -0.000000
vn -0.081020 0.058615 -0.000000
vn -0.072893 0.068459 -0.000000
vn -0.059572 0.080319 -0.000000
vn -0.027730 -0.096078 0.000000
vn -0.043417 -0.090083 0.000000
vn -0.027730 -0.096078 0.000000
vn -0.050828 -0.086119 0.000000
vn -0.057880 -0.081547 0.000000
vn -0.070711 -0.070711 0.000000
vn -0.070711 -0.070711 0.000000
vn -0.070711 -0.070711 0.000000
vn -0.070711 -0.070711 0.000000
vn -0.070711 -0.070711 0.000000
vn -0.070711 -0.070711 0.000000
vn -0.070711 -0.070711 0.000000
vn -0.070711 -0.070711 0.000000
vn -0.086119 -0.050828 0.000000
vn -0.081547 -0.057880 0.000000
vn -0.090083 -0.043417 0.000000
vn -0.096078 -0.027730 0.000000
vn -0.096078 -0.027730 0.000000
vn -0.091828 -0.039593 0.000000
vn -0.086119 -0.050828 0.000000
vn -0.025511 0.096691 -0.000000
vn -0.025511 0.096691 -0.000000
vn -0.000000 0.100000 -0.000000
vn 0.025511 0.096691 0.000000
vn 0.025511 0.096691 0.000000
vn 0.049334 0.086984 0.000000
vn 0.049334 0.086984 0.000000
vn 0.069892 0.071520 0.000000
vn 0.069892 0.071520 0.000000
vn 0.085825 0.051323 0.000000
vn 0.085825 0.051323 0.000000
vn 0.096078 0.027730 0.000000
vn 0.085825 0.051323 0.000000
vn 0.085825 0.051323 0.000000
vn 0.069892 0.071520 0.000000
vn 0.069892 0.071520 0.000000
vn 0.049334 0.086984 0.000000
vn 0.049334 0.086984 0.000000
vn 0.025511 0.096691 0.000000
vn 0.025511 0.096691 0.000000
vn -0.000000 0.100000 -0.000000
vn 0.025511 0.096691 0.000000
vn 0.049334 0.086984 0.000000
vn 0.069892 0.071520 0.000000
vn 0.085825 0.051323 0.000000
vn -0.049334 0.086984 -0.000000
vn -0.049334 0.086984 -0.000000
vn -0.069892 0.071520 -0.000000
vn -0.069892 0.071520 -0.000000
vn -0.085825 0.051323 -0.000000
vn -0.085825 0.051323 -0.000000
vn -0.096078 0.027730 -0.000000
vn -0.096078 0.027730 -0.000000
vn -0.085825 0.051323 -0.000000
vn -0.085825 0.051323 -0.000000
vn -0.085825 0.051323 -0.000000
vn -0.069892 0.071520 -0.000000
vn -0.069892 0.071520 -0.000000
vn -0.049334 0.086984 -0.000000
vn -0.049334 0.086984 -0.000000
vn -0.025511 0.096691 -0.000000
vn -0.090381 0.042793 -0.000000
vn -0.085825 0.051323 -0.000000
vn -0.085825 0.051323 -0.000000
vn -0.085825 0.051323 -0.000000
vn -0.069892 0.071520 -0.000000
vn -0.069892 0.071520 -0.000000
vn -0.049334 0.086984 -0.000000
vn -0.049334 0.086984 -0.000000
vn -0.025511 0.096691 -0.000000
vn -0.025511 0.096691 -0.000000
vn 0.025511 0.096691 0.000000
vn 0.025511 0.096691 0.000000
vn 0.049334 0.086984 0.000000
vn 0.049334 0.086984 0.000000
vn 0.069892 0.071520 0.000000
vn 0.069892 0.071520 0.000000
vn 0.085825 0.051323 0.000000
vn 0.085825 0.051323 0.000000
vn 0.085825 0.051323 0.000000
vn 0.085825 0.051323 0.000000
vn 0.069892 0.071520 0.000000
vn 0.069892 0.071520 0.000000
vn 0.049334 0.086984 0.000000
vn -0.082339 0.056747 -0.000000
vn -0.069892 0.071520 -0.000000
vn -0.069892 0.071520 -0.000000
vn -0.049334 0.086984 -0.000000
vn -0.049334 0.086984 -0.000000
vn -0.025511 0.096691 -0.000000
vn -0.025511 0.096691 -0.000000
vn 0.025511 0.096691 0.000000
vn 0.025511 0.096691 0.000000
vn 0.049334 0.086984 0.000000
vn 0.049334 0.086984 0.000000
vn 0.069892 0.071520 0.000000
vn 0.069892 0.071520 0.000000
vn 0.085825 0.051323 0.000000
vn 0.085825 0.051323 0.000000
vn -0.072162 0.069229 -0.000000
vn -0.060113 0.079915 -0.000000
vn -0.049334 0.086984 -0.000000
vn -0.031690 0.094846 -0.000000
vn -0.025511 0.096691 -0.000000
vn -0.000000 0.100000 -0.000000
vn 0.025511 0.096691 0.000000
vn 0.025511 0.096691 0.000000
vn 0.049334 0.086984 0.000000
vn 0.049334 0.086984 0.000000
vn 0.069892 0.071520 0.000000
vn 0.069892 0.071520 0.000000
vn 0.085825 0.051323 0.000000
vn 0.085825 0.051323 0.000000
vn 0.096078 0.027730 0.000000
vn 0.085825 0.051323 0.000000
vn 0.085825 0.051323 0.000000
vn 0.069892 0.071520 0.000000
vn 0.069892 0.071520 0.000000
vn 0.049334 0.086984 0.000000
vn 0.049334 0.086984 0.000000
vn 0.025511 0.096691 0.000000
vn 0.025511 0.096691 0.000000
vn -0.000000 0.100000 -0.000000
vn 0.025511 0.096691 0.000000
vn 0.025511 0.096691 0.000000
vn 0.049334 0.086984 0.000000
vn 0.049334 0.086984 0.000000
vn 0.069892 0.071520 0.000000
vn 0.025511 0.096691 0.000000
vn 0.049334 0.086984 0.000000
vn 0.069892 0.071520 0.000000
vn 0.085825 0.051323 0.000000
vn 0.069892 0.071520 0.000000
vn 0.085825 0.051323 0.000000
vn 0.085825 0.051323 0.000000
vn 0.085825 0.051323 0.000000
vn 0.085825 0.051323 0.000000
vn 0.085825 0.051323 0.000000
vn 0.069892 0.071520 0.000000
vn 0.069892 0.071520 0.000000
vn 0.049334 0.086984 0.000000
vn 0.049334 0.086984 0.000000
vn 0.025511 0.096691 0.000000
vn 0.025511 0.096691 0.000000
vn 0.025511 0.096691 0.000000
vn 0.025511 0.096691 0.000000
vn 0.049334 0.086984 0.000000
vn -0.025511 0.096691 -0.000000
vn 0.025511 0.096691 0.000000
vn 0.025511 0.096691 0.000000
vn 0.049334 0.086984 0.000000
vn 0.049334 0.086984 0.000000
vn 0.069892 0.071520 0.000000
vn -0.025511 0.096691 -0.000000
vn 0.025511 0.096691 0.000000
vn -0.049334 0.086984 -0.000000
vn -0.049334 0.086984 -0.000000
vn -0.025511 0.096691 -0.000000
vn -0.049334 0.086984 -0.000000
vn -0.025511 0.096691 -0.000000
vn 0.025511 0.096691 0.000000
vn 0.049334 0.086984 0.000000
vn 0.069892 0.071520 0.000000
vn 0.049334 0.086984 0.000000
vn 0.069892 0.071520 0.000000
vn -0.069892 0.071520 -0.000000
vn -0.085825 0.051323 -0.000000
vn -0.069892 0.071520 -0.000000
vn -0.069892 0.071520 -0.000000
vn -0.069892 0.071520 -0.000000
vn -0.085825 0.051323 -0.000000
vn -0.085825 0.051323 -0.000000
vn -0.085825 0.051323 -0.000000
vn 0.069892 0.071520 0.000000
vn 0.085825 0.051323 0.000000
vn 0.085825 0.051323 0.000000
vn 0.085825 0.051323 0.000000
vn -0.090083 0.043417 0.000000
vn -0.086119 0.050828 0.000000
vn -0.096078 0.027730 0.000000
vn -0.086119 0.050828 0.000000
vn -0.086119 0.050828 0.000000
vn -0.081547 0.057880 0.000000
vn -0.070711 0.070711 0.000000
vn -0.070711 0.070711 0.000000
vn -0.086119 0.050828 0.000000
vn -0.086119 0.050828 0.000000
vn -0.086119 0.050828 0.000000
vn -0.086119 0.050828 0.000000
vn -0.091828 0.039593 0.000000
vn -0.096078 0.027730 0.000000
vn -0.070711 -0.070711 0.000000
vn -0.070711 -0.070711 0.000000
vn -0.070711 -0.070711 0.000000
vn -0.070711 -0.070711 0.000000
vn -0.086119 -0.050828 0.000000
vn -0.086119 -0.050828 0.000000
vn -0.070711 -0.070711 0.000000
vn -0.086119 -0.050828 0.000000
vn -0.086119 -0.050828 0.000000
vn -0.096078 -0.027730 0.000000
vn -0.090083 -0.043417 0.000000
vn -0.091828 -0.039593 0.000000
vn -0.096078 -0.027730 0.000000
vn -0.081547 -0.057880 0.000000
vn -0.070711 -0.070711 0.000000
vn -0.070711 0.070711 0.000000
vn -0.070711 0.070711 0.000000
vn -0.070711 0.070711 0.000000
vn -0.070711 0.070711 0.000000
vn -0.070711 0.070711 0.000000
vn -0.070711 0.070711 0.000000
vn -0.070711 0.070711 0.000000
vn -0.070711 0.070711 0.000000
vn -0.057880 0.081547 0.000000
vn -0.057880 0.081547 0.000000
vn -0.043417 0.090083 0.000000
vn -0.027730 0.096078 0.000000
vn -0.027730 0.096078 0.000000
vn -0.043417 0.090083 0.000000
vn 0.000000 0.000000 -0.100000
vn 0.000000 0.000000 -0.100000
vn 0.000000 0.000000 -0.100000
vn 0.000000 0.000000 -0.100000
vn 0.000000 0.000000 -0.100000
vn 0.000000 0.000000 -0.100000
vn 0.000000 0.000000 -0.100000
vn 0.000000 0.000000 -0.100000
vn 0.000000 0.000000 -0.100000
vn 0.000000 0.000000 -0.100000
vn 0.000000 0.000000 -0.100000
vn 0.000000 0.000000 -0.100000
vn 0.000000 0.000000 -0.100000
vn 0.000000 0.000000 -0.100000
vn 0.000000 0.000000 -0.100000
vn 0.000000 0.000000 -0.100000
vn 0.000000 0.000000 -0.100000
vn 0.000000 0.000000 -0.100000
vn 0.000000 0.000000 -0.100000
vn 0.000000 0.000000 -0.100000
vn 0.000000 0.000000 -0.100000
vn 0.000000 0.000000 -0.100000
vn 0.000000 0.000000 -0.100000
vn 0.000000 0.000000 -0.100000
vn 0.000000 0.000000 -0.100000
vn 0.000000 0.000000 -0.100000
vn 0.000000 0.000000 -0.100000
vn 0.000000 0.000000 -0.100000
vn 0.000000 0.000000 -0.100000
vn 0.000000 0.000000 -0.100000
vn 0.000000 0.000000 -0.100000
vn 0.000000 0.000000 -0.100000
vn 0.000000 0.000000 -0.100000
vn 0.000000 0.000000 -0.100000
vn 0.000000 0.000000 -0.100000
vn 0.000000 0.000000 -0.100000
vn 0.000000 0.000000 -0.100000
vn 0.000000 0.000000 -0.100000
vn -0.098297 0.018375 0.000000
vn -0.100000 0.000000 0.000000
vn -0.100000 0.000000 0.000000
vn -0.098297 -0.018375 0.000000
vn -0.098193 -0.018925 0.000000
vn -0.093247 -0.036124 0.000000
vn -0.092837 -0.037166 0.000000
vn -0.085022 -0.052643 0.000000
vn -0.084125 -0.054064 0.000000
vn -0.073901 -0.067370 0.000000
vn -0.072373 -0.069008 0.000000
vn -0.060263 -0.079802 0.000000
vn -0.058006 -0.081458 0.000000
vn -0.044574 -0.089516 0.000000
vn -0.041542 -0.090963 0.000000
vn -0.027366 -0.096183 0.000000
vn -0.023576 -0.097181 0.000000
vn -0.009227 -0.099573 0.000000
vn -0.004758 -0.099887 0.000000
vn 0.009227 -0.099573 0.000000
vn 0.014231 -0.098982 0.000000
vn 0.027366 -0.096183 0.000000
vn 0.032707 -0.094500 0.000000
vn 0.044574 -0.089516 0.000000
vn 0.050000 -0.086603 0.000000
vn 0.060263 -0.079802 0.000000
vn 0.065486 -0.075575 0.000000
vn 0.073901 -0.067370 0.000000
vn 0.078605 -0.061816 0.000000
vn 0.085022 -0.052643 0.000000
vn 0.088884 -0.045823 0.000000
vn 0.093247 -0.036124 0.000000
vn 0.095949 -0.028173 0.000000
vn 0.098297 -0.018375 0.000000
vn 0.099547 -0.009506 0.000000
vn 0.100000 0.000000 0.000000
vn 0.099547 0.009506 0.000000
vn 0.098297 0.018375 0.000000
vn 0.095949 0.028173 0.000000
vn 0.093247 0.036124 0.000000
vn 0.088884 0.045823 0.000000
vn 0.085022 0.052643 0.000000
vn 0.078605 0.061816 0.000000
vn 0.073901 0.067370 0.000000
vn 0.065486 0.075575 0.000000
vn 0.060263 0.079802 0.000000
vn 0.050000 0.086603 0.000000
vn 0.044574 0.089516 0.000000
vn 0.032707 0.094500 0.000000
vn 0.027366 0.096183 0.000000
vn 0.014231 0.098982 0.000000
vn 0.009227 0.099573 0.000000
vn -0.004758 0.099887 0.000000
vn -0.009227 0.099573 0.000000
vn -0.023576 0.097181 0.000000
vn -0.027366 0.096183 0.000000
vn -0.041542 0.090963 0.000000
vn -0.044574 0.089516 0.000000
vn -0.058006 0.081458 0.000000
vn -0.060263 0.079802 0.000000
vn -0.072373 0.069008 0.000000
vn -0.073901 0.067370 0.000000
vn -0.084125 0.054064 0.000000
vn -0.085022 0.052643 0.000000
vn -0.092837 0.037166 0.000000
vn -0.093247 0.036124 0.000000
vn -0.098193 0.018925 0.000000
vn 0.018375 0.098297 0.000000
vn 0.014231 0.098982 0.000000
vn -0.000000 0.100000 0.000000
vn -0.004758 0.099887 0.000000
vn -0.018375 0.098297 0.000000
vn -0.023576 0.097181 0.000000
vn -0.036124 0.093247 0.000000
vn -0.041542 0.090963 0.000000
vn -0.052643 0.085022 0.000000
vn -0.058006 0.081458 0.000000
vn -0.067370 0.073901 0.000000
vn -0.072373 0.069008 0.000000
vn -0.079802 0.060263 0.000000
vn -0.084125 0.054064 0.000000
vn -0.089516 0.044574 0.000000
vn -0.092837 0.037166 0.000000
vn -0.096183 0.027366 0.000000
vn -0.098193 0.018925 0.000000
vn -0.099573 0.009227 0.000000
vn -0.100000 0.000000 0.000000
vn -0.099573 -0.009227 0.000000
vn -0.098193 -0.018925 0.000000
vn -0.096183 -0.027366 0.000000
vn -0.092837 -0.037166 0.000000
vn -0.089516 -0.044574 0.000000
vn -0.084125 -0.054064 0.000000
vn -0.079802 -0.060263 0.000000
vn -0.072373 -0.069008 0.000000
vn -0.067370 -0.073901 0.000000
vn -0.058006 -0.081458 0.000000
vn -0.052643 -0.085022 0.000000
vn -0.041542 -0.090963 0.000000
vn -0.036124 -0.093247 0.000000
vn -0.023576 -0.097181 0.000000
vn -0.018375 -0.098297 0.000000
vn -0.004758 -0.099887 0.000000
vn -0.000000 -0.100000 0.000000
vn 0.014231 -0.098982 0.000000
vn 0.018375 -0.098297 0.000000
vn 0.032707 -0.094500 0.000000
vn 0.036124 -0.093247 0.000000
vn 0.050000 -0.086603 0.000000
vn 0.052643 -0.085022 0.000000
vn 0.065486 -0.075575 0.000000
vn 0.067370 -0.073901 0.000000
vn 0.078605 -0.061816 0.000000
vn 0.079802 -0.060263 0.000000
vn 0.088884 -0.045823 0.000000
vn 0.089516 -0.044574 0.000000
vn 0.095949 -0.028173 0.000000
vn 0.096183 -0.027366 0.000000
vn 0.099547 -0.009506 0.000000
vn 0.099573 -0.009227 0.000000
vn 0.099573 0.009227 0.000000
vn 0.099547 0.009506 0.000000
vn 0.096183 0.027366 0.000000
vn 0.095949 0.028173 0.000000
vn 0.089516 0.044574 0.000000
vn 0.088884 0.045823 0.000000
vn 0.079802 0.060263 0.000000
vn 0.078605 0.061816 0.000000
vn 0.067370 0.073901 0.000000
vn 0.065486 0.075575 0.000000
vn 0.052643 0.085022 0.000000
vn 0.050000 0.086603 0.000000
vn 0.036124 0.093247 0.000000
vn 0.032707 0.094500 0.000000
vn -0.100000 0.000000 0.000000
vn -0.098193 0.018925 0.000000
vn -0.092837 0.037166 0.000000
vn -0.084125 0.054064 0.000000
vn -0.072373 0.069008 0.000000
vn -0.058006 0.081458 0.000000
vn -0.041542 0.090963 0.000000
vn -0.023576 0.097181 0.000000
vn -0.004758 0.099887 0.000000
vn 0.014231 0.098982 0.000000
vn 0.032707 0.094500 0.000000
vn 0.050000 0.086603 0.000000
vn 0.065486 0.075575 0.000000
vn 0.078605 0.061816 0.000000
vn 0.088884 0.045823 0.000000
vn 0.095949 0.028173 0.000000
vn 0.099547 0.009506 0.000000
vn 0.099547 -0.009506 0.000000
vn 0.095949 -0.028173 0.000000
vn 0.088884 -0.045823 0.000000
vn 0.078605 -0.061816 0.000000
vn 0.065486 -0.075575 0.000000
vn 0.050000 -0.086603 0.000000
vn 0.032707 -0.094500 0.000000
vn 0.014231 -0.098982 0.000000
vn -0.004758 -0.099887 0.000000
vn -0.023576 -0.097181 0.000000
vn -0.041542 -0.090963 0.000000
vn -0.058006 -0.081458 0.000000
vn -0.072373 -0.069008 0.000000
vn -0.084125 -0.054064 0.000000
vn -0.092837 -0.037166 0.000000
vn -0.098193 -0.018925 0.000000
vn -0.100000 0.000000 0.000000
vn -0.098193 0.018925 0.000000
vn -0.092837 0.037166 0.000000
vn -0.084125 0.054064 0.000000
vn -0.072373 0.069008 0.000000
vn -0.058006 0.081458 0.000000
vn -0.041542 0.090963 0.000000
vn -0.023576 0.097181 0.000000
vn -0.004758 0.099887 0.000000
vn 0.014231 0.098982 0.000000
vn 0.032707 0.094500 0.000000
vn 0.050000 0.086603 0.000000
vn 0.065486 0.075575 0.000000
vn 0.078605 0.061816 0.000000
vn 0.088884 0.045823 0.000000
vn 0.095949 0.028173 0.000000
vn 0.099547 0.009506 0.000000
vn 0.099547 -0.009506 0.000000
vn 0.095949 -0.028173 0.000000
vn 0.088884 -0.045823 0.000000
vn 0.078605 -0.061816 0.000000
vn 0.065486 -0.075575 0.000000
vn 0.050000 -0.086603 0.000000
vn 0.032707 -0.094500 0.000000
vn 0.014231 -0.098982 0.000000
vn -0.004758 -0.099887 0.000000
vn -0.023576 -0.097181 0.000000
vn -0.041542 -0.090963 0.000000
vn -0.058006 -0.081458 0.000000
vn -0.072373 -0.069008 0.000000
vn -0.084125 -0.054064 0.000000
vn -0.092837 -0.037166 0.000000
vn -0.098193 -0.018925 0.000000
vn 0.000000 -0.000000 0.100000
vn 0.000000 -0.000000 0.100000
vn 0.000000 -0.000000 0.100000
vn 0.000000 -0.000000 0.100000
vn 0.000000 -0.000000 0.100000
vn 0.000000 -0.000000 0.100000
vn 0.000000 -0.000000 0.100000
vn 0.000000 -0.000000 0.100000
vn 0.000000 -0.000000 0.100000
vn 0.000000 -0.000000 0.100000
vn 0.000000 -0.000000 0.100000
vn 0.000000 -0.000000 0.100000
vn 0.000000 -0.000000 0.100000
vn 0.000000 -0.000000 0.100000
vn 0.000000 -0.000000 0.100000
vn 0.000000 -0.000000 0.100000
vn 0.000000 -0.000000 0.100000
vn 0.000000 -0.000000 0.100000
vn 0.000000 -0.000000 0.100000
vn 0.000000 -0.000000 0.100000
vn 0.000000 -0.000000 0.100000
vn 0.000000 -0.000000 0.100000
vn 0.000000 -0.000000 0.100000
vn 0.000000 -0.000000 0.100000
vn 0.000000 -0.000000 0.100000
vn 0.000000 -0.000000 0.100000
vn 0.000000 -0.000000 0.100000
vn 0.000000 -0.000000 0.100000
vn 0.000000 -0.000000 0.100000
vn 0.000000 -0.000000 0.100000
vn 0.000000 -0.000000 0.100000
vn 0.000000 -0.000000 0.100000
vn 0.000000 -0.000000 0.100000
vn 0.000000 -0.000000 0.100000
vn 0.000000 -0.000000 0.100000
vn 0.000000 -0.000000 0.100000
vn 0.000000 -0.000000 0.100000
vn 0.000000 -0.000000 0.100000
vn 0.000000 -0.000000 0.100000
vn 0.000000 -0.000000 0.100000
vn 0.000000 -0.000000 0.100000
vn 0.000000 -0.000000 0.100000
vn 0.000000 -0.000000 0.100000
vn 0.000000 -0.000000 0.100000
vn 0.000000 -0.000000 0.100000
vn 0.000000 -0.000000 0.100000
vn -0.100000 0.000000 0.000000
vn -0.100000 0.000000 0.000000
vn -0.100000 0.000000 0.000000
vn -0.100000 0.000000 0.000000
vn -0.069569 0.012656 -0.070711
vn -0.068150 0.018856 -0.070711
vn -0.068301 0.018301 -0.070711
vn -0.067761 0.020209 -0.070711
vn -0.067329 0.021605 -0.070711
vn -0.066850 0.023045 -0.070711
vn -0.066320 0.024530 -0.070711
vn -0.065086 0.027638 -0.070711
vn -0.063586 0.030933 -0.070711
vn -0.061237 0.035355 -0.070711
vn -0.061770 0.034416 -0.070711
vn -0.059581 0.038080 -0.070711
vn -0.056951 0.041912 -0.070711
vn -0.053803 0.045883 -0.070711
vn -0.050000 0.050000 -0.070711
vn -0.045603 0.054040 -0.070711
vn -0.035355 0.061237 -0.070711
vn -0.034235 0.061870 -0.070711
vn -0.019056 0.068094 -0.070711
vn -0.018301 0.068301 -0.070711
vn -0.009975 0.070004 -0.070711
vn 0.000000 0.070711 -0.070711
vn -0.070425 0.006354 -0.070711
vn -0.070711 -0.000000 -0.070711
vn -0.070711 0.000000 -0.070711
vn 0.000000 0.000000 -0.100000
vn 0.000000 0.000000 -0.100000
vn 0.000000 0.000000 -0.100000
vn 0.000000 0.000000 -0.100000
vn 0.000000 0.000000 -0.100000
vn -0.100000 0.000000 0.000000
vn -0.100000 0.000000 0.000000
vn -0.100000 0.000000 0.000000
vn -0.100000 0.000000 0.000000
vn -0.070711 0.000000 -0.070711
vn -0.070711 0.000000 -0.070711
vn -0.070711 0.000000 -0.070711
vn -0.070711 0.000000 -0.070711
vn -0.070711 0.000000 -0.070711
vn -0.070711 0.000000 -0.070711
vn -0.070711 0.000000 -0.070711
vn -0.070711 0.000000 -0.070711
vn -0.070711 0.000000 -0.070711
vn -0.070711 0.000000 -0.070711
vn -0.070711 0.000000 -0.070711
vn -0.070711 0.000000 -0.070711
vn -0.070711 0.000000 -0.070711
vn -0.070711 0.000000 -0.070711
vn -0.070711 0.000000 -0.070711
vn -0.070711 0.000000 -0.070711
vn -0.070711 0.000000 -0.070711
vn -0.070711 0.000000 -0.070711
vn -0.070711 0.000000 -0.070711
vn -0.070711 0.000000 -0.070711
vn -0.070711 0.000000 -0.070711
vn -0.070711 0.000000 -0.070711
vn -0.070711 0.000000 -0.070711
vn -0.070711 0.000000 -0.070711
vn -0.070711 0.000000 -0.070711
vn -0.070711 0.000000 -0.070711
vn -0.070711 0.000000 -0.070711
vn -0.070711 0.000000 -0.070711
vn -0.070711 0.000000 -0.070711
vn -0.070711 0.000000 -0.070711
vn -0.070711 0.000000 -0.070711
vn -0.070711 0.000000 -0.070711
vn -0.070711 0.000000 -0.070711
vn -0.070711 0.000000 -0.070711
vn -0.070711 0.000000 -0.070711
vn -0.070711 0.000000 -0.070711
vn -0.070711 0.000000 -0.070711
vn 0.000000 0.000000 -0.100000
vn 0.000000 0.000000 -0.100000
vn 0.000000 0.000000 -0.100000
vn 0.000000 0.000000 -0.100000
vn -0.098971 0.014310 0.000000
vn -0.096593 0.025882 0.000000
vn -0.097689 0.021373 0.000000
vn -0.096593 0.025882 0.000000
vn -0.097689 0.021373 0.000000
vn -0.095530 0.029562 0.000000
vn -0.092687 0.037539 0.000000
vn -0.089178 0.045247 0.000000
vn -0.086603 0.050000 0.000000
vn -0.096593 0.025882 0.000000
vn -0.086603 0.050000 0.000000
vn -0.096593 0.025882 0.000000
vn -0.086603 0.050000 0.000000
vn -0.096593 0.025882 0.000000
vn -0.086603 0.050000 0.000000
vn -0.099742 0.007174 0.000000
vn -0.100000 0.000000 0.000000
vn -0.100000 -0.000000 -0.000000
vn -0.070711 0.070711 0.000000
vn -0.070711 0.070711 0.000000
vn -0.050000 0.086603 0.000000
vn -0.050000 0.086603 0.000000
vn -0.025882 0.096593 0.000000
vn -0.025882 0.096593 0.000000
vn 0.000000 0.100000 0.000000
vn 0.000000 0.100000 0.000000
vn -0.001059 0.099994 0.000000
vn -0.002118 0.099978 0.000000
vn -0.003176 0.099950 0.000000
vn -0.004234 0.099910 0.000000
vn -0.006349 0.099798 0.000000
vn -0.008461 0.099641 0.000000
vn -0.012673 0.099194 0.000000
vn -0.016862 0.098568 0.000000
vn -0.021020 0.097766 0.000000
vn -0.025141 0.096788 0.000000
vn -0.029217 0.095637 0.000000
vn -0.033240 0.094314 0.000000
vn -0.050000 0.086603 0.000000
vn -0.070711 0.070711 0.000000
vn -0.037204 0.092822 0.000000
vn -0.041101 0.091163 0.000000
vn -0.044924 0.089341 0.000000
vn -0.048667 0.087359 0.000000
vn -0.052323 0.085219 0.000000
vn -0.055884 0.082927 0.000000
vn -0.059345 0.080487 0.000000
vn -0.062700 0.077902 0.000000
vn -0.065943 0.075177 0.000000
vn -0.069067 0.072317 0.000000
vn -0.072067 0.069328 0.000000
vn -0.074938 0.066214 0.000000
vn -0.080272 0.059636 0.000000
vn -0.085030 0.052630 0.000000
vn 0.000000 0.000000 0.100000
vn 0.000000 0.000000 0.100000
vn 0.000000 0.000000 0.100000
vn 0.100000 0.000000 0.000000
vn 0.100000 0.000000 0.000000
vn 0.100000 0.000000 0.000000
vn 0.070711 -0.070711 0.000000
vn 0.070711 -0.070711 0.000000
vn 0.070711 -0.070711 0.000000
vn 0.070711 -0.070711 0.000000
vn -0.097150 -0.023705 0.000000
vn -0.097150 -0.023705 0.000000
vn -0.097150 -0.023705 0.000000
vn -0.097150 -0.023705 0.000000
vn -0.097150 -0.023705 0.000000
vn -0.097150 -0.023705 0.000000
vn -0.097150 -0.023705 0.000000
vn -0.097150 -0.023705 0.000000
vn -0.080579 0.059221 0.000000
vn -0.080579 0.059221 0.000000
vn -0.080579 0.059221 0.000000
vn -0.080579 0.059221 0.000000
vn -0.080579 0.059221 0.000000
vn -0.080579 0.059221 0.000000
vn -0.080579 0.059221 0.000000
vn -0.080579 0.059221 0.000000
vn 0.097689 -0.021373 0.000000
vn 0.099421 -0.010749 0.000000
vn 0.097689 -0.021373 0.000000
vn 0.099421 -0.010749 0.000000
vn 0.100000 -0.000000 0.000000
vn -0.100000 0.000000 0.000000
vn -0.100000 0.000000 0.000000
vn -0.100000 0.000000 0.000000
vn -0.069077 0.015113 0.070711
vn -0.070711 -0.000000 0.070711
vn -0.069983 0.010119 0.070711
vn -0.070528 0.005073 0.070711
vn -0.070711 -0.000000 0.070711
vn -0.070711 0.000000 0.070711
vn -0.070711 0.000000 0.070711
vn -0.070711 0.000000 0.070711
vn -0.070711 0.000000 0.070711
vn -0.070711 0.000000 0.070711
vn -0.070711 0.000000 0.070711
vn -0.070711 0.000000 0.070711
vn -0.070711 0.000000 0.070711
vn -0.070711 0.000000 0.070711
vn -0.070711 0.000000 0.070711
vn -0.070711 0.000000 0.070711
vn -0.070711 0.000000 0.070711
vn -0.070711 0.000000 0.070711
vn -0.070711 0.000000 0.070711
vn -0.070711 0.000000 0.070711
vn -0.070711 0.000000 0.070711
vn 0.000000 0.000000 -0.100000
vn 0.000000 0.000000 -0.100000
vn 0.000000 0.000000 -0.100000
vn -0.070711 0.000000 -0.070711
vn -0.070711 0.000000 -0.070711
vn -0.070711 0.000000 -0.070711
vn -0.070711 0.000000 -0.070711
vn -0.070711 0.000000 -0.070711
vn -0.070711 0.000000 -0.070711
vn -0.070711 0.000000 -0.070711
vn -0.070711 0.000000 -0.070711
vn -0.070711 0.000000 -0.070711
vn -0.070711 0.000000 -0.070711
vn -0.070711 0.000000 -0.070711
vn -0.070711 0.000000 -0.070711
vn -0.070711 0.000000 -0.070711
vn -0.070711 0.000000 -0.070711
vn -0.070711 0.000000 -0.070711
vn -0.070711 0.000000 -0.070711
vn -0.070711 0.000000 -0.070711
vn -0.070711 0.000000 -0.070711
vn -0.070711 0.000000 -0.070711
vn -0.070711 0.000000 -0.070711
vn -0.070711 0.000000 -0.070711
vn -0.070711 0.000000 -0.070711
vn -0.070711 0.070711 0.000000
vn -0.070711 0.070711 0.000000
vn -0.070711 0.070711 0.000000
vn -0.070711 0.070711 0.000000
vn -0.070711 0.070711 0.000000
vn -0.070711 0.070711 0.000000
vn 0.000000 0.000000 -0.100000
vn 0.000000 0.000000 -0.100000
vn 0.000000 0.000000 -0.100000
vn 0.000000 0.000000 -0.100000
vn 0.000000 0.000000 -0.100000
vn 0.000000 0.000000 -0.100000
vn 0.000000 0.000000 -0.100000
vn 0.000000 0.000000 -0.100000
vn 0.000000 0.000000 -0.100000
vn -0.081547 -0.057880 0.000000
vn -0.086119 -0.050828 0.000000
vn -0.070711 -0.070711 0.000000
vn -0.086119 -0.050828 0.000000
vn -0.086119 -0.050828 0.000000
vn -0.090083 -0.043417 0.000000
vn -0.086119 -0.050828 0.000000
vn -0.086119 -0.050828 0.000000
vn -0.086119 -0.050828 0.000000
vn -0.086119 -0.050828 0.000000
vn -0.096078 -0.027730 0.000000
vn -0.086119 -0.050828 0.000000
vn -0.086119 -0.050828 0.000000
vn -0.081547 -0.057880 0.000000
vn -0.070711 -0.070711 0.000000
vn -0.096078 -0.027730 0.000000
vn -0.090083 -0.043417 0.000000
vn -0.086119 -0.050828 0.000000
vn -0.086119 -0.050828 0.000000
vn -0.086119 -0.050828 0.000000
vn -0.086119 -0.050828 0.000000
vn -0.070711 -0.070711 0.000000
vn -0.070711 -0.070711 0.000000
vn -0.070711 -0.070711 0.000000
vn -0.070711 -0.070711 0.000000
vn -0.043417 -0.090083 0.000000
vn -0.050828 -0.086119 0.000000
vn -0.027730 -0.096078 0.000000
vn -0.050828 -0.086119 0.000000
vn -0.050828 -0.086119 0.000000
vn -0.057880 -0.081547 0.000000
vn -0.050828 -0.086119 0.000000
vn -0.050828 -0.086119 0.000000
vn -0.050828 -0.086119 0.000000
vn -0.050828 -0.086119 0.000000
vn -0.070711 -0.070711 0.000000
vn -0.050828 -0.086119 0.000000
vn -0.050828 -0.086119 0.000000
vn -0.043417 -0.090083 0.000000
vn -0.027730 -0.096078 0.000000
vn -0.070711 -0.070711 0.000000
vn -0.057880 -0.081547 0.000000
vn -0.050828 -0.086119 0.000000
vn -0.050828 -0.086119 0.000000
vn -0.050828 -0.086119 0.000000
vn -0.050828 -0.086119 0.000000
vn -0.025511 0.096691 0.000000
vn -0.025511 0.096691 0.000000
vn 0.000000 0.100000 0.000000
vn -0.025511 0.096691 0.000000
vn -0.025511 0.096691 0.000000
vn -0.049334 0.086984 0.000000
vn -0.049334 0.086984 0.000000
vn -0.069892 0.071520 0.000000
vn -0.069892 0.071520 0.000000
vn -0.085825 0.051323 0.000000
vn -0.085825 0.051323 0.000000
vn -0.096078 0.027730 0.000000
vn -0.085825 0.051323 0.000000
vn -0.085825 0.051323 0.000000
vn -0.069892 0.071520 0.000000
vn -0.069892 0.071520 0.000000
vn -0.049334 0.086984 0.000000
vn -0.049334 0.086984 0.000000
vn -0.025511 0.096691 0.000000
vn -0.025511 0.096691 0.000000
vn 0.025511 0.096691 0.000000
vn 0.025511 0.096691 0.000000
vn 0.049334 0.086984 0.000000
vn 0.049334 0.086984 0.000000
vn 0.069892 0.071520 0.000000
vn 0.069892 0.071520 0.000000
vn 0.085825 0.051323 0.000000
vn 0.085825 0.051323 0.000000
vn 0.096078 0.027730 0.000000
vn 0.085825 0.051323 0.000000
vn 0.085825 0.051323 0.000000
vn 0.069892 0.071520 0.000000
vn 0.069892 0.071520 0.000000
vn 0.049334 0.086984 0.000000
vn 0.049334 0.086984 0.000000
vn 0.025511 0.096691 0.000000
vn 0.025511 0.096691 0.000000
vn -0.025511 0.096691 0.000000
vn -0.025511 0.096691 0.000000
vn -0.049334 0.086984 0.000000
vn -0.049334 0.086984 0.000000
vn -0.069892 0.071520 0.000000
vn -0.069892 0.071520 0.000000
vn -0.085825 0.051323 0.000000
vn -0.085825 0.051323 0.000000
vn -0.096078 0.027730 0.000000
vn -0.085825 0.051323 0.000000
vn -0.085825 0.051323 0.000000
vn -0.069892 0.071520 0.000000
vn -0.069892 0.071520 0.000000
vn -0.049334 0.086984 0.000000
vn -0.049334 0.086984 0.000000
vn -0.025511 0.096691 0.000000
vn -0.025511 0.096691 0.000000
vn 0.000000 0.100000 0.000000
vn -0.025511 0.096691 0.000000
vn 0.000000 0.100000 0.000000
vn -0.025511 0.096691 0.000000
vn -0.025511 0.096691 0.000000
vn -0.049334 0.086984 0.000000
vn -0.049334 0.086984 0.000000
vn -0.069892 0.071520 0.000000
vn -0.069892 0.071520 0.000000
vn -0.085825 0.051323 0.000000
vn -0.085825 0.051323 0.000000
vn -0.085825 0.051323 0.000000
vn -0.085825 0.051323 0.000000
vn -0.069892 0.071520 0.000000
vn -0.049334 0.086984 0.000000
vn -0.049334 0.086984 0.000000
vn -0.069892 0.071520 0.000000
vn -0.069892 0.071520 0.000000
vn -0.085825 0.051323 0.000000
vn -0.085825 0.051323 0.000000
vn -0.085825 0.051323 0.000000
vn -0.085825 0.051323 0.000000
vn -0.085825 0.051323 0.000000
vn -0.069892 0.071520 0.000000
vn -0.025511 0.096691 0.000000
vn 0.031690 0.094846 0.000000
vn 0.025511 0.096691 0.000000
vn -0.025511 0.096691 0.000000
vn 0.049334 0.086984 0.000000
vn 0.060113 0.079915 0.000000
vn 0.069892 0.071520 0.000000
vn 0.072162 0.069229 0.000000
vn 0.082339 0.056747 0.000000
vn 0.085825 0.051323 0.000000
vn 0.090381 0.042793 0.000000
vn 0.085825 0.051323 0.000000
vn 0.085825 0.051323 0.000000
vn 0.069892 0.071520 0.000000
vn 0.069892 0.071520 0.000000
vn 0.049334 0.086984 0.000000
vn 0.049334 0.086984 0.000000
vn 0.025511 0.096691 0.000000
vn 0.025511 0.096691 0.000000
vn -0.025511 0.096691 0.000000
vn -0.025511 0.096691 0.000000
vn -0.049334 0.086984 0.000000
vn 0.096078 0.027730 0.000000
vn 0.085825 0.051323 0.000000
vn 0.085825 0.051323 0.000000
vn 0.069892 0.071520 0.000000
vn 0.085825 0.051323 0.000000
vn 0.069892 0.071520 0.000000
vn 0.049334 0.086984 0.000000
vn 0.025511 0.096691 0.000000
vn 0.000000 0.100000 0.000000
vn -0.025511 0.096691 0.000000
vn -0.049334 0.086984 0.000000
vn -0.069892 0.071520 0.000000
vn -0.025511 0.096691 0.000000
vn -0.025511 0.096691 0.000000
vn -0.049334 0.086984 0.000000
vn -0.049334 0.086984 0.000000
vn -0.069892 0.071520 0.000000
vn -0.085825 0.051323 0.000000
vn -0.025511 0.096691 0.000000
vn 0.025511 0.096691 0.000000
vn 0.049334 0.086984 0.000000
vn 0.069892 0.071520 0.000000
vn -0.025511 0.096691 0.000000
vn 0.025511 0.096691 0.000000
vn 0.049334 0.086984 0.000000
vn -0.049334 0.086984 0.000000
vn -0.025511 0.096691 0.000000
vn 0.025511 0.096691 0.000000
vn -0.049334 0.086984 0.000000
vn -0.069892 0.071520 0.000000
vn -0.025511 0.096691 0.000000
vn -0.049334 0.086984 0.000000
vn -0.069892 0.071520 0.000000
vn -0.049334 0.086984 0.000000
vn -0.069892 0.071520 0.000000
vn -0.085825 0.051323 0.000000
vn -0.049334 0.086984 0.000000
vn -0.069892 0.071520 0.000000
vn -0.085825 0.051323 0.000000
vn 0.025511 0.096691 0.000000
vn 0.049334 0.086984 0.000000
vn -0.049334 0.086984 0.000000
vn -0.069892 0.071520 0.000000
vn -0.049334 0.086984 0.000000
vn -0.049334 0.086984 0.000000
vn -0.069892 0.071520 0.000000
vn 0.049334 0.086984 0.000000
vn 0.069892 0.071520 0.000000
vn 0.085825 0.051323 0.000000
vn -0.069892 0.071520 0.000000
vn -0.085825 0.051323 0.000000
vn -0.069892 0.071520 0.000000
vn -0.085825 0.051323 0.000000
vn -0.085825 0.051323 0.000000
vn -0.085825 0.051323 0.000000
vn 0.069892 0.071520 0.000000
vn 0.085825 0.051323 0.000000
vn 0.070711 -0.070711 0.000000
vn 0.070711 -0.070711 0.000000
vn 0.070711 -0.070711 0.000000
vn 0.070711 -0.070711 0.000000
vn 0.091828 -0.039593 0.000000
vn 0.086119 -0.050828 0.000000
vn 0.096078 -0.027730 0.000000
vn 0.086119 -0.050828 0.000000
vn 0.086119 -0.050828 0.000000
vn 0.070711 -0.070711 0.000000
vn 0.081547 -0.057880 0.000000
vn 0.086119 -0.050828 0.000000
vn 0.070711 -0.070711 0.000000
vn 0.090083 -0.043417 0.000000
vn 0.096078 -0.027730 0.000000
vn -0.090083 0.043417 -0.000000
vn -0.086119 0.050828 -0.000000
vn -0.096078 0.027730 -0.000000
vn -0.086119 0.050828 -0.000000
vn -0.086119 0.050828 -0.000000
vn -0.081547 0.057880 -0.000000
vn -0.086119 0.050828 -0.000000
vn -0.086119 0.050828 -0.000000
vn -0.086119 0.050828 -0.000000
vn -0.086119 0.050828 -0.000000
vn -0.070711 0.070711 -0.000000
vn -0.086119 0.050828 -0.000000
vn -0.086119 0.050828 -0.000000
vn -0.090083 0.043417 -0.000000
vn -0.096078 0.027730 -0.000000
vn -0.070711 0.070711 -0.000000
vn -0.081547 0.057880 -0.000000
vn -0.086119 0.050828 -0.000000
vn -0.086119 0.050828 -0.000000
vn -0.086119 0.050828 -0.000000
vn -0.086119 0.050828 -0.000000
vn -0.070711 0.070711 -0.000000
vn -0.070711 0.070711 -0.000000
vn -0.070711 0.070711 -0.000000
vn -0.070711 0.070711 -0.000000
vn -0.057880 0.081547 -0.000000
vn -0.050828 0.086119 -0.000000
vn -0.070711 0.070711 -0.000000
vn -0.050828 0.086119 -0.000000
vn -0.050828 0.086119 -0.000000
vn -0.043417 0.090083 -0.000000
vn -0.050828 0.086119 -0.000000
vn -0.050828 0.086119 -0.000000
vn -0.050828 0.086119 -0.000000
vn -0.050828 0.086119 -0.000000
vn -0.027730 0.096078 -0.000000
vn -0.050828 0.086119 -0.000000
vn -0.050828 0.086119 -0.000000
vn -0.057880 0.081547 -0.000000
vn -0.070711 0.070711 -0.000000
vn -0.027730 0.096078 -0.000000
vn -0.043417 0.090083 -0.000000
vn -0.050828 0.086119 -0.000000
vn -0.050828 0.086119 -0.000000
vn -0.050828 0.086119 -0.000000
vn -0.050828 0.086119 -0.000000
vn -0.051323 0.085825 0.000000
vn -0.051323 0.085825 0.000000
vn -0.027730 0.096078 0.000000
vn -0.051323 0.085825 0.000000
vn -0.051323 0.085825 0.000000
vn -0.071520 0.069892 0.000000
vn -0.071520 0.069892 0.000000
vn -0.086984 0.049334 0.000000
vn -0.086984 0.049334 0.000000
vn -0.096691 0.025511 0.000000
vn -0.096691 0.025511 0.000000
vn -0.100000 0.000000 0.000000
vn -0.100000 0.000000 0.000000
vn -0.096691 -0.025511 0.000000
vn -0.096691 -0.025511 0.000000
vn -0.086984 -0.049334 0.000000
vn -0.086984 -0.049334 0.000000
vn -0.071520 -0.069892 0.000000
vn -0.071520 -0.069892 0.000000
vn -0.051323 -0.085825 0.000000
vn -0.051323 -0.085825 0.000000
vn -0.027730 -0.096078 0.000000
vn -0.027730 -0.096078 0.000000
vn -0.071520 0.069892 0.000000
vn -0.071520 0.069892 0.000000
vn -0.086984 0.049334 0.000000
vn -0.086984 0.049334 0.000000
vn -0.096691 0.025511 0.000000
vn -0.096691 0.025511 0.000000
vn -0.100000 0.000000 0.000000
vn -0.100000 0.000000 0.000000
vn -0.096691 -0.025511 0.000000
vn -0.096691 -0.025511 0.000000
vn -0.086984 -0.049334 0.000000
vn -0.086984 -0.049334 0.000000
vn -0.071520 -0.069892 0.000000
vn -0.071520 -0.069892 0.000000
vn -0.051323 -0.085825 0.000000
vn -0.051323 -0.085825 0.000000
vn -0.051323 -0.085825 0.000000
vn -0.051323 -0.085825 0.000000
vn -0.051323 -0.085825 0.000000
vn -0.051323 -0.085825 0.000000
vn -0.071520 -0.069892 0.000000
vn -0.071520 -0.069892 0.000000
vn -0.086984 -0.049334 0.000000
vn -0.086984 -0.049334 0.000000
vn -0.096691 -0.025511 0.000000
vn -0.096691 -0.025511 0.000000
vn -0.100000 0.000000 0.000000
vn -0.100000 0.000000 0.000000
vn -0.096691 0.025511 0.000000
vn -0.096691 0.025511 0.000000
vn -0.086984 0.049334 0.000000
vn -0.086984 0.049334 0.000000
vn -0.071520 0.069892 0.000000
vn -0.071520 0.069892 0.000000
vn -0.051323 0.085825 0.000000
vn -0.051323 0.085825 0.000000
vn -0.027730 0.096078 0.000000
vn -0.071520 -0.069892 0.000000
vn -0.071520 -0.069892 0.000000
vn -0.086984 -0.049334 0.000000
vn -0.086984 -0.049334 0.000000
vn -0.096691 -0.025511 0.000000
vn -0.096691 -0.025511 0.000000
vn -0.100000 0.000000 0.000000
vn -0.100000 0.000000 0.000000
vn -0.096691 0.025511 0.000000
vn -0.096691 0.025511 0.000000
vn -0.086984 0.049334 0.000000
vn -0.086984 0.049334 0.000000
vn -0.071520 0.069892 0.000000
vn -0.071520 0.069892 0.000000
vn -0.051323 0.085825 0.000000
vn -0.051323 0.085825 0.000000
vn -0.071520 0.069892 0.000000
vn -0.086984 0.049334 0.000000
vn -0.096691 0.025511 0.000000
vn -0.100000 0.000000 0.000000
vn -0.096691 -0.025511 0.000000
vn -0.086984 -0.049334 0.000000
vn -0.071520 -0.069892 0.000000
vn -0.051323 -0.085825 0.000000
vn -0.051323 0.085825 0.000000
vn -0.051323 0.085825 0.000000
vn -0.051323 0.085825 0.000000
vn -0.071520 0.069892 0.000000
vn -0.071520 0.069892 0.000000
vn -0.086984 0.049334 0.000000
vn -0.086984 0.049334 0.000000
vn -0.096691 0.025511 0.000000
vn -0.096691 0.025511 0.000000
vn -0.100000 0.000000 0.000000
vn -0.100000 0.000000 0.000000
vn -0.096691 -0.025511 0.000000
vn -0.096691 -0.025511 0.000000
vn -0.086984 -0.049334 0.000000
vn -0.086984 -0.049334 0.000000
vn -0.071520 -0.069892 0.000000
vn -0.071520 -0.069892 0.000000
vn -0.051323 -0.085825 0.000000
vn -0.051323 -0.085825 0.000000
vn -0.051323 -0.085825 0.000000
vn -0.051323 -0.085825 0.000000
vn -0.071520 -0.069892 0.000000
vn -0.071520 -0.069892 0.000000
vn -0.086984 -0.049334 0.000000
vn -0.086984 -0.049334 0.000000
vn -0.096691 -0.025511 0.000000
vn -0.096691 -0.025511 0.000000
vn -0.100000 0.000000 0.000000
vn -0.071520 0.069892 0.000000
vn -0.051323 0.085825 0.000000
vn -0.051323 0.085825 0.000000
vn -0.051323 0.085825 0.000000
vn -0.071520 0.069892 0.000000
vn -0.071520 0.069892 0.000000
vn -0.086984 0.049334 0.000000
vn -0.086984 0.049334 0.000000
vn -0.096691 0.025511 0.000000
vn -0.096691 0.025511 0.000000
vn -0.100000 0.000000 0.000000
vn -0.100000 0.000000 0.000000
vn -0.096691 -0.025511 0.000000
vn -0.096691 -0.025511 0.000000
vn -0.086984 -0.049334 0.000000
vn -0.071520 0.069892 0.000000
vn -0.051323 0.085825 0.000000
vn -0.051323 0.085825 0.000000
vn -0.071520 0.069892 0.000000
vn -0.086984 0.049334 0.000000
vn -0.096691 0.025511 0.000000
vn -0.071520 0.069892 0.000000
vn -0.051323 0.085825 0.000000
vn -0.051323 0.085825 0.000000
vn -0.051323 0.085825 0.000000
vn -0.071520 0.069892 0.000000
vn -0.071520 0.069892 0.000000
vn -0.086984 0.049334 0.000000
vn -0.086984 0.049334 0.000000
vn -0.096691 0.025511 0.000000
vn -0.096691 0.025511 0.000000
vn -0.100000 0.000000 0.000000
vn -0.100000 0.000000 0.000000
vn -0.096691 -0.025511 0.000000
vn -0.096691 -0.025511 0.000000
vn -0.086984 -0.049334 0.000000
vn -0.071520 0.069892 0.000000
vn -0.051323 0.085825 0.000000
vn -0.051323 0.085825 0.000000
vn -0.051323 0.085825 0.000000
vn -0.071520 0.069892 0.000000
vn -0.071520 0.069892 0.000000
vn -0.086984 0.049334 0.000000
vn -0.086984 0.049334 0.000000
vn -0.096691 0.025511 0.000000
vn -0.071520 0.069892 0.000000
vn -0.051323 0.085825 0.000000
vn -0.051323 0.085825 0.000000
vn -0.071520 0.069892 0.000000
vn -0.086984 0.049334 0.000000
vn -0.096691 0.025511 0.000000
vn -0.100000 0.000000 0.000000
vn -0.096691 -0.025511 0.000000
vn -0.086984 -0.049334 0.000000
vn -0.071520 -0.069892 0.000000
vn -0.051323 -0.085825 0.000000
vn -0.086984 0.049334 0.000000
vn -0.086984 0.049334 0.000000
vn -0.086984 0.049334 0.000000
vn -0.086984 0.049334 0.000000
vn -0.086984 0.049334 0.000000
vn -0.096691 0.025511 0.000000
vn -0.100000 0.000000 0.000000
vn -0.096691 -0.025511 0.000000
vn -0.086984 -0.049334 0.000000
vn -0.071520 -0.069892 0.000000
vn -0.051323 -0.085825 0.000000
vn -0.096691 0.025511 0.000000
vn -0.096691 0.025511 0.000000
vn -0.096691 0.025511 0.000000
vn -0.096691 0.025511 0.000000
vn -0.096691 0.025511 0.000000
vn -0.100000 0.000000 0.000000
vn -0.096691 -0.025511 0.000000
vn -0.086984 -0.049334 0.000000
vn -0.071520 -0.069892 0.000000
vn -0.051323 -0.085825 0.000000
vn -0.100000 0.000000 0.000000
vn -0.100000 0.000000 0.000000
vn -0.100000 0.000000 0.000000
vn -0.100000 0.000000 0.000000
vn -0.100000 0.000000 0.000000
vn -0.096691 -0.025511 0.000000
vn -0.086984 -0.049334 0.000000
vn -0.071520 -0.069892 0.000000
vn -0.051323 -0.085825 0.000000
vn -0.096691 -0.025511 0.000000
vn -0.096691 -0.025511 0.000000
vn -0.096691 -0.025511 0.000000
vn -0.086984 -0.049334 0.000000
vn -0.071520 -0.069892 0.000000
vn -0.051323 -0.085825 0.000000
vn -0.086984 -0.049334 0.000000
vn -0.086984 -0.049334 0.000000
vn -0.086984 -0.049334 0.000000
vn -0.071520 -0.069892 0.000000
vn -0.051323 -0.085825 0.000000
vn -0.086984 -0.049334 0.000000
vn -0.071520 -0.069892 0.000000
vn -0.051323 -0.085825 0.000000
vn -0.071520 -0.069892 0.000000
vn -0.071520 -0.069892 0.000000
vn -0.071520 -0.069892 0.000000
vn -0.051323 -0.085825 0.000000
vn -0.071520 -0.069892 0.000000
vn -0.051323 -0.085825 0.000000
vn -0.051323 -0.085825 0.000000
vn -0.051323 -0.085825 0.000000
vn 0.000000 0.099875 -0.004994
vn 0.000000 0.099875 -0.004994
vn 0.000000 0.099875 -0.004994
vn 0.000000 0.099875 -0.004994
vn 0.000000 0.099875 -0.004994
vn 0.000000 0.099875 -0.004994
vn 0.000000 0.099875 -0.004994
vn 0.000000 0.099875 -0.004994
vn 0.000000 0.099875 -0.004994
vn 0.000000 0.099875 -0.004994
vn 0.000000 0.099875 -0.004994
vn 0.000000 0.099875 -0.004994
vn 0.000000 0.099875 -0.004994
vn 0.000000 0.099875 -0.004994
vn 0.000000 0.099875 -0.004994
vn 0.000000 0.099875 -0.004994
vn 0.000000 0.099875 -0.004994
vn 0.000000 0.099875 -0.004994
vn 0.000000 0.099875 -0.004994
vn 0.000000 0.099875 -0.004994
vn 0.000000 0.099875 -0.004994
vn 0.000000 0.099875 -0.004994
vn 0.000000 0.099875 -0.004994
vn 0.000000 0.099875 -0.004994
vn 0.000000 0.099875 -0.004994
vn 0.000000 0.099875 -0.004994
vn 0.000000 0.099875 -0.004994
vn 0.000000 0.099875 -0.004994
vn 0.000000 0.099875 -0.004994
vn 0.000000 0.099875 -0.004994
vn 0.000000 0.099875 -0.004994
vn 0.000000 0.099875 -0.004994
vn 0.000000 0.099875 -0.004994
vn 0.000000 0.099875 -0.004994
vn 0.000000 0.099875 -0.004994
vn 0.000000 0.099875 -0.004994
vn 0.000000 0.099875 -0.004994
vn 0.000000 0.099875 -0.004994
vn 0.000000 0.099875 -0.004994
vn 0.000000 0.099875 -0.004994
vn 0.000000 0.099875 -0.004994
vn 0.000000 0.099875 -0.004994
vn 0.000000 0.099875 -0.004994
vn 0.000000 0.099875 -0.004994
vn 0.000000 0.099875 -0.004994
vn 0.000000 0.099875 -0.004994
vn 0.000000 0.099875 -0.004994
vn 0.000000 0.099875 -0.004994
vn 0.000000 0.099875 -0.004994
vn 0.000000 0.099875 -0.004994
vn 0.000000 0.099875 -0.004994
vn 0.000000 0.099875 -0.004994
vn 0.000000 0.099875 -0.004994
vn 0.000000 0.099875 -0.004994
vn 0.000000 0.099875 -0.004994
vn 0.000000 0.099875 -0.004994
vn 0.000000 0.099875 -0.004994
vn 0.000000 0.099875 -0.004994
vn 0.000000 0.099875 -0.004994
vn 0.000000 0.099875 -0.004994
vn 0.000000 0.099875 -0.004994
vn 0.000000 0.099875 -0.004994
vn 0.000000 0.099875 -0.004994
vn 0.000000 0.099875 -0.004994
vn 0.000000 0.099875 -0.004994
vn 0.000000 0.099875 -0.004994
vn 0.000000 0.099875 -0.004994
vn 0.000000 0.099875 -0.004994
vn 0.000000 0.099875 -0.004994
vn 0.000000 0.099875 -0.004994
vn 0.000000 0.100000 0.000000
vn 0.000000 0.100000 0.000000
vn 0.000000 0.100000 0.000000
vn 0.000000 0.100000 0.000000
vn 0.000000 0.100000 0.000000
vn 0.000000 0.100000 0.000000
vn 0.000000 0.100000 0.000000
vn 0.000000 0.100000 0.000000
vn 0.000000 0.100000 0.000000
vn 0.000000 0.100000 0.000000
vn 0.000000 0.100000 0.000000
vn 0.000000 0.100000 0.000000
vn 0.000000 0.100000 0.000000
vn 0.000000 0.100000 0.000000
vn 0.000000 0.100000 0.000000
vn 0.000000 0.100000 0.000000
vn 0.000000 0.100000 0.000000
vn 0.000000 0.100000 0.000000
vn 0.000000 0.100000 0.000000
vn 0.000000 0.100000 0.000000
vn 0.000000 0.100000 0.000000
vn 0.000000 0.100000 0.000000
vn 0.000000 0.100000 0.000000
vn 0.000000 0.100000 0.000000
vn 0.000000 0.100000 0.000000
vn 0.000000 0.100000 0.000000
vn 0.000000 0.100000 0.000000
vn 0.000000 0.100000 0.000000
vn 0.000000 0.100000 0.000000
vn 0.000000 0.100000 0.000000
vn 0.000000 0.100000 0.000000
vn 0.000000 0.100000 0.000000
vn 0.000000 0.100000 0.000000
vn 0.000000 0.100000 0.000000
vn 0.000000 0.100000 0.000000
vn 0.000000 0.100000 0.000000
vn 0.000000 0.100000 0.000000
vn 0.000000 0.100000 0.000000
vn 0.000000 0.100000 0.000000
vn 0.000000 0.100000 0.000000
vn 0.000000 0.000000 0.100000
vn 0.000000 0.000000 0.100000
vn 0.000000 0.000000 0.100000
vn 0.000000 0.000000 0.100000
vn 0.000000 0.000000 0.100000
vn 0.000000 0.000000 0.100000
vn 0.000000 0.000000 0.100000
vn 0.000000 0.000000 0.100000
vn 0.000000 0.000000 0.100000
vn 0.000000 0.000000 0.100000
vn 0.000000 0.000000 0.100000
vn 0.000000 0.000000 0.100000
vn 0.000000 0.000000 0.100000
vn 0.000000 0.000000 0.100000
vn 0.000000 0.000000 0.100000
vn 0.000000 0.000000 0.100000
vn 0.000000 0.000000 0.100000
vn 0.000000 0.000000 0.100000
vn 0.000000 0.000000 0.100000
vn 0.000000 0.000000 0.100000
vn 0.000000 0.000000 0.100000
vn 0.000000 0.000000 0.100000
vn 0.000000 0.000000 0.100000
vn 0.000000 0.000000 0.100000
vn 0.000000 0.000000 0.100000
vn 0.000000 0.000000 0.100000
vn 0.000000 0.000000 0.100000
vn 0.000000 0.000000 0.100000
vn 0.000000 0.000000 0.100000
vn 0.000000 0.000000 0.100000
vn 0.000000 0.000000 0.100000
vn 0.000000 0.000000 0.100000
vn 0.000000 0.000000 0.100000
vn 0.000000 0.000000 0.100000
vn 0.000000 0.000000 0.100000
vn 0.000000 0.000000 0.100000
vn 0.000000 0.000000 0.100000
vn 0.000000 0.000000 0.100000
vn 0.000000 0.000000 0.100000
vn 0.000000 0.000000 0.100000
vn 0.000000 0.000000 0.100000
vn 0.100000 -0.000000 0.000000
vn 0.100000 -0.000000 0.000000
vn 0.100000 -0.000000 0.000000
vn 0.100000 -0.000000 0.000000
vn 0.100000 -0.000000 0.000000
vn 0.100000 -0.000000 0.000000
vn 0.100000 -0.000000 0.000000
vn 0.100000 -0.000000 0.000000
vn 0.100000 -0.000000 0.000000
vn 0.100000 -0.000000 0.000000
vn 0.100000 -0.000000 0.000000
vn 0.100000 -0.000000 0.000000
vn 0.100000 -0.000000 0.000000
vn 0.100000 -0.000000 0.000000
vn -0.100000 0.000000 -0.000000
vn -0.100000 0.000000 -0.000000
vn -0.100000 0.000000 -0.000000
vn -0.100000 0.000000 -0.000000
vn -0.100000 0.000000 -0.000000
vn -0.100000 0.000000 -0.000000
vn -0.100000 0.000000 -0.000000
vn -0.100000 0.000000 -0.000000
vn -0.100000 0.000000 -0.000000
vn -0.100000 0.000000 -0.000000
vn -0.100000 0.000000 -0.000000
vn -0.100000 0.000000 -0.000000
vn -0.100000 0.000000 -0.000000
vn -0.100000 0.000000 -0.000000
vn -0.100000 0.000000 -0.000000
vn -0.100000 0.000000 -0.000000
vn -0.100000 0.000000 -0.000000
vn -0.100000 0.000000 -0.000000
vn -0.000000 0.000000 0.100000
vn -0.000000 0.000000 0.100000
vn -0.000000 0.000000 0.100000
vn -0.000000 0.000000 0.100000
vn -0.000000 0.000000 0.100000
vn -0.000000 0.000000 0.100000
vn -0.000000 0.000000 0.100000
vn -0.000000 0.000000 0.100000
vn -0.000000 0.000000 0.100000
vn -0.000000 0.000000 0.100000
vn -0.000000 0.000000 0.100000
vn -0.000000 0.000000 0.100000
vn -0.000000 0.000000 0.100000
vn -0.000000 0.000000 0.100000
vn -0.000000 0.000000 0.100000
vn -0.000000 0.000000 0.100000
vn -0.000000 0.000000 0.100000
vn -0.000000 0.000000 0.100000
vn -0.000000 0.000000 0.100000
vn -0.000000 0.000000 0.100000
vn -0.000000 0.000000 0.100000
vn -0.000000 0.000000 0.100000
vn -0.000000 0.000000 0.100000
vn -0.000000 0.000000 0.100000
vn -0.000000 0.000000 0.100000
vn -0.000000 0.000000 0.100000
vn -0.000000 0.000000 0.100000
vn -0.000000 0.000000 0.100000
vn -0.000000 0.000000 0.100000
vn -0.000000 0.000000 0.100000
vn -0.000000 0.000000 0.100000
vn -0.000000 0.000000 0.100000
vn -0.000000 0.000000 0.100000
vn -0.000000 0.000000 0.100000
vn -0.000000 0.000000 0.100000
vn -0.000000 0.000000 0.100000
vn -0.000000 0.000000 0.100000
vn -0.000000 0.000000 0.100000
vn -0.000000 0.000000 0.100000
vn -0.000000 0.000000 0.100000
vn -0.000000 0.000000 0.100000
vn -0.000000 0.000000 0.100000
vn -0.000000 0.000000 0.100000
vn -0.000000 0.000000 0.100000
vn -0.000000 0.000000 0.100000
vn -0.000000 0.000000 0.100000
vn -0.000000 0.000000 0.100000
vn -0.000000 0.000000 0.100000
vn -0.000000 0.000000 0.100000
vn -0.000000 0.000000 0.100000
vn -0.000000 0.000000 0.100000
vn -0.000000 0.000000 0.100000
vn -0.000000 0.000000 0.100000
vn -0.000000 0.000000 0.100000
vn -0.000000 0.000000 0.100000
vn -0.000000 0.000000 0.100000
vn -0.000000 0.000000 0.100000
vn -0.000000 0.000000 0.100000
vn -0.000000 0.000000 0.100000
vn -0.000000 0.000000 0.100000
vn -0.000000 0.000000 0.100000
vn -0.000000 0.000000 0.100000
vn -0.000000 0.000000 0.100000
vn -0.000000 0.000000 0.100000
vn -0.000000 0.000000 0.100000
vn -0.000000 0.000000 0.100000
vn -0.000000 0.000000 0.100000
vn -0.000000 0.000000 0.100000
vn -0.000000 0.000000 0.100000
vn -0.000000 0.000000 0.100000
vn -0.000000 0.000000 0.100000
vn -0.000000 0.000000 0.100000
vn -0.000000 0.000000 0.100000
vn -0.000000 0.000000 0.100000
vn -0.000000 0.000000 0.100000
vn -0.000000 0.000000 0.100000
vn -0.000000 0.000000 0.100000
vn -0.000000 0.000000 0.100000
vn -0.000000 0.000000 0.100000
vn -0.000000 0.000000 0.100000
vn -0.000000 0.000000 0.100000
vn -0.000000 0.000000 0.100000
vn -0.000000 0.000000 0.100000
vn -0.000000 0.000000 0.100000
vn -0.000000 0.000000 0.100000
vn -0.000000 0.000000 0.100000
vn -0.000000 0.000000 0.100000
vn -0.000000 0.000000 0.100000
vn -0.000000 0.000000 0.100000
vn -0.000000 0.000000 0.100000
vn -0.000000 0.000000 0.100000
vn -0.000000 0.000000 0.100000
vn -0.000000 0.000000 0.100000
vn -0.000000 0.000000 0.100000
vn -0.000000 0.000000 0.100000
vn -0.000000 0.000000 0.100000
vn -0.000000 0.000000 0.100000
vn -0.000000 0.000000 0.100000
vn -0.000000 0.000000 0.100000
vn -0.000000 0.000000 0.100000
vn -0.000000 0.000000 0.100000
vn -0.000000 0.000000 0.100000
vn -0.000000 0.000000 0.100000
vn -0.000000 0.000000 0.100000
vn -0.000000 0.000000 0.100000
vn -0.000000 0.000000 0.100000
vn -0.000000 0.000000 0.100000
vn -0.000000 0.000000 0.100000
vn 0.000000 -0.100000 0.000000
vn 0.000000 -0.100000 0.000000
vn 0.000000 -0.100000 0.000000
vn 0.000000 -0.100000 0.000000
vn 0.000000 0.000000 0.100000
vn 0.000000 0.000000 0.100000
vn 0.000000 0.000000 0.100000
vn 0.000000 0.000000 0.100000
vn 0.100000 -0.000000 0.000000
vn 0.100000 -0.000000 0.000000
vn 0.100000 -0.000000 0.000000
vn 0.100000 -0.000000 0.000000
vn -0.000000 -0.000000 0.100000
vn -0.000000 -0.000000 0.100000
vn -0.000000 -0.000000 0.100000
vn -0.000000 -0.000000 0.100000
vn -0.000000 -0.000000 0.100000
vn -0.000000 -0.000000 0.100000
vn -0.000000 -0.000000 0.100000
vn -0.000000 -0.000000 0.100000
vn -0.000000 -0.000000 0.100000
vn -0.000000 -0.000000 0.100000
vn -0.000000 -0.000000 0.100000
vn -0.000000 -0.000000 0.100000
vn -0.000000 -0.000000 0.100000
vn -0.000000 -0.000000 0.100000
vn -0.000000 -0.000000 0.100000
vn -0.000000 -0.000000 0.100000
vn -0.000000 -0.000000 0.100000
vn -0.000000 -0.000000 0.100000
vn -0.000000 -0.000000 0.100000
vn -0.000000 -0.000000 0.100000
vn -0.000000 -0.000000 0.100000
vn -0.000000 -0.000000 0.100000
vn -0.000000 -0.000000 0.100000
vn -0.000000 -0.000000 0.100000
vn -0.000000 -0.000000 0.100000
vn -0.000000 -0.000000 0.100000
vn -0.000000 -0.000000 0.100000
vn -0.000000 -0.000000 0.100000
vn -0.000000 -0.000000 0.100000
vn -0.000000 -0.000000 0.100000
vn -0.000000 -0.000000 0.100000
vn -0.000000 -0.000000 0.100000
vn -0.000000 -0.000000 0.100000
vn -0.000000 -0.000000 0.100000
vn -0.000000 -0.000000 0.100000
vn -0.000000 -0.000000 0.100000
vn -0.000000 -0.000000 0.100000
vn -0.000000 -0.000000 0.100000
vn -0.000000 -0.000000 0.100000
vn -0.000000 -0.000000 0.100000
vn -0.000000 -0.000000 0.100000
vn 0.000000 -0.100000 0.000000
vn 0.000000 -0.100000 0.000000
vn 0.000000 -0.100000 0.000000
vn 0.000000 -0.100000 0.000000
usemtl Steel_-_Satin
f 2/1/1 38/2/2 1/3/3
f 1/3/3 38/2/2 39/4/4
f 1/3/3 39/4/4 36/5/5
f 36/5/5 39/4/4 35/6/6
f 35/6/6 39/4/4 41/7/7
f 35/6/6 41/7/7 34/8/8
f 34/8/8 41/7/7 33/9/9
f 33/9/9 41/7/7 43/10/10
f 33/9/9 43/10/10 32/11/11
f 32/11/11 43/10/10 45/12/12
f 32/11/11 45/12/12 31/13/13
f 31/13/13 45/12/12 47/14/14
f 31/13/13 47/14/14 55/15/15
f 55/15/15 47/14/14 46/16/16
f 55/15/15 46/16/16 54/17/17
f 54/17/17 46/16/16 6/18/18
f 54/17/17 6/18/18 53/19/19
f 53/19/19 6/18/18 52/20/20
f 53/19/19 52/20/20 80/21/21
f 80/21/21 52/20/20 79/22/22
f 80/21/21 79/22/22 102/23/23
f 102/23/23 79/22/22 101/24/24
f 102/23/23 101/24/24 124/25/25
f 124/25/25 101/24/24 123/26/26
f 124/25/25 123/26/26 12/27/27
f 12/27/27 123/26/26 122/28/28
f 12/27/27 122/28/28 121/29/29
f 121/29/29 122/28/28 99/30/30
f 121/29/29 99/30/30 98/31/31
f 98/31/31 99/30/30 76/32/32
f 98/31/31 76/32/32 75/33/33
f 75/33/33 76/32/32 48/34/34
f 75/33/33 48/34/34 8/35/35
f 8/35/35 48/34/34 7/36/36
f 7/36/36 48/34/34 49/37/37
f 7/36/36 49/37/37 50/38/38
f 50/38/38 49/37/37 77/39/39
f 50/38/38 77/39/39 78/40/40
f 78/40/40 77/39/39 100/41/41
f 78/40/40 100/41/41 101/24/24
f 101/24/24 100/41/41 123/26/26
f 38/2/2 2/1/1 40/42/42
f 40/42/42 2/1/1 3/43/43
f 40/42/42 3/43/43 42/44/44
f 42/44/44 3/43/43 4/45/45
f 42/44/44 4/45/45 44/46/46
f 44/46/46 4/45/45 5/47/47
f 44/46/46 5/47/47 46/16/16
f 46/16/16 5/47/47 6/18/18
f 7/36/36 50/38/38 6/18/18
f 6/18/18 50/38/38 51/48/48
f 6/18/18 51/48/48 52/20/20
f 52/20/20 51/48/48 79/22/22
f 8/35/35 9/49/49 75/33/33
f 75/33/33 9/49/49 97/50/50
f 75/33/33 97/50/50 98/31/31
f 98/31/31 97/50/50 120/51/51
f 98/31/31 120/51/51 121/29/29
f 121/29/29 120/51/51 12/27/27
f 9/49/49 10/52/52 97/50/50
f 97/50/50 10/52/52 119/53/53
f 97/50/50 119/53/53 120/51/51
f 120/51/51 119/53/53 12/27/27
f 10/52/52 11/54/54 119/53/53
f 119/53/53 11/54/54 12/27/27
f 13/55/55 129/56/56 12/27/27
f 12/27/27 129/56/56 128/57/57
f 12/27/27 128/57/57 127/58/58
f 127/58/58 128/57/57 105/59/59
f 127/58/58 105/59/59 104/60/60
f 104/60/60 105/59/59 82/61/61
f 104/60/60 82/61/61 81/62/62
f 81/62/62 82/61/61 54/17/17
f 81/62/62 54/17/17 53/19/19
f 14/63/63 140/64/64 13/55/55
f 13/55/55 140/64/64 139/65/65
f 13/55/55 139/65/65 138/66/66
f 138/66/66 139/65/65 116/67/67
f 138/66/66 116/67/67 115/68/68
f 115/68/68 116/67/67 93/69/69
f 115/68/68 93/69/69 92/70/70
f 92/70/70 93/69/69 65/71/71
f 92/70/70 65/71/71 64/72/72
f 64/72/72 65/71/71 30/73/73
f 64/72/72 30/73/73 63/74/74
f 63/74/74 30/73/73 62/75/75
f 63/74/74 62/75/75 90/76/76
f 90/76/76 62/75/75 89/77/77
f 90/76/76 89/77/77 112/78/78
f 112/78/78 89/77/77 111/79/79
f 112/78/78 111/79/79 134/80/80
f 134/80/80 111/79/79 133/81/81
f 134/80/80 133/81/81 13/55/55
f 13/55/55 133/81/81 132/82/82
f 13/55/55 132/82/82 131/83/83
f 131/83/83 132/82/82 109/84/84
f 131/83/83 109/84/84 108/85/85
f 108/85/85 109/84/84 86/86/86
f 108/85/85 86/86/86 85/87/87
f 85/87/87 86/86/86 58/88/88
f 85/87/87 58/88/88 57/89/89
f 57/89/89 58/88/88 31/13/13
f 57/89/89 31/13/13 56/90/90
f 56/90/90 31/13/13 55/15/15
f 56/90/90 55/15/15 83/91/91
f 83/91/91 55/15/15 82/61/61
f 83/91/91 82/61/61 105/59/59
f 140/64/64 14/63/63 118/92/92
f 118/92/92 14/63/63 15/93/93
f 118/92/92 15/93/93 96/94/94
f 96/94/94 15/93/93 16/95/95
f 96/94/94 16/95/95 69/96/96
f 69/96/96 16/95/95 17/97/97
f 69/96/96 17/97/97 70/98/98
f 70/98/98 17/97/97 18/99/99
f 70/98/98 18/99/99 141/100/100
f 141/100/100 18/99/99 19/101/101
f 141/100/100 19/101/101 146/102/102
f 146/102/102 19/101/101 20/103/103
f 146/102/102 20/103/103 151/104/104
f 151/104/104 20/103/103 21/105/105
f 151/104/104 21/105/105 156/106/106
f 156/106/106 21/105/105 22/107/107
f 156/106/106 22/107/107 23/108/108
f 24/109/109 158/110/110 23/108/108
f 23/108/108 158/110/110 157/111/111
f 23/108/108 157/111/111 156/106/106
f 156/106/106 157/111/111 151/104/104
f 25/112/112 160/113/113 24/109/109
f 24/109/109 160/113/113 159/114/114
f 24/109/109 159/114/114 158/110/110
f 158/110/110 159/114/114 153/115/115
f 158/110/110 153/115/115 152/116/116
f 152/116/116 153/115/115 147/117/117
f 152/116/116 147/117/117 146/102/102
f 146/102/102 147/117/117 141/100/100
f 25/112/112 26/118/118 160/113/113
f 160/113/113 26/118/118 155/119/119
f 160/113/113 155/119/119 154/120/120
f 154/120/120 155/119/119 149/121/121
f 154/120/120 149/121/121 148/122/122
f 148/122/122 149/121/121 143/123/123
f 148/122/122 143/123/123 142/124/124
f 142/124/124 143/123/123 71/125/125
f 142/124/124 71/125/125 70/98/98
f 70/98/98 71/125/125 69/96/96
f 26/118/118 27/126/126 155/119/119
f 155/119/119 27/126/126 28/127/127
f 155/119/119 28/127/127 150/128/128
f 150/128/128 28/127/127 29/129/129
f 150/128/128 29/129/129 145/130/130
f 145/130/130 29/129/129 30/73/73
f 145/130/130 30/73/73 74/131/131
f 74/131/131 30/73/73 65/71/71
f 74/131/131 65/71/71 66/132/132
f 66/132/132 65/71/71 93/69/69
f 66/132/132 93/69/69 94/133/133
f 94/133/133 93/69/69 116/67/67
f 94/133/133 116/67/67 117/134/134
f 117/134/134 116/67/67 139/65/65
f 117/134/134 139/65/65 140/64/64
f 31/13/13 60/135/135 30/73/73
f 30/73/73 60/135/135 61/136/136
f 30/73/73 61/136/136 62/75/75
f 62/75/75 61/136/136 89/77/77
f 36/5/5 37/137/137 1/3/3
f 41/7/7 39/4/4 38/2/2
f 41/7/7 38/2/2 40/42/42
f 43/10/10 41/7/7 40/42/42
f 43/10/10 40/42/42 42/44/44
f 45/12/12 43/10/10 42/44/44
f 45/12/12 42/44/44 44/46/46
f 47/14/14 45/12/12 44/46/46
f 47/14/14 44/46/46 46/16/16
f 77/39/39 49/37/37 76/32/32
f 76/32/32 49/37/37 48/34/34
f 79/22/22 51/48/48 78/40/40
f 78/40/40 51/48/48 50/38/38
f 81/62/62 53/19/19 80/21/21
f 82/61/61 55/15/15 54/17/17
f 57/89/89 56/90/90 84/138/138
f 84/138/138 56/90/90 83/91/91
f 84/138/138 83/91/91 106/139/139
f 106/139/139 83/91/91 105/59/59
f 106/139/139 105/59/59 128/57/57
f 60/135/135 31/13/13 59/140/140
f 59/140/140 31/13/13 58/88/88
f 59/140/140 58/88/88 86/86/86
f 60/135/135 59/140/140 87/141/141
f 87/141/141 59/140/140 86/86/86
f 87/141/141 86/86/86 109/84/84
f 61/136/136 60/135/135 88/142/142
f 88/142/142 60/135/135 87/141/141
f 88/142/142 87/141/141 110/143/143
f 110/143/143 87/141/141 109/84/84
f 110/143/143 109/84/84 132/82/82
f 64/72/72 63/74/74 91/144/144
f 91/144/144 63/74/74 90/76/76
f 91/144/144 90/76/76 113/145/145
f 113/145/145 90/76/76 112/78/78
f 113/145/145 112/78/78 135/146/146
f 135/146/146 112/78/78 134/80/80
f 135/146/146 134/80/80 13/55/55
f 66/132/132 67/147/147 73/148/148
f 73/148/148 67/147/147 72/149/149
f 73/148/148 72/149/149 144/150/150
f 144/150/150 72/149/149 143/123/123
f 144/150/150 143/123/123 149/121/121
f 67/147/147 68/151/151 72/149/149
f 72/149/149 68/151/151 71/125/125
f 72/149/149 71/125/125 143/123/123
f 66/132/132 94/133/133 67/147/147
f 67/147/147 94/133/133 95/152/152
f 67/147/147 95/152/152 68/151/151
f 68/151/151 95/152/152 96/94/94
f 68/151/151 96/94/94 69/96/96
f 68/151/151 69/96/96 71/125/125
f 142/124/124 70/98/98 141/100/100
f 145/130/130 74/131/131 73/148/148
f 73/148/148 74/131/131 66/132/132
f 145/130/130 73/148/148 144/150/150
f 100/41/41 77/39/39 99/30/30
f 99/30/30 77/39/39 76/32/32
f 101/24/24 79/22/22 78/40/40
f 81/62/62 80/21/21 103/153/153
f 103/153/153 80/21/21 102/23/23
f 103/153/153 102/23/23 125/154/154
f 125/154/154 102/23/23 124/25/25
f 125/154/154 124/25/25 12/27/27
f 57/89/89 84/138/138 85/87/87
f 85/87/87 84/138/138 107/155/155
f 85/87/87 107/155/155 108/85/85
f 108/85/85 107/155/155 130/156/156
f 108/85/85 130/156/156 131/83/83
f 131/83/83 130/156/156 13/55/55
f 107/155/155 84/138/138 106/139/139
f 111/79/79 89/77/77 88/142/142
f 88/142/142 89/77/77 61/136/136
f 111/79/79 88/142/142 110/143/143
f 64/72/72 91/144/144 92/70/70
f 92/70/70 91/144/144 114/157/157
f 92/70/70 114/157/157 115/68/68
f 115/68/68 114/157/157 137/158/158
f 115/68/68 137/158/158 138/66/66
f 138/66/66 137/158/158 13/55/55
f 114/157/157 91/144/144 113/145/145
f 118/92/92 96/94/94 95/152/152
f 118/92/92 95/152/152 117/134/134
f 117/134/134 95/152/152 94/133/133
f 123/26/26 100/41/41 122/28/28
f 122/28/28 100/41/41 99/30/30
f 81/62/62 103/153/153 104/60/60
f 104/60/60 103/153/153 126/159/159
f 104/60/60 126/159/159 127/58/58
f 127/58/58 126/159/159 12/27/27
f 126/159/159 103/153/153 125/154/154
f 128/57/57 129/56/56 106/139/139
f 106/139/139 129/56/56 107/155/155
f 133/81/81 111/79/79 110/143/143
f 133/81/81 110/143/143 132/82/82
f 114/157/157 113/145/145 136/160/160
f 136/160/160 113/145/145 135/146/146
f 136/160/160 135/146/146 13/55/55
f 140/64/64 118/92/92 117/134/134
f 12/27/27 126/159/159 125/154/154
f 13/55/55 130/156/156 129/56/56
f 129/56/56 130/156/156 107/155/155
f 13/55/55 137/158/158 136/160/160
f 136/160/160 137/158/158 114/157/157
f 148/122/122 142/124/124 147/117/117
f 147/117/117 142/124/124 141/100/100
f 150/128/128 145/130/130 144/150/150
f 150/128/128 144/150/150 149/121/121
f 152/116/116 146/102/102 151/104/104
f 154/120/120 148/122/122 153/115/115
f 153/115/115 148/122/122 147/117/117
f 155/119/119 150/128/128 149/121/121
f 158/110/110 152/116/116 157/111/111
f 157/111/111 152/116/116 151/104/104
f 160/113/113 154/120/120 159/114/114
f 159/114/114 154/120/120 153/115/115
f 161/161/161 167/162/162 12/163/163
f 12/163/163 167/162/162 168/164/164
f 12/163/163 168/164/164 169/165/165
f 169/165/165 168/164/164 162/166/166
f 169/165/165 162/166/166 170/167/167
f 170/167/167 162/166/166 171/168/168
f 170/167/167 171/168/168 12/163/163
f 12/163/163 171/168/168 172/169/169
f 12/163/163 172/169/169 173/170/170
f 173/170/170 172/169/169 164/171/171
f 173/170/170 164/171/171 174/172/172
f 174/172/172 164/171/171 175/173/173
f 174/172/172 175/173/173 12/163/163
f 12/163/163 175/173/173 166/174/174
f 12/163/163 166/174/174 13/175/175
f 161/161/161 162/166/166 167/162/162
f 167/162/162 162/166/166 168/164/164
f 163/176/176 164/171/171 162/166/166
f 162/166/166 164/171/171 171/168/168
f 165/177/177 179/178/178 164/171/171
f 164/171/171 179/178/178 178/179/179
f 164/171/171 178/179/179 177/180/180
f 177/180/180 178/179/179 166/174/174
f 177/180/180 166/174/174 176/181/181
f 176/181/181 166/174/174 175/173/173
f 176/181/181 175/173/173 164/171/171
f 165/177/177 166/174/174 179/178/178
f 179/178/178 166/174/174 178/179/179
f 170/167/167 12/163/163 169/165/165
f 164/171/171 172/169/169 171/168/168
f 174/172/172 12/163/163 173/170/170
f 164/171/171 177/180/180 176/181/181
f 163/182/182 180/183/183 164/184/184
f 164/184/184 180/183/183 181/185/185
f 182/186/186 188/187/187 180/188/188
f 180/188/188 188/187/187 189/189/189
f 180/188/188 189/189/189 190/190/190
f 190/190/190 189/189/189 183/191/191
f 190/190/190 183/191/191 191/192/192
f 191/192/192 183/191/191 192/193/193
f 191/192/192 192/193/193 180/188/188
f 180/188/188 192/193/193 193/194/194
f 180/188/188 193/194/194 194/195/195
f 194/195/195 193/194/194 185/196/196
f 194/195/195 185/196/196 195/197/197
f 195/197/197 185/196/196 196/198/198
f 195/197/197 196/198/198 180/188/188
f 180/188/188 196/198/198 187/199/199
f 180/188/188 187/199/199 181/200/200
f 182/186/186 183/191/191 188/187/187
f 188/187/187 183/191/191 189/189/189
f 184/201/201 185/196/196 183/191/191
f 183/191/191 185/196/196 192/193/193
f 186/202/202 200/203/203 185/196/196
f 185/196/196 200/203/203 199/204/204
f 185/196/196 199/204/204 198/205/205
f 198/205/205 199/204/204 187/199/199
f 198/205/205 187/199/199 197/206/206
f 197/206/206 187/199/199 196/198/198
f 197/206/206 196/198/198 185/196/196
f 186/202/202 187/199/199 200/203/203
f 200/203/203 187/199/199 199/204/204
f 191/192/192 180/188/188 190/190/190
f 185/196/196 193/194/194 192/193/193
f 195/197/197 180/188/188 194/195/195
f 185/196/196 198/205/205 197/206/206
f 201/207/207 221/208/208 184/209/209
f 184/209/209 221/208/208 222/210/210
f 184/209/209 222/210/210 223/211/211
f 223/211/211 222/210/210 245/212/212
f 223/211/211 245/212/212 246/213/213
f 246/213/213 245/212/212 268/214/214
f 246/213/213 268/214/214 269/215/215
f 269/215/215 268/214/214 291/216/216
f 269/215/215 291/216/216 292/217/217
f 292/217/217 291/216/216 314/218/218
f 292/217/217 314/218/218 315/219/219
f 315/219/219 314/218/218 337/220/220
f 315/219/219 337/220/220 338/221/221
f 338/221/221 337/220/220 360/222/222
f 338/221/221 360/222/222 361/223/223
f 361/223/223 360/222/222 383/224/224
f 361/223/223 383/224/224 384/225/225
f 384/225/225 383/224/224 406/226/226
f 384/225/225 406/226/226 407/227/227
f 407/227/227 406/226/226 210/228/228
f 407/227/227 210/228/228 211/229/229
f 221/208/208 201/207/207 243/230/230
f 243/230/230 201/207/207 202/231/231
f 243/230/230 202/231/231 265/232/232
f 265/232/232 202/231/231 203/233/233
f 265/232/232 203/233/233 287/234/234
f 287/234/234 203/233/233 204/235/235
f 287/234/234 204/235/235 309/236/236
f 309/236/236 204/235/235 205/237/237
f 309/236/236 205/237/237 331/238/238
f 331/238/238 205/237/237 206/239/239
f 331/238/238 206/239/239 353/240/240
f 353/240/240 206/239/239 207/241/241
f 353/240/240 207/241/241 375/242/242
f 375/242/242 207/241/241 208/243/243
f 375/242/242 208/243/243 397/244/244
f 397/244/244 208/243/243 209/245/245
f 397/244/244 209/245/245 210/228/228
f 212/246/246 418/247/247 211/229/229
f 211/229/229 418/247/247 417/248/248
f 211/229/229 417/248/248 416/249/249
f 416/249/249 417/248/248 394/250/250
f 416/249/249 394/250/250 393/251/251
f 393/251/251 394/250/250 371/252/252
f 393/251/251 371/252/252 370/253/253
f 370/253/253 371/252/252 348/254/254
f 370/253/253 348/254/254 347/255/255
f 347/255/255 348/254/254 325/256/256
f 347/255/255 325/256/256 324/257/257
f 324/257/257 325/256/256 302/258/258
f 324/257/257 302/258/258 301/259/259
f 301/259/259 302/258/258 279/260/260
f 301/259/259 279/260/260 278/261/261
f 278/261/261 279/260/260 256/262/262
f 278/261/261 256/262/262 255/263/263
f 255/263/263 256/262/262 233/264/264
f 255/263/263 233/264/264 232/265/265
f 232/265/265 233/264/264 185/266/266
f 232/265/265 185/266/266 184/209/209
f 418/247/247 212/246/246 396/267/267
f 396/267/267 212/246/246 213/268/268
f 396/267/267 213/268/268 374/269/269
f 374/269/269 213/268/268 214/270/270
f 374/269/269 214/270/270 352/271/271
f 352/271/271 214/270/270 215/272/272
f 352/271/271 215/272/272 330/273/273
f 330/273/273 215/272/272 216/274/274
f 330/273/273 216/274/274 308/275/275
f 308/275/275 216/274/274 217/276/276
f 308/275/275 217/276/276 286/277/277
f 286/277/277 217/276/276 218/278/278
f 286/277/277 218/278/278 264/279/279
f 264/279/279 218/278/278 219/280/280
f 264/279/279 219/280/280 242/281/281
f 242/281/281 219/280/280 220/282/282
f 242/281/281 220/282/282 185/266/266
f 222/210/210 221/208/208 244/283/283
f 244/283/283 221/208/208 243/230/230
f 244/283/283 243/230/230 266/284/284
f 266/284/284 243/230/230 265/232/232
f 266/284/284 265/232/232 288/285/285
f 288/285/285 265/232/232 287/234/234
f 288/285/285 287/234/234 310/286/286
f 310/286/286 287/234/234 309/236/236
f 310/286/286 309/236/236 332/287/287
f 332/287/287 309/236/236 331/238/238
f 332/287/287 331/238/238 354/288/288
f 354/288/288 331/238/238 353/240/240
f 354/288/288 353/240/240 376/289/289
f 376/289/289 353/240/240 375/242/242
f 376/289/289 375/242/242 398/290/290
f 398/290/290 375/242/242 397/244/244
f 398/290/290 397/244/244 210/228/228
f 223/211/211 224/291/291 184/209/209
f 184/209/209 224/291/291 225/292/292
f 184/209/209 225/292/292 226/293/293
f 226/293/293 225/292/292 248/294/294
f 226/293/293 248/294/294 249/295/295
f 249/295/295 248/294/294 271/296/296
f 249/295/295 271/296/296 272/297/297
f 272/297/297 271/296/296 294/298/298
f 272/297/297 294/298/298 295/299/299
f 295/299/299 294/298/298 317/300/300
f 295/299/299 317/300/300 318/301/301
f 318/301/301 317/300/300 340/302/302
f 318/301/301 340/302/302 341/303/303
f 341/303/303 340/302/302 363/304/304
f 341/303/303 363/304/304 364/305/305
f 364/305/305 363/304/304 386/306/306
f 364/305/305 386/306/306 387/307/307
f 387/307/307 386/306/306 409/308/308
f 387/307/307 409/308/308 410/309/309
f 410/309/309 409/308/308 211/229/229
f 410/309/309 211/229/229 411/310/310
f 411/310/310 211/229/229 412/311/311
f 411/310/310 412/311/311 389/312/312
f 389/312/312 412/311/311 390/313/313
f 389/312/312 390/313/313 367/314/314
f 367/314/314 390/313/313 368/315/315
f 367/314/314 368/315/315 345/316/316
f 345/316/316 368/315/315 346/317/317
f 345/316/316 346/317/317 323/318/318
f 323/318/318 346/317/317 324/257/257
f 323/318/318 324/257/257 301/259/259
f 223/211/211 246/213/213 224/291/291
f 224/291/291 246/213/213 247/319/319
f 224/291/291 247/319/319 225/292/292
f 225/292/292 247/319/319 248/294/294
f 226/293/293 227/320/320 184/209/209
f 184/209/209 227/320/320 228/321/321
f 184/209/209 228/321/321 229/322/322
f 229/322/322 228/321/321 251/323/323
f 229/322/322 251/323/323 252/324/324
f 252/324/324 251/323/323 274/325/325
f 252/324/324 274/325/325 275/326/326
f 275/326/326 274/325/325 297/327/327
f 275/326/326 297/327/327 298/328/328
f 298/328/328 297/327/327 320/329/329
f 298/328/328 320/329/329 321/330/330
f 321/330/330 320/329/329 343/331/331
f 321/330/330 343/331/331 344/332/332
f 344/332/332 343/331/331 366/333/333
f 344/332/332 366/333/333 367/314/314
f 367/314/314 366/333/333 389/312/312
f 226/293/293 249/295/295 227/320/320
f 227/320/320 249/295/295 250/334/334
f 227/320/320 250/334/334 228/321/321
f 228/321/321 250/334/334 251/323/323
f 229/322/322 230/335/335 184/209/209
f 184/209/209 230/335/335 231/336/336
f 184/209/209 231/336/336 232/265/265
f 232/265/265 231/336/336 254/337/337
f 232/265/265 254/337/337 255/263/263
f 255/263/263 254/337/337 277/338/338
f 255/263/263 277/338/338 278/261/261
f 278/261/261 277/338/338 300/339/339
f 278/261/261 300/339/339 301/259/259
f 301/259/259 300/339/339 323/318/318
f 229/322/322 252/324/324 230/335/335
f 230/335/335 252/324/324 253/340/340
f 230/335/335 253/340/340 231/336/336
f 231/336/336 253/340/340 254/337/337
f 233/264/264 234/341/341 185/266/266
f 185/266/266 234/341/341 235/342/342
f 185/266/266 235/342/342 236/343/343
f 236/343/343 235/342/342 258/344/344
f 236/343/343 258/344/344 259/345/345
f 259/345/345 258/344/344 281/346/346
f 259/345/345 281/346/346 282/347/347
f 282/347/347 281/346/346 304/348/348
f 282/347/347 304/348/348 305/349/349
f 305/349/349 304/348/348 327/350/350
f 305/349/349 327/350/350 328/351/351
f 328/351/351 327/350/350 350/352/352
f 328/351/351 350/352/352 351/353/353
f 351/353/353 350/352/352 373/354/354
f 351/353/353 373/354/354 374/269/269
f 374/269/269 373/354/354 396/267/267
f 233/264/264 256/262/262 234/341/341
f 234/341/341 256/262/262 257/355/355
f 234/341/341 257/355/355 235/342/342
f 235/342/342 257/355/355 258/344/344
f 236/343/343 237/356/356 185/266/266
f 185/266/266 237/356/356 238/357/357
f 185/266/266 238/357/357 239/358/358
f 239/358/358 238/357/357 261/359/359
f 239/358/358 261/359/359 262/360/360
f 262/360/360 261/359/359 284/361/361
f 262/360/360 284/361/361 285/362/362
f 285/362/362 284/361/361 307/363/363
f 285/362/362 307/363/363 308/275/275
f 308/275/275 307/363/363 330/273/273
f 236/343/343 259/345/345 237/356/356
f 237/356/356 259/345/345 260/364/364
f 237/356/356 260/364/364 238/357/357
f 238/357/357 260/364/364 261/359/359
f 239/358/358 240/365/365 185/266/266
f 185/266/266 240/365/365 241/366/366
f 185/266/266 241/366/366 242/281/281
f 242/281/281 241/366/366 264/279/279
f 239/358/358 262/360/360 240/365/365
f 240/365/365 262/360/360 263/367/367
f 240/365/365 263/367/367 241/366/366
f 241/366/366 263/367/367 264/279/279
f 222/210/210 244/283/283 245/212/212
f 245/212/212 244/283/283 267/368/368
f 245/212/212 267/368/368 268/214/214
f 268/214/214 267/368/368 290/369/369
f 268/214/214 290/369/369 291/216/216
f 291/216/216 290/369/369 313/370/370
f 291/216/216 313/370/370 314/218/218
f 314/218/218 313/370/370 336/371/371
f 314/218/218 336/371/371 337/220/220
f 337/220/220 336/371/371 359/372/372
f 337/220/220 359/372/372 360/222/222
f 360/222/222 359/372/372 382/373/373
f 360/222/222 382/373/373 383/224/224
f 383/224/224 382/373/373 405/374/374
f 383/224/224 405/374/374 406/226/226
f 406/226/226 405/374/374 210/228/228
f 267/368/368 244/283/283 266/284/284
f 246/213/213 269/215/215 247/319/319
f 247/319/319 269/215/215 270/375/375
f 247/319/319 270/375/375 248/294/294
f 248/294/294 270/375/375 271/296/296
f 249/295/295 272/297/297 250/334/334
f 250/334/334 272/297/297 273/376/376
f 250/334/334 273/376/376 251/323/323
f 251/323/323 273/376/376 274/325/325
f 252/324/324 275/326/326 253/340/340
f 253/340/340 275/326/326 276/377/377
f 253/340/340 276/377/377 254/337/337
f 254/337/337 276/377/377 277/338/338
f 256/262/262 279/260/260 257/355/355
f 257/355/355 279/260/260 280/378/378
f 257/355/355 280/378/378 258/344/344
f 258/344/344 280/378/378 281/346/346
f 259/345/345 282/347/347 260/364/364
f 260/364/364 282/347/347 283/379/379
f 260/364/364 283/379/379 261/359/359
f 261/359/359 283/379/379 284/361/361
f 286/277/277 264/279/279 263/367/367
f 286/277/277 263/367/367 285/362/362
f 285/362/362 263/367/367 262/360/360
f 267/368/368 266/284/284 289/380/380
f 289/380/380 266/284/284 288/285/285
f 289/380/380 288/285/285 311/381/381
f 311/381/381 288/285/285 310/286/286
f 311/381/381 310/286/286 333/382/382
f 333/382/382 310/286/286 332/287/287
f 333/382/382 332/287/287 355/383/383
f 355/383/383 332/287/287 354/288/288
f 355/383/383 354/288/288 377/384/384
f 377/384/384 354/288/288 376/289/289
f 377/384/384 376/289/289 399/385/385
f 399/385/385 376/289/289 398/290/290
f 399/385/385 398/290/290 210/228/228
f 269/215/215 292/217/217 270/375/375
f 270/375/375 292/217/217 293/386/386
f 270/375/375 293/386/386 271/296/296
f 271/296/296 293/386/386 294/298/298
f 272/297/297 295/299/299 273/376/376
f 273/376/376 295/299/299 296/387/387
f 273/376/376 296/387/387 274/325/325
f 274/325/325 296/387/387 297/327/327
f 275/326/326 298/328/328 276/377/377
f 276/377/377 298/328/328 299/388/388
f 276/377/377 299/388/388 277/338/338
f 277/338/338 299/388/388 300/339/339
f 279/260/260 302/258/258 280/378/378
f 280/378/378 302/258/258 303/389/389
f 280/378/378 303/389/389 281/346/346
f 281/346/346 303/389/389 304/348/348
f 282/347/347 305/349/349 283/379/379
f 283/379/379 305/349/349 306/390/390
f 283/379/379 306/390/390 284/361/361
f 284/361/361 306/390/390 307/363/363
f 308/275/275 286/277/277 285/362/362
f 267/368/368 289/380/380 290/369/369
f 290/369/369 289/380/380 312/391/391
f 290/369/369 312/391/391 313/370/370
f 313/370/370 312/391/391 335/392/392
f 313/370/370 335/392/392 336/371/371
f 336/371/371 335/392/392 358/393/393
f 336/371/371 358/393/393 359/372/372
f 359/372/372 358/393/393 381/394/394
f 359/372/372 381/394/394 382/373/373
f 382/373/373 381/394/394 404/395/395
f 382/373/373 404/395/395 405/374/374
f 405/374/374 404/395/395 210/228/228
f 312/391/391 289/380/380 311/381/381
f 292/217/217 315/219/219 293/386/386
f 293/386/386 315/219/219 316/396/396
f 293/386/386 316/396/396 294/298/298
f 294/298/298 316/396/396 317/300/300
f 295/299/299 318/301/301 296/387/387
f 296/387/387 318/301/301 319/397/397
f 296/387/387 319/397/397 297/327/327
f 297/327/327 319/397/397 320/329/329
f 298/328/328 321/330/330 299/388/388
f 299/388/388 321/330/330 322/398/398
f 299/388/388 322/398/398 300/339/339
f 300/339/339 322/398/398 323/318/318
f 302/258/258 325/256/256 303/389/389
f 303/389/389 325/256/256 326/399/399
f 303/389/389 326/399/399 304/348/348
f 304/348/348 326/399/399 327/350/350
f 305/349/349 328/351/351 306/390/390
f 306/390/390 328/351/351 329/400/400
f 306/390/390 329/400/400 307/363/363
f 307/363/363 329/400/400 330/273/273
f 312/391/391 311/381/381 334/401/401
f 334/401/401 311/381/381 333/382/382
f 334/401/401 333/382/382 356/402/402
f 356/402/402 333/382/382 355/383/383
f 356/402/402 355/383/383 378/403/403
f 378/403/403 355/383/383 377/384/384
f 378/403/403 377/384/384 400/404/404
f 400/404/404 377/384/384 399/385/385
f 400/404/404 399/385/385 210/228/228
f 315/219/219 338/221/221 316/396/396
f 316/396/396 338/221/221 339/405/405
f 316/396/396 339/405/405 317/300/300
f 317/300/300 339/405/405 340/302/302
f 318/301/301 341/303/303 319/397/397
f 319/397/397 341/303/303 342/406/406
f 319/397/397 342/406/406 320/329/329
f 320/329/329 342/406/406 343/331/331
f 345/316/316 323/318/318 322/398/398
f 345/316/316 322/398/398 344/332/332
f 344/332/332 322/398/398 321/330/330
f 347/255/255 324/257/257 346/317/317
f 325/256/256 348/254/254 326/399/399
f 326/399/399 348/254/254 349/407/407
f 326/399/399 349/407/407 327/350/350
f 327/350/350 349/407/407 350/352/352
f 352/271/271 330/273/273 329/400/400
f 352/271/271 329/400/400 351/353/353
f 351/353/353 329/400/400 328/351/351
f 312/391/391 334/401/401 335/392/392
f 335/392/392 334/401/401 357/408/408
f 335/392/392 357/408/408 358/393/393
f 358/393/393 357/408/408 380/409/409
f 358/393/393 380/409/409 381/394/394
f 381/394/394 380/409/409 403/410/410
f 381/394/394 403/410/410 404/395/395
f 404/395/395 403/410/410 210/228/228
f 357/408/408 334/401/401 356/402/402
f 338/221/221 361/223/223 339/405/405
f 339/405/405 361/223/223 362/411/411
f 339/405/405 362/411/411 340/302/302
f 340/302/302 362/411/411 363/304/304
f 341/303/303 364/305/305 342/406/406
f 342/406/406 364/305/305 365/412/412
f 342/406/406 365/412/412 343/331/331
f 343/331/331 365/412/412 366/333/333
f 367/314/314 345/316/316 344/332/332
f 347/255/255 346/317/317 369/413/413
f 369/413/413 346/317/317 368/315/315
f 369/413/413 368/315/315 391/414/414
f 391/414/414 368/315/315 390/313/313
f 391/414/414 390/313/313 413/415/415
f 413/415/415 390/313/313 412/311/311
f 413/415/415 412/311/311 211/229/229
f 348/254/254 371/252/252 349/407/407
f 349/407/407 371/252/252 372/416/416
f 349/407/407 372/416/416 350/352/352
f 350/352/352 372/416/416 373/354/354
f 374/269/269 352/271/271 351/353/353
f 357/408/408 356/402/402 379/417/417
f 379/417/417 356/402/402 378/403/403
f 379/417/417 378/403/403 401/418/418
f 401/418/418 378/403/403 400/404/404
f 401/418/418 400/404/404 210/228/228
f 361/223/223 384/225/225 362/411/411
f 362/411/411 384/225/225 385/419/419
f 362/411/411 385/419/419 363/304/304
f 363/304/304 385/419/419 386/306/306
f 364/305/305 387/307/307 365/412/412
f 365/412/412 387/307/307 388/420/420
f 365/412/412 388/420/420 366/333/333
f 366/333/333 388/420/420 389/312/312
f 347/255/255 369/413/413 370/253/253
f 370/253/253 369/413/413 392/421/421
f 370/253/253 392/421/421 393/251/251
f 393/251/251 392/421/421 415/422/422
f 393/251/251 415/422/422 416/249/249
f 416/249/249 415/422/422 211/229/229
f 392/421/421 369/413/413 391/414/414
f 371/252/252 394/250/250 372/416/416
f 372/416/416 394/250/250 395/423/423
f 372/416/416 395/423/423 373/354/354
f 373/354/354 395/423/423 396/267/267
f 357/408/408 379/417/417 380/409/409
f 380/409/409 379/417/417 402/424/424
f 380/409/409 402/424/424 403/410/410
f 403/410/410 402/424/424 210/228/228
f 402/424/424 379/417/417 401/418/418
f 384/225/225 407/227/227 385/419/419
f 385/419/419 407/227/227 408/425/425
f 385/419/419 408/425/425 386/306/306
f 386/306/306 408/425/425 409/308/308
f 411/310/310 389/312/312 388/420/420
f 411/310/310 388/420/420 410/309/309
f 410/309/309 388/420/420 387/307/307
f 392/421/421 391/414/414 414/426/426
f 414/426/426 391/414/414 413/415/415
f 414/426/426 413/415/415 211/229/229
f 418/247/247 396/267/267 395/423/423
f 418/247/247 395/423/423 417/248/248
f 417/248/248 395/423/423 394/250/250
f 210/228/228 402/424/424 401/418/418
f 211/229/229 409/308/308 408/425/425
f 408/425/425 407/227/227 211/229/229
f 211/229/229 415/422/422 414/426/426
f 414/426/426 415/422/422 392/421/421
f 419/427/427 425/428/428 210/429/429
f 210/429/429 425/428/428 426/430/430
f 210/429/429 426/430/430 427/431/431
f 427/431/431 426/430/430 420/432/432
f 427/431/431 420/432/432 428/433/433
f 428/433/433 420/432/432 429/434/434
f 428/433/433 429/434/434 210/429/429
f 210/429/429 429/434/434 430/435/435
f 210/429/429 430/435/435 431/436/436
f 431/436/436 430/435/435 422/437/437
f 431/436/436 422/437/437 432/438/438
f 432/438/438 422/437/437 433/439/439
f 432/438/438 433/439/439 210/429/429
f 210/429/429 433/439/439 424/440/440
f 210/429/429 424/440/440 211/441/441
f 419/427/427 420/432/432 425/428/428
f 425/428/428 420/432/432 426/430/430
f 421/442/442 422/437/437 420/432/432
f 420/432/432 422/437/437 429/434/434
f 423/443/443 437/444/444 422/437/437
f 422/437/437 437/444/444 436/445/445
f 422/437/437 436/445/445 435/446/446
f 435/446/446 436/445/445 424/440/440
f 435/446/446 424/440/440 434/447/447
f 434/447/447 424/440/440 433/439/439
f 434/447/447 433/439/439 422/437/437
f 423/443/443 424/440/440 437/444/444
f 437/444/444 424/440/440 436/445/445
f 428/433/433 210/429/429 427/431/431
f 422/437/437 430/435/435 429/434/434
f 432/438/438 210/429/429 431/436/436
f 422/437/437 435/446/446 434/447/447
f 421/448/448 438/449/449 422/450/450
f 422/450/450 438/449/449 439/451/451
f 440/452/452 446/453/453 438/454/454
f 438/454/454 446/453/453 447/455/455
f 438/454/454 447/455/455 448/456/456
f 448/456/456 447/455/455 441/457/457
f 448/456/456 441/457/457 449/458/458
f 449/458/458 441/457/457 450/459/459
f 449/458/458 450/459/459 438/454/454
f 438/454/454 450/459/459 451/460/460
f 438/454/454 451/460/460 452/461/461
f 452/461/461 451/460/460 443/462/462
f 452/461/461 443/462/462 453/463/463
f 453/463/463 443/462/462 454/464/464
f 453/463/463 454/464/464 438/454/454
f 438/454/454 454/464/464 445/465/465
f 438/454/454 445/465/465 439/466/466
f 440/452/452 441/457/457 446/453/453
f 446/453/453 441/457/457 447/455/455
f 442/467/467 443/462/462 441/457/457
f 441/457/457 443/462/462 450/459/459
f 444/468/468 458/469/469 443/462/462
f 443/462/462 458/469/469 457/470/470
f 443/462/462 457/470/470 456/471/471
f 456/471/471 457/470/470 445/465/465
f 456/471/471 445/465/465 455/472/472
f 455/472/472 445/465/465 454/464/464
f 455/472/472 454/464/464 443/462/462
f 444/468/468 445/465/465 458/469/469
f 458/469/469 445/465/465 457/470/470
f 449/458/458 438/454/454 448/456/456
f 443/462/462 451/460/460 450/459/459
f 453/463/463 438/454/454 452/461/461
f 443/462/462 456/471/471 455/472/472
f 460/473/473 461/474/474 459/475/475
f 459/475/475 461/474/474 465/476/476
f 465/476/476 461/474/474 464/477/477
f 464/477/477 461/474/474 463/478/478
f 463/478/478 461/474/474 462/479/479
f 466/480/480 467/481/481 460/482/482
f 460/482/482 467/481/481 461/483/483
f 468/484/484 469/485/485 466/486/486
f 466/486/486 469/485/485 467/487/487
f 471/488/488 507/489/489 470/490/490
f 470/490/490 507/489/489 508/491/491
f 470/490/490 508/491/491 509/492/492
f 509/492/492 508/491/491 531/493/493
f 509/492/492 531/493/493 532/494/494
f 532/494/494 531/493/493 554/495/495
f 532/494/494 554/495/495 555/496/496
f 555/496/496 554/495/495 577/497/497
f 555/496/496 577/497/497 578/498/498
f 578/498/498 577/497/497 476/499/499
f 578/498/498 476/499/499 579/500/500
f 579/500/500 476/499/499 595/501/501
f 579/500/500 595/501/501 596/502/502
f 596/502/502 595/501/501 603/503/503
f 596/502/502 603/503/503 487/504/504
f 487/504/504 603/503/503 486/505/505
f 486/505/505 603/503/503 605/506/506
f 486/505/505 605/506/506 485/507/507
f 485/507/507 605/506/506 484/508/508
f 484/508/508 605/506/506 607/509/509
f 484/508/508 607/509/509 483/510/510
f 483/510/510 607/509/509 482/511/511
f 482/511/511 607/509/509 606/512/512
f 482/511/511 606/512/512 481/513/513
f 481/513/513 606/512/512 480/514/514
f 480/514/514 606/512/512 479/515/515
f 479/515/515 606/512/512 604/516/516
f 479/515/515 604/516/516 478/517/517
f 478/517/517 604/516/516 602/518/518
f 478/517/517 602/518/518 477/519/519
f 477/519/519 602/518/518 595/501/501
f 477/519/519 595/501/501 476/499/499
f 507/489/489 471/488/488 529/520/520
f 529/520/520 471/488/488 472/521/521
f 529/520/520 472/521/521 551/522/522
f 551/522/522 472/521/521 473/523/523
f 551/522/522 473/523/523 573/524/524
f 573/524/524 473/523/523 474/525/525
f 573/524/524 474/525/525 475/526/526
f 476/499/499 575/527/527 475/526/526
f 475/526/526 575/527/527 574/528/528
f 475/526/526 574/528/528 573/524/524
f 573/524/524 574/528/528 551/522/522
f 487/504/504 488/529/529 596/502/502
f 596/502/502 488/529/529 580/530/530
f 596/502/502 580/530/530 579/500/500
f 579/500/500 580/530/530 557/531/531
f 579/500/500 557/531/531 556/532/532
f 556/532/532 557/531/531 534/533/533
f 556/532/532 534/533/533 533/534/534
f 533/534/534 534/533/533 511/535/535
f 533/534/534 511/535/535 510/536/536
f 510/536/536 511/535/535 470/490/490
f 510/536/536 470/490/490 509/492/492
f 489/537/537 585/538/538 488/529/529
f 488/529/529 585/538/538 584/539/539
f 488/529/529 584/539/539 583/540/540
f 583/540/540 584/539/539 561/541/541
f 583/540/540 561/541/541 560/542/542
f 560/542/542 561/541/541 538/543/543
f 560/542/542 538/543/543 537/544/544
f 537/544/544 538/543/543 515/545/545
f 537/544/544 515/545/545 514/546/546
f 514/546/546 515/545/545 470/490/490
f 514/546/546 470/490/490 513/547/547
f 513/547/547 470/490/490 512/548/548
f 513/547/547 512/548/548 535/549/549
f 535/549/549 512/548/548 534/533/533
f 535/549/549 534/533/533 557/531/531
f 490/550/550 597/551/551 489/537/537
f 489/537/537 597/551/551 590/552/552
f 489/537/537 590/552/552 589/553/553
f 589/553/553 590/552/552 567/554/554
f 589/553/553 567/554/554 566/555/555
f 566/555/555 567/554/554 544/556/556
f 566/555/555 544/556/556 543/557/557
f 543/557/557 544/556/556 521/558/558
f 543/557/557 521/558/558 520/559/559
f 520/559/559 521/558/558 506/560/560
f 520/559/559 506/560/560 519/561/561
f 519/561/561 506/560/560 518/562/562
f 519/561/561 518/562/562 541/563/563
f 541/563/563 518/562/562 540/564/564
f 541/563/563 540/564/564 563/565/565
f 563/565/565 540/564/564 562/566/566
f 563/565/565 562/566/566 585/538/538
f 585/538/538 562/566/566 584/539/539
f 597/551/551 490/550/550 608/567/567
f 608/567/567 490/550/550 491/568/568
f 608/567/567 491/568/568 613/569/569
f 613/569/569 491/568/568 492/570/570
f 613/569/569 492/570/570 493/571/571
f 613/569/569 493/571/571 618/572/572
f 618/572/572 493/571/571 494/573/573
f 618/572/572 494/573/573 619/574/574
f 619/574/574 494/573/573 620/575/575
f 619/574/574 620/575/575 614/576/576
f 614/576/576 620/575/575 615/577/577
f 614/576/576 615/577/577 609/578/578
f 609/578/578 615/577/577 610/579/579
f 609/578/578 610/579/579 598/580/580
f 598/580/580 610/579/579 599/581/581
f 598/580/580 599/581/581 591/582/582
f 591/582/582 599/581/581 592/583/583
f 591/582/582 592/583/583 569/584/584
f 569/584/584 592/583/583 570/585/585
f 569/584/584 570/585/585 547/586/586
f 547/586/586 570/585/585 548/587/587
f 547/586/586 548/587/587 525/588/588
f 525/588/588 548/587/587 526/589/589
f 525/588/588 526/589/589 506/560/560
f 506/560/560 526/589/589 527/590/590
f 506/560/560 527/590/590 528/591/591
f 528/591/591 527/590/590 550/592/592
f 528/591/591 550/592/592 504/593/593
f 504/593/593 550/592/592 503/594/594
f 503/594/594 550/592/592 572/595/595
f 503/594/594 572/595/595 502/596/596
f 502/596/596 572/595/595 594/597/597
f 502/596/596 594/597/597 501/598/598
f 501/598/598 594/597/597 601/599/599
f 501/598/598 601/599/599 500/600/600
f 500/600/600 601/599/599 499/601/601
f 499/601/601 601/599/599 612/602/602
f 499/601/601 612/602/602 498/603/603
f 498/603/603 612/602/602 617/604/604
f 498/603/603 617/604/604 497/605/605
f 497/605/605 617/604/604 622/606/606
f 497/605/605 622/606/606 496/607/607
f 496/607/607 622/606/606 621/608/608
f 496/607/607 621/608/608 620/575/575
f 620/575/575 621/608/608 615/577/577
f 495/609/609 496/607/607 494/573/573
f 494/573/573 496/607/607 620/575/575
f 504/593/593 505/610/610 528/591/591
f 528/591/591 505/610/610 506/560/560
f 506/560/560 470/490/490 518/562/562
f 518/562/562 470/490/490 517/611/611
f 518/562/562 517/611/611 540/564/564
f 540/564/564 517/611/611 539/612/612
f 540/564/564 539/612/612 562/566/566
f 562/566/566 539/612/612 561/541/541
f 562/566/566 561/541/541 584/539/539
f 508/491/491 507/489/489 530/613/613
f 530/613/613 507/489/489 529/520/520
f 530/613/613 529/520/520 552/614/614
f 552/614/614 529/520/520 551/522/522
f 552/614/614 551/522/522 574/528/528
f 512/548/548 470/490/490 511/535/535
f 533/534/534 510/536/536 532/494/494
f 532/494/494 510/536/536 509/492/492
f 534/533/533 512/548/548 511/535/535
f 514/546/546 513/547/547 536/615/615
f 536/615/615 513/547/547 535/549/549
f 536/615/615 535/549/549 558/616/616
f 558/616/616 535/549/549 557/531/531
f 558/616/616 557/531/531 580/530/530
f 517/611/611 470/490/490 516/617/617
f 516/617/617 470/490/490 515/545/545
f 516/617/617 515/545/545 538/543/543
f 539/612/612 517/611/611 516/617/617
f 539/612/612 516/617/617 538/543/543
f 520/559/559 519/561/561 542/618/618
f 542/618/618 519/561/561 541/563/563
f 542/618/618 541/563/563 564/619/619
f 564/619/619 541/563/563 563/565/565
f 564/619/619 563/565/565 586/620/620
f 586/620/620 563/565/565 585/538/538
f 586/620/620 585/538/538 489/537/537
f 521/558/558 522/621/621 506/560/560
f 506/560/560 522/621/621 523/622/622
f 506/560/560 523/622/622 524/623/623
f 524/623/623 523/622/622 546/624/624
f 524/623/623 546/624/624 547/586/586
f 547/586/586 546/624/624 569/584/584
f 521/558/558 544/556/556 522/621/621
f 522/621/621 544/556/556 545/625/625
f 522/621/621 545/625/625 523/622/622
f 523/622/622 545/625/625 546/624/624
f 525/588/588 506/560/560 524/623/623
f 547/586/586 525/588/588 524/623/623
f 527/590/590 526/589/589 549/626/626
f 549/626/626 526/589/589 548/587/587
f 549/626/626 548/587/587 571/627/627
f 571/627/627 548/587/587 570/585/585
f 571/627/627 570/585/585 593/628/628
f 593/628/628 570/585/585 592/583/583
f 593/628/628 592/583/583 600/629/629
f 600/629/629 592/583/583 599/581/581
f 600/629/629 599/581/581 611/630/630
f 611/630/630 599/581/581 610/579/579
f 611/630/630 610/579/579 616/631/631
f 616/631/631 610/579/579 615/577/577
f 616/631/631 615/577/577 621/608/608
f 508/491/491 530/613/613 531/493/493
f 531/493/493 530/613/613 553/632/632
f 531/493/493 553/632/632 554/495/495
f 554/495/495 553/632/632 576/633/633
f 554/495/495 576/633/633 577/497/497
f 577/497/497 576/633/633 476/499/499
f 553/632/632 530/613/613 552/614/614
f 556/532/532 533/534/534 555/496/496
f 555/496/496 533/534/534 532/494/494
f 514/546/546 536/615/615 537/544/544
f 537/544/544 536/615/615 559/634/634
f 537/544/544 559/634/634 560/542/542
f 560/542/542 559/634/634 582/635/635
f 560/542/542 582/635/635 583/540/540
f 583/540/540 582/635/635 488/529/529
f 559/634/634 536/615/615 558/616/616
f 561/541/541 539/612/612 538/543/543
f 520/559/559 542/618/618 543/557/557
f 543/557/557 542/618/618 565/636/636
f 543/557/557 565/636/636 566/555/555
f 566/555/555 565/636/636 588/637/637
f 566/555/555 588/637/637 589/553/553
f 589/553/553 588/637/637 489/537/537
f 565/636/636 542/618/618 564/619/619
f 544/556/556 567/554/554 545/625/625
f 545/625/625 567/554/554 568/638/638
f 545/625/625 568/638/638 546/624/624
f 546/624/624 568/638/638 569/584/584
f 572/595/595 550/592/592 549/626/626
f 549/626/626 550/592/592 527/590/590
f 572/595/595 549/626/626 571/627/627
f 574/528/528 575/527/527 552/614/614
f 552/614/614 575/527/527 553/632/632
f 579/500/500 556/532/532 578/498/498
f 578/498/498 556/532/532 555/496/496
f 559/634/634 558/616/616 581/639/639
f 581/639/639 558/616/616 580/530/530
f 581/639/639 580/530/530 488/529/529
f 565/636/636 564/619/619 587/640/640
f 587/640/640 564/619/619 586/620/620
f 587/640/640 586/620/620 489/537/537
f 591/582/582 569/584/584 568/638/638
f 591/582/582 568/638/638 590/552/552
f 590/552/552 568/638/638 567/554/554
f 594/597/597 572/595/595 571/627/627
f 594/597/597 571/627/627 593/628/628
f 476/499/499 576/633/633 575/527/527
f 575/527/527 576/633/633 553/632/632
f 488/529/529 582/635/635 581/639/639
f 581/639/639 582/635/635 559/634/634
f 489/537/537 588/637/637 587/640/640
f 587/640/640 588/637/637 565/636/636
f 598/580/580 591/582/582 590/552/552
f 601/599/599 594/597/597 593/628/628
f 601/599/599 593/628/628 600/629/629
f 603/503/503 595/501/501 602/518/518
f 609/578/578 598/580/580 597/551/551
f 597/551/551 598/580/580 590/552/552
f 612/602/602 601/599/599 600/629/629
f 612/602/602 600/629/629 611/630/630
f 605/506/506 603/503/503 602/518/518
f 605/506/506 602/518/518 604/516/516
f 607/509/509 605/506/506 604/516/516
f 607/509/509 604/516/516 606/512/512
f 614/576/576 609/578/578 608/567/567
f 608/567/567 609/578/578 597/551/551
f 617/604/604 612/602/602 611/630/630
f 617/604/604 611/630/630 616/631/631
f 619/574/574 614/576/576 613/569/569
f 613/569/569 614/576/576 608/567/567
f 618/572/572 619/574/574 613/569/569
f 622/606/606 617/604/604 616/631/631
f 622/606/606 616/631/631 621/608/608
f 623/641/641 629/642/642 481/643/643
f 481/643/643 629/642/642 628/644/644
f 481/643/643 628/644/644 482/645/645
f 623/641/641 624/646/646 629/642/642
f 629/642/642 624/646/646 626/647/647
f 629/642/642 626/647/647 627/648/648
f 624/646/646 625/649/649 626/647/647
f 627/648/648 628/644/644 629/642/642
f 630/650/650 631/651/651 625/652/652
f 625/652/652 631/651/651 626/653/653
f 630/654/654 632/655/655 631/656/656
f 631/656/656 632/655/655 636/657/657
f 636/657/657 632/655/655 633/658/658
f 636/657/657 633/658/658 635/659/659
f 635/659/659 633/658/658 634/660/660
f 637/661/661 664/662/662 634/663/663
f 634/663/663 664/662/662 663/664/664
f 634/663/663 663/664/664 635/665/665
f 664/662/662 637/661/661 665/666/666
f 665/666/666 637/661/661 638/667/667
f 665/666/666 638/667/667 666/668/668
f 666/668/668 638/667/667 639/669/669
f 666/668/668 639/669/669 667/670/670
f 667/670/670 639/669/669 640/671/671
f 667/670/670 640/671/671 668/672/672
f 668/672/672 640/671/671 641/673/673
f 668/672/672 641/673/673 669/674/674
f 669/674/674 641/673/673 642/675/675
f 669/674/674 642/675/675 670/676/676
f 670/676/676 642/675/675 643/677/677
f 670/676/676 643/677/677 671/678/678
f 671/678/678 643/677/677 644/679/679
f 671/678/678 644/679/679 672/680/680
f 672/680/680 644/679/679 645/681/681
f 672/680/680 645/681/681 646/682/682
f 646/682/682 647/683/683 672/680/680
f 672/680/680 647/683/683 648/684/684
f 672/680/680 648/684/684 649/685/685
f 672/680/680 649/685/685 671/678/678
f 671/678/678 649/685/685 650/686/686
f 671/678/678 650/686/686 651/687/687
f 671/678/678 651/687/687 670/676/676
f 670/676/676 651/687/687 652/688/688
f 670/676/676 652/688/688 653/689/689
f 670/676/676 653/689/689 669/674/674
f 669/674/674 653/689/689 654/690/690
f 669/674/674 654/690/690 655/691/691
f 669/674/674 655/691/691 668/672/672
f 668/672/672 655/691/691 656/692/692
f 668/672/672 656/692/692 657/693/693
f 668/672/672 657/693/693 667/670/670
f 667/670/670 657/693/693 658/694/694
f 667/670/670 658/694/694 659/695/695
f 667/670/670 659/695/695 666/668/668
f 666/668/668 659/695/695 660/696/696
f 666/668/668 660/696/696 661/697/697
f 666/668/668 661/697/697 665/666/666
f 665/666/666 661/697/697 662/698/698
f 665/666/666 662/698/698 664/662/662
f 664/662/662 662/698/698 663/664/664
f 647/699/699 646/700/700 678/701/701
f 678/701/701 646/700/700 673/702/702
f 678/701/701 673/702/702 674/703/703
f 675/704/704 676/705/705 674/703/703
f 674/703/703 676/705/705 677/706/706
f 674/703/703 677/706/706 678/701/701
f 676/707/707 675/708/708 682/709/709
f 682/709/709 675/708/708 679/710/710
f 682/709/709 679/710/710 680/711/711
f 680/711/711 681/712/712 682/709/709
f 683/713/713 689/714/714 679/715/715
f 679/715/715 689/714/714 690/716/716
f 679/715/715 690/716/716 691/717/717
f 691/717/717 690/716/716 684/718/718
f 691/717/717 684/718/718 686/719/719
f 686/719/719 684/718/718 685/720/720
f 683/713/713 684/718/718 689/714/714
f 689/714/714 684/718/718 690/716/716
f 687/721/721 694/722/722 686/719/719
f 686/719/719 694/722/722 693/723/723
f 686/719/719 693/723/723 692/724/724
f 692/724/724 693/723/723 680/725/725
f 692/724/724 680/725/725 691/717/717
f 691/717/717 680/725/725 679/715/715
f 687/721/721 688/726/726 694/722/722
f 694/722/722 688/726/726 680/725/725
f 694/722/722 680/725/725 693/723/723
f 686/719/719 692/724/724 691/717/717
f 696/727/727 445/728/728 695/729/729
f 695/729/729 445/728/728 444/730/730
f 695/729/729 444/730/730 705/731/731
f 705/731/731 444/730/730 443/732/732
f 705/731/731 443/732/732 704/733/733
f 704/733/733 443/732/732 703/734/734
f 703/734/734 443/732/732 702/735/735
f 697/736/736 701/737/737 696/727/727
f 696/727/727 701/737/737 23/738/738
f 696/727/727 23/738/738 22/739/739
f 698/740/740 699/741/741 697/736/736
f 697/736/736 699/741/741 700/742/742
f 697/736/736 700/742/742 701/737/737
f 22/739/739 21/743/743 696/727/727
f 696/727/727 21/743/743 20/744/744
f 696/727/727 20/744/744 19/745/745
f 19/745/745 18/746/746 696/727/727
f 696/727/727 18/746/746 17/747/747
f 696/727/727 17/747/747 16/748/748
f 16/748/748 15/749/749 696/727/727
f 696/727/727 15/749/749 14/750/750
f 696/727/727 14/750/750 13/751/751
f 13/751/751 166/752/752 696/727/727
f 696/727/727 166/752/752 165/753/753
f 696/727/727 165/753/753 164/754/754
f 181/755/755 422/756/756 164/754/754
f 164/754/754 422/756/756 439/757/757
f 164/754/754 439/757/757 696/727/727
f 696/727/727 439/757/757 445/728/728
f 181/755/755 187/758/758 422/756/756
f 422/756/756 187/758/758 423/759/759
f 423/759/759 187/758/758 186/760/760
f 423/759/759 186/760/760 424/761/761
f 424/761/761 186/760/760 185/762/762
f 424/761/761 185/762/762 211/763/763
f 211/763/763 185/762/762 220/764/764
f 211/763/763 220/764/764 212/765/765
f 212/765/765 220/764/764 213/766/766
f 213/766/766 220/764/764 219/767/767
f 213/766/766 219/767/767 214/768/768
f 214/768/768 219/767/767 218/769/769
f 214/768/768 218/769/769 215/770/770
f 215/770/770 218/769/769 217/771/771
f 215/770/770 217/771/771 216/772/772
f 706/773/773 707/774/774 709/775/775
f 709/775/775 707/774/774 708/776/776
f 710/777/777 711/778/778 734/779/779
f 734/779/779 711/778/778 712/780/780
f 734/779/779 712/780/780 733/781/781
f 733/781/781 712/780/780 713/782/782
f 733/781/781 713/782/782 714/783/783
f 733/781/781 714/783/783 732/784/784
f 732/784/784 714/783/783 715/785/785
f 732/784/784 715/785/785 716/786/786
f 732/784/784 716/786/786 731/787/787
f 731/787/787 716/786/786 717/788/788
f 731/787/787 717/788/788 718/789/789
f 718/789/789 719/790/790 731/787/787
f 731/787/787 719/790/790 720/791/791
f 731/787/787 720/791/791 730/792/792
f 730/792/792 720/791/791 721/793/793
f 730/792/792 721/793/793 722/794/794
f 722/794/794 723/795/795 730/792/792
f 730/792/792 723/795/795 724/796/796
f 730/792/792 724/796/796 725/797/797
f 725/797/797 726/798/798 730/792/792
f 730/792/792 726/798/798 727/799/799
f 730/792/792 727/799/799 729/800/800
f 729/800/800 727/799/799 728/801/801
f 728/802/802 727/803/803 735/804/804
f 735/804/804 727/803/803 726/805/805
f 735/804/804 726/805/805 725/806/806
f 736/807/807 737/808/808 739/809/809
f 739/809/809 737/808/808 738/810/810
f 740/811/811 741/812/812 744/813/813
f 744/813/813 741/812/812 742/814/814
f 744/813/813 742/814/814 743/815/815
f 743/815/815 738/816/816 744/813/813
f 744/813/813 738/816/816 737/817/817
f 745/818/818 746/819/819 766/820/820
f 766/820/820 746/819/819 747/821/821
f 766/820/820 747/821/821 748/822/822
f 766/820/820 748/822/822 736/823/823
f 736/823/823 748/822/822 749/824/824
f 736/823/823 749/824/824 750/825/825
f 750/825/825 751/826/826 736/823/823
f 736/823/823 751/826/826 709/827/827
f 736/823/823 709/827/827 708/828/828
f 751/826/826 752/829/829 709/827/827
f 709/827/827 752/829/829 753/830/830
f 709/827/827 753/830/830 754/831/831
f 709/827/827 754/831/831 728/832/832
f 728/832/832 754/831/831 755/833/833
f 728/832/832 755/833/833 756/834/834
f 756/834/834 757/835/835 728/832/832
f 728/832/832 757/835/835 758/836/836
f 728/832/832 758/836/836 759/837/837
f 759/837/837 760/838/838 728/832/832
f 728/832/832 760/838/838 761/839/839
f 728/832/832 761/839/839 762/840/840
f 763/841/841 37/842/842 762/840/840
f 762/840/840 37/842/842 36/843/843
f 762/840/840 36/843/843 728/832/832
f 728/832/832 36/843/843 729/844/844
f 729/844/844 36/843/843 35/845/845
f 729/844/844 35/845/845 34/846/846
f 763/841/841 764/847/847 37/842/842
f 34/846/846 33/848/848 729/844/844
f 729/844/844 33/848/848 32/849/849
f 729/844/844 32/849/849 31/850/850
f 728/832/832 735/851/851 709/827/827
f 736/823/823 708/828/828 737/852/852
f 737/852/852 708/828/828 765/853/853
f 737/852/852 765/853/853 744/854/854
f 767/855/855 740/856/856 765/857/857
f 765/857/857 740/856/856 744/858/858
f 707/859/859 767/860/860 708/861/861
f 708/861/861 767/860/860 765/862/862
f 768/863/863 739/864/864 743/865/865
f 743/865/865 739/864/864 738/866/866
f 769/867/867 770/868/868 729/869/869
f 729/869/869 770/868/868 771/870/870
f 729/869/869 771/870/870 730/871/871
f 730/871/871 771/870/870 807/872/872
f 730/871/871 807/872/872 731/873/873
f 731/873/873 807/872/872 810/874/874
f 731/873/873 810/874/874 732/875/875
f 732/875/875 810/874/874 812/876/876
f 732/875/875 812/876/876 733/877/877
f 733/877/877 812/876/876 814/878/878
f 733/877/877 814/878/878 734/879/879
f 734/879/879 814/878/878 815/880/880
f 734/879/879 815/880/880 710/881/881
f 710/881/881 815/880/880 801/882/882
f 710/881/881 801/882/882 802/883/883
f 772/884/884 805/885/885 771/870/870
f 771/870/870 805/885/885 806/886/886
f 771/870/870 806/886/886 807/872/872
f 807/872/872 806/886/886 810/874/874
f 805/885/885 772/884/884 804/887/887
f 804/887/887 772/884/884 773/888/888
f 804/887/887 773/888/888 774/889/889
f 774/889/889 775/890/890 804/887/887
f 804/887/887 775/890/890 776/891/891
f 804/887/887 776/891/891 805/885/885
f 805/885/885 776/891/891 777/892/892
f 805/885/885 777/892/892 808/893/893
f 808/893/893 777/892/892 778/894/894
f 808/893/893 778/894/894 779/895/895
f 779/895/895 780/896/896 808/893/893
f 808/893/893 780/896/896 809/897/897
f 808/893/893 809/897/897 805/885/885
f 805/885/885 809/897/897 806/886/886
f 809/897/897 780/896/896 811/898/898
f 811/898/898 780/896/896 781/899/899
f 811/898/898 781/899/899 782/900/900
f 782/900/900 783/901/901 811/898/898
f 811/898/898 783/901/901 784/902/902
f 811/898/898 784/902/902 785/903/903
f 811/898/898 785/903/903 813/904/904
f 813/904/904 785/903/903 786/905/905
f 813/904/904 786/905/905 787/906/906
f 787/906/906 788/907/907 813/904/904
f 813/904/904 788/907/907 789/908/908
f 813/904/904 789/908/908 790/909/909
f 790/909/909 791/910/910 813/904/904
f 813/904/904 791/910/910 814/878/878
f 813/904/904 814/878/878 811/898/898
f 811/898/898 814/878/878 812/876/876
f 811/898/898 812/876/876 809/897/897
f 809/897/897 812/876/876 810/874/874
f 809/897/897 810/874/874 806/886/886
f 814/878/878 791/910/910 815/880/880
f 815/880/880 791/910/910 792/911/911
f 815/880/880 792/911/911 793/912/912
f 793/912/912 794/913/913 815/880/880
f 815/880/880 794/913/913 795/914/914
f 815/880/880 795/914/914 796/915/915
f 796/915/915 797/916/916 815/880/880
f 815/880/880 797/916/916 798/917/917
f 815/880/880 798/917/917 799/918/918
f 799/918/918 800/919/919 815/880/880
f 815/880/880 800/919/919 801/882/882
f 802/883/883 803/920/920 710/881/881
f 816/921/921 817/922/922 818/923/923
f 819/924/924 820/925/925 821/926/926
f 697/927/927 696/928/928 823/929/929
f 823/929/929 696/928/928 822/930/930
f 824/931/931 698/932/932 817/933/933
f 817/933/933 698/932/932 825/934/934
f 817/933/933 825/934/934 826/935/935
f 697/936/936 823/937/937 698/932/932
f 698/932/932 823/937/937 825/934/934
f 826/935/935 818/938/938 817/933/933
f 818/939/939 826/940/940 816/941/941
f 816/941/941 826/940/940 827/942/942
f 816/941/941 827/942/942 829/943/943
f 829/943/943 827/942/942 773/944/944
f 829/943/943 773/944/944 772/945/945
f 827/942/942 828/946/946 773/944/944
f 821/947/926 820/948/947 831/949/948
f 831/949/948 820/948/947 830/950/949
f 831/949/948 830/950/949 828/951/950
f 828/951/950 830/950/949 773/952/951
f 30/953/952 832/954/953 31/955/954
f 31/955/954 832/954/953 729/956/869
f 729/956/869 832/954/953 769/957/867
f 772/958/955 771/959/956 829/960/957
f 829/960/957 771/959/956 770/961/958
f 829/960/957 770/961/958 769/962/959
f 816/963/960 829/964/961 832/965/962
f 832/965/962 829/964/961 769/966/963
f 30/967/964 29/968/965 832/969/962
f 832/969/962 29/968/965 816/970/960
f 816/970/960 29/968/965 28/971/966
f 816/970/960 28/971/966 27/972/967
f 27/972/967 26/973/968 816/970/960
f 816/970/960 26/973/968 817/974/969
f 817/974/969 26/973/968 25/975/970
f 817/974/969 25/975/970 24/976/971
f 24/976/971 833/977/972 817/974/969
f 817/974/969 833/977/972 834/978/973
f 817/974/969 834/978/973 835/979/974
f 835/979/974 824/980/975 817/974/969
f 825/981/976 827/982/977 826/983/978
f 828/984/979 827/985/980 831/986/981
f 831/986/981 827/985/980 821/987/982
f 821/987/982 827/985/980 819/988/983
f 819/988/983 827/985/980 822/989/984
f 822/989/984 827/985/980 825/990/985
f 822/989/984 825/990/985 823/991/986
f 837/992/987 743/993/988 836/994/989
f 836/994/989 743/993/988 843/995/990
f 836/994/989 843/995/990 844/996/991
f 837/992/987 768/997/992 743/993/988
f 743/993/988 742/998/993 843/995/990
f 843/995/990 742/998/993 842/999/994
f 842/999/994 742/998/993 841/1000/995
f 841/1000/995 742/998/993 840/1001/996
f 840/1001/996 742/998/993 839/1002/997
f 839/1002/997 742/998/993 838/1003/998
f 845/1004/999 846/1005/1000 844/996/991
f 844/996/991 846/1005/1000 836/994/989
f 847/1006/1001 766/1007/1002 837/1008/1003
f 837/1008/1003 766/1007/1002 768/1009/1004
f 768/1009/1004 766/1007/1002 736/1010/1005
f 768/1009/1004 736/1010/1005 739/1011/1006
f 853/1012/1007 848/1013/1008 766/1014/1009
f 766/1014/1009 848/1013/1008 849/1015/1010
f 766/1014/1009 849/1015/1010 850/1016/1011
f 850/1016/1011 745/1017/1012 766/1014/1009
f 847/1018/1013 851/1019/1014 766/1014/1009
f 766/1014/1009 851/1019/1014 852/1020/1015
f 766/1014/1009 852/1020/1015 853/1012/1007
f 855/1021/1016 865/1022/1017 854/1023/1018
f 854/1023/1018 865/1022/1017 849/1024/1019
f 854/1023/1018 849/1024/1019 848/1025/1020
f 865/1022/1017 855/1021/1016 866/1026/1021
f 866/1026/1021 855/1021/1016 856/1027/1022
f 866/1026/1021 856/1027/1022 867/1028/1023
f 867/1028/1023 856/1027/1022 857/1029/1024
f 867/1028/1023 857/1029/1024 868/1030/1025
f 868/1030/1025 857/1029/1024 858/1031/1026
f 868/1030/1025 858/1031/1026 869/1032/1027
f 869/1032/1027 858/1031/1026 859/1033/1028
f 869/1032/1027 859/1033/1028 870/1034/1029
f 870/1034/1029 859/1033/1028 860/1035/1030
f 870/1034/1029 860/1035/1030 871/1036/1031
f 871/1036/1031 860/1035/1030 861/1037/1032
f 871/1036/1031 861/1037/1032 872/1038/1033
f 872/1038/1033 861/1037/1032 862/1039/1034
f 872/1038/1033 862/1039/1034 863/1040/1035
f 872/1038/1033 863/1040/1035 873/1041/1036
f 873/1041/1036 863/1040/1035 864/1042/1037
f 873/1041/1036 864/1042/1037 759/1043/1038
f 759/1043/1038 758/1044/1039 873/1041/1036
f 873/1041/1036 758/1044/1039 757/1045/1040
f 873/1041/1036 757/1045/1040 872/1038/1033
f 872/1038/1033 757/1045/1040 756/1046/1041
f 872/1038/1033 756/1046/1041 871/1036/1031
f 871/1036/1031 756/1046/1041 755/1047/1042
f 871/1036/1031 755/1047/1042 754/1048/1043
f 871/1036/1031 754/1048/1043 870/1034/1029
f 870/1034/1029 754/1048/1043 753/1049/1044
f 870/1034/1029 753/1049/1044 752/1050/1045
f 870/1034/1029 752/1050/1045 869/1032/1027
f 869/1032/1027 752/1050/1045 751/1051/1046
f 869/1032/1027 751/1051/1046 750/1052/1047
f 869/1032/1027 750/1052/1047 868/1030/1025
f 868/1030/1025 750/1052/1047 749/1053/1048
f 868/1030/1025 749/1053/1048 748/1054/1049
f 868/1030/1025 748/1054/1049 867/1028/1023
f 867/1028/1023 748/1054/1049 747/1055/1050
f 867/1028/1023 747/1055/1050 746/1056/1051
f 867/1028/1023 746/1056/1051 866/1026/1021
f 866/1026/1021 746/1056/1051 745/1057/1052
f 866/1026/1021 745/1057/1052 850/1058/1053
f 866/1026/1021 850/1058/1053 865/1022/1017
f 865/1022/1017 850/1058/1053 849/1024/1019
f 864/1059/1054 874/1060/1055 759/1061/1056
f 759/1061/1056 874/1060/1055 760/1062/1057
f 760/1062/1057 874/1060/1055 875/1063/1058
f 760/1062/1057 875/1063/1058 761/1064/1059
f 761/1064/1059 875/1063/1058 876/1065/1060
f 876/1066/1061 877/1067/1062 761/1068/1063
f 761/1068/1063 877/1067/1062 762/1069/1064
f 762/1070/1065 877/1071/1066 880/1072/1067
f 880/1072/1067 877/1071/1066 878/1073/1068
f 880/1072/1067 878/1073/1068 879/1074/1069
f 1/1075/1070 37/1076/1071 879/1074/1069
f 879/1074/1069 37/1076/1071 880/1072/1067
f 37/1076/1071 764/1077/1072 880/1072/1067
f 880/1072/1067 764/1077/1072 763/1078/1073
f 880/1072/1067 763/1078/1073 762/1070/1065
f 882/1079/1074 892/1080/1075 881/1081/1076
f 881/1081/1076 892/1080/1075 918/1082/1077
f 881/1081/1076 918/1082/1077 919/1083/1078
f 919/1083/1078 918/1082/1077 974/1084/1079
f 919/1083/1078 974/1084/1079 975/1085/1080
f 975/1085/1080 974/1084/1079 997/1086/1081
f 975/1085/1080 997/1086/1081 998/1087/1082
f 998/1087/1082 997/1086/1081 1020/1088/1083
f 998/1087/1082 1020/1088/1083 1021/1089/1084
f 1021/1089/1084 1020/1088/1083 442/1090/1085
f 1021/1089/1084 442/1090/1085 1022/1091/1086
f 1022/1091/1086 442/1090/1085 1023/1092/1087
f 1022/1091/1086 1023/1092/1087 1000/1093/1088
f 1000/1093/1088 1023/1092/1087 1001/1094/1089
f 1000/1093/1088 1001/1094/1089 978/1095/1090
f 978/1095/1090 1001/1094/1089 979/1096/1091
f 978/1095/1090 979/1096/1091 923/1097/1092
f 923/1097/1092 979/1096/1091 924/1098/1093
f 923/1097/1092 924/1098/1093 891/1099/1094
f 891/1099/1094 924/1098/1093 890/1100/1095
f 890/1100/1095 924/1098/1093 889/1101/1096
f 889/1101/1096 924/1098/1093 979/1096/1091
f 889/1101/1096 979/1096/1091 888/1102/1097
f 888/1102/1097 979/1096/1091 1001/1094/1089
f 888/1102/1097 1001/1094/1089 887/1103/1098
f 887/1103/1098 1001/1094/1089 1023/1092/1087
f 887/1103/1098 1023/1092/1087 442/1090/1085
f 892/1080/1075 882/1079/1074 925/1104/1099
f 925/1104/1099 882/1079/1074 883/1105/1100
f 925/1104/1099 883/1105/1100 936/1106/1101
f 936/1106/1101 883/1105/1100 884/1107/1102
f 936/1106/1101 884/1107/1102 947/1108/1103
f 947/1108/1103 884/1107/1102 885/1109/1104
f 947/1108/1103 885/1109/1104 886/1110/1105
f 844/1111/1106 952/1112/1107 886/1110/1105
f 886/1110/1105 952/1112/1107 951/1113/1108
f 886/1110/1105 951/1113/1108 950/1114/1109
f 950/1114/1109 951/1113/1108 939/1115/1110
f 950/1114/1109 939/1115/1110 938/1116/1111
f 938/1116/1111 939/1115/1110 927/1117/1112
f 938/1116/1111 927/1117/1112 926/1118/1113
f 926/1118/1113 927/1117/1112 893/1119/1114
f 926/1118/1113 893/1119/1114 892/1080/1075
f 892/1080/1075 893/1119/1114 918/1082/1077
f 843/1120/1115 957/1121/1116 844/1111/1106
f 844/1111/1106 957/1121/1116 956/1122/1117
f 844/1111/1106 956/1122/1117 955/1123/1118
f 955/1123/1118 956/1122/1117 944/1124/1119
f 955/1123/1118 944/1124/1119 943/1125/1120
f 943/1125/1120 944/1124/1119 932/1126/1121
f 943/1125/1120 932/1126/1121 931/1127/1122
f 931/1127/1122 932/1126/1121 898/1128/1123
f 931/1127/1122 898/1128/1123 897/1129/1124
f 897/1129/1124 898/1128/1123 913/1130/1125
f 897/1129/1124 913/1130/1125 914/1131/1126
f 914/1131/1126 913/1130/1125 969/1132/1127
f 914/1131/1126 969/1132/1127 970/1133/1128
f 970/1133/1128 969/1132/1127 992/1134/1129
f 970/1133/1128 992/1134/1129 993/1135/1130
f 993/1135/1130 992/1134/1129 1015/1136/1131
f 993/1135/1130 1015/1136/1131 1016/1137/1132
f 1016/1137/1132 1015/1136/1131 442/1090/1085
f 1016/1137/1132 442/1090/1085 1017/1138/1133
f 1017/1138/1133 442/1090/1085 1018/1139/1134
f 1017/1138/1133 1018/1139/1134 995/1140/1135
f 995/1140/1135 1018/1139/1134 996/1141/1136
f 995/1140/1135 996/1141/1136 973/1142/1137
f 973/1142/1137 996/1141/1136 974/1084/1079
f 973/1142/1137 974/1084/1079 918/1082/1077
f 843/1120/1115 842/1143/1138 957/1121/1116
f 957/1121/1116 842/1143/1138 946/1144/1139
f 957/1121/1116 946/1144/1139 945/1145/1140
f 945/1145/1140 946/1144/1139 934/1146/1141
f 945/1145/1140 934/1146/1141 933/1147/1142
f 933/1147/1142 934/1146/1141 900/1148/1143
f 933/1147/1142 900/1148/1143 899/1149/1144
f 899/1149/1144 900/1148/1143 911/1150/1145
f 899/1149/1144 911/1150/1145 912/1151/1146
f 912/1151/1146 911/1150/1145 967/1152/1147
f 912/1151/1146 967/1152/1147 968/1153/1148
f 968/1153/1148 967/1152/1147 990/1154/1149
f 968/1153/1148 990/1154/1149 991/1155/1150
f 991/1155/1150 990/1154/1149 1013/1156/1151
f 991/1155/1150 1013/1156/1151 1014/1157/1152
f 1014/1157/1152 1013/1156/1151 442/1090/1085
f 1014/1157/1152 442/1090/1085 1015/1136/1131
f 842/1143/1138 841/1158/1153 946/1144/1139
f 946/1144/1139 841/1158/1153 840/1159/1154
f 946/1144/1139 840/1159/1154 935/1160/1155
f 935/1160/1155 840/1159/1154 839/1161/1156
f 935/1160/1155 839/1161/1156 902/1162/1157
f 902/1162/1157 839/1161/1156 838/1163/1158
f 902/1162/1157 838/1163/1158 908/1164/1159
f 908/1164/1159 838/1163/1158 907/1165/1160
f 908/1164/1159 907/1165/1160 963/1166/1161
f 963/1166/1161 907/1165/1160 962/1167/1162
f 963/1166/1161 962/1167/1162 985/1168/1163
f 985/1168/1163 962/1167/1162 984/1169/1164
f 985/1168/1163 984/1169/1164 1007/1170/1165
f 1007/1170/1165 984/1169/1164 1006/1171/1166
f 1007/1170/1165 1006/1171/1166 443/1172/1167
f 443/1172/1167 1006/1171/1166 1005/1173/1168
f 443/1172/1167 1005/1173/1168 1004/1174/1169
f 1004/1174/1169 1005/1173/1168 982/1175/1170
f 1004/1174/1169 982/1175/1170 981/1176/1171
f 981/1176/1171 982/1175/1170 959/1177/1172
f 981/1176/1171 959/1177/1172 958/1178/1173
f 958/1178/1173 959/1177/1172 903/1179/1174
f 958/1178/1173 903/1179/1174 705/1180/1175
f 705/1180/1175 903/1179/1174 695/1181/1176
f 695/1181/1176 903/1179/1174 904/1182/1177
f 695/1181/1176 904/1182/1177 905/1183/1178
f 905/1183/1178 904/1182/1177 960/1184/1179
f 905/1183/1178 960/1184/1179 961/1185/1180
f 961/1185/1180 960/1184/1179 983/1186/1181
f 961/1185/1180 983/1186/1181 984/1169/1164
f 984/1169/1164 983/1186/1181 1006/1171/1166
f 695/1181/1176 905/1183/1178 838/1163/1158
f 838/1163/1158 905/1183/1178 906/1187/1182
f 838/1163/1158 906/1187/1182 907/1165/1160
f 907/1165/1160 906/1187/1182 962/1167/1162
f 705/1180/1175 704/1188/1183 958/1178/1173
f 958/1178/1173 704/1188/1183 980/1189/1184
f 958/1178/1173 980/1189/1184 981/1176/1171
f 981/1176/1171 980/1189/1184 1003/1190/1185
f 981/1176/1171 1003/1190/1185 1004/1174/1169
f 1004/1174/1169 1003/1190/1185 443/1172/1167
f 704/1188/1183 703/1191/1186 980/1189/1184
f 980/1189/1184 703/1191/1186 1002/1192/1187
f 980/1189/1184 1002/1192/1187 1003/1190/1185
f 1003/1190/1185 1002/1192/1187 443/1172/1167
f 703/1191/1186 702/1193/1188 1002/1192/1187
f 1002/1192/1187 702/1193/1188 443/1172/1167
f 442/1090/1085 1012/1194/1189 443/1172/1167
f 443/1172/1167 1012/1194/1189 1011/1195/1190
f 443/1172/1167 1011/1195/1190 1010/1196/1191
f 1010/1196/1191 1011/1195/1190 988/1197/1192
f 1010/1196/1191 988/1197/1192 987/1198/1193
f 987/1198/1193 988/1197/1192 965/1199/1194
f 987/1198/1193 965/1199/1194 964/1200/1195
f 964/1200/1195 965/1199/1194 909/1201/1196
f 964/1200/1195 909/1201/1196 908/1164/1159
f 908/1164/1159 909/1201/1196 902/1162/1157
f 923/1097/1092 891/1099/1094 922/1202/1197
f 922/1202/1197 891/1099/1094 881/1081/1076
f 922/1202/1197 881/1081/1076 921/1203/1198
f 921/1203/1198 881/1081/1076 920/1204/1199
f 921/1203/1198 920/1204/1199 976/1205/1200
f 976/1205/1200 920/1204/1199 975/1085/1080
f 976/1205/1200 975/1085/1080 998/1087/1082
f 926/1118/1113 892/1080/1075 925/1104/1099
f 893/1119/1114 894/1206/1201 917/1207/1202
f 917/1207/1202 894/1206/1201 916/1208/1203
f 917/1207/1202 916/1208/1203 972/1209/1204
f 972/1209/1204 916/1208/1203 971/1210/1205
f 972/1209/1204 971/1210/1205 994/1211/1206
f 994/1211/1206 971/1210/1205 993/1135/1130
f 994/1211/1206 993/1135/1130 1016/1137/1132
f 894/1206/1201 895/1212/1207 916/1208/1203
f 916/1208/1203 895/1212/1207 915/1213/1208
f 916/1208/1203 915/1213/1208 971/1210/1205
f 971/1210/1205 915/1213/1208 970/1133/1128
f 971/1210/1205 970/1133/1128 993/1135/1130
f 893/1119/1114 927/1117/1112 894/1206/1201
f 894/1206/1201 927/1117/1112 928/1214/1209
f 894/1206/1201 928/1214/1209 895/1212/1207
f 895/1212/1207 928/1214/1209 929/1215/1210
f 895/1212/1207 929/1215/1210 896/1216/1211
f 896/1216/1211 929/1215/1210 930/1217/1212
f 896/1216/1211 930/1217/1212 897/1129/1124
f 897/1129/1124 930/1217/1212 931/1127/1122
f 895/1212/1207 896/1216/1211 915/1213/1208
f 915/1213/1208 896/1216/1211 914/1131/1126
f 915/1213/1208 914/1131/1126 970/1133/1128
f 896/1216/1211 897/1129/1124 914/1131/1126
f 913/1130/1125 898/1128/1123 912/1151/1146
f 912/1151/1146 898/1128/1123 899/1149/1144
f 933/1147/1142 899/1149/1144 932/1126/1121
f 932/1126/1121 899/1149/1144 898/1128/1123
f 900/1148/1143 901/1218/1213 910/1219/1214
f 910/1219/1214 901/1218/1213 909/1201/1196
f 910/1219/1214 909/1201/1196 965/1199/1194
f 935/1160/1155 902/1162/1157 901/1218/1213
f 901/1218/1213 902/1162/1157 909/1201/1196
f 935/1160/1155 901/1218/1213 934/1146/1141
f 934/1146/1141 901/1218/1213 900/1148/1143
f 960/1184/1179 904/1182/1177 959/1177/1172
f 959/1177/1172 904/1182/1177 903/1179/1174
f 962/1167/1162 906/1187/1182 961/1185/1180
f 961/1185/1180 906/1187/1182 905/1183/1178
f 964/1200/1195 908/1164/1159 963/1166/1161
f 900/1148/1143 910/1219/1214 911/1150/1145
f 911/1150/1145 910/1219/1214 966/1220/1215
f 911/1150/1145 966/1220/1215 967/1152/1147
f 967/1152/1147 966/1220/1215 989/1221/1216
f 967/1152/1147 989/1221/1216 990/1154/1149
f 990/1154/1149 989/1221/1216 1012/1194/1189
f 990/1154/1149 1012/1194/1189 1013/1156/1151
f 1013/1156/1151 1012/1194/1189 442/1090/1085
f 966/1220/1215 910/1219/1214 965/1199/1194
f 969/1132/1127 913/1130/1125 968/1153/1148
f 968/1153/1148 913/1130/1125 912/1151/1146
f 973/1142/1137 918/1082/1077 917/1207/1202
f 917/1207/1202 918/1082/1077 893/1119/1114
f 973/1142/1137 917/1207/1202 972/1209/1204
f 920/1204/1199 881/1081/1076 919/1083/1078
f 975/1085/1080 920/1204/1199 919/1083/1078
f 978/1095/1090 923/1097/1092 922/1202/1197
f 922/1202/1197 921/1203/1198 977/1222/1217
f 977/1222/1217 921/1203/1198 976/1205/1200
f 977/1222/1217 976/1205/1200 999/1223/1218
f 999/1223/1218 976/1205/1200 998/1087/1082
f 999/1223/1218 998/1087/1082 1021/1089/1084
f 926/1118/1113 925/1104/1099 937/1224/1219
f 937/1224/1219 925/1104/1099 936/1106/1101
f 937/1224/1219 936/1106/1101 948/1225/1220
f 948/1225/1220 936/1106/1101 947/1108/1103
f 948/1225/1220 947/1108/1103 886/1110/1105
f 927/1117/1112 939/1115/1110 928/1214/1209
f 928/1214/1209 939/1115/1110 940/1226/1221
f 928/1214/1209 940/1226/1221 929/1215/1210
f 929/1215/1210 940/1226/1221 941/1227/1222
f 929/1215/1210 941/1227/1222 930/1217/1212
f 930/1217/1212 941/1227/1222 942/1228/1223
f 930/1217/1212 942/1228/1223 931/1127/1122
f 931/1127/1122 942/1228/1223 943/1125/1120
f 945/1145/1140 933/1147/1142 944/1124/1119
f 944/1124/1119 933/1147/1142 932/1126/1121
f 946/1144/1139 935/1160/1155 934/1146/1141
f 926/1118/1113 937/1224/1219 938/1116/1111
f 938/1116/1111 937/1224/1219 949/1229/1224
f 938/1116/1111 949/1229/1224 950/1114/1109
f 950/1114/1109 949/1229/1224 886/1110/1105
f 949/1229/1224 937/1224/1219 948/1225/1220
f 939/1115/1110 951/1113/1108 940/1226/1221
f 940/1226/1221 951/1113/1108 952/1112/1107
f 940/1226/1221 952/1112/1107 941/1227/1222
f 941/1227/1222 952/1112/1107 953/1230/1225
f 941/1227/1222 953/1230/1225 942/1228/1223
f 942/1228/1223 953/1230/1225 954/1231/1226
f 942/1228/1223 954/1231/1226 943/1125/1120
f 943/1125/1120 954/1231/1226 955/1123/1118
f 957/1121/1116 945/1145/1140 956/1122/1117
f 956/1122/1117 945/1145/1140 944/1124/1119
f 886/1110/1105 949/1229/1224 948/1225/1220
f 954/1231/1226 953/1230/1225 844/1111/1106
f 844/1111/1106 953/1230/1225 952/1112/1107
f 844/1111/1106 955/1123/1118 954/1231/1226
f 983/1186/1181 960/1184/1179 982/1175/1170
f 982/1175/1170 960/1184/1179 959/1177/1172
f 984/1169/1164 962/1167/1162 961/1185/1180
f 964/1200/1195 963/1166/1161 986/1232/1227
f 986/1232/1227 963/1166/1161 985/1168/1163
f 986/1232/1227 985/1168/1163 1008/1233/1228
f 1008/1233/1228 985/1168/1163 1007/1170/1165
f 1008/1233/1228 1007/1170/1165 443/1172/1167
f 989/1221/1216 966/1220/1215 988/1197/1192
f 988/1197/1192 966/1220/1215 965/1199/1194
f 992/1134/1129 969/1132/1127 991/1155/1150
f 991/1155/1150 969/1132/1127 968/1153/1148
f 995/1140/1135 973/1142/1137 972/1209/1204
f 995/1140/1135 972/1209/1204 994/1211/1206
f 997/1086/1081 974/1084/1079 996/1141/1136
f 1000/1093/1088 978/1095/1090 977/1222/1217
f 977/1222/1217 978/1095/1090 922/1202/1197
f 1000/1093/1088 977/1222/1217 999/1223/1218
f 1006/1171/1166 983/1186/1181 1005/1173/1168
f 1005/1173/1168 983/1186/1181 982/1175/1170
f 964/1200/1195 986/1232/1227 987/1198/1193
f 987/1198/1193 986/1232/1227 1009/1234/1229
f 987/1198/1193 1009/1234/1229 1010/1196/1191
f 1010/1196/1191 1009/1234/1229 443/1172/1167
f 1009/1234/1229 986/1232/1227 1008/1233/1228
f 1012/1194/1189 989/1221/1216 1011/1195/1190
f 1011/1195/1190 989/1221/1216 988/1197/1192
f 1015/1136/1131 992/1134/1129 1014/1157/1152
f 1014/1157/1152 992/1134/1129 991/1155/1150
f 1017/1138/1133 995/1140/1135 994/1211/1206
f 1017/1138/1133 994/1211/1206 1016/1137/1132
f 997/1086/1081 996/1141/1136 1019/1235/1230
f 1019/1235/1230 996/1141/1136 1018/1139/1134
f 1019/1235/1230 1018/1139/1134 442/1090/1085
f 1022/1091/1086 1000/1093/1088 999/1223/1218
f 1022/1091/1086 999/1223/1218 1021/1089/1084
f 443/1172/1167 1009/1234/1229 1008/1233/1228
f 442/1090/1085 1020/1088/1083 1019/1235/1230
f 1019/1235/1230 1020/1088/1083 997/1086/1081
f 1024/1236/1231 1027/1237/1232 886/1238/1233
f 886/1238/1233 1027/1237/1232 1028/1239/1234
f 886/1238/1233 1028/1239/1234 1029/1240/1235
f 1029/1240/1235 1028/1239/1234 1025/1241/1236
f 1029/1240/1235 1025/1241/1236 836/1242/1237
f 836/1242/1237 1025/1241/1236 1026/1243/1238
f 1024/1236/1231 1025/1241/1236 1027/1237/1232
f 1027/1237/1232 1025/1241/1236 1028/1239/1234
f 846/1244/1239 1032/1245/1240 836/1242/1237
f 836/1242/1237 1032/1245/1240 1031/1246/1241
f 836/1242/1237 1031/1246/1241 1030/1247/1242
f 1030/1247/1242 1031/1246/1241 845/1248/1243
f 1030/1247/1242 845/1248/1243 886/1238/1233
f 886/1238/1233 845/1248/1243 844/1249/1244
f 846/1244/1239 845/1248/1243 1032/1245/1240
f 1032/1245/1240 845/1248/1243 1031/1246/1241
f 1030/1247/1242 886/1238/1233 1029/1240/1235
f 836/1242/1237 1030/1247/1242 1029/1240/1235
f 835/1250/1245 699/1251/1246 824/1252/1247
f 824/1252/1247 699/1251/1246 698/1253/1248
f 834/1254/1249 1033/1255/1250 835/1256/1251
f 835/1256/1251 1033/1255/1250 1034/1257/1252
f 835/1256/1251 1034/1257/1252 1035/1258/1253
f 1035/1258/1253 1034/1257/1252 23/1259/1254
f 1035/1258/1253 23/1259/1254 701/1260/1255
f 834/1254/1249 833/1261/1256 1033/1255/1250
f 1033/1255/1250 833/1261/1256 1034/1257/1252
f 24/1262/1257 23/1259/1254 833/1261/1256
f 833/1261/1256 23/1259/1254 1034/1257/1252
f 701/1260/1255 700/1263/1258 1035/1258/1253
f 1035/1258/1253 700/1263/1258 835/1256/1251
f 700/1263/1258 699/1264/1259 835/1256/1251
f 836/1265/1260 1026/1266/1261 847/1267/1262
f 847/1267/1262 1026/1266/1261 1036/1268/1263
f 847/1267/1262 1036/1268/1263 851/1269/1264
f 847/1267/1262 837/1270/1265 836/1265/1260
f 851/1271/1266 1036/1272/1267 852/1273/1268
f 852/1273/1268 1036/1272/1267 1037/1274/1269
f 852/1273/1268 1037/1274/1269 1038/1275/1270
f 854/1276/1271 848/1277/1272 1038/1275/1270
f 1038/1275/1270 848/1277/1272 853/1278/1273
f 1038/1275/1270 853/1278/1273 852/1273/1268
f 1040/1279/1274 1043/1280/1275 1039/1281/1276
f 1039/1281/1276 1043/1280/1275 1044/1282/1277
f 1039/1281/1276 1044/1282/1277 1045/1283/1278
f 1041/1284/1279 1068/1285/1280 1040/1279/1274
f 1040/1279/1274 1068/1285/1280 1069/1286/1281
f 1040/1279/1274 1069/1286/1281 1070/1287/1282
f 1042/1288/1283 1060/1289/1284 1041/1284/1279
f 1041/1284/1279 1060/1289/1284 1061/1290/1285
f 1041/1284/1279 1061/1290/1285 1062/1291/1286
f 1039/1281/1276 1052/1292/1287 1042/1288/1283
f 1042/1288/1283 1052/1292/1287 1053/1293/1288
f 1042/1288/1283 1053/1293/1288 1054/1294/1289
f 1045/1283/1278 1046/1295/1290 1039/1281/1276
f 1039/1281/1276 1046/1295/1290 1047/1296/1291
f 1039/1281/1276 1047/1296/1291 1048/1297/1292
f 1048/1297/1292 1049/1298/1293 1039/1281/1276
f 1039/1281/1276 1049/1298/1293 1050/1299/1294
f 1039/1281/1276 1050/1299/1294 1051/1300/1295
f 1051/1300/1295 1052/1292/1287 1039/1281/1276
f 1054/1294/1289 1055/1301/1296 1042/1288/1283
f 1042/1288/1283 1055/1301/1296 1056/1302/1297
f 1042/1288/1283 1056/1302/1297 1057/1303/1298
f 1057/1303/1298 1058/1304/1299 1042/1288/1283
f 1042/1288/1283 1058/1304/1299 1059/1305/1300
f 1042/1288/1283 1059/1305/1300 1060/1289/1284
f 1062/1291/1286 1063/1306/1301 1041/1284/1279
f 1041/1284/1279 1063/1306/1301 1064/1307/1302
f 1041/1284/1279 1064/1307/1302 1065/1308/1303
f 1065/1308/1303 1066/1309/1304 1041/1284/1279
f 1041/1284/1279 1066/1309/1304 1067/1310/1305
f 1041/1284/1279 1067/1310/1305 1068/1285/1280
f 1070/1287/1282 1071/1311/1306 1040/1279/1274
f 1040/1279/1274 1071/1311/1306 1072/1312/1307
f 1040/1279/1274 1072/1312/1307 1073/1313/1308
f 1073/1313/1308 1074/1314/1309 1040/1279/1274
f 1040/1279/1274 1074/1314/1309 1075/1315/1310
f 1040/1279/1274 1075/1315/1310 1076/1316/1311
f 1076/1316/1311 1043/1280/1275 1040/1279/1274
f 1110/1317/1312 1077/1318/1313 1111/1319/1314
f 1111/1320/1314 1077/1321/1313 1078/1322/1315
f 1111/1320/1314 1078/1322/1315 1115/1323/1316
f 1115/1323/1316 1078/1322/1315 1079/1324/1317
f 1115/1323/1316 1079/1324/1317 1119/1325/1318
f 1119/1325/1318 1079/1324/1317 1080/1326/1319
f 1119/1325/1318 1080/1326/1319 1123/1327/1320
f 1123/1327/1320 1080/1326/1319 1081/1328/1321
f 1123/1327/1320 1081/1328/1321 1127/1329/1322
f 1127/1329/1322 1081/1328/1321 1082/1330/1323
f 1127/1329/1322 1082/1330/1323 1131/1331/1324
f 1131/1331/1324 1082/1330/1323 1083/1332/1325
f 1131/1331/1324 1083/1332/1325 1135/1333/1326
f 1135/1333/1326 1083/1332/1325 1084/1334/1327
f 1135/1333/1326 1084/1334/1327 1139/1335/1328
f 1139/1335/1328 1084/1334/1327 1085/1336/1329
f 1139/1335/1328 1085/1336/1329 1143/1337/1330
f 1143/1337/1330 1085/1336/1329 1086/1338/1331
f 1143/1337/1330 1086/1338/1331 1147/1339/1332
f 1147/1339/1332 1086/1338/1331 1087/1340/1333
f 1147/1339/1332 1087/1340/1333 1151/1341/1334
f 1151/1341/1334 1087/1340/1333 1088/1342/1335
f 1151/1341/1334 1088/1342/1335 1155/1343/1336
f 1155/1343/1336 1088/1342/1335 1089/1344/1337
f 1155/1343/1336 1089/1344/1337 1159/1345/1338
f 1159/1345/1338 1089/1344/1337 1090/1346/1339
f 1159/1345/1338 1090/1346/1339 1163/1347/1340
f 1163/1347/1340 1090/1346/1339 1091/1348/1341
f 1163/1347/1340 1091/1348/1341 1167/1349/1342
f 1167/1349/1342 1091/1348/1341 1092/1350/1343
f 1167/1349/1342 1092/1350/1343 1171/1351/1344
f 1171/1351/1344 1092/1350/1343 1093/1352/1345
f 1171/1351/1344 1093/1352/1345 1175/1353/1346
f 1175/1353/1346 1093/1352/1345 1094/1354/1347
f 1175/1353/1346 1094/1354/1347 1179/1355/1348
f 1179/1355/1348 1094/1354/1347 1095/1356/1349
f 1179/1355/1348 1095/1356/1349 1183/1357/1350
f 1183/1357/1350 1095/1356/1349 1096/1358/1351
f 1183/1357/1350 1096/1358/1351 1187/1359/1352
f 1187/1359/1352 1096/1358/1351 1097/1360/1353
f 1187/1359/1352 1097/1360/1353 1191/1361/1354
f 1191/1361/1354 1097/1360/1353 1098/1362/1355
f 1191/1361/1354 1098/1362/1355 1195/1363/1356
f 1195/1363/1356 1098/1362/1355 1099/1364/1357
f 1195/1363/1356 1099/1364/1357 1199/1365/1358
f 1199/1365/1358 1099/1364/1357 1100/1366/1359
f 1199/1365/1358 1100/1366/1359 1203/1367/1360
f 1203/1367/1360 1100/1366/1359 1101/1368/1361
f 1203/1367/1360 1101/1368/1361 1207/1369/1362
f 1207/1369/1362 1101/1368/1361 1102/1370/1363
f 1207/1369/1362 1102/1370/1363 1211/1371/1364
f 1211/1371/1364 1102/1370/1363 1103/1372/1365
f 1211/1371/1364 1103/1372/1365 1215/1373/1366
f 1215/1373/1366 1103/1372/1365 1104/1374/1367
f 1215/1373/1366 1104/1374/1367 1219/1375/1368
f 1219/1375/1368 1104/1374/1367 1105/1376/1369
f 1219/1375/1368 1105/1376/1369 1223/1377/1370
f 1223/1377/1370 1105/1376/1369 1106/1378/1371
f 1223/1377/1370 1106/1378/1371 1227/1379/1372
f 1227/1379/1372 1106/1378/1371 1107/1380/1373
f 1227/1379/1372 1107/1380/1373 1231/1381/1374
f 1231/1381/1374 1107/1380/1373 1108/1382/1375
f 1231/1381/1374 1108/1382/1375 1235/1383/1376
f 1235/1383/1376 1108/1382/1375 1109/1384/1377
f 1235/1383/1376 1109/1384/1377 1239/1385/1378
f 1239/1385/1378 1109/1384/1377 1110/1317/1312
f 1239/1385/1378 1110/1317/1312 1111/1319/1314
f 1076/1386/1379 1210/1387/1380 1043/1388/1381
f 1043/1388/1381 1210/1387/1380 1214/1389/1382
f 1043/1388/1381 1214/1389/1382 1044/1390/1383
f 1044/1390/1383 1214/1389/1382 1218/1391/1384
f 1044/1390/1383 1218/1391/1384 1045/1392/1385
f 1045/1392/1385 1218/1391/1384 1222/1393/1386
f 1045/1392/1385 1222/1393/1386 1046/1394/1387
f 1046/1394/1387 1222/1393/1386 1226/1395/1388
f 1046/1394/1387 1226/1395/1388 1047/1396/1389
f 1047/1396/1389 1226/1395/1388 1230/1397/1390
f 1047/1396/1389 1230/1397/1390 1048/1398/1391
f 1048/1398/1391 1230/1397/1390 1234/1399/1392
f 1048/1398/1391 1234/1399/1392 1049/1400/1393
f 1049/1400/1393 1234/1399/1392 1238/1401/1394
f 1049/1400/1393 1238/1401/1394 1050/1402/1395
f 1050/1402/1395 1238/1401/1394 1242/1403/1396
f 1050/1402/1395 1242/1403/1396 1051/1404/1397
f 1051/1404/1397 1242/1403/1396 1114/1405/1398
f 1051/1404/1397 1114/1405/1398 1052/1406/1399
f 1052/1407/1399 1114/1408/1398 1118/1409/1400
f 1052/1407/1399 1118/1409/1400 1053/1410/1401
f 1053/1410/1401 1118/1409/1400 1122/1411/1402
f 1053/1410/1401 1122/1411/1402 1054/1412/1403
f 1054/1412/1403 1122/1411/1402 1126/1413/1404
f 1054/1412/1403 1126/1413/1404 1055/1414/1405
f 1055/1414/1405 1126/1413/1404 1130/1415/1406
f 1055/1414/1405 1130/1415/1406 1056/1416/1407
f 1056/1416/1407 1130/1415/1406 1134/1417/1408
f 1056/1416/1407 1134/1417/1408 1057/1418/1409
f 1057/1418/1409 1134/1417/1408 1138/1419/1410
f 1057/1418/1409 1138/1419/1410 1058/1420/1411
f 1058/1420/1411 1138/1419/1410 1142/1421/1412
f 1058/1420/1411 1142/1421/1412 1059/1422/1413
f 1059/1422/1413 1142/1421/1412 1146/1423/1414
f 1059/1422/1413 1146/1423/1414 1060/1424/1415
f 1060/1424/1415 1146/1423/1414 1150/1425/1416
f 1060/1424/1415 1150/1425/1416 1061/1426/1417
f 1061/1426/1417 1150/1425/1416 1154/1427/1418
f 1061/1426/1417 1154/1427/1418 1062/1428/1419
f 1062/1428/1419 1154/1427/1418 1158/1429/1420
f 1062/1428/1419 1158/1429/1420 1063/1430/1421
f 1063/1430/1421 1158/1429/1420 1162/1431/1422
f 1063/1430/1421 1162/1431/1422 1064/1432/1423
f 1064/1432/1423 1162/1431/1422 1166/1433/1424
f 1064/1432/1423 1166/1433/1424 1065/1434/1425
f 1065/1434/1425 1166/1433/1424 1170/1435/1426
f 1065/1434/1425 1170/1435/1426 1066/1436/1427
f 1066/1436/1427 1170/1435/1426 1174/1437/1428
f 1066/1436/1427 1174/1437/1428 1067/1438/1429
f 1067/1438/1429 1174/1437/1428 1178/1439/1430
f 1067/1438/1429 1178/1439/1430 1068/1440/1431
f 1068/1440/1431 1178/1439/1430 1069/1441/1432
f 1069/1441/1432 1178/1439/1430 1182/1442/1433
f 1069/1441/1432 1182/1442/1433 1070/1443/1434
f 1070/1443/1434 1182/1442/1433 1186/1444/1435
f 1070/1443/1434 1186/1444/1435 1071/1445/1436
f 1071/1445/1436 1186/1444/1435 1190/1446/1437
f 1071/1445/1436 1190/1446/1437 1072/1447/1438
f 1072/1447/1438 1190/1446/1437 1194/1448/1439
f 1072/1447/1438 1194/1448/1439 1073/1449/1440
f 1073/1449/1440 1194/1448/1439 1198/1450/1441
f 1073/1449/1440 1198/1450/1441 1074/1451/1442
f 1074/1451/1442 1198/1450/1441 1202/1452/1443
f 1074/1451/1442 1202/1452/1443 1075/1453/1444
f 1075/1453/1444 1202/1452/1443 1206/1454/1445
f 1075/1453/1444 1206/1454/1445 1076/1386/1379
f 1076/1386/1379 1206/1454/1445 1210/1387/1380
f 1111/1319/1314 1112/1455/1446 1239/1385/1378
f 1239/1385/1378 1112/1455/1446 1240/1456/1447
f 1239/1385/1378 1240/1456/1447 1235/1383/1376
f 1235/1383/1376 1240/1456/1447 1236/1457/1448
f 1235/1383/1376 1236/1457/1448 1231/1381/1374
f 1231/1381/1374 1236/1457/1448 1232/1458/1449
f 1231/1381/1374 1232/1458/1449 1227/1379/1372
f 1227/1379/1372 1232/1458/1449 1228/1459/1450
f 1227/1379/1372 1228/1459/1450 1223/1377/1370
f 1223/1377/1370 1228/1459/1450 1224/1460/1451
f 1223/1377/1370 1224/1460/1451 1219/1375/1368
f 1219/1375/1368 1224/1460/1451 1220/1461/1452
f 1219/1375/1368 1220/1461/1452 1215/1373/1366
f 1215/1373/1366 1220/1461/1452 1216/1462/1453
f 1215/1373/1366 1216/1462/1453 1211/1371/1364
f 1211/1371/1364 1216/1462/1453 1212/1463/1454
f 1211/1371/1364 1212/1463/1454 1207/1369/1362
f 1207/1369/1362 1212/1463/1454 1208/1464/1455
f 1207/1369/1362 1208/1464/1455 1203/1367/1360
f 1203/1367/1360 1208/1464/1455 1204/1465/1456
f 1203/1367/1360 1204/1465/1456 1199/1365/1358
f 1199/1365/1358 1204/1465/1456 1200/1466/1457
f 1199/1365/1358 1200/1466/1457 1195/1363/1356
f 1195/1363/1356 1200/1466/1457 1196/1467/1458
f 1195/1363/1356 1196/1467/1458 1191/1361/1354
f 1191/1361/1354 1196/1467/1458 1192/1468/1459
f 1191/1361/1354 1192/1468/1459 1187/1359/1352
f 1187/1359/1352 1192/1468/1459 1188/1469/1460
f 1187/1359/1352 1188/1469/1460 1183/1357/1350
f 1183/1357/1350 1188/1469/1460 1184/1470/1461
f 1183/1357/1350 1184/1470/1461 1179/1355/1348
f 1179/1355/1348 1184/1470/1461 1180/1471/1462
f 1179/1355/1348 1180/1471/1462 1175/1353/1346
f 1175/1353/1346 1180/1471/1462 1176/1472/1463
f 1175/1353/1346 1176/1472/1463 1171/1351/1344
f 1171/1351/1344 1176/1472/1463 1172/1473/1464
f 1171/1351/1344 1172/1473/1464 1167/1349/1342
f 1167/1349/1342 1172/1473/1464 1168/1474/1465
f 1167/1349/1342 1168/1474/1465 1163/1347/1340
f 1163/1347/1340 1168/1474/1465 1164/1475/1466
f 1163/1347/1340 1164/1475/1466 1159/1345/1338
f 1159/1345/1338 1164/1475/1466 1160/1476/1467
f 1159/1345/1338 1160/1476/1467 1155/1343/1336
f 1155/1343/1336 1160/1476/1467 1156/1477/1468
f 1155/1343/1336 1156/1477/1468 1151/1341/1334
f 1151/1341/1334 1156/1477/1468 1152/1478/1469
f 1151/1341/1334 1152/1478/1469 1147/1339/1332
f 1147/1339/1332 1152/1478/1469 1148/1479/1470
f 1147/1339/1332 1148/1479/1470 1143/1337/1330
f 1143/1337/1330 1148/1479/1470 1144/1480/1471
f 1143/1337/1330 1144/1480/1471 1139/1335/1328
f 1139/1335/1328 1144/1480/1471 1140/1481/1472
f 1139/1335/1328 1140/1481/1472 1135/1333/1326
f 1135/1333/1326 1140/1481/1472 1136/1482/1473
f 1135/1333/1326 1136/1482/1473 1131/1331/1324
f 1131/1331/1324 1136/1482/1473 1132/1483/1474
f 1131/1331/1324 1132/1483/1474 1127/1329/1322
f 1127/1329/1322 1132/1483/1474 1128/1484/1475
f 1127/1329/1322 1128/1484/1475 1123/1327/1320
f 1123/1327/1320 1128/1484/1475 1124/1485/1476
f 1123/1327/1320 1124/1485/1476 1119/1325/1318
f 1119/1325/1318 1124/1485/1476 1120/1486/1477
f 1119/1325/1318 1120/1486/1477 1115/1323/1316
f 1115/1323/1316 1120/1486/1477 1116/1487/1478
f 1115/1323/1316 1116/1487/1478 1111/1320/1314
f 1111/1320/1314 1116/1487/1478 1112/1488/1446
f 1112/1455/1446 1113/1489/1479 1240/1456/1447
f 1240/1456/1447 1113/1489/1479 1241/1490/1480
f 1240/1456/1447 1241/1490/1480 1236/1457/1448
f 1236/1457/1448 1241/1490/1480 1237/1491/1481
f 1236/1457/1448 1237/1491/1481 1232/1458/1449
f 1232/1458/1449 1237/1491/1481 1233/1492/1482
f 1232/1458/1449 1233/1492/1482 1228/1459/1450
f 1228/1459/1450 1233/1492/1482 1229/1493/1483
f 1228/1459/1450 1229/1493/1483 1224/1460/1451
f 1224/1460/1451 1229/1493/1483 1225/1494/1484
f 1224/1460/1451 1225/1494/1484 1220/1461/1452
f 1220/1461/1452 1225/1494/1484 1221/1495/1485
f 1220/1461/1452 1221/1495/1485 1216/1462/1453
f 1216/1462/1453 1221/1495/1485 1217/1496/1486
f 1216/1462/1453 1217/1496/1486 1212/1463/1454
f 1212/1463/1454 1217/1496/1486 1213/1497/1487
f 1212/1463/1454 1213/1497/1487 1208/1464/1455
f 1208/1464/1455 1213/1497/1487 1209/1498/1488
f 1208/1464/1455 1209/1498/1488 1204/1465/1456
f 1204/1465/1456 1209/1498/1488 1205/1499/1489
f 1204/1465/1456 1205/1499/1489 1200/1466/1457
f 1200/1466/1457 1205/1499/1489 1201/1500/1490
f 1200/1466/1457 1201/1500/1490 1196/1467/1458
f 1196/1467/1458 1201/1500/1490 1197/1501/1491
f 1196/1467/1458 1197/1501/1491 1192/1468/1459
f 1192/1468/1459 1197/1501/1491 1193/1502/1492
f 1192/1468/1459 1193/1502/1492 1188/1469/1460
f 1188/1469/1460 1193/1502/1492 1189/1503/1493
f 1188/1469/1460 1189/1503/1493 1184/1470/1461
f 1184/1470/1461 1189/1503/1493 1185/1504/1494
f 1184/1470/1461 1185/1504/1494 1180/1471/1462
f 1180/1471/1462 1185/1504/1494 1181/1505/1495
f 1180/1471/1462 1181/1505/1495 1176/1472/1463
f 1176/1472/1463 1181/1505/1495 1177/1506/1496
f 1176/1472/1463 1177/1506/1496 1172/1473/1464
f 1172/1473/1464 1177/1506/1496 1173/1507/1497
f 1172/1473/1464 1173/1507/1497 1168/1474/1465
f 1168/1474/1465 1173/1507/1497 1169/1508/1498
f 1168/1474/1465 1169/1508/1498 1164/1475/1466
f 1164/1475/1466 1169/1508/1498 1165/1509/1499
f 1164/1475/1466 1165/1509/1499 1160/1476/1467
f 1160/1476/1467 1165/1509/1499 1161/1510/1500
f 1160/1476/1467 1161/1510/1500 1156/1477/1468
f 1156/1477/1468 1161/1510/1500 1157/1511/1501
f 1156/1477/1468 1157/1511/1501 1152/1478/1469
f 1152/1478/1469 1157/1511/1501 1153/1512/1502
f 1152/1478/1469 1153/1512/1502 1148/1479/1470
f 1148/1479/1470 1153/1512/1502 1149/1513/1503
f 1148/1479/1470 1149/1513/1503 1144/1480/1471
f 1144/1480/1471 1149/1513/1503 1145/1514/1504
f 1144/1480/1471 1145/1514/1504 1140/1481/1472
f 1140/1481/1472 1145/1514/1504 1141/1515/1505
f 1140/1481/1472 1141/1515/1505 1136/1482/1473
f 1136/1482/1473 1141/1515/1505 1137/1516/1506
f 1136/1482/1473 1137/1516/1506 1132/1483/1474
f 1132/1483/1474 1137/1516/1506 1133/1517/1507
f 1132/1483/1474 1133/1517/1507 1128/1484/1475
f 1128/1484/1475 1133/1517/1507 1129/1518/1508
f 1128/1484/1475 1129/1518/1508 1124/1485/1476
f 1124/1485/1476 1129/1518/1508 1125/1519/1509
f 1124/1485/1476 1125/1519/1509 1120/1486/1477
f 1120/1486/1477 1125/1519/1509 1121/1520/1510
f 1120/1486/1477 1121/1520/1510 1116/1487/1478
f 1116/1487/1478 1121/1520/1510 1117/1521/1511
f 1116/1487/1478 1117/1521/1511 1112/1488/1446
f 1112/1488/1446 1117/1521/1511 1113/1522/1479
f 1113/1489/1479 1114/1405/1398 1241/1490/1480
f 1241/1490/1480 1114/1405/1398 1242/1403/1396
f 1241/1490/1480 1242/1403/1396 1237/1491/1481
f 1237/1491/1481 1242/1403/1396 1238/1401/1394
f 1237/1491/1481 1238/1401/1394 1233/1492/1482
f 1233/1492/1482 1238/1401/1394 1234/1399/1392
f 1233/1492/1482 1234/1399/1392 1229/1493/1483
f 1229/1493/1483 1234/1399/1392 1230/1397/1390
f 1229/1493/1483 1230/1397/1390 1225/1494/1484
f 1225/1494/1484 1230/1397/1390 1226/1395/1388
f 1225/1494/1484 1226/1395/1388 1221/1495/1485
f 1221/1495/1485 1226/1395/1388 1222/1393/1386
f 1221/1495/1485 1222/1393/1386 1217/1496/1486
f 1217/1496/1486 1222/1393/1386 1218/1391/1384
f 1217/1496/1486 1218/1391/1384 1213/1497/1487
f 1213/1497/1487 1218/1391/1384 1214/1389/1382
f 1213/1497/1487 1214/1389/1382 1209/1498/1488
f 1209/1498/1488 1214/1389/1382 1210/1387/1380
f 1209/1498/1488 1210/1387/1380 1205/1499/1489
f 1205/1499/1489 1210/1387/1380 1206/1454/1445
f 1205/1499/1489 1206/1454/1445 1201/1500/1490
f 1201/1500/1490 1206/1454/1445 1202/1452/1443
f 1201/1500/1490 1202/1452/1443 1197/1501/1491
f 1197/1501/1491 1202/1452/1443 1198/1450/1441
f 1197/1501/1491 1198/1450/1441 1193/1502/1492
f 1193/1502/1492 1198/1450/1441 1194/1448/1439
f 1193/1502/1492 1194/1448/1439 1189/1503/1493
f 1189/1503/1493 1194/1448/1439 1190/1446/1437
f 1189/1503/1493 1190/1446/1437 1185/1504/1494
f 1185/1504/1494 1190/1446/1437 1186/1444/1435
f 1185/1504/1494 1186/1444/1435 1181/1505/1495
f 1181/1505/1495 1186/1444/1435 1182/1442/1433
f 1181/1505/1495 1182/1442/1433 1177/1506/1496
f 1177/1506/1496 1182/1442/1433 1178/1439/1430
f 1177/1506/1496 1178/1439/1430 1173/1507/1497
f 1173/1507/1497 1178/1439/1430 1174/1437/1428
f 1173/1507/1497 1174/1437/1428 1169/1508/1498
f 1169/1508/1498 1174/1437/1428 1170/1435/1426
f 1169/1508/1498 1170/1435/1426 1165/1509/1499
f 1165/1509/1499 1170/1435/1426 1166/1433/1424
f 1165/1509/1499 1166/1433/1424 1161/1510/1500
f 1161/1510/1500 1166/1433/1424 1162/1431/1422
f 1161/1510/1500 1162/1431/1422 1157/1511/1501
f 1157/1511/1501 1162/1431/1422 1158/1429/1420
f 1157/1511/1501 1158/1429/1420 1153/1512/1502
f 1153/1512/1502 1158/1429/1420 1154/1427/1418
f 1153/1512/1502 1154/1427/1418 1149/1513/1503
f 1149/1513/1503 1154/1427/1418 1150/1425/1416
f 1149/1513/1503 1150/1425/1416 1145/1514/1504
f 1145/1514/1504 1150/1425/1416 1146/1423/1414
f 1145/1514/1504 1146/1423/1414 1141/1515/1505
f 1141/1515/1505 1146/1423/1414 1142/1421/1412
f 1141/1515/1505 1142/1421/1412 1137/1516/1506
f 1137/1516/1506 1142/1421/1412 1138/1419/1410
f 1137/1516/1506 1138/1419/1410 1133/1517/1507
f 1133/1517/1507 1138/1419/1410 1134/1417/1408
f 1133/1517/1507 1134/1417/1408 1129/1518/1508
f 1129/1518/1508 1134/1417/1408 1130/1415/1406
f 1129/1518/1508 1130/1415/1406 1125/1519/1509
f 1125/1519/1509 1130/1415/1406 1126/1413/1404
f 1125/1519/1509 1126/1413/1404 1121/1520/1510
f 1121/1520/1510 1126/1413/1404 1122/1411/1402
f 1121/1520/1510 1122/1411/1402 1117/1521/1511
f 1117/1521/1511 1122/1411/1402 1118/1409/1400
f 1117/1521/1511 1118/1409/1400 1113/1522/1479
f 1113/1522/1479 1118/1409/1400 1114/1408/1398
f 1244/1523/1512 1251/1524/1513 1243/1525/1514
f 1243/1525/1514 1251/1524/1513 1252/1526/1515
f 1243/1525/1514 1252/1526/1515 1270/1527/1516
f 1270/1527/1516 1252/1526/1515 1253/1528/1517
f 1270/1527/1516 1253/1528/1517 1269/1529/1518
f 1269/1529/1518 1253/1528/1517 1268/1530/1519
f 1268/1530/1519 1253/1528/1517 1254/1531/1520
f 1268/1530/1519 1254/1531/1520 1267/1532/1521
f 1267/1532/1521 1254/1531/1520 1255/1533/1522
f 1267/1532/1521 1255/1533/1522 1266/1534/1523
f 1266/1534/1523 1255/1533/1522 1256/1535/1524
f 1266/1534/1523 1256/1535/1524 1265/1536/1525
f 1265/1536/1525 1256/1535/1524 1257/1537/1526
f 1265/1536/1525 1257/1537/1526 1258/1538/1527
f 1251/1524/1513 1244/1523/1512 1250/1539/1528
f 1250/1539/1528 1244/1523/1512 1245/1540/1529
f 1250/1539/1528 1245/1540/1529 1249/1541/1530
f 1249/1541/1530 1245/1540/1529 1246/1542/1531
f 1249/1541/1530 1246/1542/1531 1247/1543/1532
f 1247/1543/1532 1248/1544/1533 1249/1541/1530
f 1265/1536/1525 1258/1538/1527 1264/1545/1534
f 1264/1545/1534 1258/1538/1527 1259/1546/1535
f 1264/1545/1534 1259/1546/1535 1263/1547/1536
f 1263/1547/1536 1259/1546/1535 1260/1548/1537
f 1263/1547/1536 1260/1548/1537 1262/1549/1538
f 1262/1549/1538 1260/1548/1537 1261/1550/1539
f 1270/1527/1516 1271/1551/1540 1243/1525/1514
f 1243/1525/1514 1271/1551/1540 1272/1552/1541
f 1243/1525/1514 1272/1552/1541 506/1553/1542
f 506/1553/1542 505/1554/1543 1243/1525/1514
f 1243/1525/1514 505/1554/1543 504/1555/1544
f 1243/1525/1514 504/1555/1544 503/1556/1545
f 503/1556/1545 502/1557/1546 1243/1525/1514
f 1243/1525/1514 502/1557/1546 501/1558/1547
f 1243/1525/1514 501/1558/1547 500/1559/1548
f 500/1559/1548 499/1560/1549 1243/1525/1514
f 1243/1525/1514 499/1560/1549 498/1561/1550
f 1243/1525/1514 498/1561/1550 497/1562/1551
f 497/1562/1551 496/1563/1552 1243/1525/1514
f 1243/1525/1514 496/1563/1552 1273/1564/1553
f 1243/1525/1514 1273/1564/1553 1277/1565/1554
f 1277/1565/1554 1273/1564/1553 1274/1566/1555
f 1277/1565/1554 1274/1566/1555 1275/1567/1556
f 1275/1567/1556 1276/1568/1557 1277/1565/1554
f 468/1569/1558 1278/1570/1559 469/1571/1560
f 469/1571/1560 1278/1570/1559 1279/1572/1561
f 1304/1573/1562 1280/1574/1563 1300/1575/1564
f 1300/1575/1564 1280/1574/1563 1281/1576/1565
f 1300/1575/1564 1281/1576/1565 1282/1577/1566
f 1282/1577/1566 1283/1578/1567 1300/1575/1564
f 1300/1575/1564 1283/1578/1567 1284/1579/1568
f 1300/1575/1564 1284/1579/1568 1285/1580/1569
f 1285/1580/1569 1286/1581/1570 1300/1575/1564
f 1300/1575/1564 1286/1581/1570 1299/1582/1571
f 1299/1582/1571 1286/1581/1570 1287/1583/1572
f 1299/1582/1571 1287/1583/1572 1288/1584/1573
f 1288/1584/1573 1289/1585/1574 1299/1582/1571
f 1299/1582/1571 1289/1585/1574 1290/1586/1575
f 1299/1582/1571 1290/1586/1575 1298/1587/1576
f 1298/1587/1576 1290/1586/1575 1291/1588/1577
f 1298/1587/1576 1291/1588/1577 1297/1589/1578
f 1297/1589/1578 1291/1588/1577 1292/1590/1579
f 1297/1589/1578 1292/1590/1579 1293/1591/1580
f 1297/1589/1578 1293/1591/1580 1296/1592/1581
f 1296/1592/1581 1293/1591/1580 1294/1593/1582
f 1296/1592/1581 1294/1593/1582 1295/1594/1583
f 1304/1573/1562 1300/1575/1564 1303/1595/1584
f 1303/1595/1584 1300/1575/1564 1301/1596/1585
f 1303/1595/1584 1301/1596/1585 1302/1597/1586
f 1302/1598/1587 1305/1599/1588 1303/1600/1589
f 1303/1600/1589 1305/1599/1588 1304/1601/1590
f 1304/1601/1590 1305/1599/1588 1280/1602/1591
f 462/1603/1592 1306/1604/1593 463/1605/1594
f 463/1605/1594 1306/1604/1593 1307/1606/1595
f 636/1607/1596 635/1608/1597 1302/1609/1598
f 1302/1609/1598 635/1608/1597 663/1610/1599
f 1302/1609/1598 663/1610/1599 662/1611/1600
f 662/1611/1600 661/1612/1601 1302/1609/1598
f 1302/1609/1598 661/1612/1601 660/1613/1602
f 1302/1609/1598 660/1613/1602 659/1614/1603
f 1302/1609/1598 659/1614/1603 1279/1615/1604
f 1279/1615/1604 659/1614/1603 658/1616/1605
f 1279/1615/1604 658/1616/1605 657/1617/1606
f 657/1617/1606 656/1618/1607 1279/1615/1604
f 1279/1615/1604 656/1618/1607 1306/1619/1608
f 1279/1615/1604 1306/1619/1608 469/1620/1609
f 469/1620/1609 1306/1619/1608 462/1621/1610
f 469/1620/1609 462/1621/1610 467/1622/1611
f 467/1622/1611 462/1621/1610 461/1623/1612
f 656/1618/1607 655/1624/1613 1306/1619/1608
f 1306/1619/1608 655/1624/1613 654/1625/1614
f 1306/1619/1608 654/1625/1614 653/1626/1615
f 1306/1619/1608 653/1626/1615 1308/1627/1616
f 1308/1627/1616 653/1626/1615 652/1628/1617
f 1308/1627/1616 652/1628/1617 651/1629/1618
f 651/1629/1618 650/1630/1619 1308/1627/1616
f 1279/1615/1604 1305/1631/1620 1302/1609/1598
f 1301/1632/1621 483/1633/1622 1302/1609/1598
f 1302/1609/1598 483/1633/1622 626/1634/1623
f 1302/1609/1598 626/1634/1623 631/1635/1624
f 488/1636/1625 487/1637/1626 1301/1632/1621
f 1301/1632/1621 487/1637/1626 486/1638/1627
f 1301/1632/1621 486/1638/1627 485/1639/1628
f 485/1639/1628 484/1640/1629 1301/1632/1621
f 1301/1632/1621 484/1640/1629 483/1633/1622
f 483/1633/1622 482/1641/1630 626/1634/1623
f 626/1634/1623 482/1641/1630 627/1642/1631
f 627/1642/1631 482/1641/1630 628/1643/1632
f 631/1635/1624 636/1607/1596 1302/1609/1598
f 1309/1644/1633 464/1645/1634 1307/1646/1635
f 1307/1646/1635 464/1645/1634 463/1647/1636
f 1311/1648/1637 1347/1649/1638 1310/1650/1639
f 1310/1650/1639 1347/1649/1638 1348/1651/1640
f 1310/1650/1639 1348/1651/1640 1344/1652/1641
f 1344/1652/1641 1348/1651/1640 1343/1653/1642
f 1343/1653/1642 1348/1651/1640 1342/1654/1643
f 1342/1654/1643 1348/1651/1640 1341/1655/1644
f 1341/1655/1644 1348/1651/1640 1347/1649/1638
f 1341/1655/1644 1347/1649/1638 1351/1656/1645
f 1351/1656/1645 1347/1649/1638 1346/1657/1646
f 1351/1656/1645 1346/1657/1646 1350/1658/1647
f 1350/1658/1647 1346/1657/1646 1345/1659/1648
f 1350/1658/1647 1345/1659/1648 1349/1660/1649
f 1349/1660/1649 1345/1659/1648 1300/1661/1650
f 1349/1660/1649 1300/1661/1650 1299/1662/1651
f 1312/1663/1652 1301/1664/1653 1311/1648/1637
f 1311/1648/1637 1301/1664/1653 1346/1657/1646
f 1311/1648/1637 1346/1657/1646 1347/1649/1638
f 1312/1663/1652 1313/1665/1654 1301/1664/1653
f 1346/1657/1646 1301/1664/1653 1345/1659/1648
f 1345/1659/1648 1301/1664/1653 1300/1661/1650
f 1349/1660/1649 1299/1662/1651 1352/1666/1655
f 1352/1666/1655 1299/1662/1651 1298/1667/1656
f 1352/1666/1655 1298/1667/1656 1354/1668/1657
f 1354/1668/1657 1298/1667/1656 1297/1669/1658
f 1354/1668/1657 1297/1669/1658 1356/1670/1659
f 1356/1670/1659 1297/1669/1658 1296/1671/1660
f 1356/1670/1659 1296/1671/1660 1295/1672/1661
f 1314/1673/1662 1315/1674/1663 1295/1672/1661
f 1295/1672/1661 1315/1674/1663 1316/1675/1664
f 1295/1672/1661 1316/1675/1664 1356/1670/1659
f 1356/1670/1659 1316/1675/1664 1317/1676/1665
f 1356/1670/1659 1317/1676/1665 1318/1677/1666
f 1318/1677/1666 1319/1678/1667 1356/1670/1659
f 1356/1670/1659 1319/1678/1667 1320/1679/1668
f 1356/1670/1659 1320/1679/1668 1321/1680/1669
f 1321/1680/1669 1322/1681/1670 1356/1670/1659
f 1356/1670/1659 1322/1681/1670 1323/1682/1671
f 1356/1670/1659 1323/1682/1671 1324/1683/1672
f 1324/1683/1672 1325/1684/1673 1356/1670/1659
f 1356/1670/1659 1325/1684/1673 1326/1685/1674
f 1356/1670/1659 1326/1685/1674 1354/1668/1657
f 1354/1668/1657 1326/1685/1674 1355/1686/1675
f 1354/1668/1657 1355/1686/1675 1352/1666/1655
f 1352/1666/1655 1355/1686/1675 1353/1687/1676
f 1352/1666/1655 1353/1687/1676 1349/1660/1649
f 1349/1660/1649 1353/1687/1676 1350/1658/1647
f 1326/1685/1674 1327/1688/1677 1355/1686/1675
f 1355/1686/1675 1327/1688/1677 1328/1689/1678
f 1355/1686/1675 1328/1689/1678 1329/1690/1679
f 1329/1690/1679 1330/1691/1680 1355/1686/1675
f 1355/1686/1675 1330/1691/1680 1331/1692/1681
f 1355/1686/1675 1331/1692/1681 1332/1693/1682
f 1355/1686/1675 1332/1693/1682 1353/1687/1676
f 1353/1687/1676 1332/1693/1682 1333/1694/1683
f 1353/1687/1676 1333/1694/1683 1334/1695/1684
f 1334/1695/1684 1335/1696/1685 1353/1687/1676
f 1353/1687/1676 1335/1696/1685 1336/1697/1686
f 1353/1687/1676 1336/1697/1686 1337/1698/1687
f 1338/1699/1688 1351/1656/1645 1337/1698/1687
f 1337/1698/1687 1351/1656/1645 1350/1658/1647
f 1337/1698/1687 1350/1658/1647 1353/1687/1676
f 1338/1699/1688 1339/1700/1689 1351/1656/1645
f 1351/1656/1645 1339/1700/1689 1340/1701/1690
f 1351/1656/1645 1340/1701/1690 1341/1655/1644
f 1357/1702/1691 1358/1703/1692 1359/1704/1693
f 1360/1705/1694 1361/1706/1695 1362/1707/1696
f 1277/1708/1697 1363/1709/1698 1243/1710/1699
f 1243/1710/1699 1363/1709/1698 1364/1711/1700
f 1365/1712/1701 1357/1713/1702 1276/1714/1703
f 1276/1714/1703 1357/1713/1702 1367/1715/1704
f 1276/1714/1703 1367/1715/1704 1363/1716/1705
f 1359/1717/1706 1366/1718/1707 1357/1713/1702
f 1357/1713/1702 1366/1718/1707 1367/1715/1704
f 1363/1716/1705 1277/1719/1708 1276/1714/1703
f 1366/1720/1709 1358/1721/1710 1368/1722/1711
f 1368/1722/1711 1358/1721/1710 1369/1723/1712
f 1368/1722/1711 1369/1723/1712 1344/1724/1713
f 1344/1724/1713 1369/1723/1712 1310/1725/1714
f 1366/1720/1709 1359/1726/1715 1358/1721/1710
f 1344/1724/1713 1370/1727/1716 1368/1722/1711
f 1344/1728/1717 1371/1729/1718 1370/1730/1719
f 1370/1730/1719 1371/1729/1718 1372/1731/1720
f 1372/1731/1720 1371/1729/1718 1360/1732/1721
f 1372/1731/1720 1360/1732/1721 1362/1733/1696
f 489/1734/1722 488/1735/1723 1373/1736/1724
f 1373/1736/1724 488/1735/1723 1301/1737/1653
f 1373/1736/1724 1301/1737/1653 1313/1738/1654
f 1310/1739/1725 1369/1740/1726 1311/1741/1727
f 1311/1741/1727 1369/1740/1726 1312/1742/1728
f 1312/1742/1728 1369/1740/1726 1313/1743/1729
f 1358/1744/1730 1373/1745/1731 1369/1746/1732
f 1369/1746/1732 1373/1745/1731 1313/1747/1733
f 1376/1748/1734 495/1749/1735 1357/1750/1736
f 1357/1750/1736 495/1749/1735 494/1751/1737
f 1357/1750/1736 494/1751/1737 493/1752/1738
f 1357/1750/1736 493/1752/1738 1358/1753/1730
f 1358/1753/1730 493/1752/1738 492/1754/1739
f 1358/1753/1730 492/1754/1739 491/1755/1740
f 491/1755/1740 490/1756/1741 1358/1753/1730
f 1358/1753/1730 490/1756/1741 1373/1757/1731
f 1373/1757/1731 490/1756/1741 489/1758/1742
f 1365/1759/1743 1374/1760/1744 1357/1750/1736
f 1357/1750/1736 1374/1760/1744 1375/1761/1745
f 1357/1750/1736 1375/1761/1745 1376/1748/1734
f 1368/1762/1746 1367/1763/1747 1366/1764/1748
f 1370/1765/1749 1372/1766/1750 1368/1767/1751
f 1368/1767/1751 1372/1766/1750 1362/1768/1752
f 1368/1767/1751 1362/1768/1752 1361/1769/1753
f 1361/1769/1753 1364/1770/1754 1368/1767/1751
f 1368/1767/1751 1364/1770/1754 1367/1771/1755
f 1367/1771/1755 1364/1770/1754 1363/1772/1756
f 1309/1773/1757 681/1774/1758 464/1775/1759
f 464/1775/1759 681/1774/1758 680/1776/1760
f 464/1775/1759 680/1776/1760 1377/1777/1761
f 1377/1777/1761 680/1776/1760 686/1778/1762
f 686/1778/1762 680/1776/1760 688/1779/1763
f 686/1778/1762 688/1779/1763 687/1780/1764
f 464/1775/1759 1377/1777/1761 465/1781/1765
f 465/1781/1765 1377/1777/1761 1378/1782/1766
f 465/1781/1765 1378/1782/1766 1379/1783/1767
f 1379/1783/1767 1380/1784/1768 465/1781/1765
f 465/1781/1765 1380/1784/1768 1381/1785/1769
f 465/1781/1765 1381/1785/1769 1382/1786/1770
f 682/1787/1771 681/1788/1772 1308/1789/1773
f 1308/1789/1773 681/1788/1772 1309/1790/1774
f 1308/1789/1773 1309/1790/1774 1306/1791/1775
f 1306/1791/1775 1309/1790/1774 1307/1792/1776
f 650/1793/1777 649/1794/1778 1308/1795/1779
f 1308/1795/1779 649/1794/1778 648/1796/1780
f 1308/1795/1779 648/1796/1780 647/1797/1781
f 647/1797/1781 678/1798/1782 1308/1795/1779
f 1308/1795/1779 678/1798/1782 677/1799/1783
f 1308/1795/1779 677/1799/1783 676/1800/1784
f 676/1800/1784 682/1801/1785 1308/1795/1779
f 1384/1802/1786 1386/1803/1787 1383/1804/1788
f 1383/1804/1788 1386/1803/1787 1387/1805/1789
f 1383/1804/1788 1387/1805/1789 1388/1806/1790
f 1388/1806/1790 1387/1805/1789 1385/1807/1791
f 1388/1806/1790 1385/1807/1791 1389/1808/1792
f 1389/1808/1792 1385/1807/1791 1390/1809/1793
f 1389/1808/1792 1390/1809/1793 1383/1804/1788
f 1383/1804/1788 1390/1809/1793 1391/1810/1794
f 1383/1804/1788 1391/1810/1794 1392/1811/1795
f 1392/1811/1795 1391/1810/1794 506/1812/1796
f 1392/1811/1795 506/1812/1796 1393/1813/1797
f 1393/1813/1797 506/1812/1796 1394/1814/1798
f 1393/1813/1797 1394/1814/1798 1383/1804/1788
f 1383/1804/1788 1394/1814/1798 1271/1815/1799
f 1383/1804/1788 1271/1815/1799 1270/1816/1800
f 1384/1802/1786 1385/1807/1791 1386/1803/1787
f 1386/1803/1787 1385/1807/1791 1387/1805/1789
f 470/1817/1801 506/1812/1796 1385/1807/1791
f 1385/1807/1791 506/1812/1796 1390/1809/1793
f 1272/1818/1802 1398/1819/1803 506/1812/1796
f 506/1812/1796 1398/1819/1803 1397/1820/1804
f 506/1812/1796 1397/1820/1804 1396/1821/1805
f 1396/1821/1805 1397/1820/1804 1271/1815/1799
f 1396/1821/1805 1271/1815/1799 1395/1822/1806
f 1395/1822/1806 1271/1815/1799 1394/1814/1798
f 1395/1822/1806 1394/1814/1798 506/1812/1796
f 1272/1818/1802 1271/1815/1799 1398/1819/1803
f 1398/1819/1803 1271/1815/1799 1397/1820/1804
f 1389/1808/1792 1383/1804/1788 1388/1806/1790
f 506/1812/1796 1391/1810/1794 1390/1809/1793
f 1393/1813/1797 1383/1804/1788 1392/1811/1795
f 506/1812/1796 1396/1821/1805 1395/1822/1806
f 1399/1823/1807 1383/1824/1808 1269/1825/1809
f 1269/1825/1809 1383/1824/1808 1270/1826/1810
f 1401/1827/1811 1403/1828/1812 1400/1829/1813
f 1400/1829/1813 1403/1828/1812 1404/1830/1814
f 1400/1829/1813 1404/1830/1814 1405/1831/1815
f 1405/1831/1815 1404/1830/1814 1402/1832/1816
f 1405/1831/1815 1402/1832/1816 1406/1833/1817
f 1406/1833/1817 1402/1832/1816 1407/1834/1818
f 1406/1833/1817 1407/1834/1818 1400/1829/1813
f 1400/1829/1813 1407/1834/1818 1408/1835/1819
f 1400/1829/1813 1408/1835/1819 1409/1836/1820
f 1409/1836/1820 1408/1835/1819 1269/1837/1821
f 1409/1836/1820 1269/1837/1821 1410/1838/1822
f 1410/1838/1822 1269/1837/1821 1411/1839/1823
f 1410/1838/1822 1411/1839/1823 1400/1829/1813
f 1400/1829/1813 1411/1839/1823 1267/1840/1824
f 1400/1829/1813 1267/1840/1824 1266/1841/1825
f 1401/1827/1811 1402/1832/1816 1403/1828/1812
f 1403/1828/1812 1402/1832/1816 1404/1830/1814
f 1399/1842/1826 1269/1837/1821 1402/1832/1816
f 1402/1832/1816 1269/1837/1821 1407/1834/1818
f 1268/1843/1827 1415/1844/1828 1269/1837/1821
f 1269/1837/1821 1415/1844/1828 1414/1845/1829
f 1269/1837/1821 1414/1845/1829 1413/1846/1830
f 1413/1846/1830 1414/1845/1829 1267/1840/1824
f 1413/1846/1830 1267/1840/1824 1412/1847/1831
f 1412/1847/1831 1267/1840/1824 1411/1839/1823
f 1412/1847/1831 1411/1839/1823 1269/1837/1821
f 1268/1843/1827 1267/1840/1824 1415/1844/1828
f 1415/1844/1828 1267/1840/1824 1414/1845/1829
f 1406/1833/1817 1400/1829/1813 1405/1831/1815
f 1269/1837/1821 1408/1835/1819 1407/1834/1818
f 1410/1838/1822 1400/1829/1813 1409/1836/1820
f 1269/1837/1821 1413/1846/1830 1412/1847/1831
f 1417/1848/1832 1427/1849/1833 1416/1850/1834
f 1416/1850/1834 1427/1849/1833 1428/1851/1835
f 1416/1850/1834 1428/1851/1835 1429/1852/1836
f 1429/1852/1836 1428/1851/1835 1462/1853/1837
f 1429/1852/1836 1462/1853/1837 1463/1854/1838
f 1463/1854/1838 1462/1853/1837 1485/1855/1839
f 1463/1854/1838 1485/1855/1839 1486/1856/1840
f 1486/1856/1840 1485/1855/1839 1508/1857/1841
f 1486/1856/1840 1508/1857/1841 1509/1858/1842
f 1509/1858/1842 1508/1857/1841 1421/1859/1843
f 1509/1858/1842 1421/1859/1843 1510/1860/1844
f 1510/1860/1844 1421/1859/1843 1511/1861/1845
f 1510/1860/1844 1511/1861/1845 1488/1862/1846
f 1488/1862/1846 1511/1861/1845 1489/1863/1847
f 1488/1862/1846 1489/1863/1847 1466/1864/1848
f 1466/1864/1848 1489/1863/1847 1467/1865/1849
f 1466/1864/1848 1467/1865/1849 1433/1866/1850
f 1433/1866/1850 1467/1865/1849 1434/1867/1851
f 1433/1866/1850 1434/1867/1851 1459/1868/1852
f 1459/1868/1852 1434/1867/1851 1458/1869/1853
f 1459/1868/1852 1458/1869/1853 1536/1870/1854
f 1536/1870/1854 1458/1869/1853 1535/1871/1855
f 1536/1870/1854 1535/1871/1855 1547/1872/1856
f 1547/1872/1856 1535/1871/1855 1546/1873/1857
f 1547/1872/1856 1546/1873/1857 1558/1874/1858
f 1558/1874/1858 1546/1873/1857 1557/1875/1859
f 1558/1874/1858 1557/1875/1859 685/1876/1860
f 685/1876/1860 1557/1875/1859 1556/1877/1861
f 685/1876/1860 1556/1877/1861 1555/1878/1862
f 1555/1878/1862 1556/1877/1861 1544/1879/1863
f 1555/1878/1862 1544/1879/1863 1543/1880/1864
f 1543/1880/1864 1544/1879/1863 1532/1881/1865
f 1543/1880/1864 1532/1881/1865 1531/1882/1866
f 1531/1882/1866 1532/1881/1865 1454/1883/1867
f 1531/1882/1866 1454/1883/1867 1453/1884/1868
f 1453/1884/1868 1454/1883/1867 1439/1885/1869
f 1453/1884/1868 1439/1885/1869 1440/1886/1870
f 1440/1886/1870 1439/1885/1869 1473/1887/1871
f 1440/1886/1870 1473/1887/1871 1474/1888/1872
f 1474/1888/1872 1473/1887/1871 1496/1889/1873
f 1474/1888/1872 1496/1889/1873 1497/1890/1874
f 1497/1890/1874 1496/1889/1873 1519/1891/1875
f 1497/1890/1874 1519/1891/1875 1520/1892/1876
f 1520/1892/1876 1519/1891/1875 1249/1893/1877
f 1520/1892/1876 1249/1893/1877 1521/1894/1878
f 1521/1894/1878 1249/1893/1877 1522/1895/1879
f 1521/1894/1878 1522/1895/1879 1499/1896/1880
f 1499/1896/1880 1522/1895/1879 1500/1897/1881
f 1499/1896/1880 1500/1897/1881 1477/1898/1882
f 1477/1898/1882 1500/1897/1881 1478/1899/1883
f 1477/1898/1882 1478/1899/1883 1444/1900/1884
f 1444/1900/1884 1478/1899/1883 1445/1901/1885
f 1444/1900/1884 1445/1901/1885 1382/1902/1886
f 1382/1902/1886 1445/1901/1885 1446/1903/1887
f 1382/1902/1886 1446/1903/1887 1244/1904/1888
f 1244/1904/1888 1446/1903/1887 1447/1905/1889
f 1244/1904/1888 1447/1905/1889 1448/1906/1890
f 1448/1906/1890 1447/1905/1889 1481/1907/1891
f 1448/1906/1890 1481/1907/1891 1246/1908/1892
f 1246/1908/1892 1481/1907/1891 1247/1909/1893
f 1247/1909/1893 1481/1907/1891 1503/1910/1894
f 1247/1909/1893 1503/1910/1894 1248/1911/1895
f 1248/1911/1895 1503/1910/1894 1525/1912/1896
f 1248/1911/1895 1525/1912/1896 1249/1893/1877
f 1249/1893/1877 1525/1912/1896 1524/1913/1897
f 1249/1893/1877 1524/1913/1897 1523/1914/1898
f 1523/1914/1898 1524/1913/1897 1501/1915/1899
f 1523/1914/1898 1501/1915/1899 1500/1897/1881
f 1500/1897/1881 1501/1915/1899 1478/1899/1883
f 1427/1849/1833 1417/1848/1832 1460/1916/1900
f 1460/1916/1900 1417/1848/1832 1418/1917/1901
f 1460/1916/1900 1418/1917/1901 1482/1918/1902
f 1482/1918/1902 1418/1917/1901 1419/1919/1903
f 1482/1918/1902 1419/1919/1903 1504/1920/1904
f 1504/1920/1904 1419/1919/1903 1420/1921/1905
f 1504/1920/1904 1420/1921/1905 1421/1859/1843
f 1249/1893/1877 1514/1922/1906 1421/1859/1843
f 1421/1859/1843 1514/1922/1906 1513/1923/1907
f 1421/1859/1843 1513/1923/1907 1512/1924/1908
f 1512/1924/1908 1513/1923/1907 1490/1925/1909
f 1512/1924/1908 1490/1925/1909 1489/1863/1847
f 1489/1863/1847 1490/1925/1909 1467/1865/1849
f 1246/1908/1892 1245/1926/1910 1448/1906/1890
f 1448/1906/1890 1245/1926/1910 1244/1904/1888
f 1381/1927/1911 1449/1928/1912 1382/1902/1886
f 1382/1902/1886 1449/1928/1912 1443/1929/1913
f 1382/1902/1886 1443/1929/1913 1444/1900/1884
f 1444/1900/1884 1443/1929/1913 1477/1898/1882
f 1449/1928/1912 1381/1927/1911 1526/1930/1914
f 1526/1930/1914 1381/1927/1911 1380/1931/1915
f 1526/1930/1914 1380/1931/1915 1537/1932/1916
f 1537/1932/1916 1380/1931/1915 1379/1933/1917
f 1537/1932/1916 1379/1933/1917 1378/1934/1918
f 1537/1932/1916 1378/1934/1918 1548/1935/1919
f 1548/1935/1919 1378/1934/1918 1377/1936/1920
f 1548/1935/1919 1377/1936/1920 1549/1937/1921
f 1549/1937/1921 1377/1936/1920 1550/1938/1922
f 1549/1937/1921 1550/1938/1922 1538/1939/1923
f 1538/1939/1923 1550/1938/1922 1539/1940/1924
f 1538/1939/1923 1539/1940/1924 1527/1941/1925
f 1527/1941/1925 1539/1940/1924 1528/1942/1926
f 1527/1941/1925 1528/1942/1926 1450/1943/1927
f 1450/1943/1927 1528/1942/1926 1451/1944/1928
f 1450/1943/1927 1451/1944/1928 1442/1945/1929
f 1442/1945/1929 1451/1944/1928 1441/1946/1930
f 1442/1945/1929 1441/1946/1930 1475/1947/1931
f 1475/1947/1931 1441/1946/1930 1474/1888/1872
f 1475/1947/1931 1474/1888/1872 1497/1890/1874
f 686/1948/1932 685/1876/1860 1377/1936/1920
f 1377/1936/1920 685/1876/1860 1552/1949/1933
f 1377/1936/1920 1552/1949/1933 1551/1950/1934
f 1551/1950/1934 1552/1949/1933 1540/1951/1935
f 1551/1950/1934 1540/1951/1935 1539/1940/1924
f 1539/1940/1924 1540/1951/1935 1528/1942/1926
f 685/1876/1860 1422/1952/1936 1558/1874/1858
f 1558/1874/1858 1422/1952/1936 1547/1872/1856
f 1422/1952/1936 1423/1953/1937 1547/1872/1856
f 1547/1872/1856 1423/1953/1937 1536/1870/1854
f 1423/1953/1937 1424/1954/1938 1536/1870/1854
f 1536/1870/1854 1424/1954/1938 1459/1868/1852
f 1424/1954/1938 1425/1955/1939 1459/1868/1852
f 1459/1868/1852 1425/1955/1939 1426/1956/1940
f 1459/1868/1852 1426/1956/1940 1433/1866/1850
f 1433/1866/1850 1426/1956/1940 1432/1957/1941
f 1433/1866/1850 1432/1957/1941 1466/1864/1848
f 1466/1864/1848 1432/1957/1941 1465/1958/1942
f 1466/1864/1848 1465/1958/1942 1488/1862/1846
f 1488/1862/1846 1465/1958/1942 1487/1959/1943
f 1488/1862/1846 1487/1959/1943 1510/1860/1844
f 1510/1860/1844 1487/1959/1943 1509/1858/1842
f 1416/1850/1834 1429/1852/1836 1426/1956/1940
f 1426/1956/1940 1429/1852/1836 1430/1960/1944
f 1426/1956/1940 1430/1960/1944 1431/1961/1945
f 1431/1961/1945 1430/1960/1944 1464/1962/1946
f 1431/1961/1945 1464/1962/1946 1465/1958/1942
f 1465/1958/1942 1464/1962/1946 1487/1959/1943
f 1428/1851/1835 1427/1849/1833 1461/1963/1947
f 1461/1963/1947 1427/1849/1833 1460/1916/1900
f 1461/1963/1947 1460/1916/1900 1483/1964/1948
f 1483/1964/1948 1460/1916/1900 1482/1918/1902
f 1483/1964/1948 1482/1918/1902 1505/1965/1949
f 1505/1965/1949 1482/1918/1902 1504/1920/1904
f 1505/1965/1949 1504/1920/1904 1421/1859/1843
f 1432/1957/1941 1426/1956/1940 1431/1961/1945
f 1464/1962/1946 1430/1960/1944 1463/1854/1838
f 1463/1854/1838 1430/1960/1944 1429/1852/1836
f 1465/1958/1942 1432/1957/1941 1431/1961/1945
f 1434/1867/1851 1435/1966/1950 1458/1869/1853
f 1458/1869/1853 1435/1966/1950 1457/1967/1951
f 1458/1869/1853 1457/1967/1951 1535/1871/1855
f 1535/1871/1855 1457/1967/1951 1534/1968/1952
f 1535/1871/1855 1534/1968/1952 1546/1873/1857
f 1546/1873/1857 1534/1968/1952 1545/1969/1953
f 1546/1873/1857 1545/1969/1953 1557/1875/1859
f 1557/1875/1859 1545/1969/1953 1556/1877/1861
f 1435/1966/1950 1436/1970/1954 1457/1967/1951
f 1457/1967/1951 1436/1970/1954 1456/1971/1955
f 1457/1967/1951 1456/1971/1955 1534/1968/1952
f 1534/1968/1952 1456/1971/1955 1533/1972/1956
f 1534/1968/1952 1533/1972/1956 1545/1969/1953
f 1545/1969/1953 1533/1972/1956 1544/1879/1863
f 1545/1969/1953 1544/1879/1863 1556/1877/1861
f 1435/1966/1950 1434/1867/1851 1468/1973/1957
f 1468/1973/1957 1434/1867/1851 1467/1865/1849
f 1468/1973/1957 1467/1865/1849 1490/1925/1909
f 1436/1970/1954 1437/1974/1958 1456/1971/1955
f 1456/1971/1955 1437/1974/1958 1455/1975/1959
f 1456/1971/1955 1455/1975/1959 1533/1972/1956
f 1533/1972/1956 1455/1975/1959 1532/1881/1865
f 1533/1972/1956 1532/1881/1865 1544/1879/1863
f 1436/1970/1954 1435/1966/1950 1469/1976/1960
f 1469/1976/1960 1435/1966/1950 1468/1973/1957
f 1469/1976/1960 1468/1973/1957 1491/1977/1961
f 1491/1977/1961 1468/1973/1957 1490/1925/1909
f 1491/1977/1961 1490/1925/1909 1513/1923/1907
f 1437/1974/1958 1438/1978/1962 1455/1975/1959
f 1455/1975/1959 1438/1978/1962 1454/1883/1867
f 1455/1975/1959 1454/1883/1867 1532/1881/1865
f 1437/1974/1958 1436/1970/1954 1470/1979/1963
f 1470/1979/1963 1436/1970/1954 1469/1976/1960
f 1470/1979/1963 1469/1976/1960 1492/1980/1964
f 1492/1980/1964 1469/1976/1960 1491/1977/1961
f 1492/1980/1964 1491/1977/1961 1514/1922/1906
f 1514/1922/1906 1491/1977/1961 1513/1923/1907
f 1454/1883/1867 1438/1978/1962 1439/1885/1869
f 1439/1885/1869 1438/1978/1962 1472/1981/1965
f 1439/1885/1869 1472/1981/1965 1473/1887/1871
f 1473/1887/1871 1472/1981/1965 1495/1982/1966
f 1473/1887/1871 1495/1982/1966 1496/1889/1873
f 1496/1889/1873 1495/1982/1966 1518/1983/1967
f 1496/1889/1873 1518/1983/1967 1519/1891/1875
f 1519/1891/1875 1518/1983/1967 1249/1893/1877
f 1438/1978/1962 1437/1974/1958 1471/1984/1968
f 1471/1984/1968 1437/1974/1958 1470/1979/1963
f 1471/1984/1968 1470/1979/1963 1493/1985/1969
f 1493/1985/1969 1470/1979/1963 1492/1980/1964
f 1493/1985/1969 1492/1980/1964 1515/1986/1970
f 1515/1986/1970 1492/1980/1964 1514/1922/1906
f 1515/1986/1970 1514/1922/1906 1249/1893/1877
f 1440/1886/1870 1441/1946/1930 1452/1987/1971
f 1452/1987/1971 1441/1946/1930 1451/1944/1928
f 1452/1987/1971 1451/1944/1928 1529/1988/1972
f 1529/1988/1972 1451/1944/1928 1528/1942/1926
f 1529/1988/1972 1528/1942/1926 1540/1951/1935
f 1441/1946/1930 1440/1886/1870 1474/1888/1872
f 1442/1945/1929 1443/1929/1913 1450/1943/1927
f 1450/1943/1927 1443/1929/1913 1449/1928/1912
f 1450/1943/1927 1449/1928/1912 1527/1941/1925
f 1527/1941/1925 1449/1928/1912 1526/1930/1914
f 1527/1941/1925 1526/1930/1914 1538/1939/1923
f 1538/1939/1923 1526/1930/1914 1537/1932/1916
f 1538/1939/1923 1537/1932/1916 1549/1937/1921
f 1549/1937/1921 1537/1932/1916 1548/1935/1919
f 1443/1929/1913 1442/1945/1929 1476/1989/1973
f 1476/1989/1973 1442/1945/1929 1475/1947/1931
f 1476/1989/1973 1475/1947/1931 1498/1990/1974
f 1498/1990/1974 1475/1947/1931 1497/1890/1874
f 1498/1990/1974 1497/1890/1874 1520/1892/1876
f 1446/1903/1887 1445/1901/1885 1479/1991/1975
f 1479/1991/1975 1445/1901/1885 1478/1899/1883
f 1479/1991/1975 1478/1899/1883 1501/1915/1899
f 1447/1905/1889 1446/1903/1887 1480/1992/1976
f 1480/1992/1976 1446/1903/1887 1479/1991/1975
f 1480/1992/1976 1479/1991/1975 1502/1993/1977
f 1502/1993/1977 1479/1991/1975 1501/1915/1899
f 1502/1993/1977 1501/1915/1899 1524/1913/1897
f 1440/1886/1870 1452/1987/1971 1453/1884/1868
f 1453/1884/1868 1452/1987/1971 1530/1994/1978
f 1453/1884/1868 1530/1994/1978 1531/1882/1866
f 1531/1882/1866 1530/1994/1978 1542/1995/1979
f 1531/1882/1866 1542/1995/1979 1543/1880/1864
f 1543/1880/1864 1542/1995/1979 1554/1996/1980
f 1543/1880/1864 1554/1996/1980 1555/1878/1862
f 1555/1878/1862 1554/1996/1980 685/1876/1860
f 1530/1994/1978 1452/1987/1971 1529/1988/1972
f 1428/1851/1835 1461/1963/1947 1462/1853/1837
f 1462/1853/1837 1461/1963/1947 1484/1997/1981
f 1462/1853/1837 1484/1997/1981 1485/1855/1839
f 1485/1855/1839 1484/1997/1981 1507/1998/1982
f 1485/1855/1839 1507/1998/1982 1508/1857/1841
f 1508/1857/1841 1507/1998/1982 1421/1859/1843
f 1484/1997/1981 1461/1963/1947 1483/1964/1948
f 1487/1959/1943 1464/1962/1946 1486/1856/1840
f 1486/1856/1840 1464/1962/1946 1463/1854/1838
f 1438/1978/1962 1471/1984/1968 1472/1981/1965
f 1472/1981/1965 1471/1984/1968 1494/1999/1983
f 1472/1981/1965 1494/1999/1983 1495/1982/1966
f 1495/1982/1966 1494/1999/1983 1517/2000/1984
f 1495/1982/1966 1517/2000/1984 1518/1983/1967
f 1518/1983/1967 1517/2000/1984 1249/1893/1877
f 1494/1999/1983 1471/1984/1968 1493/1985/1969
f 1499/1896/1880 1477/1898/1882 1476/1989/1973
f 1476/1989/1973 1477/1898/1882 1443/1929/1913
f 1499/1896/1880 1476/1989/1973 1498/1990/1974
f 1503/1910/1894 1481/1907/1891 1480/1992/1976
f 1480/1992/1976 1481/1907/1891 1447/1905/1889
f 1503/1910/1894 1480/1992/1976 1502/1993/1977
f 1484/1997/1981 1483/1964/1948 1506/2001/1985
f 1506/2001/1985 1483/1964/1948 1505/1965/1949
f 1506/2001/1985 1505/1965/1949 1421/1859/1843
f 1509/1858/1842 1487/1959/1943 1486/1856/1840
f 1512/1924/1908 1489/1863/1847 1511/1861/1845
f 1494/1999/1983 1493/1985/1969 1516/2002/1986
f 1516/2002/1986 1493/1985/1969 1515/1986/1970
f 1516/2002/1986 1515/1986/1970 1249/1893/1877
f 1521/1894/1878 1499/1896/1880 1498/1990/1974
f 1521/1894/1878 1498/1990/1974 1520/1892/1876
f 1523/1914/1898 1500/1897/1881 1522/1895/1879
f 1525/1912/1896 1503/1910/1894 1502/1993/1977
f 1525/1912/1896 1502/1993/1977 1524/1913/1897
f 1421/1859/1843 1507/1998/1982 1506/2001/1985
f 1506/2001/1985 1507/1998/1982 1484/1997/1981
f 1421/1859/1843 1512/1924/1908 1511/1861/1845
f 1249/1893/1877 1517/2000/1984 1516/2002/1986
f 1516/2002/1986 1517/2000/1984 1494/1999/1983
f 1249/1893/1877 1523/1914/1898 1522/1895/1879
f 1530/1994/1978 1529/1988/1972 1541/2003/1987
f 1541/2003/1987 1529/1988/1972 1540/1951/1935
f 1541/2003/1987 1540/1951/1935 1552/1949/1933
f 1551/1950/1934 1539/1940/1924 1550/1938/1922
f 1530/1994/1978 1541/2003/1987 1542/1995/1979
f 1542/1995/1979 1541/2003/1987 1553/2004/1988
f 1542/1995/1979 1553/2004/1988 1554/1996/1980
f 1554/1996/1980 1553/2004/1988 685/1876/1860
f 1553/2004/1988 1541/2003/1987 1552/1949/1933
f 1377/1936/1920 1551/1950/1934 1550/1938/1922
f 685/1876/1860 1553/2004/1988 1552/1949/1933
f 1374/2005/1989 1365/2006/1990 1275/2007/1991
f 1275/2007/1991 1365/2006/1990 1276/2008/1992
f 1376/2009/1993 1559/2010/1994 495/2011/1995
f 495/2011/1995 1559/2010/1994 1560/2012/1996
f 495/2011/1995 1560/2012/1996 1561/2013/1997
f 1561/2013/1997 1560/2012/1996 1275/2014/1998
f 1561/2013/1997 1275/2014/1998 1274/2015/1999
f 1376/2009/1993 1375/2016/2000 1559/2010/1994
f 1559/2010/1994 1375/2016/2000 1374/2017/2001
f 1559/2010/1994 1374/2017/2001 1560/2012/1996
f 1560/2012/1996 1374/2017/2001 1275/2014/1998
f 1274/2015/1999 1273/2018/2002 1561/2013/1997
f 1561/2013/1997 1273/2018/2002 495/2011/1995
f 1273/2018/2002 496/2019/2003 495/2011/1995
f 1562/2020/2004 1565/2021/2005 1421/2022/2006
f 1421/2022/2006 1565/2021/2005 1566/2023/2007
f 1421/2022/2006 1566/2023/2007 1567/2024/2008
f 1567/2024/2008 1566/2023/2007 1563/2025/2009
f 1567/2024/2008 1563/2025/2009 1568/2026/2010
f 1568/2026/2010 1563/2025/2009 1569/2027/2011
f 1568/2026/2010 1569/2027/2011 1421/2022/2006
f 1421/2022/2006 1569/2027/2011 1570/2028/2012
f 1421/2022/2006 1570/2028/2012 1571/2029/2013
f 1571/2029/2013 1570/2028/2012 1252/2030/2014
f 1571/2029/2013 1252/2030/2014 1572/2031/2015
f 1572/2031/2015 1252/2030/2014 1573/2032/2016
f 1572/2031/2015 1573/2032/2016 1421/2022/2006
f 1421/2022/2006 1573/2032/2016 1250/2033/2017
f 1421/2022/2006 1250/2033/2017 1249/2034/2018
f 1562/2020/2004 1563/2025/2009 1565/2021/2005
f 1565/2021/2005 1563/2025/2009 1566/2023/2007
f 1564/2035/2019 1252/2030/2014 1563/2025/2009
f 1563/2025/2009 1252/2030/2014 1569/2027/2011
f 1251/2036/2020 1577/2037/2021 1252/2030/2014
f 1252/2030/2014 1577/2037/2021 1576/2038/2022
f 1252/2030/2014 1576/2038/2022 1575/2039/2023
f 1575/2039/2023 1576/2038/2022 1250/2033/2017
f 1575/2039/2023 1250/2033/2017 1574/2040/2024
f 1574/2040/2024 1250/2033/2017 1573/2032/2016
f 1574/2040/2024 1573/2032/2016 1252/2030/2014
f 1251/2036/2020 1250/2033/2017 1577/2037/2021
f 1577/2037/2021 1250/2033/2017 1576/2038/2022
f 1568/2026/2010 1421/2022/2006 1567/2024/2008
f 1252/2030/2014 1570/2028/2012 1569/2027/2011
f 1572/2031/2015 1421/2022/2006 1571/2029/2013
f 1252/2030/2014 1575/2039/2023 1574/2040/2024
f 1564/2041/2025 1578/2042/2026 1252/2043/2027
f 1252/2043/2027 1578/2042/2026 1253/2044/2028
f 1579/2045/2029 1582/2046/2030 1578/2047/2031
f 1578/2047/2031 1582/2046/2030 1583/2048/2032
f 1578/2047/2031 1583/2048/2032 1584/2049/2033
f 1584/2049/2033 1583/2048/2032 1580/2050/2034
f 1584/2049/2033 1580/2050/2034 1585/2051/2035
f 1585/2051/2035 1580/2050/2034 1586/2052/2036
f 1585/2051/2035 1586/2052/2036 1578/2047/2031
f 1578/2047/2031 1586/2052/2036 1587/2053/2037
f 1578/2047/2031 1587/2053/2037 1588/2054/2038
f 1588/2054/2038 1587/2053/2037 1256/2055/2039
f 1588/2054/2038 1256/2055/2039 1589/2056/2040
f 1589/2056/2040 1256/2055/2039 1590/2057/2041
f 1589/2056/2040 1590/2057/2041 1578/2047/2031
f 1578/2047/2031 1590/2057/2041 1254/2058/2042
f 1578/2047/2031 1254/2058/2042 1253/2059/2043
f 1579/2045/2029 1580/2050/2034 1582/2046/2030
f 1582/2046/2030 1580/2050/2034 1583/2048/2032
f 1581/2060/2044 1256/2055/2039 1580/2050/2034
f 1580/2050/2034 1256/2055/2039 1586/2052/2036
f 1255/2061/2045 1594/2062/2046 1256/2055/2039
f 1256/2055/2039 1594/2062/2046 1593/2063/2047
f 1256/2055/2039 1593/2063/2047 1592/2064/2048
f 1592/2064/2048 1593/2063/2047 1254/2058/2042
f 1592/2064/2048 1254/2058/2042 1591/2065/2049
f 1591/2065/2049 1254/2058/2042 1590/2057/2041
f 1591/2065/2049 1590/2057/2041 1256/2055/2039
f 1255/2061/2045 1254/2058/2042 1594/2062/2046
f 1594/2062/2046 1254/2058/2042 1593/2063/2047
f 1585/2051/2035 1578/2047/2031 1584/2049/2033
f 1256/2055/2039 1587/2053/2037 1586/2052/2036
f 1589/2056/2040 1578/2047/2031 1588/2054/2038
f 1256/2055/2039 1592/2064/2048 1591/2065/2049
f 1595/2066/2050 1604/2067/2051 1581/2068/2052
f 1581/2068/2052 1604/2067/2051 1605/2069/2053
f 1581/2068/2052 1605/2069/2053 1606/2070/2054
f 1606/2070/2054 1605/2069/2053 1628/2071/2055
f 1606/2070/2054 1628/2071/2055 1629/2072/2056
f 1629/2072/2056 1628/2071/2055 1651/2073/2057
f 1629/2072/2056 1651/2073/2057 1652/2074/2058
f 1652/2074/2058 1651/2073/2057 1674/2075/2059
f 1652/2074/2058 1674/2075/2059 1675/2076/2060
f 1675/2076/2060 1674/2075/2059 1697/2077/2061
f 1675/2076/2060 1697/2077/2061 1698/2078/2062
f 1698/2078/2062 1697/2077/2061 1720/2079/2063
f 1698/2078/2062 1720/2079/2063 1721/2080/2064
f 1721/2080/2064 1720/2079/2063 1743/2081/2065
f 1721/2080/2064 1743/2081/2065 1744/2082/2066
f 1744/2082/2066 1743/2081/2065 1766/2083/2067
f 1744/2082/2066 1766/2083/2067 1767/2084/2068
f 1767/2084/2068 1766/2083/2067 1789/2085/2069
f 1767/2084/2068 1789/2085/2069 1790/2086/2070
f 1790/2086/2070 1789/2085/2069 1400/2087/2071
f 1790/2086/2070 1400/2087/2071 1266/2088/2072
f 1604/2067/2051 1595/2066/2050 1626/2089/2073
f 1626/2089/2073 1595/2066/2050 1596/2090/2074
f 1626/2089/2073 1596/2090/2074 1648/2091/2075
f 1648/2091/2075 1596/2090/2074 1597/2092/2076
f 1648/2091/2075 1597/2092/2076 1670/2093/2077
f 1670/2093/2077 1597/2092/2076 1598/2094/2078
f 1670/2093/2077 1598/2094/2078 1692/2095/2079
f 1692/2095/2079 1598/2094/2078 1599/2096/2080
f 1692/2095/2079 1599/2096/2080 1714/2097/2081
f 1714/2097/2081 1599/2096/2080 1600/2098/2082
f 1714/2097/2081 1600/2098/2082 1736/2099/2083
f 1736/2099/2083 1600/2098/2082 1601/2100/2084
f 1736/2099/2083 1601/2100/2084 1758/2101/2085
f 1758/2101/2085 1601/2100/2084 1602/2102/2086
f 1758/2101/2085 1602/2102/2086 1780/2103/2087
f 1780/2103/2087 1602/2102/2086 1603/2104/2088
f 1780/2103/2087 1603/2104/2088 1400/2087/2071
f 1265/2105/2089 1801/2106/2090 1266/2088/2072
f 1266/2088/2072 1801/2106/2090 1800/2107/2091
f 1266/2088/2072 1800/2107/2091 1799/2108/2092
f 1799/2108/2092 1800/2107/2091 1777/2109/2093
f 1799/2108/2092 1777/2109/2093 1776/2110/2094
f 1776/2110/2094 1777/2109/2093 1754/2111/2095
f 1776/2110/2094 1754/2111/2095 1753/2112/2096
f 1753/2112/2096 1754/2111/2095 1731/2113/2097
f 1753/2112/2096 1731/2113/2097 1730/2114/2098
f 1730/2114/2098 1731/2113/2097 1708/2115/2099
f 1730/2114/2098 1708/2115/2099 1707/2116/2100
f 1707/2116/2100 1708/2115/2099 1685/2117/2101
f 1707/2116/2100 1685/2117/2101 1684/2118/2102
f 1684/2118/2102 1685/2117/2101 1662/2119/2103
f 1684/2118/2102 1662/2119/2103 1661/2120/2104
f 1661/2120/2104 1662/2119/2103 1639/2121/2105
f 1661/2120/2104 1639/2121/2105 1638/2122/2106
f 1638/2122/2106 1639/2121/2105 1616/2123/2107
f 1638/2122/2106 1616/2123/2107 1615/2124/2108
f 1615/2124/2108 1616/2123/2107 1256/2125/2109
f 1615/2124/2108 1256/2125/2109 1581/2068/2052
f 1801/2106/2090 1265/2105/2089 1779/2126/2110
f 1779/2126/2110 1265/2105/2089 1264/2127/2111
f 1779/2126/2110 1264/2127/2111 1757/2128/2112
f 1757/2128/2112 1264/2127/2111 1263/2129/2113
f 1757/2128/2112 1263/2129/2113 1735/2130/2114
f 1735/2130/2114 1263/2129/2113 1262/2131/2115
f 1735/2130/2114 1262/2131/2115 1713/2132/2116
f 1713/2132/2116 1262/2131/2115 1261/2133/2117
f 1713/2132/2116 1261/2133/2117 1691/2134/2118
f 1691/2134/2118 1261/2133/2117 1260/2135/2119
f 1691/2134/2118 1260/2135/2119 1669/2136/2120
f 1669/2136/2120 1260/2135/2119 1259/2137/2121
f 1669/2136/2120 1259/2137/2121 1647/2138/2122
f 1647/2138/2122 1259/2137/2121 1258/2139/2123
f 1647/2138/2122 1258/2139/2123 1625/2140/2124
f 1625/2140/2124 1258/2139/2123 1257/2141/2125
f 1625/2140/2124 1257/2141/2125 1256/2125/2109
f 1605/2069/2053 1604/2067/2051 1627/2142/2126
f 1627/2142/2126 1604/2067/2051 1626/2089/2073
f 1627/2142/2126 1626/2089/2073 1649/2143/2127
f 1649/2143/2127 1626/2089/2073 1648/2091/2075
f 1649/2143/2127 1648/2091/2075 1671/2144/2128
f 1671/2144/2128 1648/2091/2075 1670/2093/2077
f 1671/2144/2128 1670/2093/2077 1693/2145/2129
f 1693/2145/2129 1670/2093/2077 1692/2095/2079
f 1693/2145/2129 1692/2095/2079 1715/2146/2130
f 1715/2146/2130 1692/2095/2079 1714/2097/2081
f 1715/2146/2130 1714/2097/2081 1737/2147/2131
f 1737/2147/2131 1714/2097/2081 1736/2099/2083
f 1737/2147/2131 1736/2099/2083 1759/2148/2132
f 1759/2148/2132 1736/2099/2083 1758/2101/2085
f 1759/2148/2132 1758/2101/2085 1781/2149/2133
f 1781/2149/2133 1758/2101/2085 1780/2103/2087
f 1781/2149/2133 1780/2103/2087 1400/2087/2071
f 1606/2070/2054 1607/2150/2134 1581/2068/2052
f 1581/2068/2052 1607/2150/2134 1608/2151/2135
f 1581/2068/2052 1608/2151/2135 1609/2152/2136
f 1609/2152/2136 1608/2151/2135 1631/2153/2137
f 1609/2152/2136 1631/2153/2137 1632/2154/2138
f 1632/2154/2138 1631/2153/2137 1654/2155/2139
f 1632/2154/2138 1654/2155/2139 1655/2156/2140
f 1655/2156/2140 1654/2155/2139 1677/2157/2141
f 1655/2156/2140 1677/2157/2141 1678/2158/2142
f 1678/2158/2142 1677/2157/2141 1700/2159/2143
f 1678/2158/2142 1700/2159/2143 1701/2160/2144
f 1701/2160/2144 1700/2159/2143 1723/2161/2145
f 1701/2160/2144 1723/2161/2145 1724/2162/2146
f 1724/2162/2146 1723/2161/2145 1746/2163/2147
f 1724/2162/2146 1746/2163/2147 1747/2164/2148
f 1747/2164/2148 1746/2163/2147 1769/2165/2149
f 1747/2164/2148 1769/2165/2149 1770/2166/2150
f 1770/2166/2150 1769/2165/2149 1792/2167/2151
f 1770/2166/2150 1792/2167/2151 1793/2168/2152
f 1793/2168/2152 1792/2167/2151 1266/2088/2072
f 1793/2168/2152 1266/2088/2072 1794/2169/2153
f 1794/2169/2153 1266/2088/2072 1795/2170/2154
f 1794/2169/2153 1795/2170/2154 1772/2171/2155
f 1772/2171/2155 1795/2170/2154 1773/2172/2156
f 1772/2171/2155 1773/2172/2156 1750/2173/2157
f 1750/2173/2157 1773/2172/2156 1751/2174/2158
f 1750/2173/2157 1751/2174/2158 1728/2175/2159
f 1728/2175/2159 1751/2174/2158 1729/2176/2160
f 1728/2175/2159 1729/2176/2160 1706/2177/2161
f 1706/2177/2161 1729/2176/2160 1707/2116/2100
f 1706/2177/2161 1707/2116/2100 1684/2118/2102
f 1606/2070/2054 1629/2072/2056 1607/2150/2134
f 1607/2150/2134 1629/2072/2056 1630/2178/2162
f 1607/2150/2134 1630/2178/2162 1608/2151/2135
f 1608/2151/2135 1630/2178/2162 1631/2153/2137
f 1609/2152/2136 1610/2179/2163 1581/2068/2052
f 1581/2068/2052 1610/2179/2163 1611/2180/2164
f 1581/2068/2052 1611/2180/2164 1612/2181/2165
f 1612/2181/2165 1611/2180/2164 1634/2182/2166
f 1612/2181/2165 1634/2182/2166 1635/2183/2167
f 1635/2183/2167 1634/2182/2166 1657/2184/2168
f 1635/2183/2167 1657/2184/2168 1658/2185/2169
f 1658/2185/2169 1657/2184/2168 1680/2186/2170
f 1658/2185/2169 1680/2186/2170 1681/2187/2171
f 1681/2187/2171 1680/2186/2170 1703/2188/2172
f 1681/2187/2171 1703/2188/2172 1704/2189/2173
f 1704/2189/2173 1703/2188/2172 1726/2190/2174
f 1704/2189/2173 1726/2190/2174 1727/2191/2175
f 1727/2191/2175 1726/2190/2174 1749/2192/2176
f 1727/2191/2175 1749/2192/2176 1750/2173/2157
f 1750/2173/2157 1749/2192/2176 1772/2171/2155
f 1609/2152/2136 1632/2154/2138 1610/2179/2163
f 1610/2179/2163 1632/2154/2138 1633/2193/2177
f 1610/2179/2163 1633/2193/2177 1611/2180/2164
f 1611/2180/2164 1633/2193/2177 1634/2182/2166
f 1612/2181/2165 1613/2194/2178 1581/2068/2052
f 1581/2068/2052 1613/2194/2178 1614/2195/2179
f 1581/2068/2052 1614/2195/2179 1615/2124/2108
f 1615/2124/2108 1614/2195/2179 1637/2196/2180
f 1615/2124/2108 1637/2196/2180 1638/2122/2106
f 1638/2122/2106 1637/2196/2180 1660/2197/2181
f 1638/2122/2106 1660/2197/2181 1661/2120/2104
f 1661/2120/2104 1660/2197/2181 1683/2198/2182
f 1661/2120/2104 1683/2198/2182 1684/2118/2102
f 1684/2118/2102 1683/2198/2182 1706/2177/2161
f 1612/2181/2165 1635/2183/2167 1613/2194/2178
f 1613/2194/2178 1635/2183/2167 1636/2199/2183
f 1613/2194/2178 1636/2199/2183 1614/2195/2179
f 1614/2195/2179 1636/2199/2183 1637/2196/2180
f 1616/2123/2107 1617/2200/2184 1256/2125/2109
f 1256/2125/2109 1617/2200/2184 1618/2201/2185
f 1256/2125/2109 1618/2201/2185 1619/2202/2186
f 1619/2202/2186 1618/2201/2185 1641/2203/2187
f 1619/2202/2186 1641/2203/2187 1642/2204/2188
f 1642/2204/2188 1641/2203/2187 1664/2205/2189
f 1642/2204/2188 1664/2205/2189 1665/2206/2190
f 1665/2206/2190 1664/2205/2189 1687/2207/2191
f 1665/2206/2190 1687/2207/2191 1688/2208/2192
f 1688/2208/2192 1687/2207/2191 1710/2209/2193
f 1688/2208/2192 1710/2209/2193 1711/2210/2194
f 1711/2210/2194 1710/2209/2193 1733/2211/2195
f 1711/2210/2194 1733/2211/2195 1734/2212/2196
f 1734/2212/2196 1733/2211/2195 1756/2213/2197
f 1734/2212/2196 1756/2213/2197 1757/2128/2112
f 1757/2128/2112 1756/2213/2197 1779/2126/2110
f 1616/2123/2107 1639/2121/2105 1617/2200/2184
f 1617/2200/2184 1639/2121/2105 1640/2214/2198
f 1617/2200/2184 1640/2214/2198 1618/2201/2185
f 1618/2201/2185 1640/2214/2198 1641/2203/2187
f 1619/2202/2186 1620/2215/2199 1256/2125/2109
f 1256/2125/2109 1620/2215/2199 1621/2216/2200
f 1256/2125/2109 1621/2216/2200 1622/2217/2201
f 1622/2217/2201 1621/2216/2200 1644/2218/2202
f 1622/2217/2201 1644/2218/2202 1645/2219/2203
f 1645/2219/2203 1644/2218/2202 1667/2220/2204
f 1645/2219/2203 1667/2220/2204 1668/2221/2205
f 1668/2221/2205 1667/2220/2204 1690/2222/2206
f 1668/2221/2205 1690/2222/2206 1691/2134/2118
f 1691/2134/2118 1690/2222/2206 1713/2132/2116
f 1619/2202/2186 1642/2204/2188 1620/2215/2199
f 1620/2215/2199 1642/2204/2188 1643/2223/2207
f 1620/2215/2199 1643/2223/2207 1621/2216/2200
f 1621/2216/2200 1643/2223/2207 1644/2218/2202
f 1622/2217/2201 1623/2224/2208 1256/2125/2109
f 1256/2125/2109 1623/2224/2208 1624/2225/2209
f 1256/2125/2109 1624/2225/2209 1625/2140/2124
f 1625/2140/2124 1624/2225/2209 1647/2138/2122
f 1622/2217/2201 1645/2219/2203 1623/2224/2208
f 1623/2224/2208 1645/2219/2203 1646/2226/2210
f 1623/2224/2208 1646/2226/2210 1624/2225/2209
f 1624/2225/2209 1646/2226/2210 1647/2138/2122
f 1605/2069/2053 1627/2142/2126 1628/2071/2055
f 1628/2071/2055 1627/2142/2126 1650/2227/2211
f 1628/2071/2055 1650/2227/2211 1651/2073/2057
f 1651/2073/2057 1650/2227/2211 1673/2228/2212
f 1651/2073/2057 1673/2228/2212 1674/2075/2059
f 1674/2075/2059 1673/2228/2212 1696/2229/2213
f 1674/2075/2059 1696/2229/2213 1697/2077/2061
f 1697/2077/2061 1696/2229/2213 1719/2230/2214
f 1697/2077/2061 1719/2230/2214 1720/2079/2063
f 1720/2079/2063 1719/2230/2214 1742/2231/2215
f 1720/2079/2063 1742/2231/2215 1743/2081/2065
f 1743/2081/2065 1742/2231/2215 1765/2232/2216
f 1743/2081/2065 1765/2232/2216 1766/2083/2067
f 1766/2083/2067 1765/2232/2216 1788/2233/2217
f 1766/2083/2067 1788/2233/2217 1789/2085/2069
f 1789/2085/2069 1788/2233/2217 1400/2087/2071
f 1650/2227/2211 1627/2142/2126 1649/2143/2127
f 1629/2072/2056 1652/2074/2058 1630/2178/2162
f 1630/2178/2162 1652/2074/2058 1653/2234/2218
f 1630/2178/2162 1653/2234/2218 1631/2153/2137
f 1631/2153/2137 1653/2234/2218 1654/2155/2139
f 1632/2154/2138 1655/2156/2140 1633/2193/2177
f 1633/2193/2177 1655/2156/2140 1656/2235/2219
f 1633/2193/2177 1656/2235/2219 1634/2182/2166
f 1634/2182/2166 1656/2235/2219 1657/2184/2168
f 1635/2183/2167 1658/2185/2169 1636/2199/2183
f 1636/2199/2183 1658/2185/2169 1659/2236/2220
f 1636/2199/2183 1659/2236/2220 1637/2196/2180
f 1637/2196/2180 1659/2236/2220 1660/2197/2181
f 1639/2121/2105 1662/2119/2103 1640/2214/2198
f 1640/2214/2198 1662/2119/2103 1663/2237/2221
f 1640/2214/2198 1663/2237/2221 1641/2203/2187
f 1641/2203/2187 1663/2237/2221 1664/2205/2189
f 1642/2204/2188 1665/2206/2190 1643/2223/2207
f 1643/2223/2207 1665/2206/2190 1666/2238/2222
f 1643/2223/2207 1666/2238/2222 1644/2218/2202
f 1644/2218/2202 1666/2238/2222 1667/2220/2204
f 1669/2136/2120 1647/2138/2122 1646/2226/2210
f 1669/2136/2120 1646/2226/2210 1668/2221/2205
f 1668/2221/2205 1646/2226/2210 1645/2219/2203
f 1650/2227/2211 1649/2143/2127 1672/2239/2223
f 1672/2239/2223 1649/2143/2127 1671/2144/2128
f 1672/2239/2223 1671/2144/2128 1694/2240/2224
f 1694/2240/2224 1671/2144/2128 1693/2145/2129
f 1694/2240/2224 1693/2145/2129 1716/2241/2225
f 1716/2241/2225 1693/2145/2129 1715/2146/2130
f 1716/2241/2225 1715/2146/2130 1738/2242/2226
f 1738/2242/2226 1715/2146/2130 1737/2147/2131
f 1738/2242/2226 1737/2147/2131 1760/2243/2227
f 1760/2243/2227 1737/2147/2131 1759/2148/2132
f 1760/2243/2227 1759/2148/2132 1782/2244/2228
f 1782/2244/2228 1759/2148/2132 1781/2149/2133
f 1782/2244/2228 1781/2149/2133 1400/2087/2071
f 1652/2074/2058 1675/2076/2060 1653/2234/2218
f 1653/2234/2218 1675/2076/2060 1676/2245/2229
f 1653/2234/2218 1676/2245/2229 1654/2155/2139
f 1654/2155/2139 1676/2245/2229 1677/2157/2141
f 1655/2156/2140 1678/2158/2142 1656/2235/2219
f 1656/2235/2219 1678/2158/2142 1679/2246/2230
f 1656/2235/2219 1679/2246/2230 1657/2184/2168
f 1657/2184/2168 1679/2246/2230 1680/2186/2170
f 1658/2185/2169 1681/2187/2171 1659/2236/2220
f 1659/2236/2220 1681/2187/2171 1682/2247/2231
f 1659/2236/2220 1682/2247/2231 1660/2197/2181
f 1660/2197/2181 1682/2247/2231 1683/2198/2182
f 1662/2119/2103 1685/2117/2101 1663/2237/2221
f 1663/2237/2221 1685/2117/2101 1686/2248/2232
f 1663/2237/2221 1686/2248/2232 1664/2205/2189
f 1664/2205/2189 1686/2248/2232 1687/2207/2191
f 1665/2206/2190 1688/2208/2192 1666/2238/2222
f 1666/2238/2222 1688/2208/2192 1689/2249/2233
f 1666/2238/2222 1689/2249/2233 1667/2220/2204
f 1667/2220/2204 1689/2249/2233 1690/2222/2206
f 1691/2134/2118 1669/2136/2120 1668/2221/2205
f 1650/2227/2211 1672/2239/2223 1673/2228/2212
f 1673/2228/2212 1672/2239/2223 1695/2250/2234
f 1673/2228/2212 1695/2250/2234 1696/2229/2213
f 1696/2229/2213 1695/2250/2234 1718/2251/2235
f 1696/2229/2213 1718/2251/2235 1719/2230/2214
f 1719/2230/2214 1718/2251/2235 1741/2252/2236
f 1719/2230/2214 1741/2252/2236 1742/2231/2215
f 1742/2231/2215 1741/2252/2236 1764/2253/2237
f 1742/2231/2215 1764/2253/2237 1765/2232/2216
f 1765/2232/2216 1764/2253/2237 1787/2254/2238
f 1765/2232/2216 1787/2254/2238 1788/2233/2217
f 1788/2233/2217 1787/2254/2238 1400/2087/2071
f 1695/2250/2234 1672/2239/2223 1694/2240/2224
f 1675/2076/2060 1698/2078/2062 1676/2245/2229
f 1676/2245/2229 1698/2078/2062 1699/2255/2239
f 1676/2245/2229 1699/2255/2239 1677/2157/2141
f 1677/2157/2141 1699/2255/2239 1700/2159/2143
f 1678/2158/2142 1701/2160/2144 1679/2246/2230
f 1679/2246/2230 1701/2160/2144 1702/2256/2240
f 1679/2246/2230 1702/2256/2240 1680/2186/2170
f 1680/2186/2170 1702/2256/2240 1703/2188/2172
f 1681/2187/2171 1704/2189/2173 1682/2247/2231
f 1682/2247/2231 1704/2189/2173 1705/2257/2241
f 1682/2247/2231 1705/2257/2241 1683/2198/2182
f 1683/2198/2182 1705/2257/2241 1706/2177/2161
f 1685/2117/2101 1708/2115/2099 1686/2248/2232
f 1686/2248/2232 1708/2115/2099 1709/2258/2242
f 1686/2248/2232 1709/2258/2242 1687/2207/2191
f 1687/2207/2191 1709/2258/2242 1710/2209/2193
f 1688/2208/2192 1711/2210/2194 1689/2249/2233
f 1689/2249/2233 1711/2210/2194 1712/2259/2243
f 1689/2249/2233 1712/2259/2243 1690/2222/2206
f 1690/2222/2206 1712/2259/2243 1713/2132/2116
f 1695/2250/2234 1694/2240/2224 1717/2260/2244
f 1717/2260/2244 1694/2240/2224 1716/2241/2225
f 1717/2260/2244 1716/2241/2225 1739/2261/2245
f 1739/2261/2245 1716/2241/2225 1738/2242/2226
f 1739/2261/2245 1738/2242/2226 1761/2262/2246
f 1761/2262/2246 1738/2242/2226 1760/2243/2227
f 1761/2262/2246 1760/2243/2227 1783/2263/2247
f 1783/2263/2247 1760/2243/2227 1782/2244/2228
f 1783/2263/2247 1782/2244/2228 1400/2087/2071
f 1698/2078/2062 1721/2080/2064 1699/2255/2239
f 1699/2255/2239 1721/2080/2064 1722/2264/2248
f 1699/2255/2239 1722/2264/2248 1700/2159/2143
f 1700/2159/2143 1722/2264/2248 1723/2161/2145
f 1701/2160/2144 1724/2162/2146 1702/2256/2240
f 1702/2256/2240 1724/2162/2146 1725/2265/2249
f 1702/2256/2240 1725/2265/2249 1703/2188/2172
f 1703/2188/2172 1725/2265/2249 1726/2190/2174
f 1728/2175/2159 1706/2177/2161 1705/2257/2241
f 1728/2175/2159 1705/2257/2241 1727/2191/2175
f 1727/2191/2175 1705/2257/2241 1704/2189/2173
f 1730/2114/2098 1707/2116/2100 1729/2176/2160
f 1708/2115/2099 1731/2113/2097 1709/2258/2242
f 1709/2258/2242 1731/2113/2097 1732/2266/2250
f 1709/2258/2242 1732/2266/2250 1710/2209/2193
f 1710/2209/2193 1732/2266/2250 1733/2211/2195
f 1735/2130/2114 1713/2132/2116 1712/2259/2243
f 1735/2130/2114 1712/2259/2243 1734/2212/2196
f 1734/2212/2196 1712/2259/2243 1711/2210/2194
f 1695/2250/2234 1717/2260/2244 1718/2251/2235
f 1718/2251/2235 1717/2260/2244 1740/2267/2251
f 1718/2251/2235 1740/2267/2251 1741/2252/2236
f 1741/2252/2236 1740/2267/2251 1763/2268/2252
f 1741/2252/2236 1763/2268/2252 1764/2253/2237
f 1764/2253/2237 1763/2268/2252 1786/2269/2253
f 1764/2253/2237 1786/2269/2253 1787/2254/2238
f 1787/2254/2238 1786/2269/2253 1400/2087/2071
f 1740/2267/2251 1717/2260/2244 1739/2261/2245
f 1721/2080/2064 1744/2082/2066 1722/2264/2248
f 1722/2264/2248 1744/2082/2066 1745/2270/2254
f 1722/2264/2248 1745/2270/2254 1723/2161/2145
f 1723/2161/2145 1745/2270/2254 1746/2163/2147
f 1724/2162/2146 1747/2164/2148 1725/2265/2249
f 1725/2265/2249 1747/2164/2148 1748/2271/2255
f 1725/2265/2249 1748/2271/2255 1726/2190/2174
f 1726/2190/2174 1748/2271/2255 1749/2192/2176
f 1750/2173/2157 1728/2175/2159 1727/2191/2175
f 1730/2114/2098 1729/2176/2160 1752/2272/2256
f 1752/2272/2256 1729/2176/2160 1751/2174/2158
f 1752/2272/2256 1751/2174/2158 1774/2273/2257
f 1774/2273/2257 1751/2174/2158 1773/2172/2156
f 1774/2273/2257 1773/2172/2156 1796/2274/2258
f 1796/2274/2258 1773/2172/2156 1795/2170/2154
f 1796/2274/2258 1795/2170/2154 1266/2088/2072
f 1731/2113/2097 1754/2111/2095 1732/2266/2250
f 1732/2266/2250 1754/2111/2095 1755/2275/2259
f 1732/2266/2250 1755/2275/2259 1733/2211/2195
f 1733/2211/2195 1755/2275/2259 1756/2213/2197
f 1757/2128/2112 1735/2130/2114 1734/2212/2196
f 1740/2267/2251 1739/2261/2245 1762/2276/2260
f 1762/2276/2260 1739/2261/2245 1761/2262/2246
f 1762/2276/2260 1761/2262/2246 1784/2277/2261
f 1784/2277/2261 1761/2262/2246 1783/2263/2247
f 1784/2277/2261 1783/2263/2247 1400/2087/2071
f 1744/2082/2066 1767/2084/2068 1745/2270/2254
f 1745/2270/2254 1767/2084/2068 1768/2278/2262
f 1745/2270/2254 1768/2278/2262 1746/2163/2147
f 1746/2163/2147 1768/2278/2262 1769/2165/2149
f 1747/2164/2148 1770/2166/2150 1748/2271/2255
f 1748/2271/2255 1770/2166/2150 1771/2279/2263
f 1748/2271/2255 1771/2279/2263 1749/2192/2176
f 1749/2192/2176 1771/2279/2263 1772/2171/2155
f 1730/2114/2098 1752/2272/2256 1753/2112/2096
f 1753/2112/2096 1752/2272/2256 1775/2280/2264
f 1753/2112/2096 1775/2280/2264 1776/2110/2094
f 1776/2110/2094 1775/2280/2264 1798/2281/2265
f 1776/2110/2094 1798/2281/2265 1799/2108/2092
f 1799/2108/2092 1798/2281/2265 1266/2088/2072
f 1775/2280/2264 1752/2272/2256 1774/2273/2257
f 1754/2111/2095 1777/2109/2093 1755/2275/2259
f 1755/2275/2259 1777/2109/2093 1778/2282/2266
f 1755/2275/2259 1778/2282/2266 1756/2213/2197
f 1756/2213/2197 1778/2282/2266 1779/2126/2110
f 1740/2267/2251 1762/2276/2260 1763/2268/2252
f 1763/2268/2252 1762/2276/2260 1785/2283/2267
f 1763/2268/2252 1785/2283/2267 1786/2269/2253
f 1786/2269/2253 1785/2283/2267 1400/2087/2071
f 1785/2283/2267 1762/2276/2260 1784/2277/2261
f 1767/2084/2068 1790/2086/2070 1768/2278/2262
f 1768/2278/2262 1790/2086/2070 1791/2284/2268
f 1768/2278/2262 1791/2284/2268 1769/2165/2149
f 1769/2165/2149 1791/2284/2268 1792/2167/2151
f 1794/2169/2153 1772/2171/2155 1771/2279/2263
f 1794/2169/2153 1771/2279/2263 1793/2168/2152
f 1793/2168/2152 1771/2279/2263 1770/2166/2150
f 1775/2280/2264 1774/2273/2257 1797/2285/2269
f 1797/2285/2269 1774/2273/2257 1796/2274/2258
f 1797/2285/2269 1796/2274/2258 1266/2088/2072
f 1801/2106/2090 1779/2126/2110 1778/2282/2266
f 1801/2106/2090 1778/2282/2266 1800/2107/2091
f 1800/2107/2091 1778/2282/2266 1777/2109/2093
f 1400/2087/2071 1785/2283/2267 1784/2277/2261
f 1266/2088/2072 1792/2167/2151 1791/2284/2268
f 1791/2284/2268 1790/2086/2070 1266/2088/2072
f 1266/2088/2072 1798/2281/2265 1797/2285/2269
f 1797/2285/2269 1798/2281/2265 1775/2280/2264
f 1042/2286/2270 1041/2287/2271 819/2288/2272
f 819/2288/2272 1041/2287/2271 820/2289/2273
f 820/2289/2273 1041/2287/2271 830/2290/2274
f 830/2290/2274 1041/2287/2271 773/2291/2275
f 773/2291/2275 1041/2287/2271 774/2292/2276
f 774/2292/2276 1041/2287/2271 1328/2293/2277
f 774/2292/2276 1328/2293/2277 775/2294/2278
f 775/2294/2278 1328/2293/2277 776/2295/2279
f 776/2295/2279 1328/2293/2277 777/2296/2280
f 777/2296/2280 1328/2293/2277 778/2297/2281
f 778/2297/2281 1328/2293/2277 779/2298/2282
f 779/2298/2282 1328/2293/2277 780/2299/2283
f 780/2299/2283 1328/2293/2277 781/2300/2284
f 781/2300/2284 1328/2293/2277 782/2301/2285
f 782/2301/2285 1328/2293/2277 783/2302/2286
f 783/2302/2286 1328/2293/2277 784/2303/2287
f 784/2303/2287 1328/2293/2277 785/2304/2288
f 785/2304/2288 1328/2293/2277 786/2305/2289
f 786/2305/2289 1328/2293/2277 787/2306/2290
f 787/2306/2290 1328/2293/2277 788/2307/2291
f 788/2307/2291 1328/2293/2277 789/2308/2292
f 789/2308/2292 1328/2293/2277 1327/2309/2293
f 789/2308/2292 1327/2309/2293 1314/2310/2294
f 1314/2310/2294 1327/2309/2293 1326/2311/2295
f 1314/2310/2294 1326/2311/2295 1325/2312/2296
f 1361/2313/2297 1371/2314/2298 1041/2287/2271
f 1041/2287/2271 1371/2314/2298 1344/2315/2299
f 1041/2287/2271 1344/2315/2299 1343/2316/2300
f 1361/2313/2297 1360/2317/2301 1371/2314/2298
f 1343/2316/2300 1342/2318/2302 1041/2287/2271
f 1041/2287/2271 1342/2318/2302 1341/2319/2303
f 1041/2287/2271 1341/2319/2303 1340/2320/2304
f 1340/2320/2304 1339/2321/2305 1041/2287/2271
f 1041/2287/2271 1339/2321/2305 1338/2322/2306
f 1041/2287/2271 1338/2322/2306 1337/2323/2307
f 1337/2323/2307 1336/2324/2308 1041/2287/2271
f 1041/2287/2271 1336/2324/2308 1335/2325/2309
f 1041/2287/2271 1335/2325/2309 1334/2326/2310
f 1334/2326/2310 1333/2327/2311 1041/2287/2271
f 1041/2287/2271 1333/2327/2311 1332/2328/2312
f 1041/2287/2271 1332/2328/2312 1331/2329/2313
f 1331/2329/2313 1330/2330/2314 1041/2287/2271
f 1041/2287/2271 1330/2330/2314 1329/2331/2315
f 1041/2287/2271 1329/2331/2315 1328/2293/2277
f 1325/2312/2296 1324/2332/2316 1314/2310/2294
f 1314/2310/2294 1324/2332/2316 1323/2333/2317
f 1314/2310/2294 1323/2333/2317 1322/2334/2318
f 1322/2334/2318 1321/2335/2319 1314/2310/2294
f 1314/2310/2294 1321/2335/2319 1320/2336/2320
f 1314/2310/2294 1320/2336/2320 1319/2337/2321
f 1319/2337/2321 1318/2338/2322 1314/2310/2294
f 1314/2310/2294 1318/2338/2322 1317/2339/2323
f 1314/2310/2294 1317/2339/2323 1316/2340/2324
f 1316/2340/2324 1315/2341/2325 1314/2310/2294
f 1314/2310/2294 803/2342/2326 789/2308/2292
f 789/2308/2292 803/2342/2326 790/2343/2327
f 790/2343/2327 803/2342/2326 791/2344/2328
f 791/2344/2328 803/2342/2326 792/2345/2329
f 792/2345/2329 803/2342/2326 793/2346/2330
f 793/2346/2330 803/2342/2326 794/2347/2331
f 794/2347/2331 803/2342/2326 795/2348/2332
f 795/2348/2332 803/2342/2326 796/2349/2333
f 796/2349/2333 803/2342/2326 797/2350/2334
f 797/2350/2334 803/2342/2326 798/2351/2335
f 798/2351/2335 803/2342/2326 799/2352/2336
f 799/2352/2336 803/2342/2326 800/2353/2337
f 800/2353/2337 803/2342/2326 801/2354/2338
f 801/2354/2338 803/2342/2326 802/2355/2339
f 706/2356/2340 709/2357/2341 1802/2358/2342
f 1802/2358/2342 709/2357/2341 725/2359/2343
f 1802/2358/2342 725/2359/2343 724/2360/2344
f 709/2357/2341 735/2361/2345 725/2359/2343
f 724/2360/2344 723/2362/2346 1802/2358/2342
f 1802/2358/2342 723/2362/2346 722/2363/2347
f 1802/2358/2342 722/2363/2347 721/2364/2348
f 721/2364/2348 720/2365/2349 1802/2358/2342
f 1802/2358/2342 720/2365/2349 719/2366/2350
f 1802/2358/2342 719/2366/2350 718/2367/2351
f 718/2367/2351 717/2368/2352 1802/2358/2342
f 1802/2358/2342 717/2368/2352 710/2369/881
f 1802/2358/2342 710/2369/881 1295/2370/1661
f 1295/2370/1661 710/2369/881 803/2371/920
f 1295/2370/1661 803/2371/920 1314/2372/1662
f 717/2368/2352 716/2373/2353 710/2369/881
f 710/2369/881 716/2373/2353 715/2374/2354
f 710/2369/881 715/2374/2354 714/2375/2355
f 714/2375/2355 713/2376/2356 710/2369/881
f 710/2369/881 713/2376/2356 712/2377/2357
f 710/2369/881 712/2377/2357 711/2378/2358
f 1294/2379/2359 1293/2380/2360 1295/2370/1661
f 1295/2370/1661 1293/2380/2360 1292/2381/2361
f 1295/2370/1661 1292/2381/2361 1291/2382/2362
f 1291/2382/2362 1290/2383/2363 1295/2370/1661
f 1295/2370/1661 1290/2383/2363 1289/2384/2364
f 1295/2370/1661 1289/2384/2364 1288/2385/2365
f 1295/2370/1661 1288/2385/2365 1803/2386/2366
f 1803/2386/2366 1288/2385/2365 1287/2387/2367
f 1803/2386/2366 1287/2387/2367 1286/2388/2368
f 1286/2388/2368 1285/2389/2369 1803/2386/2366
f 1803/2386/2366 1285/2389/2369 1284/2390/2370
f 1803/2386/2366 1284/2390/2370 1283/2391/2371
f 1283/2391/2371 1282/2392/2372 1803/2386/2366
f 1803/2386/2366 1282/2392/2372 1281/2393/2373
f 1803/2386/2366 1281/2393/2373 1280/2394/2374
f 1305/2395/2375 1279/2396/2376 1280/2394/2374
f 1280/2394/2374 1279/2396/2376 1803/2386/2366
f 1279/2396/2376 1278/2397/2377 1803/2386/2366
f 1295/2370/1661 1803/2386/2366 1802/2358/2342
f 1802/2358/2342 1803/2386/2366 1804/2398/2378
f 1802/2358/2342 1804/2398/2378 1805/2399/2379
f 6/2400/2380 5/2401/2381 1802/2402/2382
f 1802/2402/2382 5/2401/2381 4/2403/2383
f 1802/2402/2382 4/2403/2383 3/2404/2384
f 3/2404/2384 2/2405/2385 1802/2402/2382
f 1802/2402/2382 2/2405/2385 877/2406/2386
f 1802/2402/2382 877/2406/2386 706/2407/2387
f 706/2407/2387 877/2406/2386 876/2408/2388
f 706/2407/2387 876/2408/2388 875/2409/2389
f 2/2405/2385 1/2410/2390 877/2406/2386
f 877/2406/2386 1/2410/2390 878/2411/2391
f 878/2411/2391 1/2410/2390 879/2412/2392
f 875/2409/2389 874/2413/2393 706/2407/2387
f 706/2407/2387 874/2413/2393 864/2414/2394
f 706/2407/2387 864/2414/2394 863/2415/2395
f 863/2415/2395 862/2416/2396 706/2407/2387
f 706/2407/2387 862/2416/2396 861/2417/2397
f 706/2407/2387 861/2417/2397 860/2418/2398
f 860/2418/2398 859/2419/2399 706/2407/2387
f 706/2407/2387 859/2419/2399 707/2420/2400
f 707/2420/2400 859/2419/2399 858/2421/2401
f 707/2420/2400 858/2421/2401 857/2422/2402
f 707/2420/2400 857/2422/2402 767/2423/2403
f 767/2423/2403 857/2422/2402 856/2424/2404
f 767/2423/2403 856/2424/2404 855/2425/2405
f 767/2423/2403 855/2425/2405 740/2426/2406
f 740/2426/2406 855/2425/2405 854/2427/2407
f 740/2426/2406 854/2427/2407 1038/2428/2408
f 1038/2428/2408 1037/2429/2409 740/2426/2406
f 740/2426/2406 1037/2429/2409 1036/2430/2410
f 740/2426/2406 1036/2430/2410 1026/2431/2411
f 1025/2432/2412 886/2433/2413 1026/2431/2411
f 1026/2431/2411 886/2433/2413 885/2434/2414
f 1026/2431/2411 885/2434/2414 741/2435/2415
f 741/2435/2415 885/2434/2414 884/2436/2416
f 741/2435/2415 884/2436/2416 883/2437/2417
f 1025/2432/2412 1024/2438/2418 886/2433/2413
f 883/2437/2417 882/2439/2419 741/2435/2415
f 741/2435/2415 882/2439/2419 881/2440/2420
f 741/2435/2415 740/2426/2406 1026/2431/2411
f 881/2441/2421 891/2442/2422 741/2443/2423
f 741/2443/2423 891/2442/2422 1806/2444/2424
f 741/2443/2423 1806/2444/2424 1807/2445/2425
f 1808/2446/2426 1039/2447/2427 1807/2445/2425
f 1807/2445/2425 1039/2447/2427 742/2448/2428
f 1807/2445/2425 742/2448/2428 741/2443/2423
f 742/2448/2428 1039/2447/2427 695/2449/2429
f 695/2449/2429 1039/2447/2427 1042/2450/2430
f 695/2449/2429 1042/2450/2430 822/2451/2431
f 822/2451/2431 1042/2450/2430 819/2452/2432
f 822/2451/2431 696/2453/2433 695/2449/2429
f 695/2449/2429 838/2454/2434 742/2448/2428
f 1803/2455/2435 476/2456/2436 1804/2457/2437
f 1804/2457/2437 476/2456/2436 475/2458/2438
f 1809/2459/2439 1810/2460/2440 1040/2461/2441
f 1040/2461/2441 1810/2460/2440 465/2462/2442
f 1040/2461/2441 465/2462/2442 1244/2463/2443
f 1244/2463/2443 465/2462/2442 1382/2464/2444
f 465/2462/2442 1810/2460/2440 459/2465/2445
f 459/2465/2445 1810/2460/2440 1811/2466/2446
f 459/2465/2445 1811/2466/2446 1416/2467/2447
f 1416/2467/2447 1426/2468/2448 459/2465/2445
f 1243/2469/2449 1364/2470/2450 1244/2463/2443
f 1244/2463/2443 1364/2470/2450 1041/2471/2451
f 1244/2463/2443 1041/2471/2451 1040/2461/2441
f 1364/2470/2450 1361/2472/2452 1041/2471/2451
f 1110/2473/2453 1806/2474/2454 1077/2475/2455
f 1077/2475/2455 1806/2474/2454 891/2476/2456
f 1077/2475/2455 891/2476/2456 890/2477/2457
f 1110/2473/2453 1109/2478/2458 1806/2474/2454
f 1806/2474/2454 1109/2478/2458 1108/2479/2459
f 1806/2474/2454 1108/2479/2459 1107/2480/2460
f 1107/2480/2460 1106/2481/2461 1806/2474/2454
f 1806/2474/2454 1106/2481/2461 1105/2482/2462
f 1806/2474/2454 1105/2482/2462 1104/2483/2463
f 1104/2483/2463 1103/2484/2464 1806/2474/2454
f 1806/2474/2454 1103/2484/2464 1102/2485/2465
f 1806/2474/2454 1102/2485/2465 1811/2486/2466
f 1811/2486/2466 1102/2485/2465 1101/2487/2467
f 1811/2486/2466 1101/2487/2467 1100/2488/2468
f 1100/2488/2468 1099/2489/2469 1811/2486/2466
f 1811/2486/2466 1099/2489/2469 1098/2490/2470
f 1811/2486/2466 1098/2490/2470 1097/2491/2471
f 1097/2491/2471 1096/2492/2472 1811/2486/2466
f 1811/2486/2466 1096/2492/2472 1095/2493/2473
f 1811/2486/2466 1095/2493/2473 1094/2494/2474
f 1093/2495/2475 1417/2496/2476 1094/2494/2474
f 1094/2494/2474 1417/2496/2476 1416/2497/2477
f 1094/2494/2474 1416/2497/2477 1811/2486/2466
f 1417/2496/2476 1093/2495/2475 1418/2498/2478
f 1418/2498/2478 1093/2495/2475 1092/2499/2479
f 1418/2498/2478 1092/2499/2479 1419/2500/2480
f 1419/2500/2480 1092/2499/2479 1091/2501/2481
f 1419/2500/2480 1091/2501/2481 1090/2502/2482
f 1089/2503/2483 1596/2504/2484 1090/2502/2482
f 1090/2502/2482 1596/2504/2484 1595/2505/2485
f 1090/2502/2482 1595/2505/2485 1420/2506/2486
f 1420/2506/2486 1595/2505/2485 1564/2507/2487
f 1420/2506/2486 1564/2507/2487 1421/2508/2488
f 1421/2508/2488 1564/2507/2487 1562/2509/2489
f 1562/2509/2489 1564/2507/2487 1563/2510/2490
f 1596/2504/2484 1089/2503/2483 1597/2511/2491
f 1597/2511/2491 1089/2503/2483 1088/2512/2492
f 1597/2511/2491 1088/2512/2492 1598/2513/2493
f 1598/2513/2493 1088/2512/2492 1087/2514/2494
f 1598/2513/2493 1087/2514/2494 1599/2515/2495
f 1599/2515/2495 1087/2514/2494 1086/2516/2496
f 1599/2515/2495 1086/2516/2496 1600/2517/2497
f 1600/2517/2497 1086/2516/2496 1085/2518/2498
f 1600/2517/2497 1085/2518/2498 204/2519/2499
f 204/2519/2499 1085/2518/2498 205/2520/2500
f 205/2520/2500 1085/2518/2498 1084/2521/2501
f 205/2520/2500 1084/2521/2501 206/2522/2502
f 206/2522/2502 1084/2521/2501 1083/2523/2503
f 206/2522/2502 1083/2523/2503 207/2524/2504
f 207/2524/2504 1083/2523/2503 1082/2525/2505
f 207/2524/2504 1082/2525/2505 208/2526/2506
f 208/2526/2506 1082/2525/2505 1081/2527/2507
f 208/2526/2506 1081/2527/2507 209/2528/2508
f 209/2528/2508 1081/2527/2507 887/2529/2509
f 209/2528/2508 887/2529/2509 438/2530/2510
f 438/2530/2510 887/2529/2509 442/2531/2511
f 438/2530/2510 442/2531/2511 441/2532/2512
f 887/2529/2509 1081/2527/2507 888/2533/2513
f 888/2533/2513 1081/2527/2507 1080/2534/2514
f 888/2533/2513 1080/2534/2514 1079/2535/2515
f 888/2533/2513 1079/2535/2515 889/2536/2516
f 889/2536/2516 1079/2535/2515 1078/2537/2517
f 889/2536/2516 1078/2537/2517 890/2477/2457
f 890/2477/2457 1078/2537/2517 1077/2475/2455
f 161/2538/2518 12/2539/2519 163/2540/2520
f 163/2540/2520 12/2539/2519 11/2541/2521
f 163/2540/2520 11/2541/2521 1805/2542/2522
f 1805/2542/2522 11/2541/2521 10/2543/2523
f 1805/2542/2522 10/2543/2523 9/2544/2524
f 9/2544/2524 8/2545/2525 1805/2542/2522
f 1805/2542/2522 8/2545/2525 7/2546/2526
f 1804/2547/2527 202/2548/2528 1805/2542/2522
f 1805/2542/2522 202/2548/2528 201/2549/2529
f 1805/2542/2522 201/2549/2529 180/2550/2530
f 180/2550/2530 201/2549/2529 184/2551/2531
f 180/2550/2530 184/2551/2531 182/2552/2532
f 182/2552/2532 184/2551/2531 183/2553/2533
f 475/2554/2534 474/2555/2535 1804/2547/2527
f 1804/2547/2527 474/2555/2535 473/2556/2536
f 1804/2547/2527 473/2556/2536 472/2557/2537
f 472/2557/2537 471/2558/2538 1804/2547/2527
f 1804/2547/2527 471/2558/2538 1383/2559/2539
f 1804/2547/2527 1383/2559/2539 1399/2560/2540
f 471/2558/2538 470/2561/2541 1383/2559/2539
f 1383/2559/2539 470/2561/2541 1385/2562/2542
f 1383/2559/2539 1385/2562/2542 1384/2563/2543
f 1402/2564/2544 1400/2565/2545 1399/2560/2540
f 1399/2560/2540 1400/2565/2545 1603/2566/2546
f 1399/2560/2540 1603/2566/2546 1804/2547/2527
f 1804/2547/2527 1603/2566/2546 1602/2567/2547
f 1804/2547/2527 1602/2567/2547 202/2548/2528
f 202/2548/2528 1602/2567/2547 203/2568/2548
f 203/2568/2548 1602/2567/2547 1601/2569/2549
f 203/2568/2548 1601/2569/2549 204/2519/2499
f 204/2519/2499 1601/2569/2549 1600/2517/2497
f 1402/2564/2544 1401/2570/2550 1400/2565/2545
f 1564/2507/2487 1595/2505/2485 1578/2571/2551
f 1578/2571/2551 1595/2505/2485 1581/2572/2552
f 1578/2571/2551 1581/2572/2552 1579/2573/2553
f 1579/2573/2553 1581/2572/2552 1580/2574/2554
f 1420/2506/2486 1419/2500/2480 1090/2502/2482
f 441/2532/2512 440/2575/2555 438/2530/2510
f 438/2530/2510 421/2576/2556 209/2528/2508
f 209/2528/2508 421/2576/2556 210/2577/2557
f 210/2577/2557 421/2576/2556 420/2578/2558
f 210/2577/2557 420/2578/2558 419/2579/2559
f 180/2550/2530 163/2540/2520 1805/2542/2522
f 163/2540/2520 162/2580/2560 161/2538/2518
f 1806/2581/2561 1811/2582/2562 1807/2583/2563
f 1807/2583/2563 1811/2582/2562 1810/2584/2564
f 1807/2585/2565 1810/2586/2566 1808/2587/2567
f 1808/2587/2567 1810/2586/2566 1809/2588/2568
f 6/2589/2569 1802/2590/2570 7/2591/2571
f 7/2591/2571 1802/2590/2570 1805/2592/2572
f 459/2593/2573 679/2594/2574 460/2595/2575
f 460/2595/2575 679/2594/2574 675/2596/2576
f 460/2595/2575 675/2596/2576 674/2597/2577
f 1426/2598/2578 1425/2599/2579 459/2593/2573
f 459/2593/2573 1425/2599/2579 1424/2600/2580
f 459/2593/2573 1424/2600/2580 1423/2601/2581
f 1423/2601/2581 1422/2602/2582 459/2593/2573
f 459/2593/2573 1422/2602/2582 679/2594/2574
f 1422/2602/2582 685/2603/2583 679/2594/2574
f 679/2594/2574 685/2603/2583 683/2604/2584
f 683/2604/2584 685/2603/2583 684/2605/2585
f 674/2597/2577 673/2606/2586 460/2595/2575
f 460/2595/2575 673/2606/2586 646/2607/2587
f 460/2595/2575 646/2607/2587 645/2608/2588
f 460/2595/2575 645/2608/2588 466/2609/2589
f 466/2609/2589 645/2608/2588 644/2610/2590
f 466/2609/2589 644/2610/2590 643/2611/2591
f 466/2609/2589 643/2611/2591 468/2612/2592
f 468/2612/2592 643/2611/2591 642/2613/2593
f 468/2612/2592 642/2613/2593 641/2614/2594
f 468/2612/2592 641/2614/2594 1278/2615/2595
f 1278/2615/2595 641/2614/2594 640/2616/2596
f 1278/2615/2595 640/2616/2596 639/2617/2597
f 639/2617/2597 638/2618/2598 1278/2615/2595
f 1278/2615/2595 638/2618/2598 637/2619/2599
f 1278/2615/2595 637/2619/2599 634/2620/2600
f 634/2620/2600 633/2621/2601 1278/2615/2595
f 1278/2615/2595 633/2621/2601 632/2622/2602
f 1278/2615/2595 632/2622/2602 630/2623/2603
f 630/2623/2603 625/2624/2604 1278/2615/2595
f 1278/2615/2595 625/2624/2604 1803/2625/2605
f 1803/2625/2605 625/2624/2604 480/2626/2606
f 1803/2625/2605 480/2626/2606 479/2627/2607
f 480/2626/2606 625/2624/2604 481/2628/2608
f 481/2628/2608 625/2624/2604 624/2629/2609
f 481/2628/2608 624/2629/2609 623/2630/2610
f 479/2627/2607 478/2631/2611 1803/2625/2605
f 1803/2625/2605 478/2631/2611 477/2632/2612
f 1803/2625/2605 477/2632/2612 476/2633/2613
f 1040/2634/2614 1039/2635/2615 1809/2636/2616
f 1809/2636/2616 1039/2635/2615 1808/2637/2617
# 1811 vertices
# 2637 texture params
# 2617 normals
# 3630 facets

# 1 groups
