# WaveFront *.obj file (generated by Autodesk ATF)

mtllib Motor Mount.mtl

g Motor Mount

v 9.544050 -23.000000 57.643552
v 9.139010 -23.000000 57.526657
v 8.721583 -23.000000 57.467692
v 8.300012 -23.000000 57.467823
v 7.882622 -23.000000 57.527047
v 7.477654 -23.000000 57.644195
v 7.093107 -23.000000 57.816953
v 7.093107 -25.500000 57.816953
v 7.477654 -25.500000 57.644195
v 7.882622 -25.500000 57.527047
v 8.300012 -25.500000 57.467823
v 8.721583 -25.500000 57.467692
v 9.139010 -25.500000 57.526657
v 9.544050 -25.500000 57.643552
v 14.186272 -25.500000 53.093851
v 13.973473 -25.500000 52.729093
v 13.814000 -25.500000 52.338069
v 13.711013 -25.500000 51.928526
v 13.666552 -25.500000 51.508579
v 13.681499 -25.500000 51.086551
v 13.755557 -25.500000 50.670802
v 13.887259 -25.500000 50.269571
v 13.887259 -23.000000 50.269571
v 13.755557 -23.000000 50.670802
v 13.681499 -23.000000 51.086551
v 13.666552 -23.000000 51.508579
v 13.711013 -23.000000 51.928526
v 13.814000 -23.000000 52.338069
v 13.973473 -23.000000 52.729093
v 14.186272 -23.000000 53.093851
v 15.819377 -25.500000 54.045834
v 15.155352 -25.500000 53.368306
v 15.155352 -25.300000 53.368306
v 15.819377 -25.300000 54.045834
v 15.462283 -25.500000 54.395811
v 15.462283 -25.300000 54.395811
v 15.376194 -25.500000 54.307971
v 15.376194 -25.300000 54.307971
v 14.886226 -25.300000 53.808039
v 14.886226 -25.500000 53.808039
v 14.798258 -25.500000 53.718283
v 14.798258 -25.300000 53.718283
v 14.886226 -23.000000 53.808039
v 17.686042 -25.500000 56.664791
v 13.043820 -25.500000 61.214492
v 6.314071 -25.500000 58.206341
v 5.513749 -25.500000 58.549859
v 4.694839 -25.500000 58.846350
v 3.947602 -25.500000 58.658550
v 3.204225 -25.500000 58.497008
v 2.471159 -25.500000 58.359689
v 1.754851 -25.500000 58.244560
v 1.061753 -25.500000 58.149587
v 0.398313 -25.500000 58.072737
v -0.229020 -25.500000 58.011975
v -0.813797 -25.500000 57.965269
v -2.303446 -25.500000 57.891799
v -3.826697 -25.500000 57.878180
v -5.348087 -25.500000 57.916357
v -6.106011 -25.500000 57.946948
v -6.794877 -25.500000 57.972720
v -7.615838 -25.500000 57.522810
v -8.407134 -25.500000 57.022564
v -9.165684 -25.500000 56.473931
v -9.888533 -25.500000 55.879048
v -10.572865 -25.500000 55.240231
v -11.216015 -25.500000 54.559971
v -19.332819 -25.500000 56.430880
v -19.804848 -25.500000 56.500738
v -20.281982 -25.500000 56.494871
v -20.752150 -25.500000 56.413427
v -21.203458 -25.500000 56.258467
v -21.624487 -25.500000 56.033911
v -22.004587 -25.500000 55.745440
v -22.334141 -25.500000 55.400352
v -22.604811 -25.500000 55.007378
v -22.809750 -25.500000 54.576459
v -22.943774 -25.500000 54.118497
v -23.003491 -25.500000 53.645079
v -22.987390 -25.500000 53.168180
v -22.895880 -25.500000 52.699867
v -22.731275 -25.500000 52.251988
v -18.421719 -25.500000 42.899917
v -18.274472 -25.500000 41.720129
v -18.051748 -25.500000 40.552235
v -17.754465 -25.500000 39.401060
v -17.383851 -25.500000 38.271358
v -16.941438 -25.500000 37.167795
v -16.994423 -25.500000 36.549287
v -16.983218 -25.500000 35.928615
v -16.907943 -25.500000 35.312422
v -16.769403 -25.500000 34.707306
v -16.569082 -25.500000 34.119742
v -16.947237 -25.500000 32.304227
v -19.659285 -25.500000 29.259261
v -19.659285 -25.500000 26.250000
v -10.825000 -25.500000 26.250000
v -10.825000 -25.500000 24.340292
v -10.539972 -25.500000 24.573794
v -10.219259 -25.500000 24.755198
v -9.872282 -25.500000 24.879178
v -9.509231 -25.500000 24.942092
v -9.140769 -25.500000 24.942092
v -8.777718 -25.500000 24.879178
v -8.430741 -25.500000 24.755198
v -8.110028 -25.500000 24.573794
v -7.825000 -25.500000 24.340292
v -7.825000 -25.500000 26.250000
v -5.335755 -25.500000 26.250000
v -5.335755 -25.500000 25.350000
v 10.475323 -25.500000 25.350000
v 10.475323 -25.500000 26.250000
v 21.498170 -25.500000 26.250000
v 21.498170 -25.500000 28.650000
v 23.498170 -25.500000 28.650000
v 23.498170 -25.500000 26.250000
v 24.998441 -25.500000 26.250000
v 25.000000 -25.500000 29.709824
v 23.414712 -25.500000 36.489387
v 23.281154 -25.500000 36.928427
v 23.091302 -25.500000 37.346219
v 22.848421 -25.500000 37.735581
v 22.556685 -25.500000 38.089820
v 22.221112 -25.500000 38.402844
v 21.847468 -25.500000 38.669273
v 21.442178 -25.500000 38.884527
v 14.874103 -25.500000 42.660653
v 14.968328 -25.500000 43.625752
v 14.999999 -25.500000 44.594922
v 14.968984 -25.500000 45.564114
v 14.875412 -25.500000 46.529276
v 14.719675 -25.500000 47.486376
v 14.502423 -25.500000 48.431414
v 14.224564 -25.500000 49.360439
v 18.664610 -25.500000 36.563639
v 18.789308 -25.500000 36.885172
v 18.980010 -25.500000 37.172515
v 19.227856 -25.500000 37.412318
v 19.521331 -25.500000 37.593441
v 19.846801 -25.500000 37.707469
v 20.189145 -25.500000 37.749104
v 20.532459 -25.500000 37.716413
v 20.860792 -25.500000 37.610913
v 21.158892 -25.500000 37.437507
v 21.412908 -25.500000 37.204250
v 21.611040 -25.500000 36.921979
v 21.744083 -25.500000 36.603808
v 21.805856 -25.500000 36.264519
v 21.793488 -25.500000 35.919874
v 21.707555 -25.500000 35.585885
v 21.552049 -25.500000 35.278068
v 21.500339 -25.500000 35.118986
v 21.432301 -25.500000 34.966171
v 21.348681 -25.500000 34.821296
v 21.223983 -25.500000 34.499763
v 21.033281 -25.500000 34.212420
v 20.785435 -25.500000 33.972617
v 20.491960 -25.500000 33.791494
v 20.166490 -25.500000 33.677466
v 19.824146 -25.500000 33.635831
v 19.480832 -25.500000 33.668522
v 19.152499 -25.500000 33.774022
v 18.854399 -25.500000 33.947428
v 18.600383 -25.500000 34.180685
v 18.402251 -25.500000 34.462956
v 18.269208 -25.500000 34.781127
v 18.207435 -25.500000 35.120416
v 18.219803 -25.500000 35.465061
v 18.305736 -25.500000 35.799050
v 18.461242 -25.500000 36.106867
v 18.512953 -25.500000 36.265949
v 18.580990 -25.500000 36.418764
v -8.750000 -25.500000 44.600000
v -8.711552 -25.500000 45.419363
v -8.596547 -25.500000 46.231525
v -8.405995 -25.500000 47.029350
v -8.141571 -25.500000 47.805825
v -7.805599 -25.500000 48.554128
v -7.401031 -25.500000 49.267681
v -6.931422 -25.500000 49.940215
v -6.400899 -25.500000 50.565818
v -5.814125 -25.500000 51.138994
v -5.176257 -25.500000 51.654705
v -4.492899 -25.500000 52.108419
v -3.770058 -25.500000 52.496149
v -3.014085 -25.500000 52.814487
v -2.231624 -25.500000 53.060636
v -1.429552 -25.500000 53.232432
v -0.614917 -25.500000 53.328366
v 0.205123 -25.500000 53.347595
v 1.023359 -25.500000 53.289950
v 1.832602 -25.500000 53.155938
v 2.625741 -25.500000 52.946735
v 3.395804 -25.500000 52.664181
v 4.136024 -25.500000 52.310759
v 4.839898 -25.500000 51.889574
v 5.501238 -25.500000 51.404328
v 6.114232 -25.500000 50.859286
v 6.673495 -25.500000 50.259237
v 7.174111 -25.500000 49.609454
v 7.611681 -25.500000 48.915648
v 7.982359 -25.500000 48.183916
v 8.282887 -25.500000 47.420688
v 8.510625 -25.500000 46.632672
v 8.663572 -25.500000 45.826793
v 8.740383 -25.500000 45.010132
v 8.740383 -25.500000 44.189868
v 8.663572 -25.500000 43.373207
v 8.510625 -25.500000 42.567328
v 8.282887 -25.500000 41.779312
v 7.982359 -25.500000 41.016084
v 7.611681 -25.500000 40.284352
v 7.174111 -25.500000 39.590546
v 6.673495 -25.500000 38.940763
v 6.114232 -25.500000 38.340714
v 5.501238 -25.500000 37.795672
v 4.839898 -25.500000 37.310426
v 4.136024 -25.500000 36.889241
v 3.395804 -25.500000 36.535819
v 2.625741 -25.500000 36.253265
v 1.832602 -25.500000 36.044062
v 1.023359 -25.500000 35.910050
v 0.205123 -25.500000 35.852405
v -0.614917 -25.500000 35.871634
v -1.429552 -25.500000 35.967568
v -2.231624 -25.500000 36.139364
v -3.014085 -25.500000 36.385513
v -3.770058 -25.500000 36.703851
v -4.492899 -25.500000 37.091581
v -5.176257 -25.500000 37.545295
v -5.814125 -25.500000 38.061006
v -6.400899 -25.500000 38.634182
v -6.931422 -25.500000 39.259785
v -7.401031 -25.500000 39.932319
v -7.805599 -25.500000 40.645872
v -8.141571 -25.500000 41.394175
v -8.405995 -25.500000 42.170650
v -8.596547 -25.500000 42.968475
v -8.711552 -25.500000 43.780637
v -21.606646 -25.500000 53.507532
v -21.569238 -25.500000 53.851485
v -21.458766 -25.500000 54.179355
v -21.280394 -25.500000 54.475811
v -21.042464 -25.500000 54.726992
v -20.756099 -25.500000 54.921152
v -20.434691 -25.500000 55.049212
v -20.093268 -25.500000 55.105186
v -19.747794 -25.500000 55.086455
v -19.414424 -25.500000 54.993895
v -19.108746 -25.500000 54.831835
v -18.845053 -25.500000 54.607852
v -18.635674 -25.500000 54.332419
v -18.490400 -25.500000 54.018415
v -18.416025 -25.500000 53.680523
v -18.416025 -25.500000 53.334542
v -18.490400 -25.500000 52.996650
v -18.635674 -25.500000 52.682646
v -18.845053 -25.500000 52.407213
v -19.108746 -25.500000 52.183230
v -19.414424 -25.500000 52.021170
v -19.747794 -25.500000 51.928610
v -20.093268 -25.500000 51.909879
v -20.434691 -25.500000 51.965852
v -20.756099 -25.500000 52.093913
v -21.042464 -25.500000 52.288073
v -21.280394 -25.500000 52.539254
v -21.458766 -25.500000 52.835710
v -21.569238 -25.500000 53.163580
v -14.097830 -25.500000 36.347108
v -14.059664 -25.500000 36.832055
v -13.946106 -25.500000 37.305061
v -13.759951 -25.500000 37.754479
v -13.505783 -25.500000 38.169242
v -13.189862 -25.500000 38.539139
v -12.819965 -25.500000 38.855061
v -12.405201 -25.500000 39.109228
v -11.955783 -25.500000 39.295383
v -11.482777 -25.500000 39.408942
v -10.997830 -25.500000 39.447108
v -10.512884 -25.500000 39.408942
v -10.039878 -25.500000 39.295383
v -9.590460 -25.500000 39.109228
v -9.175696 -25.500000 38.855061
v -8.805799 -25.500000 38.539139
v -8.489878 -25.500000 38.169242
v -8.235710 -25.500000 37.754479
v -8.049555 -25.500000 37.305061
v -7.935997 -25.500000 36.832055
v -7.897830 -25.500000 36.347108
v -7.935997 -25.500000 35.862161
v -8.049555 -25.500000 35.389155
v -8.235710 -25.500000 34.939738
v -8.489878 -25.500000 34.524974
v -8.805799 -25.500000 34.155077
v -9.175696 -25.500000 33.839155
v -9.590460 -25.500000 33.584988
v -10.039878 -25.500000 33.398833
v -10.512884 -25.500000 33.285274
v -10.997830 -25.500000 33.247108
v -11.482777 -25.500000 33.285274
v -11.955783 -25.500000 33.398833
v -12.405201 -25.500000 33.584988
v -12.819965 -25.500000 33.839155
v -13.189862 -25.500000 34.155077
v -13.505783 -25.500000 34.524974
v -13.759951 -25.500000 34.939738
v -13.946106 -25.500000 35.389155
v -14.059664 -25.500000 35.862161
v 10.958192 -25.500000 57.657786
v 13.058054 -25.500000 59.800350
v 16.271900 -25.500000 56.650557
v 14.662006 -25.500000 55.007925
v 13.043820 -23.000000 61.214492
v 10.958192 -23.000000 57.657786
v 13.058054 -23.000000 59.800350
v 16.271900 -23.000000 56.650557
v 14.662006 -23.000000 55.007925
v 15.376194 -23.000000 54.307971
v 17.686042 -23.000000 56.664791
v 14.874103 -23.000000 42.660653
v 14.968328 -23.000000 43.625752
v 14.999999 -23.000000 44.594922
v 14.968984 -23.000000 45.564114
v 14.875412 -23.000000 46.529276
v 14.719675 -23.000000 47.486376
v 14.502423 -23.000000 48.431414
v 14.224564 -23.000000 49.360439
v 6.189616 -23.000000 58.263406
v 5.258187 -23.000000 58.648184
v 4.303023 -23.000000 58.969551
v 4.226656 -25.500000 58.992199
v 4.382470 -25.500000 58.945520
v 4.537770 -25.500000 58.897155
v 4.692536 -25.500000 58.847109
v 4.740183 -25.477633 58.831327
v 3.681456 -23.000000 58.779647
v 3.053331 -23.000000 58.611731
v 2.417708 -23.000000 58.463952
v 1.775822 -23.000000 58.335285
v 0.480344 -23.000000 58.131825
v -0.818936 -23.000000 57.994417
v -0.818936 -25.309235 57.994418
v 0.479833 -25.397452 58.139486
v 1.754136 -25.500000 58.350062
v 2.999232 -25.500000 58.630181
v 3.615979 -25.500000 58.800403
v 3.966774 -25.500000 58.676322
v 3.233887 -25.500000 58.539019
v 2.495719 -25.500000 58.431485
v -0.763110 -25.039472 57.677811
v -0.043981 -25.085676 57.750163
v 0.668803 -25.137533 57.841533
v 1.373948 -25.193421 57.952670
v 2.070159 -25.251720 58.084325
v 2.756140 -25.310809 58.237246
v 3.430597 -25.369066 58.412183
v 4.092261 -25.424995 58.609905
v 3.060372 -25.474519 58.480214
v 2.438433 -25.420690 58.329007
v 0.519178 -25.263161 57.982758
v 1.804490 -25.366472 58.195598
v -0.785393 -25.171790 57.804187
v -0.802528 -25.327476 57.901365
v -0.121243 -25.178720 57.839666
v 0.532428 -25.225669 57.921173
v 0.172962 -25.435223 58.019127
v 2.424357 -25.493626 58.344820
v 3.686965 -25.489595 58.588772
v 3.074666 -25.437121 58.418649
v 2.452034 -25.383230 58.267408
v 1.820097 -25.329184 58.134466
v 1.794934 -25.439799 58.212430
v 1.179885 -25.276244 58.019247
v 1.157322 -25.387076 58.097698
v 0.512574 -25.336715 58.000047
v 0.496460 -25.459043 58.061588
v -0.138258 -25.289971 57.918904
v -0.151880 -25.412463 57.980710
v 0.187853 -25.312812 57.957448
v 0.206305 -25.201663 57.878385
v -0.477932 -25.390918 57.946266
v -0.465627 -25.268349 57.884342
v -0.450086 -25.156999 57.804945
v -7.183457 -25.233977 57.768066
v -6.975246 -25.340901 57.879531
v -6.879985 -25.413123 57.929129
v -1.565823 -24.996859 57.618889
v -2.372528 -24.966320 57.581485
v -3.181205 -24.951379 57.564870
v -3.989834 -24.955560 57.568312
v -4.796394 -24.982388 57.591083
v -5.598865 -25.035385 57.632451
v -6.395226 -25.118075 57.691686
v -1.204502 -25.435288 57.915524
v -1.177515 -25.105496 57.734906
v -3.183388 -25.369374 57.837962
v -4.761074 -25.398631 57.864186
v -6.337838 -25.415130 57.916056
v -6.358966 -25.305673 57.856385
v -6.378242 -25.205684 57.781720
v -5.542059 -25.450607 57.903730
v -5.558800 -25.333203 57.859146
v -5.574075 -25.222996 57.799066
v -5.587550 -25.122332 57.724033
v -4.772493 -25.280692 57.819292
v -4.782346 -25.170001 57.758936
v -4.790396 -25.068915 57.683665
v -3.988769 -25.042302 57.660854
v -3.985696 -25.143583 57.736259
v -3.980766 -25.254525 57.796792
v -3.974130 -25.372767 57.841900
v -3.185749 -25.251014 57.792731
v -3.186223 -25.140001 57.732119
v -3.184733 -25.038702 57.656683
v -2.380359 -25.054323 57.672233
v -2.386054 -25.155512 57.747599
v -2.389630 -25.266463 57.808194
v -2.391097 -25.384810 57.853461
v -1.994957 -25.398452 57.868841
v -1.991620 -25.280151 57.823594
v -1.986046 -25.169269 57.763048
v -1.978255 -25.068172 57.687760
v -0.977995 -25.116494 57.750150
v -0.990341 -25.217331 57.825146
v -1.000175 -25.328006 57.885486
v -1.007409 -25.446156 57.930612
v -1.599429 -25.415427 57.889480
v -1.594541 -25.297177 57.844262
v -1.587279 -25.186369 57.783778
v -1.577693 -25.085369 57.708584
v -1.188983 -25.206386 57.809972
v -1.198003 -25.317105 57.870364
v -1.401837 -25.425027 57.901820
v -1.377334 -25.095105 57.721061
v -1.387907 -25.196050 57.796192
v -1.396095 -25.306812 57.856631
v -6.663477 -25.429977 58.038678
v -1.550814 -25.269418 57.940966
v -2.285709 -25.238734 57.906603
v -3.021928 -25.220856 57.889902
v -3.757778 -25.219459 57.889438
v -4.491566 -25.237802 57.904065
v -5.221586 -25.277580 57.933854
v -5.946127 -25.340911 57.978754
v -1.587388 -25.132191 57.777833
v -2.387438 -25.102061 57.740913
v -3.189091 -25.087417 57.724610
v -3.990263 -25.091712 57.728177
v -4.788872 -25.118401 57.750868
v -5.582835 -25.170937 57.791938
v -6.370068 -25.252774 57.850640
v -1.479030 -23.000000 57.948205
v -2.165785 -23.000000 57.916028
v -2.876171 -23.000000 57.898145
v -3.607154 -23.000000 57.894817
v -4.355703 -23.000000 57.906303
v -5.118786 -23.000000 57.932864
v -6.676425 -23.000000 58.032250
v -2.442845 -24.028506 57.905459
v -1.898274 -24.047763 57.925111
v -1.356796 -24.072810 57.954558
v -2.989982 -24.016496 57.894984
v -3.968001 -24.017581 57.897110
v -4.949602 -24.053230 57.924175
v -5.931802 -24.128371 57.977291
v -7.520456 -23.000000 57.578550
v -8.333795 -23.000000 57.071883
v -9.113124 -23.000000 56.514318
v -9.855262 -23.000000 55.908130
v -10.557181 -23.000000 55.255794
v -11.216015 -23.000000 54.559971
v 24.998170 -24.900000 25.650000
v 23.498170 -24.900000 25.650000
v 23.498170 -15.000000 28.650000
v 23.498170 -15.000000 25.650000
v 21.498170 -24.900000 25.650000
v 10.475323 -24.900000 25.650000
v 21.498170 -15.000000 25.650000
v 21.498170 -15.000000 28.650000
v 10.475323 -23.000000 25.650000
v -5.335755 -23.000000 25.650000
v -5.335755 -24.900000 25.650000
v -7.825000 -24.900000 25.650000
v -7.825000 -23.000000 25.650000
v -10.825000 -23.000000 25.650000
v -10.825000 -24.900000 25.650000
v -19.659285 -24.900000 25.650000
v -19.659285 -15.000000 25.650000
v -9.900000 -18.000000 25.650000
v -9.937407 -17.656047 25.650000
v -10.047879 -17.328177 25.650000
v -10.226251 -17.031721 25.650000
v -10.464182 -16.780541 25.650000
v -10.750546 -16.586381 25.650000
v -11.071955 -16.458320 25.650000
v -11.413378 -16.402347 25.650000
v -11.758851 -16.421078 25.650000
v -12.092221 -16.513637 25.650000
v -12.397899 -16.675698 25.650000
v -12.661593 -16.899681 25.650000
v -12.870971 -17.175114 25.650000
v -13.016245 -17.489118 25.650000
v -13.090621 -17.827010 25.650000
v -13.090621 -18.172990 25.650000
v -13.016245 -18.510882 25.650000
v -12.870971 -18.824886 25.650000
v -12.661593 -19.100319 25.650000
v -12.397899 -19.324302 25.650000
v -12.092221 -19.486363 25.650000
v -11.758851 -19.578922 25.650000
v -11.413378 -19.597653 25.650000
v -11.071955 -19.541680 25.650000
v -10.750546 -19.413619 25.650000
v -10.464182 -19.219459 25.650000
v -10.226251 -18.968279 25.650000
v -10.047879 -18.671823 25.650000
v -9.937407 -18.343953 25.650000
v 13.100000 -18.000000 25.650000
v 13.062593 -17.656047 25.650000
v 12.952121 -17.328177 25.650000
v 12.773749 -17.031721 25.650000
v 12.535818 -16.780541 25.650000
v 12.249454 -16.586381 25.650000
v 11.928045 -16.458320 25.650000
v 11.586622 -16.402347 25.650000
v 11.241149 -16.421078 25.650000
v 10.907779 -16.513637 25.650000
v 10.602101 -16.675698 25.650000
v 10.338407 -16.899681 25.650000
v 10.129029 -17.175114 25.650000
v 9.983755 -17.489118 25.650000
v 9.909379 -17.827010 25.650000
v 9.909379 -18.172990 25.650000
v 9.983755 -18.510882 25.650000
v 10.129029 -18.824886 25.650000
v 10.338407 -19.100319 25.650000
v 10.602101 -19.324302 25.650000
v 10.907779 -19.486363 25.650000
v 11.241149 -19.578922 25.650000
v 11.586622 -19.597653 25.650000
v 11.928045 -19.541680 25.650000
v 12.249454 -19.413619 25.650000
v 12.535818 -19.219459 25.650000
v 12.773749 -18.968279 25.650000
v 12.952121 -18.671823 25.650000
v 13.062593 -18.343953 25.650000
v -7.825000 -24.965549 23.400000
v -7.825000 -25.049891 23.599769
v -7.825000 -25.162820 23.817997
v -7.825000 -25.310069 24.061693
v -10.825000 -25.310069 24.061693
v -10.825000 -25.162820 23.817997
v -10.825000 -25.049891 23.599769
v -10.825000 -24.965549 23.400000
v -10.754161 -24.900000 23.400000
v -10.594734 -24.900000 23.688974
v -10.377741 -24.900000 23.937645
v -10.113019 -24.900000 24.134738
v -9.812571 -24.900000 24.271317
v -9.490017 -24.900000 24.341191
v -9.159983 -24.900000 24.341191
v -8.837429 -24.900000 24.271317
v -8.536981 -24.900000 24.134738
v -8.272259 -24.900000 23.937645
v -8.055266 -24.900000 23.688974
v -7.895839 -24.900000 23.400000
v -7.825000 -23.000000 23.400000
v -7.895839 -23.000000 23.400000
v -19.659285 -15.000000 29.259261
v 9.975323 -23.500000 24.850000
v 9.975323 -25.000000 24.850000
v -4.835755 -25.000000 24.850000
v -4.835755 -23.500000 24.850000
v -5.335755 -23.000000 25.350000
v 10.475323 -23.000000 25.350000
v 11.551948 -22.000000 30.150000
v 12.137409 -22.488148 30.638148
v 12.702264 -23.000000 31.150000
v 24.663239 -23.000000 31.150000
v 24.897072 -22.000000 30.150000
v 21.442178 -23.000000 38.884527
v 21.847468 -23.000000 38.669273
v 22.221112 -23.000000 38.402844
v 22.556685 -23.000000 38.089820
v 22.848421 -23.000000 37.735581
v 23.091302 -23.000000 37.346219
v 23.281154 -23.000000 36.928427
v 23.414712 -23.000000 36.489387
v 11.818101 -23.000000 30.366853
v 10.885767 -23.000000 29.641722
v 9.909060 -23.000000 28.977564
v 8.891963 -23.000000 28.377084
v 7.838621 -23.000000 27.842732
v 6.753327 -23.000000 27.376685
v 5.640506 -23.000000 26.980843
v 4.504693 -23.000000 26.656819
v 3.350518 -23.000000 26.405934
v 2.182687 -23.000000 26.229211
v 1.005958 -23.000000 26.127370
v -0.174871 -23.000000 26.100827
v -1.354988 -23.000000 26.149688
v -2.529581 -23.000000 26.273756
v -3.693863 -23.000000 26.472524
v -4.843089 -23.000000 26.745183
v -5.972573 -23.000000 27.090621
v -7.077713 -23.000000 27.507429
v -8.154002 -23.000000 27.993909
v -9.197055 -23.000000 28.548079
v -10.202619 -23.000000 29.167678
v -11.166595 -23.000000 29.850181
v -12.085055 -23.000000 30.592808
v -12.954255 -23.000000 31.392529
v -13.770651 -23.000000 32.246086
v -14.530915 -23.000000 33.150000
v -16.771070 -23.000000 33.150000
v -16.569082 -23.000000 34.119742
v -16.769403 -23.000000 34.707306
v -16.907943 -23.000000 35.312422
v -16.983218 -23.000000 35.928615
v -16.994423 -23.000000 36.549287
v -16.941438 -23.000000 37.167795
v -17.383851 -23.000000 38.271358
v -17.754465 -23.000000 39.401060
v -18.051748 -23.000000 40.552235
v -18.274472 -23.000000 41.720129
v -18.421719 -23.000000 42.899917
v -22.731275 -23.000000 52.251988
v -22.895880 -23.000000 52.699867
v -22.987390 -23.000000 53.168180
v -23.003491 -23.000000 53.645079
v -22.943774 -23.000000 54.118497
v -22.809750 -23.000000 54.576459
v -22.604811 -23.000000 55.007378
v -22.334141 -23.000000 55.400352
v -22.004587 -23.000000 55.745440
v -21.624487 -23.000000 56.033911
v -21.203458 -23.000000 56.258467
v -20.752150 -23.000000 56.413427
v -20.281982 -23.000000 56.494871
v -19.804848 -23.000000 56.500738
v -19.332819 -23.000000 56.430880
v 21.552049 -23.000000 35.278068
v 21.707555 -23.000000 35.585885
v 21.793488 -23.000000 35.919874
v 21.805856 -23.000000 36.264519
v 21.744083 -23.000000 36.603808
v 21.611040 -23.000000 36.921979
v 21.412908 -23.000000 37.204250
v 21.158892 -23.000000 37.437507
v 20.860792 -23.000000 37.610913
v 20.532459 -23.000000 37.716413
v 20.189145 -23.000000 37.749104
v 19.846801 -23.000000 37.707469
v 19.521331 -23.000000 37.593441
v 19.227856 -23.000000 37.412318
v 18.980010 -23.000000 37.172515
v 18.789308 -23.000000 36.885172
v 18.664610 -23.000000 36.563639
v 18.580990 -23.000000 36.418764
v 18.512953 -23.000000 36.265949
v 18.461242 -23.000000 36.106867
v 18.305736 -23.000000 35.799050
v 18.219803 -23.000000 35.465061
v 18.207435 -23.000000 35.120416
v 18.269208 -23.000000 34.781127
v 18.402251 -23.000000 34.462956
v 18.600383 -23.000000 34.180685
v 18.854399 -23.000000 33.947428
v 19.152499 -23.000000 33.774022
v 19.480832 -23.000000 33.668522
v 19.824146 -23.000000 33.635831
v 20.166490 -23.000000 33.677466
v 20.491960 -23.000000 33.791494
v 20.785435 -23.000000 33.972617
v 21.033281 -23.000000 34.212420
v 21.223983 -23.000000 34.499763
v 21.348681 -23.000000 34.821296
v 21.432301 -23.000000 34.966171
v 21.500339 -23.000000 35.118986
v -8.750000 -23.000000 44.600000
v -8.711552 -23.000000 43.780637
v -8.596547 -23.000000 42.968475
v -8.405995 -23.000000 42.170650
v -8.141571 -23.000000 41.394175
v -7.805599 -23.000000 40.645872
v -7.401031 -23.000000 39.932319
v -6.931422 -23.000000 39.259785
v -6.400899 -23.000000 38.634182
v -5.814125 -23.000000 38.061006
v -5.176257 -23.000000 37.545295
v -4.492899 -23.000000 37.091581
v -3.770058 -23.000000 36.703851
v -3.014085 -23.000000 36.385513
v -2.231624 -23.000000 36.139364
v -1.429552 -23.000000 35.967568
v -0.614917 -23.000000 35.871634
v 0.205123 -23.000000 35.852405
v 1.023359 -23.000000 35.910050
v 1.832602 -23.000000 36.044062
v 2.625741 -23.000000 36.253265
v 3.395804 -23.000000 36.535819
v 4.136024 -23.000000 36.889241
v 4.839898 -23.000000 37.310426
v 5.501238 -23.000000 37.795672
v 6.114232 -23.000000 38.340714
v 6.673495 -23.000000 38.940763
v 7.174111 -23.000000 39.590546
v 7.611681 -23.000000 40.284352
v 7.982359 -23.000000 41.016084
v 8.282887 -23.000000 41.779312
v 8.510625 -23.000000 42.567328
v 8.663572 -23.000000 43.373207
v 8.740383 -23.000000 44.189868
v 8.740383 -23.000000 45.010132
v 8.663572 -23.000000 45.826793
v 8.510625 -23.000000 46.632672
v 8.282887 -23.000000 47.420688
v 7.982359 -23.000000 48.183916
v 7.611681 -23.000000 48.915648
v 7.174111 -23.000000 49.609454
v 6.673495 -23.000000 50.259237
v 6.114232 -23.000000 50.859286
v 5.501238 -23.000000 51.404328
v 4.839898 -23.000000 51.889574
v 4.136024 -23.000000 52.310759
v 3.395804 -23.000000 52.664181
v 2.625741 -23.000000 52.946735
v 1.832602 -23.000000 53.155938
v 1.023359 -23.000000 53.289950
v 0.205123 -23.000000 53.347595
v -0.614917 -23.000000 53.328366
v -1.429552 -23.000000 53.232432
v -2.231624 -23.000000 53.060636
v -3.014085 -23.000000 52.814487
v -3.770058 -23.000000 52.496149
v -4.492899 -23.000000 52.108419
v -5.176257 -23.000000 51.654705
v -5.814125 -23.000000 51.138994
v -6.400899 -23.000000 50.565818
v -6.931422 -23.000000 49.940215
v -7.401031 -23.000000 49.267681
v -7.805599 -23.000000 48.554128
v -8.141571 -23.000000 47.805825
v -8.405995 -23.000000 47.029350
v -8.596547 -23.000000 46.231525
v -8.711552 -23.000000 45.419363
v -21.606646 -23.000000 53.507532
v -21.569238 -23.000000 53.163580
v -21.458766 -23.000000 52.835710
v -21.280394 -23.000000 52.539254
v -21.042464 -23.000000 52.288073
v -20.756099 -23.000000 52.093913
v -20.434691 -23.000000 51.965852
v -20.093268 -23.000000 51.909879
v -19.747794 -23.000000 51.928610
v -19.414424 -23.000000 52.021170
v -19.108746 -23.000000 52.183230
v -18.845053 -23.000000 52.407213
v -18.635674 -23.000000 52.682646
v -18.490400 -23.000000 52.996650
v -18.416025 -23.000000 53.334542
v -18.416025 -23.000000 53.680523
v -18.490400 -23.000000 54.018415
v -18.635674 -23.000000 54.332419
v -18.845053 -23.000000 54.607852
v -19.108746 -23.000000 54.831835
v -19.414424 -23.000000 54.993895
v -19.747794 -23.000000 55.086455
v -20.093268 -23.000000 55.105186
v -20.434691 -23.000000 55.049212
v -20.756099 -23.000000 54.921152
v -21.042464 -23.000000 54.726992
v -21.280394 -23.000000 54.475811
v -21.458766 -23.000000 54.179355
v -21.569238 -23.000000 53.851485
v -14.097830 -23.000000 36.347108
v -14.059664 -23.000000 35.862161
v -13.946106 -23.000000 35.389155
v -13.759951 -23.000000 34.939738
v -13.505783 -23.000000 34.524974
v -13.189862 -23.000000 34.155077
v -12.819965 -23.000000 33.839155
v -12.405201 -23.000000 33.584988
v -11.955783 -23.000000 33.398833
v -11.482777 -23.000000 33.285274
v -10.997830 -23.000000 33.247108
v -10.512884 -23.000000 33.285274
v -10.039878 -23.000000 33.398833
v -9.590460 -23.000000 33.584988
v -9.175696 -23.000000 33.839155
v -8.805799 -23.000000 34.155077
v -8.489878 -23.000000 34.524974
v -8.235710 -23.000000 34.939738
v -8.049555 -23.000000 35.389155
v -7.935997 -23.000000 35.862161
v -7.897830 -23.000000 36.347108
v -7.935997 -23.000000 36.832055
v -8.049555 -23.000000 37.305061
v -8.235710 -23.000000 37.754479
v -8.489878 -23.000000 38.169242
v -8.805799 -23.000000 38.539139
v -9.175696 -23.000000 38.855061
v -9.590460 -23.000000 39.109228
v -10.039878 -23.000000 39.295383
v -10.512884 -23.000000 39.408942
v -10.997830 -23.000000 39.447108
v -11.482777 -23.000000 39.408942
v -11.955783 -23.000000 39.295383
v -12.405201 -23.000000 39.109228
v -12.819965 -23.000000 38.855061
v -13.189862 -23.000000 38.539139
v -13.505783 -23.000000 38.169242
v -13.759951 -23.000000 37.754479
v -13.946106 -23.000000 37.305061
v -14.059664 -23.000000 36.832055
v -16.947237 -22.878310 32.304227
v -16.889410 -22.945710 32.581853
v -16.830509 -22.986397 32.864633
v -14.156547 -22.964464 32.690319
v -13.775886 -22.862042 32.252190
v -13.407152 -22.704906 31.852523
v -13.037286 -22.488229 31.474758
v -12.664603 -22.203829 31.114534
v -12.484839 -22.037223 30.947995
v -12.313520 -21.855853 30.793332
v -12.153585 -21.661351 30.652307
v -12.007974 -21.455348 30.526680
v -11.876995 -21.234845 30.415969
v -11.758592 -20.988834 30.317650
v -12.037808 -20.951346 30.304758
v -12.313532 -20.887584 30.284304
v -12.582621 -20.797780 30.257968
v -12.842233 -20.682956 30.228751
v -13.089609 -20.544217 30.199777
v -13.322509 -20.382877 30.174541
v -13.538725 -20.200806 30.156729
v -13.736068 -20.000000 30.150000
v -18.865933 -20.000000 30.150000
v -18.857321 -20.240678 30.159670
v -18.831538 -20.479804 30.188617
v -18.788752 -20.715838 30.236655
v -18.729238 -20.947256 30.303475
v -18.653381 -21.172568 30.388645
v -18.561668 -21.390321 30.491616
v -18.454691 -21.599112 30.611725
v -18.333140 -21.797593 30.748196
v -18.197799 -21.984486 30.900152
v -18.049539 -22.158585 31.066611
v -17.889317 -22.318770 31.246501
v -17.718166 -22.464006 31.438662
v -17.537188 -22.593357 31.641856
v -17.347551 -22.705990 31.854772
v -17.150477 -22.801179 32.076037
v -14.025675 -19.618940 30.150000
v -14.250995 -19.196673 30.150000
v -14.406294 -18.743947 30.150000
v -14.487618 -18.272285 30.150000
v -14.492898 -17.793693 30.150000
v -14.421999 -17.320351 30.150000
v -14.276726 -16.864309 30.150000
v -14.060776 -16.437174 30.150000
v -13.779647 -16.049818 30.150000
v -13.440493 -15.712100 30.150000
v -13.051948 -15.432617 30.150000
v -13.051948 -15.000000 30.150000
v -18.865933 -15.000000 30.150000
v -10.051948 -15.000000 29.069116
v -10.051948 -15.000000 27.600000
v -10.051948 -15.372616 27.600000
v -10.051948 -15.372616 29.069116
v -11.551948 -20.999550 30.150000
v -11.134456 -20.977089 29.826242
v -10.698893 -20.890559 29.507794
v -10.480029 -20.821176 29.354770
v -10.263565 -20.733277 29.208162
v -10.051873 -20.626742 29.069199
v -9.847148 -20.502595 28.938668
v -9.651553 -20.361960 28.817345
v -9.467252 -20.205961 28.706002
v -9.296381 -20.035691 28.605398
v -9.136649 -19.847116 28.513671
v -8.987988 -19.638599 28.430171
v -8.854054 -19.412745 28.356413
v -8.738499 -19.172156 28.293910
v -8.644737 -18.919581 28.243966
v -8.574073 -18.658856 28.206747
v -8.526744 -18.394319 28.182093
v -8.502977 -18.130312 28.169844
v -8.502989 -17.869413 28.169851
v -8.526782 -17.605403 28.182112
v -8.574135 -17.340868 28.206780
v -8.644823 -17.080149 28.244012
v -8.738610 -16.827584 28.293970
v -8.854185 -16.587010 28.356484
v -8.988137 -16.361173 28.430254
v -9.136811 -16.152675 28.513763
v -9.296553 -15.964122 28.605498
v -9.467396 -15.793716 28.706049
v -9.651618 -15.637401 28.817262
v -9.847162 -15.496563 28.938502
v -9.655023 -15.634401 27.600000
v -9.304445 -15.955609 27.600000
v -9.009018 -16.328172 27.600000
v -8.776165 -16.742731 27.600000
v -8.611735 -17.188874 27.600000
v -8.519858 -17.655391 27.600000
v -8.502843 -18.130565 27.600000
v -8.561116 -18.602460 27.600000
v -8.693213 -19.059221 27.600000
v -8.895818 -19.489374 27.600000
v -9.163839 -19.882114 27.600000
v -9.490545 -20.227575 27.600000
v -9.867728 -20.517079 27.600000
v -10.285914 -20.743355 27.600000
v -10.734598 -20.900717 27.600000
v -11.202509 -20.985213 27.600000
v -11.677892 -20.994721 27.600000
v -12.148807 -20.929001 27.600000
v -12.603424 -20.789705 27.600000
v -13.030323 -20.580331 27.600000
v -13.418781 -20.306140 27.600000
v -13.759038 -19.974018 27.600000
v -14.042549 -19.592309 27.600000
v -14.262190 -19.170601 27.600000
v -14.412445 -18.719487 27.600000
v -14.489540 -18.250300 27.600000
v -14.491537 -17.774825 27.600000
v -14.418387 -17.305007 27.600000
v -14.271927 -16.852647 27.600000
v -14.055837 -16.429109 27.600000
v -13.775543 -16.045031 27.600000
v -13.438088 -15.710062 27.600000
v -13.051948 -15.432617 27.600000
v -13.051948 -15.000000 27.600000
v -9.900000 -18.000000 27.600000
v -9.937407 -18.343953 27.600000
v -10.047879 -18.671823 27.600000
v -10.226251 -18.968279 27.600000
v -10.464182 -19.219459 27.600000
v -10.750546 -19.413619 27.600000
v -11.071955 -19.541680 27.600000
v -11.413378 -19.597653 27.600000
v -11.758851 -19.578922 27.600000
v -12.092221 -19.486363 27.600000
v -12.397899 -19.324302 27.600000
v -12.661593 -19.100319 27.600000
v -12.870971 -18.824886 27.600000
v -13.016245 -18.510882 27.600000
v -13.090621 -18.172990 27.600000
v -13.090621 -17.827010 27.600000
v -13.016245 -17.489118 27.600000
v -12.870971 -17.175114 27.600000
v -12.661593 -16.899681 27.600000
v -12.397899 -16.675698 27.600000
v -12.092221 -16.513637 27.600000
v -11.758851 -16.421078 27.600000
v -11.413378 -16.402347 27.600000
v -11.071955 -16.458320 27.600000
v -10.750546 -16.586381 27.600000
v -10.464182 -16.780541 27.600000
v -10.226251 -17.031721 27.600000
v -10.047879 -17.328177 27.600000
v -9.937407 -17.656047 27.600000
v 13.000000 -15.000000 30.150000
v 13.000000 -15.000000 27.600000
v 13.000000 -15.401924 27.600000
v 13.000000 -15.401924 30.150000
v 11.551948 -20.999550 30.150000
v 12.008428 -20.956603 30.150000
v 12.453032 -20.844597 30.150000
v 12.875375 -20.666148 30.150000
v 13.265593 -20.425424 30.150000
v 13.614572 -20.128048 30.150000
v 13.914159 -19.780966 30.150000
v 14.157357 -19.392285 30.150000
v 14.338485 -18.971083 30.150000
v 14.453314 -18.527199 30.150000
v 14.499160 -18.071002 30.150000
v 14.474953 -17.613146 30.150000
v 14.381258 -17.164325 30.150000
v 14.220264 -16.735025 30.150000
v 13.995732 -16.335271 30.150000
v 13.712905 -15.974401 30.150000
v 13.378390 -15.660844 30.150000
v 13.391658 -15.671561 27.600000
v 13.735793 -15.999693 27.600000
v 14.023761 -16.378078 27.600000
v 14.248325 -16.797208 27.600000
v 14.403846 -17.246556 27.600000
v 14.486416 -17.714832 27.600000
v 14.493960 -18.190272 27.600000
v 14.426289 -18.660932 27.600000
v 14.285104 -19.114987 27.600000
v 14.073950 -19.541032 27.600000
v 13.798133 -19.928363 27.600000
v 13.464582 -20.267249 27.600000
v 13.081676 -20.549176 27.600000
v 12.659035 -20.767063 27.600000
v 12.207277 -20.915435 27.600000
v 11.737750 -20.990564 27.600000
v 11.262250 -20.990564 27.600000
v 10.792723 -20.915435 27.600000
v 10.340965 -20.767063 27.600000
v 9.918324 -20.549176 27.600000
v 9.535418 -20.267249 27.600000
v 9.201867 -19.928363 27.600000
v 8.926050 -19.541032 27.600000
v 8.714896 -19.114987 27.600000
v 8.573711 -18.660932 27.600000
v 8.506040 -18.190272 27.600000
v 8.513584 -17.714832 27.600000
v 8.596154 -17.246556 27.600000
v 8.751675 -16.797208 27.600000
v 8.976239 -16.378078 27.600000
v 9.264207 -15.999693 27.600000
v 9.608342 -15.671561 27.600000
v 10.000000 -15.401924 27.600000
v 10.000000 -15.401924 29.035618
v 9.798858 -15.529102 28.908229
v 9.607338 -15.672641 28.790256
v 9.427453 -15.831111 28.682313
v 9.260860 -16.003520 28.584812
v 9.104417 -16.195070 28.495418
v 8.959627 -16.405713 28.414437
v 8.830061 -16.632907 28.343347
v 8.719287 -16.874107 28.283627
v 8.630416 -17.126507 28.236391
v 8.564332 -17.386170 28.201652
v 8.521258 -17.648855 28.179255
v 8.501415 -17.910322 28.169046
v 8.505006 -18.169286 28.170884
v 8.531980 -18.431576 28.184806
v 8.582117 -18.693786 28.210962
v 8.655196 -18.951678 28.249508
v 8.750967 -19.201019 28.300601
v 8.867869 -19.438204 28.363957
v 9.002472 -19.660605 28.438230
v 9.151206 -19.865677 28.521942
v 9.310502 -20.050878 28.613614
v 9.481190 -20.218672 28.714320
v 9.664958 -20.372360 28.825555
v 9.859694 -20.510846 28.946562
v 10.063286 -20.633031 29.076585
v 10.273619 -20.737819 29.214868
v 10.705743 -20.892438 29.512659
v 11.137809 -20.977504 29.828767
v 10.000000 -15.000000 27.600000
v 10.000000 -15.000000 29.035618
v 13.100000 -18.000000 27.600000
v 13.062593 -18.343953 27.600000
v 12.952121 -18.671823 27.600000
v 12.773749 -18.968279 27.600000
v 12.535818 -19.219459 27.600000
v 12.249454 -19.413619 27.600000
v 11.928045 -19.541680 27.600000
v 11.586622 -19.597653 27.600000
v 11.241149 -19.578922 27.600000
v 10.907779 -19.486363 27.600000
v 10.602101 -19.324302 27.600000
v 10.338407 -19.100319 27.600000
v 10.129029 -18.824886 27.600000
v 9.983755 -18.510882 27.600000
v 9.909379 -18.172990 27.600000
v 9.909379 -17.827010 27.600000
v 9.983755 -17.489118 27.600000
v 10.129029 -17.175114 27.600000
v 10.338407 -16.899681 27.600000
v 10.602101 -16.675698 27.600000
v 10.907779 -16.513637 27.600000
v 11.241149 -16.421078 27.600000
v 11.586622 -16.402347 27.600000
v 11.928045 -16.458320 27.600000
v 12.249454 -16.586381 27.600000
v 12.535818 -16.780541 27.600000
v 12.773749 -17.031721 27.600000
v 12.952121 -17.328177 27.600000
v 13.062593 -17.656047 27.600000
v 24.897072 -15.000000 30.150000
v 8.989926 -15.000000 28.431165
v 7.943455 -15.000000 27.892172
v 6.864825 -15.000000 27.420821
v 5.758403 -15.000000 27.019022
v 4.628667 -15.000000 26.688399
v 3.480192 -15.000000 26.430293
v 2.317628 -15.000000 26.245747
v 1.145680 -15.000000 26.135509
v -0.030906 -15.000000 26.100026
v -1.207367 -15.000000 26.139440
v -2.378940 -15.000000 26.253593
v -3.540881 -15.000000 26.442022
v -4.688488 -15.000000 26.703965
v -5.817112 -15.000000 27.038360
v -6.922186 -15.000000 27.443854
v -7.999235 -15.000000 27.918806
v -9.043899 -15.000000 28.461292
v 25.000000 -15.000000 29.709824
v 24.998170 -15.000000 25.650000
v -8.055266 -23.000000 23.688974
v -8.272259 -23.000000 23.937645
v -8.536981 -23.000000 24.134738
v -8.837429 -23.000000 24.271317
v -9.159983 -23.000000 24.341191
v -9.490017 -23.000000 24.341191
v -9.812571 -23.000000 24.271317
v -10.113019 -23.000000 24.134738
v -10.377741 -23.000000 23.937645
v -10.594734 -23.000000 23.688974
v -10.754161 -23.000000 23.400000
v -10.825000 -23.000000 23.400000
vt -0.000000 -0.253151 0.000000
vt 0.250000 -0.253151 0.000000
vt -0.000000 -0.210959 0.000000
vt 0.250000 -0.210959 0.000000
vt 0.000000 -0.168767 0.000000
vt 0.250000 -0.168767 0.000000
vt 0.000000 -0.126576 0.000000
vt 0.250000 -0.126576 0.000000
vt 0.000000 -0.084384 0.000000
vt 0.250000 -0.084384 0.000000
vt 0.000000 -0.042192 0.000000
vt 0.250000 -0.042192 0.000000
vt 0.000000 0.000000 0.000000
vt 0.250000 0.000000 0.000000
vt -0.250000 -0.295850 0.000000
vt -0.000000 -0.295850 0.000000
vt -0.250000 -0.253586 0.000000
vt -0.000000 -0.253586 0.000000
vt -0.000000 -0.211321 0.000000
vt -0.250000 -0.211321 0.000000
vt 0.000000 -0.169057 0.000000
vt -0.250000 -0.169057 0.000000
vt 0.000000 -0.126793 0.000000
vt -0.250000 -0.126793 0.000000
vt -0.000000 -0.084529 0.000000
vt -0.250000 -0.084529 0.000000
vt -0.000000 -0.042264 0.000000
vt -0.250000 -0.042264 0.000000
vt -0.250000 0.000000 0.000000
vt -0.000000 0.000000 0.000000
vt -0.000000 0.000000 0.000000
vt 0.094867 0.000000 0.000000
vt -0.000000 0.020000 0.000000
vt 0.094867 0.020000 0.000000
vt -0.000000 0.000000 0.000000
vt 0.050000 0.000000 0.000000
vt -0.000000 0.020000 0.000000
vt 0.050000 0.020000 0.000000
vt 0.082568 0.020000 0.000000
vt 0.012568 0.020000 0.000000
vt 0.082568 0.000000 0.000000
vt 0.012568 0.000000 0.000000
vt -0.000000 0.000000 0.000000
vt 0.050000 0.000000 0.000000
vt -0.000000 0.020000 0.000000
vt 0.050000 0.020000 0.000000
vt -0.016378 -0.051056 0.000000
vt -0.007402 -0.042259 0.000000
vt -0.051375 -0.015347 0.000000
vt 0.042591 0.006738 0.000000
vt 0.016378 0.051056 0.000000
vt 0.051375 0.015347 0.000000
vt -0.000000 0.020000 0.000000
vt 0.012568 0.020000 0.000000
vt -0.000000 0.250000 0.000000
vt 0.100000 0.250000 0.000000
vt 0.100000 0.000000 0.000000
vt 0.012568 0.000000 0.000000
vt 1.668936 1.516479 0.000000
vt 1.527522 1.515056 0.000000
vt 1.446561 1.289581 0.000000
vt 1.366533 1.350792 0.000000
vt 1.437952 1.280797 0.000000
vt 1.206138 1.830035 0.000000
vt 1.204714 1.971449 0.000000
vt 0.854737 1.614355 0.000000
vt 0.996152 1.615779 0.000000
vt 0.814233 1.602666 0.000000
vt 1.318959 1.159385 0.000000
vt 1.297680 1.122909 0.000000
vt 0.772491 1.596769 0.000000
vt 0.450456 0.990433 0.000000
vt 0.730333 1.596782 0.000000
vt 0.384322 1.038957 0.000000
vt 0.688594 1.602705 0.000000
vt 0.313935 1.081076 0.000000
vt 0.648098 1.614419 0.000000
vt 0.239913 1.116418 0.000000
vt 0.609643 1.631695 0.000000
vt 0.162906 1.144674 0.000000
vt 0.531739 1.670634 0.000000
vt 0.220755 1.699701 0.000000
vt 0.295092 1.715855 0.000000
vt 0.451707 1.704986 0.000000
vt 0.369816 1.734635 0.000000
vt 0.147448 1.685969 0.000000
vt 0.083593 1.165594 0.000000
vt 0.075817 1.674456 0.000000
vt 0.002668 1.178995 0.000000
vt 0.006508 1.664959 0.000000
vt -0.059836 1.657274 0.000000
vt -0.079155 1.184760 0.000000
vt -0.122570 1.651198 0.000000
vt -0.181047 1.646527 0.000000
vt -0.161159 1.182837 0.000000
vt -0.330012 1.639180 0.000000
vt -0.242623 1.173243 0.000000
vt -0.322830 1.156064 0.000000
vt -0.482337 1.637818 0.000000
vt -0.401076 1.131449 0.000000
vt -0.634476 1.641636 0.000000
vt -0.476674 1.099615 0.000000
vt -0.861252 1.602281 0.000000
vt -0.940381 1.552256 0.000000
vt -0.710269 1.644695 0.000000
vt -0.779155 1.647272 0.000000
vt -1.016236 1.497393 0.000000
vt -0.548958 1.060842 0.000000
vt -1.088521 1.437905 0.000000
vt -0.617293 1.015471 0.000000
vt -1.156954 1.374023 0.000000
vt -1.221269 1.305997 0.000000
vt -2.032950 1.493088 0.000000
vt -1.984173 1.310785 0.000000
vt -1.963235 1.283242 0.000000
vt -1.948708 1.251841 0.000000
vt -2.080153 1.500074 0.000000
vt -2.074447 1.358645 0.000000
vt -2.041110 1.349390 0.000000
vt -2.010542 1.333183 0.000000
vt -2.108995 1.360519 0.000000
vt -2.127866 1.499487 0.000000
vt -2.174883 1.491343 0.000000
vt -2.143137 1.354921 0.000000
vt -2.220013 1.475847 0.000000
vt -2.262116 1.453391 0.000000
vt -2.175278 1.342115 0.000000
vt -2.300126 1.424544 0.000000
vt -2.203914 1.322699 0.000000
vt -2.333082 1.390035 0.000000
vt -2.227707 1.297581 0.000000
vt -2.360149 1.350738 0.000000
vt -2.380643 1.307646 0.000000
vt -2.245544 1.267936 0.000000
vt -2.394045 1.261850 0.000000
vt -2.256592 1.235149 0.000000
vt -2.400017 1.214508 0.000000
vt -2.260332 1.200753 0.000000
vt -2.398407 1.166818 0.000000
vt -2.256592 1.166358 0.000000
vt -2.389256 1.119987 0.000000
vt -2.245544 1.133571 0.000000
vt -2.372795 1.075199 0.000000
vt -2.227707 1.103925 0.000000
vt -2.203914 1.078807 0.000000
vt -2.175278 1.059391 0.000000
vt -2.143137 1.046585 0.000000
vt -1.941840 0.139992 0.000000
vt -2.108995 1.040988 0.000000
vt -2.074447 1.042861 0.000000
vt -2.041110 1.052117 0.000000
vt -0.940267 0.552935 0.000000
vt -2.010542 1.068323 0.000000
vt -0.913825 0.630583 0.000000
vt -1.984173 1.090721 0.000000
vt -0.880228 0.705413 0.000000
vt -1.963235 1.118265 0.000000
vt -1.948708 1.149665 0.000000
vt -1.941270 1.183454 0.000000
vt -1.941270 1.218052 0.000000
vt -1.927115 0.022013 0.000000
vt -1.295246 -0.220462 0.000000
vt -0.959322 0.146847 0.000000
vt -0.970823 0.228064 0.000000
vt -1.340188 -0.239077 0.000000
vt -1.904843 -0.094776 0.000000
vt -1.381664 -0.264494 0.000000
vt -1.875114 -0.209894 0.000000
vt -1.418654 -0.296086 0.000000
vt -1.450246 -0.333076 0.000000
vt -1.838053 -0.322864 0.000000
vt -1.475663 -0.374552 0.000000
vt -1.793812 -0.433220 0.000000
vt -1.494278 -0.419494 0.000000
vt -1.505634 -0.466795 0.000000
vt -1.799110 -0.495071 0.000000
vt -1.509451 -0.515289 0.000000
vt -1.797990 -0.557139 0.000000
vt -1.505634 -0.563784 0.000000
vt -1.790462 -0.618758 0.000000
vt -1.494278 -0.611084 0.000000
vt -1.776608 -0.679269 0.000000
vt -1.475663 -0.656026 0.000000
vt -1.756576 -0.738026 0.000000
vt -1.450246 -0.697503 0.000000
vt -1.418654 -0.734492 0.000000
vt -1.794391 -0.919577 0.000000
vt -1.381664 -0.766084 0.000000
vt -1.340188 -0.791501 0.000000
vt -1.295246 -0.810117 0.000000
vt -1.182168 -1.525000 0.000000
vt -1.247945 -0.821473 0.000000
vt -1.199451 -0.825289 0.000000
vt -1.150956 -0.821473 0.000000
vt -0.882168 -1.525000 0.000000
vt -1.103656 -0.810117 0.000000
vt -1.058714 -0.791501 0.000000
vt -0.633243 -1.525000 0.000000
vt -1.017237 -0.766084 0.000000
vt -0.980248 -0.734492 0.000000
vt -0.242623 -0.553243 0.000000
vt -0.322830 -0.536064 0.000000
vt -2.065596 -1.224074 0.000000
vt -2.065596 -1.525000 0.000000
vt -1.182168 -1.715971 0.000000
vt -1.153665 -1.692621 0.000000
vt -1.121594 -1.674480 0.000000
vt -1.086896 -1.662082 0.000000
vt -1.050591 -1.655791 0.000000
vt -1.013745 -1.655791 0.000000
vt -0.977440 -1.662082 0.000000
vt -0.942742 -1.674480 0.000000
vt -0.910671 -1.692621 0.000000
vt -0.882168 -1.715971 0.000000
vt -0.633243 -1.615000 0.000000
vt 0.947865 -1.615000 0.000000
vt 0.947865 -1.525000 0.000000
vt 0.002668 -0.558995 0.000000
vt 0.083593 -0.545594 0.000000
vt 0.162906 -0.524674 0.000000
vt 0.239913 -0.496418 0.000000
vt 0.313935 -0.461076 0.000000
vt 0.384322 -0.418957 0.000000
vt 1.740557 -0.703704 0.000000
vt 1.727253 -0.671887 0.000000
vt 2.050149 -1.525000 0.000000
vt 2.050149 -1.285000 0.000000
vt 1.815582 -0.772598 0.000000
vt 1.785772 -0.755257 0.000000
vt 2.250149 -1.285000 0.000000
vt 1.949528 -0.770851 0.000000
vt 1.916981 -0.782253 0.000000
vt 1.882747 -0.786417 0.000000
vt 2.250149 -1.525000 0.000000
vt 2.400176 -1.525000 0.000000
vt 2.400332 -1.179018 0.000000
vt 1.978876 -0.752738 0.000000
vt 2.003660 -0.728758 0.000000
vt 2.022731 -0.700024 0.000000
vt 2.241804 -0.501061 0.000000
vt 2.043562 -0.653383 0.000000
vt 2.050366 -0.638101 0.000000
vt 2.055537 -0.622193 0.000000
vt 2.071088 -0.591412 0.000000
vt 2.079681 -0.558013 0.000000
vt 2.080918 -0.523548 0.000000
vt 2.074741 -0.489619 0.000000
vt 2.228448 -0.457157 0.000000
vt 2.209462 -0.415378 0.000000
vt 2.061436 -0.457802 0.000000
vt 2.185174 -0.376442 0.000000
vt 2.041623 -0.429575 0.000000
vt 2.156001 -0.341018 0.000000
vt 2.016221 -0.406249 0.000000
vt 2.122443 -0.309716 0.000000
vt 1.986412 -0.388909 0.000000
vt 2.085079 -0.283073 0.000000
vt 2.044550 -0.261547 0.000000
vt 1.387743 0.116065 0.000000
vt 1.852465 -0.390656 0.000000
vt 1.885012 -0.379253 0.000000
vt 1.919247 -0.375090 0.000000
vt 1.397165 0.212575 0.000000
vt 0.766689 0.187321 0.000000
vt 0.751395 0.106733 0.000000
vt 0.728621 0.027931 0.000000
vt 0.774371 0.268987 0.000000
vt 1.400332 0.309492 0.000000
vt 0.774371 0.351013 0.000000
vt 1.397231 0.406411 0.000000
vt 0.766689 0.432679 0.000000
vt 1.387874 0.502928 0.000000
vt 0.751395 0.513267 0.000000
vt 1.372300 0.598638 0.000000
vt 1.350575 0.693141 0.000000
vt 0.728621 0.592069 0.000000
vt 1.322789 0.786044 0.000000
vt 0.698568 0.668392 0.000000
vt 1.289058 0.876957 0.000000
vt 0.661500 0.741565 0.000000
vt 1.275888 0.917080 0.000000
vt 0.617743 0.810945 0.000000
vt 1.268482 0.958655 0.000000
vt 1.266988 1.000858 0.000000
vt 0.567682 0.875924 0.000000
vt 1.271434 1.042853 0.000000
vt 0.511756 0.935929 0.000000
vt 1.281732 1.083807 0.000000
vt 1.380158 1.221828 0.000000
vt 1.388955 1.230804 0.000000
vt 1.415867 1.186831 0.000000
vt 1.482270 1.254583 0.000000
vt 1.766793 -0.493636 0.000000
vt 1.779263 -0.461483 0.000000
vt 1.758431 -0.508124 0.000000
vt 0.661500 -0.121565 0.000000
vt 0.617743 -0.190945 0.000000
vt 1.798333 -0.432749 0.000000
vt 1.823118 -0.408768 0.000000
vt 1.953578 -0.378359 0.000000
vt 2.035200 -0.667870 0.000000
vt 1.848415 -0.783148 0.000000
vt 1.760371 -0.731931 0.000000
vt 0.450456 -0.370433 0.000000
vt 1.721076 -0.637958 0.000000
vt 0.511756 -0.315929 0.000000
vt 1.722313 -0.603494 0.000000
vt 0.567682 -0.255924 0.000000
vt 1.730906 -0.570095 0.000000
vt 1.751628 -0.523405 0.000000
vt 1.746456 -0.539313 0.000000
vt -0.974668 0.310000 0.000000
vt -0.970823 0.391936 0.000000
vt -0.959322 0.473153 0.000000
vt -0.839771 0.776768 0.000000
vt -0.792810 0.844021 0.000000
vt -0.739758 0.906582 0.000000
vt -0.681080 0.963899 0.000000
vt 0.698568 -0.048392 0.000000
vt -0.079155 -0.564760 0.000000
vt -0.161159 -0.562837 0.000000
vt -0.948656 -0.697503 0.000000
vt -0.401076 -0.511449 0.000000
vt -0.923239 -0.656026 0.000000
vt -0.476674 -0.479615 0.000000
vt -0.904623 -0.611084 0.000000
vt -0.893267 -0.563784 0.000000
vt -0.548958 -0.440842 0.000000
vt -0.889451 -0.515289 0.000000
vt -0.617293 -0.395471 0.000000
vt -0.893267 -0.466795 0.000000
vt -0.681080 -0.343899 0.000000
vt -0.904623 -0.419494 0.000000
vt -0.923239 -0.374552 0.000000
vt -0.739758 -0.286582 0.000000
vt -0.948656 -0.333076 0.000000
vt -0.792810 -0.224021 0.000000
vt -0.980248 -0.296086 0.000000
vt -0.839771 -0.156768 0.000000
vt -1.017237 -0.264494 0.000000
vt -1.058714 -0.239077 0.000000
vt -0.880228 -0.085413 0.000000
vt -1.103656 -0.220462 0.000000
vt -0.913825 -0.010583 0.000000
vt -1.150956 -0.209106 0.000000
vt -1.199451 -0.205289 0.000000
vt -0.940267 0.067065 0.000000
vt -1.247945 -0.209106 0.000000
vt 0.000000 0.000000 0.000000
vt 0.500000 0.000000 0.000000
vt 0.000000 0.250000 0.000000
vt 0.500000 0.250000 0.000000
vt 0.550000 0.000000 0.000000
vt 0.550000 0.020000 0.000000
vt -0.000000 0.000000 0.000000
vt -0.000000 0.250000 0.000000
vt 0.550000 0.250000 0.000000
vt 0.300000 0.250000 0.000000
vt -0.000000 0.250000 0.000000
vt 0.300000 0.000000 0.000000
vt -0.000000 0.000000 0.000000
vt 0.450000 0.250000 0.000000
vt -0.000000 0.250000 0.000000
vt 0.450000 0.000000 0.000000
vt -0.000000 0.000000 0.000000
vt 0.230000 0.250000 0.000000
vt -0.000000 0.250000 0.000000
vt 0.230000 0.000000 0.000000
vt -0.000000 0.000000 0.000000
vt 0.000000 0.250000 0.000000
vt -0.000000 0.020000 0.000000
vt 0.100000 0.250000 0.000000
vt 0.100000 0.000000 0.000000
vt 0.000000 0.000000 0.000000
vt 0.330000 0.020000 0.000000
vt 0.330000 0.250000 0.000000
vt 0.317701 0.020000 0.000000
vt 0.000000 0.250000 0.000000
vt 0.000000 0.000000 0.000000
vt 0.317701 0.000000 0.000000
vt 0.650000 0.250000 0.000000
vt 0.000000 0.250000 0.000000
vt 0.650000 0.000000 0.000000
vt 0.000000 0.000000 0.000000
vt -0.000000 0.581406 0.000000
vt -0.250000 0.581406 0.000000
vt -0.000000 0.484421 0.000000
vt -0.250000 0.484421 0.000000
vt -0.000000 0.387435 0.000000
vt -0.250000 0.387435 0.000000
vt -0.000000 0.290449 0.000000
vt -0.250000 0.290449 0.000000
vt -0.000000 0.193464 0.000000
vt -0.250000 0.193464 0.000000
vt -0.000000 0.096478 0.000000
vt -0.250000 0.096478 0.000000
vt -0.000000 -0.000508 0.000000
vt -0.250000 -0.000508 0.000000
vt -0.000000 -0.097493 0.000000
vt -0.250000 -0.097493 0.000000
vt -0.000000 -0.194479 0.000000
vt -0.250000 -0.194479 0.000000
vt -0.250000 1.617370 0.000000
vt -0.000000 1.617370 0.000000
vt -0.250000 1.704476 0.000000
vt -0.000000 1.718167 0.000000
vt -0.250000 1.791581 0.000000
vt -0.000000 1.818964 0.000000
vt -0.247763 1.873909 0.000000
vt -0.000000 1.919760 0.000000
vt -0.250000 1.878929 0.000000
vt -0.250000 1.895195 0.000000
vt -0.250000 1.911460 0.000000
vt -0.250000 1.927726 0.000000
vt -0.250000 1.878686 0.000000
vt -0.313095 0.521209 0.000000
vt -0.307914 0.453089 0.000000
vt -0.062937 0.520582 0.000000
vt -0.057878 0.454164 0.000000
vt -0.052604 0.388397 0.000000
vt -0.302525 0.385990 0.000000
vt -0.297041 0.319676 0.000000
vt -0.041968 0.258895 0.000000
vt -0.291603 0.254112 0.000000
vt -0.041968 0.129447 0.000000
vt -0.281401 0.125349 0.000000
vt -0.041968 0.000000 0.000000
vt -0.272891 0.000000 0.000000
vt 0.296638 0.562128 0.000000
vt 0.292632 0.558374 0.000000
vt 0.296646 0.491875 0.000000
vt 0.283573 0.482731 0.000000
vt 0.296648 0.421615 0.000000
vt 0.274063 0.407605 0.000000
vt 0.275664 0.388859 0.000000
vt 0.264330 0.332951 0.000000
vt 0.275664 0.324049 0.000000
vt 0.254680 0.258705 0.000000
vt 0.275664 0.258972 0.000000
vt 0.275664 0.129486 0.000000
vt 0.296648 0.210808 0.000000
vt 0.296648 0.140538 0.000000
vt 0.296648 0.070269 0.000000
vt 0.254680 0.000000 0.000000
vt 0.296648 0.000000 0.000000
vt 0.254680 0.129352 0.000000
vt 0.296648 0.281077 0.000000
vt 0.296648 0.351346 0.000000
vt -0.219901 0.561456 0.000000
vt -0.219909 0.491287 0.000000
vt -0.216013 0.557890 0.000000
vt -0.207515 0.479640 0.000000
vt -0.219911 0.421111 0.000000
vt -0.206060 0.452189 0.000000
vt -0.206060 0.387590 0.000000
vt -0.199412 0.402809 0.000000
vt -0.191800 0.327945 0.000000
vt -0.192209 0.322992 0.000000
vt -0.184800 0.255530 0.000000
vt -0.192209 0.258393 0.000000
vt -0.192209 0.193795 0.000000
vt -0.206060 0.258393 0.000000
vt -0.206060 0.193795 0.000000
vt -0.219911 0.210556 0.000000
vt -0.219911 0.140370 0.000000
vt -0.219911 0.350926 0.000000
vt -0.206060 0.322992 0.000000
vt -0.219911 0.280741 0.000000
vt -0.206060 0.129197 0.000000
vt -0.219911 0.070185 0.000000
vt -0.206060 0.096898 0.000000
vt -0.206060 0.064598 0.000000
vt -0.192209 0.064598 0.000000
vt -0.192209 0.032299 0.000000
vt -0.178358 0.032299 0.000000
vt -0.182905 0.000000 0.000000
vt -0.164507 0.000000 0.000000
vt -0.219911 0.000000 0.000000
vt -0.206060 0.032299 0.000000
vt -0.201389 0.000000 0.000000
vt -0.168339 0.057735 0.000000
vt -0.178358 0.064598 0.000000
vt -0.192209 0.096898 0.000000
vt -0.178358 0.096898 0.000000
vt -0.173011 0.119939 0.000000
vt -0.178358 0.129197 0.000000
vt -0.178512 0.186035 0.000000
vt -0.192209 0.129197 0.000000
vt 0.219911 7.080191 0.000000
vt 0.219911 7.159621 0.000000
vt 0.207205 7.080146 0.000000
vt 0.200752 7.141895 0.000000
vt 0.194499 7.080102 0.000000
vt 0.190344 7.134168 0.000000
vt 0.181793 7.080058 0.000000
vt 0.179249 7.127665 0.000000
vt 0.169611 7.058333 0.000000
vt 0.162220 6.981518 0.000000
vt 0.169087 7.000450 0.000000
vt 0.181793 7.000498 0.000000
vt 0.194499 7.000546 0.000000
vt 0.207205 7.000595 0.000000
vt 0.219911 7.000643 0.000000
vt 0.169087 6.920864 0.000000
vt 0.155626 6.827185 0.000000
vt 0.169087 6.841271 0.000000
vt 0.169087 6.761668 0.000000
vt 0.181793 6.761690 0.000000
vt 0.181793 6.682079 0.000000
vt 0.194499 6.682094 0.000000
vt 0.194499 6.642253 0.000000
vt 0.207205 6.642253 0.000000
vt 0.207205 6.602483 0.000000
vt 0.219911 6.602490 0.000000
vt 0.207205 6.582557 0.000000
vt 0.207205 6.562658 0.000000
vt 0.194499 6.582557 0.000000
vt 0.194499 6.562658 0.000000
vt 0.181793 6.582557 0.000000
vt 0.181793 6.562658 0.000000
vt 0.169087 6.582557 0.000000
vt 0.169087 6.562658 0.000000
vt 0.164505 6.522921 0.000000
vt 0.169087 6.542759 0.000000
vt 0.182904 6.522908 0.000000
vt 0.181793 6.542759 0.000000
vt 0.194499 6.542759 0.000000
vt 0.157348 6.673240 0.000000
vt 0.169087 6.682064 0.000000
vt 0.181793 6.642253 0.000000
vt 0.194499 6.602475 0.000000
vt 0.169087 6.602460 0.000000
vt 0.169087 6.642253 0.000000
vt 0.181793 6.602468 0.000000
vt 0.201389 6.522878 0.000000
vt 0.207205 6.542759 0.000000
vt 0.219911 6.522860 0.000000
vt 0.219911 6.682123 0.000000
vt 0.207205 6.682108 0.000000
vt 0.194499 6.761712 0.000000
vt 0.181793 6.841300 0.000000
vt 0.207205 6.761734 0.000000
vt 0.219911 6.761756 0.000000
vt 0.207205 6.841359 0.000000
vt 0.219911 6.841389 0.000000
vt 0.207205 6.920980 0.000000
vt 0.219911 6.921019 0.000000
vt 0.181793 6.920903 0.000000
vt 0.194499 6.920942 0.000000
vt 0.194499 6.841330 0.000000
vt -0.254680 7.076385 0.000000
vt -0.254680 7.150564 0.000000
vt -0.275664 7.117521 0.000000
vt -0.296648 7.197566 0.000000
vt -0.296648 7.117522 0.000000
vt -0.296648 7.037476 0.000000
vt -0.275664 7.037475 0.000000
vt -0.254680 7.002210 0.000000
vt -0.275664 6.957429 0.000000
vt -0.254680 6.928039 0.000000
vt -0.275664 6.877384 0.000000
vt -0.254680 6.853871 0.000000
vt -0.275664 6.797338 0.000000
vt -0.254680 6.779704 0.000000
vt -0.275664 6.717292 0.000000
vt -0.254680 6.705537 0.000000
vt -0.275664 6.637246 0.000000
vt -0.254680 6.631369 0.000000
vt -0.254680 6.557201 0.000000
vt -0.296648 6.557201 0.000000
vt -0.296648 6.637246 0.000000
vt -0.296648 6.717292 0.000000
vt -0.296648 6.797338 0.000000
vt -0.296648 6.877384 0.000000
vt -0.296648 6.957430 0.000000
vt 0.041968 6.766961 0.000000
vt 0.272891 6.766961 0.000000
vt 0.162672 6.822049 0.000000
vt 0.269409 6.833250 0.000000
vt 0.162672 6.877138 0.000000
vt 0.266547 6.901513 0.000000
vt 0.162672 6.932227 0.000000
vt 0.264675 6.971449 0.000000
vt 0.162672 6.987315 0.000000
vt 0.264196 7.042744 0.000000
vt 0.162672 7.085313 0.000000
vt 0.265524 7.115053 0.000000
vt 0.162672 7.183311 0.000000
vt 0.268964 7.187977 0.000000
vt 0.162672 7.281310 0.000000
vt 0.283377 7.333832 0.000000
vt 0.041968 7.379308 0.000000
vt 0.041968 7.302764 0.000000
vt 0.041968 7.226221 0.000000
vt 0.041968 7.149678 0.000000
vt 0.041968 7.073134 0.000000
vt 0.041968 6.996591 0.000000
vt 0.041968 6.920047 0.000000
vt 0.041968 6.843504 0.000000
vt -0.242998 3.046669 0.000000
vt -0.000000 3.048115 0.000000
vt -0.223398 3.105291 0.000000
vt -0.000000 3.143956 0.000000
vt -0.250000 3.155003 0.000000
vt -0.000000 3.239796 0.000000
vt -0.250000 3.248634 0.000000
vt -0.000000 3.335637 0.000000
vt -0.250000 3.342266 0.000000
vt -0.000000 3.431478 0.000000
vt -0.250000 3.435897 0.000000
vt -0.000000 3.527319 0.000000
vt -0.250000 3.529528 0.000000
vt -0.000000 3.623159 0.000000
vt -0.250000 3.623159 0.000000
vt -0.250000 3.061372 0.000000
vt -0.234090 3.081674 0.000000
vt -0.241312 3.070934 0.000000
vt 0.322998 1.749220 0.000000
vt 0.261930 1.730040 0.000000
vt 0.338579 1.744552 0.000000
vt 0.354109 1.739716 0.000000
vt 0.369586 1.734711 0.000000
vt 0.297010 1.717632 0.000000
vt 0.200256 1.713018 0.000000
vt 0.223721 1.703902 0.000000
vt 0.149904 1.693148 0.000000
vt 0.075746 1.685006 0.000000
vt -1.275102 -0.042426 0.000000
vt -1.125075 -0.042426 0.000000
vt -1.275075 0.042426 0.000000
vt -1.125075 0.042426 0.000000
vt 0.300000 0.190000 0.000000
vt 0.240000 0.250000 0.000000
vt 0.300000 -0.800000 0.000000
vt 0.000000 -0.800000 0.000000
vt 0.000000 0.250000 0.000000
vt -3.082947 -0.042426 0.000000
vt -1.980663 -0.042426 0.000000
vt -3.082947 0.042426 0.000000
vt -1.980663 0.042426 0.000000
vt 0.000000 0.190000 0.000000
vt 0.000000 -0.800000 0.000000
vt 0.060000 0.250000 0.000000
vt 0.300000 -0.800000 0.000000
vt 0.300000 0.250000 0.000000
vt 3.013461 0.190000 0.000000
vt 3.013461 -0.000000 0.000000
vt 4.115745 0.190000 0.000000
vt 3.158733 -0.345832 0.000000
vt 3.190874 -0.358638 0.000000
vt 1.432353 -0.000000 0.000000
vt 3.056706 -0.351364 0.000000
vt 3.090043 -0.342108 0.000000
vt 3.124591 -0.340235 0.000000
vt 1.432353 0.190000 0.000000
vt 1.183428 0.190000 0.000000
vt 1.183428 0.000000 0.000000
vt 0.858733 -0.345832 0.000000
vt 0.824591 -0.340235 0.000000
vt 0.883428 0.000000 0.000000
vt 0.790043 -0.342108 0.000000
vt 0.756706 -0.351364 0.000000
vt 0.000000 0.190000 0.000000
vt 0.726139 -0.367570 0.000000
vt 0.699769 -0.389968 0.000000
vt 0.678831 -0.417511 0.000000
vt 0.000000 -0.800000 0.000000
vt 0.664304 -0.448912 0.000000
vt 0.656866 -0.482701 0.000000
vt 0.656866 -0.517299 0.000000
vt 0.664304 -0.551088 0.000000
vt 0.678831 -0.582489 0.000000
vt 0.699769 -0.610032 0.000000
vt 0.726139 -0.632430 0.000000
vt 0.756706 -0.648636 0.000000
vt 0.790043 -0.657892 0.000000
vt 0.824591 -0.659765 0.000000
vt 3.090043 -0.657892 0.000000
vt 0.858733 -0.654168 0.000000
vt 3.056706 -0.648636 0.000000
vt 0.890874 -0.641362 0.000000
vt 3.026139 -0.632430 0.000000
vt 0.919510 -0.621946 0.000000
vt 2.999769 -0.610032 0.000000
vt 0.943303 -0.596828 0.000000
vt 2.978831 -0.582489 0.000000
vt 0.961141 -0.567182 0.000000
vt 2.964304 -0.551088 0.000000
vt 0.972188 -0.534395 0.000000
vt 2.956866 -0.517299 0.000000
vt 0.975928 -0.500000 0.000000
vt 2.956866 -0.482701 0.000000
vt 0.972188 -0.465605 0.000000
vt 2.964304 -0.448912 0.000000
vt 0.961141 -0.432818 0.000000
vt 2.978831 -0.417511 0.000000
vt 0.943303 -0.403172 0.000000
vt 2.999769 -0.389968 0.000000
vt 0.919510 -0.378054 0.000000
vt 3.026139 -0.367570 0.000000
vt 0.890874 -0.358638 0.000000
vt 0.883428 0.190000 0.000000
vt 4.115745 -0.800000 0.000000
vt 3.124591 -0.659765 0.000000
vt 3.158733 -0.654168 0.000000
vt 3.190874 -0.641362 0.000000
vt 3.219510 -0.621946 0.000000
vt 3.243303 -0.596828 0.000000
vt 3.261141 -0.567182 0.000000
vt 3.272188 -0.534395 0.000000
vt 3.275928 -0.500000 0.000000
vt 3.272188 -0.465605 0.000000
vt 3.261141 -0.432818 0.000000
vt 3.243303 -0.403172 0.000000
vt 3.219510 -0.378054 0.000000
vt -0.150630 0.042426 0.000000
vt -0.399555 0.042426 0.000000
vt -0.150630 -0.042426 0.000000
vt -0.399555 -0.042426 0.000000
vt -0.033156 0.070394 0.000000
vt -0.021229 0.090620 0.000000
vt -0.042426 0.073534 0.000000
vt -0.042426 0.113000 0.000000
vt -0.005258 0.110309 0.000000
vt 0.015566 0.129374 0.000000
vt -0.042426 0.152466 0.000000
vt 0.042426 0.147750 0.000000
vt 0.042426 0.179494 0.000000
vt -0.042426 0.191932 0.000000
vt 0.042426 0.211238 0.000000
vt -0.042426 0.231398 0.000000
vt 0.042426 0.242982 0.000000
vt -0.042426 0.270864 0.000000
vt 0.042426 0.274725 0.000000
vt 0.042426 0.306469 0.000000
vt -0.042426 0.310330 0.000000
vt 0.042426 0.338213 0.000000
vt -0.042426 0.349796 0.000000
vt 0.042426 0.369957 0.000000
vt -0.042426 0.389262 0.000000
vt 0.042426 0.401701 0.000000
vt -0.042426 0.428729 0.000000
vt 0.042426 0.433444 0.000000
vt 0.015566 0.451820 0.000000
vt -0.042426 0.468195 0.000000
vt -0.005258 0.470886 0.000000
vt -0.021229 0.490575 0.000000
vt -0.033156 0.510801 0.000000
vt -0.042426 0.507661 0.000000
vt 0.285000 0.250000 0.000000
vt 0.094029 0.250000 0.000000
vt 0.225000 0.190000 0.000000
vt 0.066169 0.231007 0.000000
vt 0.041800 0.216282 0.000000
vt 0.000000 0.000000 0.000000
vt 0.019977 0.204989 0.000000
vt 0.000000 0.196555 0.000000
vt 0.225000 0.000000 0.000000
vt 0.007084 0.196555 0.000000
vt 0.000000 0.190000 0.000000
vt 0.007084 -0.000000 0.000000
vt 0.000000 0.000000 0.000000
vt 1.032798 0.042426 0.000000
vt 0.149370 0.042426 0.000000
vt 1.032798 -0.042426 0.000000
vt 0.149370 -0.042426 0.000000
vt 0.360926 0.190000 0.000000
vt 0.300926 0.250000 0.000000
vt 0.360926 -0.800000 0.000000
vt -0.000000 -0.800000 0.000000
vt 0.000000 0.250000 0.000000
vt 0.679990 0.117249 0.000000
vt -0.801118 0.117249 0.000000
vt 0.679990 -0.032751 0.000000
vt -0.801118 -0.032751 0.000000
vt -0.021213 -0.012500 0.000000
vt 0.049497 -0.062500 0.000000
vt -0.021213 0.137500 0.000000
vt 0.049497 0.187500 0.000000
vt 0.661899 0.021213 0.000000
vt -0.819209 0.021213 0.000000
vt 0.711899 -0.049497 0.000000
vt -0.869209 -0.049497 0.000000
vt 0.021213 -0.137500 0.000000
vt 0.021213 0.012500 0.000000
vt -0.049497 -0.187500 0.000000
vt -0.049497 0.062500 0.000000
vt -1.135831 -0.021213 0.000000
vt 0.345277 -0.021213 0.000000
vt -1.185831 0.049497 0.000000
vt 0.395277 0.049497 0.000000
vt 0.250000 -0.060000 0.000000
vt 0.250000 0.030000 0.000000
vt 0.190000 -0.000000 0.000000
vt 0.000000 0.030000 0.000000
vt 0.000000 -0.000000 0.000000
vt 1.581108 0.030000 0.000000
vt 0.000000 0.030000 0.000000
vt 1.581108 -0.000000 0.000000
vt 0.000000 -0.000000 0.000000
vt 0.250000 -0.000000 0.000000
vt 0.250000 0.030000 0.000000
vt 0.060000 -0.000000 0.000000
vt 0.000000 0.030000 0.000000
vt -0.000000 -0.060000 0.000000
vt 0.527764 0.070711 0.000000
vt 0.586310 0.001676 0.000000
vt 1.862276 0.070711 0.000000
vt 1.838893 -0.070711 0.000000
vt 0.642795 -0.070711 0.000000
vt 0.051633 1.663182 0.000000
vt 0.079155 1.184760 0.000000
vt 0.181561 1.649442 0.000000
vt 0.161159 1.182837 0.000000
vt 0.247571 1.644821 0.000000
vt 0.242623 1.173243 0.000000
vt 0.316246 1.641603 0.000000
vt 0.387285 1.639815 0.000000
vt 0.322830 1.156064 0.000000
vt 0.460383 1.639482 0.000000
vt 0.401076 1.131449 0.000000
vt 0.535238 1.640630 0.000000
vt 0.611546 1.643286 0.000000
vt 0.476674 1.099615 0.000000
vt 0.851713 1.607855 0.000000
vt 0.933047 1.557188 0.000000
vt 1.010980 1.501432 0.000000
vt 0.548958 1.060842 0.000000
vt 1.085194 1.440813 0.000000
vt 0.617293 1.015471 0.000000
vt 1.155386 1.375579 0.000000
vt 1.221269 1.305997 0.000000
vt 0.681080 0.963899 0.000000
vt 0.739758 0.906582 0.000000
vt -0.002668 1.178995 0.000000
vt -0.077914 1.683529 0.000000
vt -0.083593 1.165594 0.000000
vt -0.142103 1.696395 0.000000
vt -0.162906 1.144674 0.000000
vt -0.205665 1.711173 0.000000
vt -0.519294 1.676341 0.000000
vt -0.426151 1.714818 0.000000
vt -0.268478 1.727965 0.000000
vt -0.330635 1.746955 0.000000
vt -0.609643 1.631695 0.000000
vt -0.239913 1.116418 0.000000
vt -0.648098 1.614419 0.000000
vt -0.313935 1.081076 0.000000
vt -0.688594 1.602705 0.000000
vt -0.384322 1.038957 0.000000
vt -0.730333 1.596782 0.000000
vt -0.450456 0.990433 0.000000
vt -0.772491 1.596769 0.000000
vt -1.297680 1.122909 0.000000
vt -0.814233 1.602666 0.000000
vt -1.318959 1.159385 0.000000
vt -0.996152 1.615779 0.000000
vt -1.388955 1.230804 0.000000
vt -0.854737 1.614355 0.000000
vt -1.206138 1.830035 0.000000
vt -1.204714 1.971449 0.000000
vt -1.668936 1.516479 0.000000
vt -1.527522 1.515056 0.000000
vt -1.437952 1.280797 0.000000
vt -1.366533 1.350792 0.000000
vt -1.281732 1.083807 0.000000
vt -0.511756 0.935929 0.000000
vt -1.271434 1.042853 0.000000
vt -0.567682 0.875924 0.000000
vt -1.266988 1.000858 0.000000
vt -0.617743 0.810945 0.000000
vt -1.268482 0.958655 0.000000
vt -1.275888 0.917080 0.000000
vt -0.661500 0.741565 0.000000
vt -1.289058 0.876957 0.000000
vt -0.698568 0.668392 0.000000
vt -1.322789 0.786044 0.000000
vt -0.728621 0.592069 0.000000
vt -1.350575 0.693141 0.000000
vt -1.372300 0.598638 0.000000
vt -0.751395 0.513267 0.000000
vt -1.387874 0.502928 0.000000
vt -0.766689 0.432679 0.000000
vt -1.397231 0.406411 0.000000
vt -0.774371 0.351013 0.000000
vt -1.400332 0.309492 0.000000
vt -0.774371 0.268987 0.000000
vt -1.397165 0.212575 0.000000
vt -0.766689 0.187321 0.000000
vt -1.387743 0.116065 0.000000
vt -0.751395 0.106733 0.000000
vt -0.728621 0.027931 0.000000
vt -0.698568 -0.048392 0.000000
vt -0.661500 -0.121565 0.000000
vt -1.779263 -0.461483 0.000000
vt -0.617743 -0.190945 0.000000
vt -1.758431 -0.508124 0.000000
vt -1.751628 -0.523405 0.000000
vt -2.044550 -0.261547 0.000000
vt -1.852465 -0.390656 0.000000
vt -1.823118 -0.408768 0.000000
vt -1.798333 -0.432749 0.000000
vt -2.085079 -0.283073 0.000000
vt -1.986412 -0.388909 0.000000
vt -1.953578 -0.378359 0.000000
vt -1.919247 -0.375090 0.000000
vt -2.122443 -0.309716 0.000000
vt -2.016221 -0.406249 0.000000
vt -2.156001 -0.341018 0.000000
vt -2.041623 -0.429575 0.000000
vt -2.185174 -0.376442 0.000000
vt -2.061436 -0.457802 0.000000
vt -2.209462 -0.415378 0.000000
vt -2.228448 -0.457157 0.000000
vt -2.074741 -0.489619 0.000000
vt -2.241804 -0.501061 0.000000
vt -2.080918 -0.523548 0.000000
vt -2.079681 -0.558013 0.000000
vt -2.071088 -0.591412 0.000000
vt -2.055537 -0.622193 0.000000
vt -2.050366 -0.638101 0.000000
vt -2.043562 -0.653383 0.000000
vt -2.366656 -1.035000 0.000000
vt -2.022731 -0.700024 0.000000
vt -2.003660 -0.728758 0.000000
vt -1.978876 -0.752738 0.000000
vt -1.949528 -0.770851 0.000000
vt -1.916981 -0.782253 0.000000
vt -1.882747 -0.786417 0.000000
vt -1.848415 -0.783148 0.000000
vt -1.170559 -1.035000 0.000000
vt -1.815582 -0.772598 0.000000
vt -1.785772 -0.755257 0.000000
vt -1.760371 -0.731931 0.000000
vt -1.740557 -0.703704 0.000000
vt -1.727253 -0.671887 0.000000
vt -1.721076 -0.637958 0.000000
vt -1.722313 -0.603494 0.000000
vt -0.511756 -0.315929 0.000000
vt -0.567682 -0.255924 0.000000
vt -1.082142 -1.113315 0.000000
vt -0.313935 -0.461076 0.000000
vt -0.384322 -0.418957 0.000000
vt -0.450456 -0.370433 0.000000
vt -0.988909 -1.185828 0.000000
vt -0.239913 -0.496418 0.000000
vt -0.891238 -1.252244 0.000000
vt -0.162906 -0.524674 0.000000
vt -0.789529 -1.312292 0.000000
vt -0.684194 -1.365727 0.000000
vt -0.083593 -0.545594 0.000000
vt -0.575665 -1.412331 0.000000
vt -0.464383 -1.451916 0.000000
vt -0.002668 -0.558995 0.000000
vt -0.350802 -1.484318 0.000000
vt -0.235384 -1.509407 0.000000
vt -0.118601 -1.527079 0.000000
vt 0.079155 -0.564760 0.000000
vt -0.000928 -1.537263 0.000000
vt 0.117155 -1.539917 0.000000
vt 0.235166 -1.535031 0.000000
vt 0.161159 -0.562837 0.000000
vt 0.352626 -1.522624 0.000000
vt 0.469054 -1.502748 0.000000
vt 0.242623 -0.553243 0.000000
vt 0.583977 -1.475482 0.000000
vt 0.696925 -1.440938 0.000000
vt 0.980248 -0.734492 0.000000
vt 0.807439 -1.399257 0.000000
vt 0.915068 -1.350609 0.000000
vt 1.017237 -0.766084 0.000000
vt 1.019373 -1.295192 0.000000
vt 1.058714 -0.791501 0.000000
vt 1.119930 -1.233232 0.000000
vt 1.103656 -0.810117 0.000000
vt 1.216327 -1.164982 0.000000
vt 1.150956 -0.821473 0.000000
vt 1.308173 -1.090719 0.000000
vt 1.199451 -0.825289 0.000000
vt 1.395093 -1.010747 0.000000
vt 1.247945 -0.821473 0.000000
vt 1.295246 -0.810117 0.000000
vt 1.476733 -0.925391 0.000000
vt 1.340188 -0.791501 0.000000
vt 1.381664 -0.766084 0.000000
vt 1.552759 -0.835000 0.000000
vt 1.418654 -0.734492 0.000000
vt 1.450246 -0.697503 0.000000
vt 1.756576 -0.738026 0.000000
vt 1.475663 -0.656026 0.000000
vt 1.776608 -0.679269 0.000000
vt 1.494278 -0.611084 0.000000
vt 1.790462 -0.618758 0.000000
vt 1.505634 -0.563784 0.000000
vt 1.797990 -0.557139 0.000000
vt 1.509451 -0.515289 0.000000
vt 1.799110 -0.495071 0.000000
vt 1.505634 -0.466795 0.000000
vt 1.793812 -0.433220 0.000000
vt 1.494278 -0.419494 0.000000
vt 1.475663 -0.374552 0.000000
vt 1.838053 -0.322864 0.000000
vt 1.450246 -0.333076 0.000000
vt 1.875114 -0.209894 0.000000
vt 1.418654 -0.296086 0.000000
vt 1.381664 -0.264494 0.000000
vt 1.904843 -0.094776 0.000000
vt 1.340188 -0.239077 0.000000
vt 1.927115 0.022013 0.000000
vt 1.295246 -0.220462 0.000000
vt 1.941840 0.139992 0.000000
vt 0.959322 0.146847 0.000000
vt 0.970823 0.228064 0.000000
vt 0.974668 0.310000 0.000000
vt 0.970823 0.391936 0.000000
vt 0.959322 0.473153 0.000000
vt 0.940267 0.552935 0.000000
vt 2.041110 1.052117 0.000000
vt 2.010542 1.068323 0.000000
vt 1.776775 -0.835000 0.000000
vt 2.372795 1.075199 0.000000
vt 2.143137 1.046585 0.000000
vt 2.108995 1.040988 0.000000
vt 2.074447 1.042861 0.000000
vt 2.389256 1.119987 0.000000
vt 2.245544 1.133571 0.000000
vt 2.227707 1.103925 0.000000
vt 2.203914 1.078807 0.000000
vt 2.256592 1.166358 0.000000
vt 2.398407 1.166818 0.000000
vt 2.260332 1.200753 0.000000
vt 2.400017 1.214508 0.000000
vt 2.256592 1.235149 0.000000
vt 2.394045 1.261850 0.000000
vt 2.245544 1.267936 0.000000
vt 2.380643 1.307646 0.000000
vt 2.227707 1.297581 0.000000
vt 2.360149 1.350738 0.000000
vt 2.203914 1.322699 0.000000
vt 2.333082 1.390035 0.000000
vt 2.300126 1.424544 0.000000
vt 2.175278 1.342115 0.000000
vt 2.262116 1.453391 0.000000
vt 2.143137 1.354921 0.000000
vt 2.220013 1.475847 0.000000
vt 2.174883 1.491343 0.000000
vt 2.108995 1.360519 0.000000
vt 2.127866 1.499487 0.000000
vt 2.080153 1.500074 0.000000
vt 2.074447 1.358645 0.000000
vt 2.032950 1.493088 0.000000
vt 2.041110 1.349390 0.000000
vt 2.010542 1.333183 0.000000
vt 1.984173 1.310785 0.000000
vt 1.963235 1.283242 0.000000
vt 1.948708 1.251841 0.000000
vt 1.941270 1.218052 0.000000
vt 1.941270 1.183454 0.000000
vt 1.948708 1.149665 0.000000
vt 1.963235 1.118265 0.000000
vt 0.880228 0.705413 0.000000
vt 1.984173 1.090721 0.000000
vt 0.913825 0.630583 0.000000
vt 0.767310 1.653225 0.000000
vt -1.885012 -0.379253 0.000000
vt -1.766793 -0.493636 0.000000
vt -1.746456 -0.539313 0.000000
vt -1.730906 -0.570095 0.000000
vt -2.035200 -0.667870 0.000000
vt 1.247945 -0.209106 0.000000
vt 0.940267 0.067065 0.000000
vt 1.199451 -0.205289 0.000000
vt 0.913825 -0.010583 0.000000
vt 1.150956 -0.209106 0.000000
vt 1.103656 -0.220462 0.000000
vt 0.880228 -0.085413 0.000000
vt 1.058714 -0.239077 0.000000
vt 0.839771 -0.156768 0.000000
vt 1.017237 -0.264494 0.000000
vt 0.980248 -0.296086 0.000000
vt 0.792810 -0.224021 0.000000
vt 0.948656 -0.333076 0.000000
vt 0.739758 -0.286582 0.000000
vt 0.923239 -0.374552 0.000000
vt 0.681080 -0.343899 0.000000
vt 0.904623 -0.419494 0.000000
vt 0.893267 -0.466795 0.000000
vt 0.617293 -0.395471 0.000000
vt 0.889451 -0.515289 0.000000
vt 0.548958 -0.440842 0.000000
vt 0.893267 -0.563784 0.000000
vt 0.476674 -0.479615 0.000000
vt 0.904623 -0.611084 0.000000
vt 0.401076 -0.511449 0.000000
vt 0.923239 -0.656026 0.000000
vt 0.948656 -0.697503 0.000000
vt 0.322830 -0.536064 0.000000
vt 0.792810 0.844021 0.000000
vt 0.839771 0.776768 0.000000
vt 2.175278 1.059391 0.000000
vt 0.821585 0.125786 0.000000
vt 0.801261 0.149880 0.000000
vt 0.484126 0.144427 0.000000
vt 0.795478 0.178460 0.000000
vt 0.522192 0.189468 0.000000
vt 0.789588 0.207040 0.000000
vt 0.559629 0.235619 0.000000
vt 0.783644 0.235619 0.000000
vt 0.447252 0.101443 0.000000
vt 0.841292 0.101692 0.000000
vt 0.860256 0.077599 0.000000
vt 0.410266 0.057852 0.000000
vt 0.878354 0.053505 0.000000
vt 0.895469 0.029411 0.000000
vt 0.372997 0.011908 0.000000
vt 0.911491 0.005317 0.000000
vt 0.355021 -0.011655 0.000000
vt 0.926317 -0.018776 0.000000
vt 0.337889 -0.035500 0.000000
vt 0.939851 -0.042870 0.000000
vt 0.321896 -0.059533 0.000000
vt 0.952006 -0.066964 0.000000
vt 0.307335 -0.083669 0.000000
vt 0.962704 -0.091057 0.000000
vt 0.294237 -0.108350 0.000000
vt 0.971875 -0.115151 0.000000
vt 0.282396 -0.134852 0.000000
vt 0.979461 -0.139245 0.000000
vt 0.310318 -0.138816 0.000000
vt 0.337890 -0.145512 0.000000
vt 0.364799 -0.154871 0.000000
vt 0.985412 -0.163338 0.000000
vt 0.390761 -0.166720 0.000000
vt 0.415498 -0.180895 0.000000
vt 0.989691 -0.187432 0.000000
vt 0.438788 -0.197227 0.000000
vt 0.992269 -0.211526 0.000000
vt 0.460410 -0.215524 0.000000
vt 0.993131 -0.235619 0.000000
vt 0.480144 -0.235619 0.000000
vt 0.512987 0.300000 0.000000
vt 0.484026 0.338106 0.000000
vt 0.000000 0.300000 0.000000
vt 0.461494 0.380333 0.000000
vt 0.445964 0.425605 0.000000
vt 0.437832 0.472771 0.000000
vt 0.437304 0.520631 0.000000
vt 0.000000 0.800000 0.000000
vt 0.444393 0.567965 0.000000
vt 0.458921 0.613569 0.000000
vt 0.480516 0.656283 0.000000
vt 0.508629 0.695018 0.000000
vt 0.542544 0.728790 0.000000
vt 0.581399 0.756738 0.000000
vt 0.581399 0.800000 0.000000
vt -0.037262 0.000000 0.000000
vt -0.000000 0.000000 0.000000
vt -0.037262 0.146912 0.000000
vt -0.000000 0.146912 0.000000
vt 0.222624 0.507891 0.000000
vt 0.000000 0.501037 0.000000
vt 0.255000 0.466044 0.000000
vt 0.000000 0.453439 0.000000
vt 0.271765 0.445348 0.000000
vt 0.270476 0.417165 0.000000
vt 0.000000 0.405841 0.000000
vt 0.268430 0.388854 0.000000
vt 0.000000 0.358244 0.000000
vt 0.265797 0.360475 0.000000
vt 0.262875 0.332077 0.000000
vt 0.000000 0.310646 0.000000
vt 0.259978 0.303704 0.000000
vt 0.257454 0.275360 0.000000
vt 0.000000 0.263048 0.000000
vt 0.255673 0.247083 0.000000
vt 0.000000 0.215450 0.000000
vt 0.255000 0.218918 0.000000
vt 0.255000 0.171005 0.000000
vt 0.000000 0.167852 0.000000
vt 0.255000 0.123092 0.000000
vt 0.000000 0.120255 0.000000
vt 0.255000 0.075179 0.000000
vt 0.000000 0.072657 0.000000
vt 0.255000 0.027266 0.000000
vt 0.000000 0.025059 0.000000
vt 0.255000 -0.020647 0.000000
vt 0.000000 -0.022539 0.000000
vt 0.255000 -0.068560 0.000000
vt 0.000000 -0.070136 0.000000
vt 0.255000 -0.116473 0.000000
vt 0.000000 -0.117734 0.000000
vt 0.255000 -0.164386 0.000000
vt 0.000000 -0.165332 0.000000
vt 0.255000 -0.212299 0.000000
vt 0.000000 -0.212930 0.000000
vt 0.255000 -0.260212 0.000000
vt 0.000000 -0.260528 0.000000
vt 0.255000 -0.308125 0.000000
vt 0.000000 -0.308125 0.000000
vt 0.000000 0.548635 0.000000
vt 0.190779 0.552347 0.000000
vt 0.175477 0.575315 0.000000
vt 0.000000 0.596233 0.000000
vt 0.160816 0.598684 0.000000
vt 0.146920 0.622392 0.000000
vt 0.000000 0.643830 0.000000
vt 0.133867 0.646346 0.000000
vt 0.121734 0.670449 0.000000
vt 0.000000 0.691428 0.000000
vt 0.110600 0.694606 0.000000
vt 0.100540 0.718736 0.000000
vt 0.000000 0.739026 0.000000
vt 0.091367 0.743458 0.000000
vt 0.083017 0.769080 0.000000
vt 0.000000 0.786624 0.000000
vt 0.075641 0.795352 0.000000
vt 0.069391 0.822053 0.000000
vt 0.000000 0.834222 0.000000
vt 0.064397 0.849005 0.000000
vt 0.000000 0.881819 0.000000
vt 0.060675 0.876032 0.000000
vt 0.058209 0.902922 0.000000
vt 0.000000 0.929417 0.000000
vt 0.056984 0.929442 0.000000
vt 0.056985 0.955541 0.000000
vt 0.000000 0.977015 0.000000
vt 0.058211 0.982062 0.000000
vt 0.060678 1.008951 0.000000
vt 0.000000 1.024613 0.000000
vt 0.064401 1.035979 0.000000
vt 0.000000 1.072210 0.000000
vt 0.069397 1.062931 0.000000
vt 0.075648 1.089632 0.000000
vt 0.000000 1.119808 0.000000
vt 0.083025 1.115903 0.000000
vt 0.091376 1.141524 0.000000
vt 0.000000 1.167406 0.000000
vt 0.100550 1.166245 0.000000
vt 0.110605 1.190382 0.000000
vt 0.000000 1.215004 0.000000
vt 0.121726 1.214551 0.000000
vt 0.133850 1.238657 0.000000
vt 0.146912 1.262602 0.000000
vt 0.000000 1.262602 0.000000
vt -0.075000 0.255000 0.000000
vt -0.118262 0.255000 0.000000
vt -0.075000 0.000000 0.000000
vt -0.118262 0.000000 0.000000
vt -0.144805 -0.225238 0.000000
vt -0.144805 -0.262500 0.000000
vt -0.008662 -0.122265 0.000000
vt 0.155195 -0.262500 0.000000
vt 0.025885 -0.120392 0.000000
vt 0.155195 -0.219238 0.000000
vt 0.059222 -0.111136 0.000000
vt 0.089790 -0.094930 0.000000
vt 0.193809 -0.191494 0.000000
vt 0.116159 -0.072532 0.000000
vt 0.227554 -0.157997 0.000000
vt 0.137097 -0.044989 0.000000
vt 0.255584 -0.119589 0.000000
vt 0.277193 -0.077235 0.000000
vt 0.151625 -0.013588 0.000000
vt 0.291839 -0.031999 0.000000
vt 0.159062 0.020201 0.000000
vt 0.299154 0.014983 0.000000
vt 0.159062 0.054799 0.000000
vt 0.298954 0.062530 0.000000
vt 0.291245 0.109449 0.000000
vt 0.151625 0.088588 0.000000
vt 0.276219 0.154560 0.000000
vt 0.137097 0.119989 0.000000
vt 0.254255 0.196731 0.000000
vt 0.225904 0.234902 0.000000
vt 0.116159 0.147532 0.000000
vt 0.191878 0.268114 0.000000
vt 0.089790 0.169930 0.000000
vt 0.153032 0.295533 0.000000
vt 0.059222 0.186136 0.000000
vt 0.110342 0.316471 0.000000
vt 0.064881 0.330400 0.000000
vt 0.025885 0.195392 0.000000
vt 0.017789 0.336972 0.000000
vt -0.008662 0.197265 0.000000
vt -0.029749 0.336021 0.000000
vt -0.042805 0.191668 0.000000
vt -0.076540 0.327572 0.000000
vt -0.121409 0.311835 0.000000
vt -0.074945 0.178862 0.000000
vt -0.163227 0.289208 0.000000
vt -0.103582 0.159446 0.000000
vt -0.200946 0.260257 0.000000
vt -0.127375 0.134328 0.000000
vt -0.233616 0.225711 0.000000
vt -0.260418 0.186437 0.000000
vt -0.145212 0.104682 0.000000
vt -0.280679 0.143422 0.000000
vt -0.156259 0.071895 0.000000
vt -0.293888 0.097746 0.000000
vt -0.299716 0.050557 0.000000
vt -0.160000 0.037500 0.000000
vt -0.298014 0.003039 0.000000
vt -0.156259 0.003105 0.000000
vt -0.288826 -0.043613 0.000000
vt -0.145212 -0.029682 0.000000
vt -0.272383 -0.088227 0.000000
vt -0.249098 -0.129683 0.000000
vt -0.127375 -0.059328 0.000000
vt -0.219556 -0.166939 0.000000
vt -0.103582 -0.084446 0.000000
vt -0.184498 -0.199060 0.000000
vt -0.074945 -0.103862 0.000000
vt -0.042805 -0.116668 0.000000
vt -0.040192 0.000000 0.000000
vt -0.000000 0.000000 0.000000
vt -0.040192 0.255000 0.000000
vt -0.000000 0.255000 0.000000
vt 0.255000 0.522328 0.000000
vt 0.000000 0.495039 0.000000
vt 0.255000 0.476434 0.000000
vt 0.000000 0.447439 0.000000
vt 0.222877 0.434925 0.000000
vt 0.000000 0.399839 0.000000
vt 0.191266 0.390841 0.000000
vt 0.000000 0.352239 0.000000
vt 0.161487 0.344897 0.000000
vt 0.147659 0.321390 0.000000
vt 0.000000 0.304639 0.000000
vt 0.134656 0.297634 0.000000
vt 0.122556 0.273726 0.000000
vt 0.000000 0.257039 0.000000
vt 0.111432 0.249758 0.000000
vt 0.101361 0.225816 0.000000
vt 0.000000 0.209440 0.000000
vt 0.092194 0.201379 0.000000
vt 0.083823 0.176033 0.000000
vt 0.000000 0.161840 0.000000
vt 0.076396 0.150023 0.000000
vt 0.000000 0.114240 0.000000
vt 0.070060 0.123569 0.000000
vt 0.064951 0.096849 0.000000
vt 0.000000 0.066640 0.000000
vt 0.061096 0.070031 0.000000
vt 0.058481 0.043319 0.000000
vt 0.000000 0.019040 0.000000
vt 0.057088 0.016939 0.000000
vt 0.056905 -0.008969 0.000000
vt 0.000000 -0.028560 0.000000
vt 0.057925 -0.035203 0.000000
vt 0.060165 -0.061837 0.000000
vt 0.000000 -0.076160 0.000000
vt 0.063639 -0.088646 0.000000
vt 0.000000 -0.123760 0.000000
vt 0.068363 -0.115415 0.000000
vt 0.074335 -0.141968 0.000000
vt 0.000000 -0.171360 0.000000
vt 0.081444 -0.168136 0.000000
vt 0.089542 -0.193710 0.000000
vt 0.000000 -0.218959 0.000000
vt 0.098481 -0.218451 0.000000
vt 0.108231 -0.242433 0.000000
vt 0.000000 -0.266559 0.000000
vt 0.119026 -0.266413 0.000000
vt 0.130823 -0.290355 0.000000
vt 0.000000 -0.314159 0.000000
vt 0.143562 -0.314159 0.000000
vt 0.000000 0.542639 0.000000
vt 0.255000 0.568223 0.000000
vt 0.000000 0.590239 0.000000
vt 0.255000 0.614117 0.000000
vt 0.000000 0.637839 0.000000
vt 0.255000 0.660011 0.000000
vt 0.000000 0.685438 0.000000
vt 0.255000 0.705905 0.000000
vt 0.000000 0.733038 0.000000
vt 0.255000 0.751800 0.000000
vt 0.000000 0.780638 0.000000
vt 0.255000 0.797694 0.000000
vt 0.000000 0.828238 0.000000
vt 0.255000 0.843588 0.000000
vt 0.000000 0.875838 0.000000
vt 0.255000 0.889483 0.000000
vt 0.000000 0.923438 0.000000
vt 0.255000 0.935377 0.000000
vt 0.000000 0.971038 0.000000
vt 0.255000 0.981271 0.000000
vt 0.000000 1.018638 0.000000
vt 0.255000 1.027166 0.000000
vt 0.000000 1.066238 0.000000
vt 0.255000 1.073060 0.000000
vt 0.000000 1.113837 0.000000
vt 0.255000 1.118954 0.000000
vt 0.000000 1.161437 0.000000
vt 0.255000 1.164848 0.000000
vt 0.000000 1.209037 0.000000
vt 0.255000 1.210743 0.000000
vt 0.000000 1.256637 0.000000
vt 0.255000 1.256637 0.000000
vt -0.075000 0.143562 0.000000
vt -0.115192 0.143562 0.000000
vt -0.075000 0.000000 0.000000
vt -0.115192 0.000000 0.000000
vt -0.150000 -0.222308 0.000000
vt -0.150000 -0.262500 0.000000
vt -0.008662 -0.122265 0.000000
vt 0.150000 -0.262500 0.000000
vt 0.025885 -0.120392 0.000000
vt 0.150000 -0.222308 0.000000
vt 0.059222 -0.111136 0.000000
vt 0.089790 -0.094930 0.000000
vt 0.189166 -0.195344 0.000000
vt 0.116159 -0.072532 0.000000
vt 0.223579 -0.162531 0.000000
vt 0.252376 -0.124692 0.000000
vt 0.137097 -0.044989 0.000000
vt 0.274833 -0.082779 0.000000
vt 0.151625 -0.013588 0.000000
vt 0.290385 -0.037844 0.000000
vt 0.159062 0.020201 0.000000
vt 0.298642 0.008983 0.000000
vt 0.299396 0.056527 0.000000
vt 0.159062 0.054799 0.000000
vt 0.292629 0.103593 0.000000
vt 0.151625 0.088588 0.000000
vt 0.278510 0.148999 0.000000
vt 0.137097 0.119989 0.000000
vt 0.257395 0.191603 0.000000
vt 0.229813 0.230336 0.000000
vt 0.116159 0.147532 0.000000
vt 0.196458 0.264225 0.000000
vt 0.089790 0.169930 0.000000
vt 0.158168 0.292418 0.000000
vt 0.059222 0.186136 0.000000
vt 0.115904 0.314206 0.000000
vt 0.070728 0.329043 0.000000
vt 0.025885 0.195392 0.000000
vt 0.023775 0.336556 0.000000
vt -0.008662 0.197265 0.000000
vt -0.023775 0.336556 0.000000
vt -0.070728 0.329043 0.000000
vt -0.042805 0.191668 0.000000
vt -0.115904 0.314206 0.000000
vt -0.074945 0.178862 0.000000
vt -0.158168 0.292418 0.000000
vt -0.103582 0.159446 0.000000
vt -0.196458 0.264225 0.000000
vt -0.229813 0.230336 0.000000
vt -0.127375 0.134328 0.000000
vt -0.257395 0.191603 0.000000
vt -0.145212 0.104682 0.000000
vt -0.278510 0.148999 0.000000
vt -0.156259 0.071895 0.000000
vt -0.292629 0.103593 0.000000
vt -0.299396 0.056527 0.000000
vt -0.160000 0.037500 0.000000
vt -0.298642 0.008983 0.000000
vt -0.156259 0.003105 0.000000
vt -0.290385 -0.037844 0.000000
vt -0.145212 -0.029682 0.000000
vt -0.274833 -0.082779 0.000000
vt -0.252376 -0.124692 0.000000
vt -0.127375 -0.059328 0.000000
vt -0.223579 -0.162531 0.000000
vt -0.103582 -0.084446 0.000000
vt -0.189166 -0.195344 0.000000
vt -0.042805 -0.116668 0.000000
vt -0.074945 -0.103862 0.000000
vt 1.334512 0.100000 0.000000
vt 0.132343 0.233385 0.000000
vt -0.000000 0.100000 0.000000
vt 0.090108 0.215540 0.000000
vt 0.045648 0.204340 0.000000
vt 1.334512 0.800000 0.000000
vt 0.294721 0.492900 0.000000
vt 0.290137 0.447280 0.000000
vt 0.278654 0.402892 0.000000
vt 0.144805 0.800000 0.000000
vt 0.216096 0.702560 0.000000
vt 0.244378 0.666473 0.000000
vt 0.266832 0.626498 0.000000
vt 0.144805 0.759808 0.000000
vt 0.182644 0.733916 0.000000
vt 0.282931 0.583567 0.000000
vt 0.292300 0.538685 0.000000
vt 0.260541 0.360772 0.000000
vt 0.236221 0.321903 0.000000
vt 0.206262 0.287195 0.000000
vt 0.171365 0.257458 0.000000
vt -0.000000 0.200045 0.000000
vt 0.762738 3.968651 0.000000
vt 0.750344 3.944362 0.000000
vt 0.800000 3.968651 0.000000
vt 0.736260 3.921354 0.000000
vt 0.720628 3.899835 0.000000
vt 0.800000 3.850919 0.000000
vt 0.703588 3.880011 0.000000
vt 0.684732 3.861590 0.000000
vt 0.663883 3.844538 0.000000
vt 0.641299 3.829245 0.000000
vt 0.617242 3.816105 0.000000
vt 0.591985 3.805479 0.000000
vt 0.565913 3.797490 0.000000
vt 0.800000 3.733188 0.000000
vt 0.539460 3.792151 0.000000
vt 0.513059 3.789474 0.000000
vt -0.000000 3.750390 0.000000
vt 0.486969 3.789473 0.000000
vt 0.460568 3.792146 0.000000
vt 0.434114 3.797483 0.000000
vt 0.408042 3.805469 0.000000
vt 0.382784 3.816093 0.000000
vt 0.358726 3.829230 0.000000
vt -0.000000 3.868523 0.000000
vt 0.336140 3.844521 0.000000
vt 0.315288 3.861571 0.000000
vt 0.296431 3.879991 0.000000
vt 0.279404 3.899820 0.000000
vt 0.263804 3.921353 0.000000
vt 0.249741 3.944370 0.000000
vt -0.000000 3.986656 0.000000
vt 0.237326 3.968650 0.000000
vt 0.226672 3.993973 0.000000
vt 0.217882 4.020117 0.000000
vt 0.210944 4.046823 0.000000
vt -0.000000 4.104789 0.000000
vt 0.202291 4.100781 0.000000
vt 0.200045 4.153615 0.000000
vt -0.000000 4.222922 0.000000
vt 0.201117 4.180225 0.000000
vt 0.176516 4.195616 0.000000
vt 0.154465 4.212766 0.000000
vt 0.133865 4.231997 0.000000
vt 0.114415 4.253320 0.000000
vt 0.096278 4.276401 0.000000
vt 0.079617 4.300906 0.000000
vt -0.000000 4.341054 0.000000
vt 0.051177 4.352740 0.000000
vt 0.029509 4.405611 0.000000
vt -0.000000 4.459187 0.000000
vt 0.013796 4.459991 0.000000
vt 0.003554 4.518034 0.000000
vt -0.000000 4.577320 0.000000
vt -0.000000 3.632258 0.000000
vt 0.800000 3.615456 0.000000
vt -0.000000 3.514125 0.000000
vt 0.800000 3.497724 0.000000
vt -0.000000 3.395992 0.000000
vt 0.800000 3.379992 0.000000
vt -0.000000 3.277859 0.000000
vt 0.800000 3.262260 0.000000
vt -0.000000 3.159726 0.000000
vt 0.800000 3.144528 0.000000
vt -0.000000 3.041593 0.000000
vt 0.800000 3.026796 0.000000
vt -0.000000 2.923461 0.000000
vt 0.800000 2.909064 0.000000
vt -0.000000 2.805328 0.000000
vt 0.800000 2.791332 0.000000
vt -0.000000 2.687195 0.000000
vt 0.800000 2.673600 0.000000
vt -0.000000 2.569062 0.000000
vt 0.800000 2.555868 0.000000
vt -0.000000 2.450929 0.000000
vt 0.800000 2.438136 0.000000
vt -0.000000 2.332796 0.000000
vt 0.800000 2.320404 0.000000
vt -0.000000 2.214664 0.000000
vt 0.800000 2.202672 0.000000
vt -0.000000 2.096531 0.000000
vt 0.800000 2.084940 0.000000
vt 0.483071 2.022246 0.000000
vt 0.508968 2.022649 0.000000
vt -0.000000 1.978398 0.000000
vt 0.456842 2.019210 0.000000
vt 0.430621 2.013555 0.000000
vt 0.404832 2.005293 0.000000
vt 0.379898 1.994438 0.000000
vt 0.356180 1.981142 0.000000
vt 0.333940 1.965768 0.000000
vt 0.313432 1.948701 0.000000
vt 0.294912 1.930322 0.000000
vt 0.278133 1.910503 0.000000
vt -0.000000 1.860265 0.000000
vt 0.262764 1.889022 0.000000
vt 0.248915 1.866095 0.000000
vt 0.236697 1.841937 0.000000
vt 0.226218 1.816765 0.000000
vt -0.000000 1.742132 0.000000
vt 0.210756 1.764283 0.000000
vt 0.202250 1.710745 0.000000
vt 0.100000 1.658331 0.000000
vt 0.200045 1.658331 0.000000
vt -0.000000 1.624000 0.000000
vt 0.051185 1.582099 0.000000
vt -0.000000 1.505867 0.000000
vt 0.535114 2.020418 0.000000
vt 0.561383 2.015563 0.000000
vt 0.587349 2.008097 0.000000
vt 0.612589 1.998033 0.000000
vt 0.800000 1.967208 0.000000
vt 0.636709 1.985448 0.000000
vt 0.659429 1.970669 0.000000
vt 0.680493 1.954079 0.000000
vt 0.699648 1.936061 0.000000
vt 0.716889 1.916758 0.000000
vt 0.732736 1.895779 0.000000
vt 0.800000 1.849476 0.000000
vt 0.747090 1.873285 0.000000
vt 0.759808 1.849476 0.000000
vt 0.195000 -0.467989 0.000000
vt 0.000000 -0.467989 0.000000
vt 0.195000 -0.502655 0.000000
vt 0.000000 -0.502655 0.000000
vt 0.195000 0.502655 0.000000
vt 0.000000 0.502655 0.000000
vt 0.195000 0.467989 0.000000
vt 0.000000 0.467989 0.000000
vt 0.195000 0.433323 0.000000
vt 0.000000 0.433323 0.000000
vt 0.195000 0.398657 0.000000
vt 0.000000 0.398657 0.000000
vt 0.195000 0.363991 0.000000
vt 0.000000 0.363991 0.000000
vt 0.195000 0.329326 0.000000
vt 0.000000 0.329326 0.000000
vt 0.195000 0.294660 0.000000
vt 0.000000 0.294660 0.000000
vt 0.195000 0.259994 0.000000
vt 0.000000 0.259994 0.000000
vt 0.195000 0.225328 0.000000
vt 0.000000 0.225328 0.000000
vt 0.195000 0.190662 0.000000
vt 0.000000 0.190662 0.000000
vt 0.195000 0.155996 0.000000
vt 0.000000 0.155996 0.000000
vt 0.195000 0.121330 0.000000
vt 0.000000 0.121330 0.000000
vt 0.195000 0.086665 0.000000
vt 0.000000 0.086665 0.000000
vt 0.195000 0.051999 0.000000
vt 0.000000 0.051999 0.000000
vt 0.195000 0.017333 0.000000
vt 0.000000 0.017333 0.000000
vt 0.195000 -0.017333 0.000000
vt 0.000000 -0.017333 0.000000
vt 0.195000 -0.051999 0.000000
vt 0.000000 -0.051999 0.000000
vt 0.195000 -0.086665 0.000000
vt 0.000000 -0.086665 0.000000
vt 0.195000 -0.121330 0.000000
vt 0.000000 -0.121330 0.000000
vt 0.195000 -0.155996 0.000000
vt 0.000000 -0.155996 0.000000
vt 0.195000 -0.190662 0.000000
vt 0.000000 -0.190662 0.000000
vt 0.195000 -0.225328 0.000000
vt 0.000000 -0.225328 0.000000
vt 0.195000 -0.259994 0.000000
vt 0.000000 -0.259994 0.000000
vt 0.195000 -0.294660 0.000000
vt 0.000000 -0.294660 0.000000
vt 0.195000 -0.329326 0.000000
vt 0.000000 -0.329326 0.000000
vt 0.195000 -0.363991 0.000000
vt 0.000000 -0.363991 0.000000
vt 0.195000 -0.398657 0.000000
vt 0.000000 -0.398657 0.000000
vt 0.195000 -0.433323 0.000000
vt 0.000000 -0.433323 0.000000
vt 0.195000 -0.467989 0.000000
vt 0.000000 -0.467989 0.000000
vt 0.195000 -0.502655 0.000000
vt 0.000000 -0.502655 0.000000
vt 0.195000 0.502655 0.000000
vt 0.000000 0.502655 0.000000
vt 0.195000 0.467989 0.000000
vt 0.000000 0.467989 0.000000
vt 0.195000 0.433323 0.000000
vt 0.000000 0.433323 0.000000
vt 0.195000 0.398657 0.000000
vt 0.000000 0.398657 0.000000
vt 0.195000 0.363991 0.000000
vt 0.000000 0.363991 0.000000
vt 0.195000 0.329326 0.000000
vt 0.000000 0.329326 0.000000
vt 0.195000 0.294660 0.000000
vt 0.000000 0.294660 0.000000
vt 0.195000 0.259994 0.000000
vt 0.000000 0.259994 0.000000
vt 0.195000 0.225328 0.000000
vt 0.000000 0.225328 0.000000
vt 0.195000 0.190662 0.000000
vt 0.000000 0.190662 0.000000
vt 0.195000 0.155996 0.000000
vt 0.000000 0.155996 0.000000
vt 0.195000 0.121330 0.000000
vt 0.000000 0.121330 0.000000
vt 0.195000 0.086665 0.000000
vt 0.000000 0.086665 0.000000
vt 0.195000 0.051999 0.000000
vt 0.000000 0.051999 0.000000
vt 0.195000 0.017333 0.000000
vt 0.000000 0.017333 0.000000
vt 0.195000 -0.017333 0.000000
vt 0.000000 -0.017333 0.000000
vt 0.195000 -0.051999 0.000000
vt 0.000000 -0.051999 0.000000
vt 0.195000 -0.086665 0.000000
vt 0.000000 -0.086665 0.000000
vt 0.195000 -0.121330 0.000000
vt 0.000000 -0.121330 0.000000
vt 0.195000 -0.155996 0.000000
vt 0.000000 -0.155996 0.000000
vt 0.195000 -0.190662 0.000000
vt 0.000000 -0.190662 0.000000
vt 0.195000 -0.225328 0.000000
vt 0.000000 -0.225328 0.000000
vt 0.195000 -0.259994 0.000000
vt 0.000000 -0.259994 0.000000
vt 0.195000 -0.294660 0.000000
vt 0.000000 -0.294660 0.000000
vt 0.195000 -0.329326 0.000000
vt 0.000000 -0.329326 0.000000
vt 0.195000 -0.363991 0.000000
vt 0.000000 -0.363991 0.000000
vt 0.195000 -0.398657 0.000000
vt 0.000000 -0.398657 0.000000
vt 0.195000 -0.433323 0.000000
vt 0.000000 -0.433323 0.000000
vt 1.272231 0.116912 0.000000
vt 1.171426 0.056129 0.000000
vt 1.272231 -0.030000 0.000000
vt 1.066959 0.001881 0.000000
vt 0.959254 -0.045615 0.000000
vt 0.848747 -0.086164 0.000000
vt 1.572231 -0.030000 0.000000
vt 2.232964 -0.225000 0.000000
vt 2.232964 0.135926 0.000000
vt 0.735885 -0.119604 0.000000
vt 0.621124 -0.145798 0.000000
vt 0.504930 -0.164641 0.000000
vt 0.387772 -0.176056 0.000000
vt 0.270126 -0.179997 0.000000
vt -1.882781 -0.225000 0.000000
vt 0.152468 -0.176449 0.000000
vt 0.035273 -0.165425 0.000000
vt -0.080983 -0.146971 0.000000
vt -0.195831 -0.121160 0.000000
vt -0.308804 -0.088098 0.000000
vt -0.419447 -0.047918 0.000000
vt -0.732964 -0.030000 0.000000
vt -1.032964 -0.030000 0.000000
vt -1.882781 0.075000 0.000000
vt -1.032964 0.225000 0.000000
vt -2.232964 0.180982 0.000000
vt -2.222671 0.225000 0.000000
vt -0.527310 -0.000783 0.000000
vt -0.631957 0.053116 0.000000
vt -0.732964 0.113562 0.000000
vt -2.082781 0.075000 0.000000
vt -2.232781 -0.225000 0.000000
vt -2.082781 -0.225000 0.000000
vt 2.153629 0.225000 0.000000
vt 1.572231 0.225000 0.000000
vt 0.882168 -1.585000 0.000000
vt 1.048669 -1.715881 0.000000
vt 1.182168 -1.585000 0.000000
vt 1.080925 -1.722868 0.000000
vt 1.110970 -1.736526 0.000000
vt 0.882168 -1.810000 0.000000
vt 0.905194 -1.781103 0.000000
vt 0.926894 -1.756235 0.000000
vt 0.953366 -1.736526 0.000000
vt 0.889252 -1.810000 0.000000
vt 0.983411 -1.722868 0.000000
vt 1.015666 -1.715881 0.000000
vt 1.137442 -1.756235 0.000000
vt 1.159141 -1.781103 0.000000
vt 1.182168 -1.810000 0.000000
vt 1.175084 -1.810000 0.000000
vt 0.250000 0.460737 0.000000
vt 0.000000 0.460737 0.000000
vt 0.250000 0.444002 0.000000
vt -0.000000 0.444002 0.000000
vt 0.000000 0.427267 0.000000
vt 0.000000 0.410531 0.000000
vt 0.250000 0.410531 0.000000
vt 0.250000 0.427267 0.000000
vt 0.250000 -0.041918 0.000000
vt -0.000000 -0.041918 0.000000
vt 0.250000 -0.076472 0.000000
vt -0.000000 -0.076472 0.000000
vt 0.250000 -0.111025 0.000000
vt 0.000000 -0.111025 0.000000
vt 0.250000 -0.145579 0.000000
vt 0.000000 -0.145579 0.000000
vt 0.250000 -0.180133 0.000000
vt 0.000000 -0.180133 0.000000
vt 0.250000 -0.214687 0.000000
vt -0.000000 -0.214687 0.000000
vt 0.250000 -0.249240 0.000000
vt -0.000000 -0.249240 0.000000
vt 0.250000 -0.283794 0.000000
vt -0.000000 -0.283794 0.000000
vt 0.250000 -0.318348 0.000000
vt -0.000000 -0.318348 0.000000
vt 0.250000 -0.352902 0.000000
vt -0.000000 -0.352902 0.000000
vt 0.250000 -0.387456 0.000000
vt -0.000000 -0.387456 0.000000
vt 0.250000 -0.422009 0.000000
vt -0.000000 -0.422009 0.000000
vt 0.250000 -0.456563 0.000000
vt -0.000000 -0.456563 0.000000
vt 0.250000 -0.491117 0.000000
vt -0.000000 -0.491117 0.000000
vt 0.250000 -0.525671 0.000000
vt -0.000000 -0.525671 0.000000
vt 0.250000 -0.560225 0.000000
vt 0.000000 -0.560225 0.000000
vt 0.250000 -0.594778 0.000000
vt 0.000000 -0.594778 0.000000
vt 0.250000 -0.041918 0.000000
vt 0.000000 -0.041918 0.000000
vt 0.250000 -0.058653 0.000000
vt -0.000000 -0.058653 0.000000
vt 0.000000 -0.075388 0.000000
vt -0.000000 -0.092124 0.000000
vt 0.250000 -0.092124 0.000000
vt 0.250000 -0.075388 0.000000
vt 0.250000 0.460737 0.000000
vt -0.000000 0.460737 0.000000
vt 0.250000 0.426183 0.000000
vt -0.000000 0.426183 0.000000
vt 0.250000 0.391629 0.000000
vt 0.000000 0.391629 0.000000
vt 0.250000 0.357076 0.000000
vt 0.000000 0.357076 0.000000
vt 0.250000 0.322522 0.000000
vt -0.000000 0.322522 0.000000
vt 0.250000 0.287968 0.000000
vt 0.000000 0.287968 0.000000
vt 0.250000 0.253414 0.000000
vt -0.000000 0.253414 0.000000
vt 0.250000 0.218861 0.000000
vt 0.000000 0.218861 0.000000
vt 0.250000 0.184307 0.000000
vt -0.000000 0.184307 0.000000
vt 0.250000 0.149753 0.000000
vt 0.000000 0.149753 0.000000
vt 0.250000 0.115199 0.000000
vt -0.000000 0.115199 0.000000
vt 0.250000 0.080645 0.000000
vt 0.000000 0.080645 0.000000
vt 0.250000 0.046092 0.000000
vt 0.000000 0.046092 0.000000
vt 0.250000 0.011538 0.000000
vt 0.000000 0.011538 0.000000
vt 0.250000 -0.023016 0.000000
vt -0.000000 -0.023016 0.000000
vt 0.250000 -0.057570 0.000000
vt -0.000000 -0.057570 0.000000
vt 0.250000 -0.092124 0.000000
vt -0.000000 -0.092124 0.000000
vt 0.250000 -2.666837 0.000000
vt -0.000000 -2.666837 0.000000
vt 0.250000 -2.748894 0.000000
vt 0.000000 -2.748894 0.000000
vt 0.250000 2.748894 0.000000
vt 0.000000 2.748894 0.000000
vt 0.250000 2.666837 0.000000
vt -0.000000 2.666837 0.000000
vt 0.250000 2.584781 0.000000
vt 0.000000 2.584781 0.000000
vt 0.250000 2.502724 0.000000
vt 0.000000 2.502724 0.000000
vt 0.250000 2.420667 0.000000
vt 0.000000 2.420667 0.000000
vt 0.250000 2.338611 0.000000
vt 0.000000 2.338611 0.000000
vt 0.250000 2.256554 0.000000
vt -0.000000 2.256554 0.000000
vt 0.250000 2.174498 0.000000
vt 0.000000 2.174498 0.000000
vt 0.250000 2.092441 0.000000
vt 0.000000 2.092441 0.000000
vt 0.250000 2.010385 0.000000
vt 0.000000 2.010385 0.000000
vt 0.250000 1.928328 0.000000
vt 0.000000 1.928328 0.000000
vt 0.250000 1.846272 0.000000
vt 0.000000 1.846272 0.000000
vt 0.250000 1.764215 0.000000
vt 0.000000 1.764215 0.000000
vt 0.250000 1.682159 0.000000
vt -0.000000 1.682159 0.000000
vt 0.250000 1.600102 0.000000
vt 0.000000 1.600102 0.000000
vt 0.250000 1.518046 0.000000
vt 0.000000 1.518046 0.000000
vt 0.250000 1.435989 0.000000
vt 0.000000 1.435989 0.000000
vt 0.250000 1.353933 0.000000
vt -0.000000 1.353933 0.000000
vt 0.250000 1.271876 0.000000
vt 0.000000 1.271876 0.000000
vt 0.250000 1.189820 0.000000
vt -0.000000 1.189820 0.000000
vt 0.250000 1.107763 0.000000
vt -0.000000 1.107763 0.000000
vt 0.250000 1.025707 0.000000
vt 0.000000 1.025707 0.000000
vt 0.250000 0.943650 0.000000
vt 0.000000 0.943650 0.000000
vt 0.250000 0.861594 0.000000
vt 0.000000 0.861594 0.000000
vt 0.250000 0.779537 0.000000
vt -0.000000 0.779537 0.000000
vt 0.250000 0.697480 0.000000
vt -0.000000 0.697480 0.000000
vt 0.250000 0.615424 0.000000
vt 0.000000 0.615424 0.000000
vt 0.250000 0.533367 0.000000
vt 0.000000 0.533367 0.000000
vt 0.250000 0.451311 0.000000
vt -0.000000 0.451311 0.000000
vt 0.250000 0.369254 0.000000
vt -0.000000 0.369254 0.000000
vt 0.250000 0.287198 0.000000
vt -0.000000 0.287198 0.000000
vt 0.250000 0.205141 0.000000
vt -0.000000 0.205141 0.000000
vt 0.250000 0.123085 0.000000
vt 0.000000 0.123085 0.000000
vt 0.250000 0.041028 0.000000
vt -0.000000 0.041028 0.000000
vt 0.250000 -0.041028 0.000000
vt -0.000000 -0.041028 0.000000
vt 0.250000 -0.123085 0.000000
vt 0.000000 -0.123085 0.000000
vt 0.250000 -0.205141 0.000000
vt 0.000000 -0.205141 0.000000
vt 0.250000 -0.287198 0.000000
vt -0.000000 -0.287198 0.000000
vt 0.250000 -0.369254 0.000000
vt 0.000000 -0.369254 0.000000
vt 0.250000 -0.451311 0.000000
vt -0.000000 -0.451311 0.000000
vt 0.250000 -0.533367 0.000000
vt -0.000000 -0.533367 0.000000
vt 0.250000 -0.615424 0.000000
vt 0.000000 -0.615424 0.000000
vt 0.250000 -0.697480 0.000000
vt -0.000000 -0.697480 0.000000
vt 0.250000 -0.779537 0.000000
vt 0.000000 -0.779537 0.000000
vt 0.250000 -0.861594 0.000000
vt 0.000000 -0.861594 0.000000
vt 0.250000 -0.943650 0.000000
vt 0.000000 -0.943650 0.000000
vt 0.250000 -1.025707 0.000000
vt -0.000000 -1.025707 0.000000
vt 0.250000 -1.107763 0.000000
vt -0.000000 -1.107763 0.000000
vt 0.250000 -1.189820 0.000000
vt -0.000000 -1.189820 0.000000
vt 0.250000 -1.271876 0.000000
vt 0.000000 -1.271876 0.000000
vt 0.250000 -1.353933 0.000000
vt -0.000000 -1.353933 0.000000
vt 0.250000 -1.435989 0.000000
vt -0.000000 -1.435989 0.000000
vt 0.250000 -1.518046 0.000000
vt -0.000000 -1.518046 0.000000
vt 0.250000 -1.600102 0.000000
vt -0.000000 -1.600102 0.000000
vt 0.250000 -1.682159 0.000000
vt -0.000000 -1.682159 0.000000
vt 0.250000 -1.764215 0.000000
vt -0.000000 -1.764215 0.000000
vt 0.250000 -1.846272 0.000000
vt -0.000000 -1.846272 0.000000
vt 0.250000 -1.928328 0.000000
vt -0.000000 -1.928328 0.000000
vt 0.250000 -2.010385 0.000000
vt -0.000000 -2.010385 0.000000
vt 0.250000 -2.092441 0.000000
vt -0.000000 -2.092441 0.000000
vt 0.250000 -2.174498 0.000000
vt -0.000000 -2.174498 0.000000
vt 0.250000 -2.256554 0.000000
vt -0.000000 -2.256554 0.000000
vt 0.250000 -2.338611 0.000000
vt -0.000000 -2.338611 0.000000
vt 0.250000 -2.420667 0.000000
vt -0.000000 -2.420667 0.000000
vt 0.250000 -2.502724 0.000000
vt -0.000000 -2.502724 0.000000
vt 0.250000 -2.584781 0.000000
vt -0.000000 -2.584781 0.000000
vt 0.250000 -0.467989 0.000000
vt -0.000000 -0.467989 0.000000
vt 0.250000 -0.502655 0.000000
vt -0.000000 -0.502655 0.000000
vt 0.250000 0.502655 0.000000
vt -0.000000 0.502655 0.000000
vt 0.250000 0.467989 0.000000
vt -0.000000 0.467989 0.000000
vt 0.250000 0.433323 0.000000
vt -0.000000 0.433323 0.000000
vt 0.250000 0.398657 0.000000
vt -0.000000 0.398657 0.000000
vt 0.250000 0.363991 0.000000
vt -0.000000 0.363991 0.000000
vt 0.250000 0.329326 0.000000
vt 0.000000 0.329326 0.000000
vt 0.250000 0.294660 0.000000
vt -0.000000 0.294660 0.000000
vt 0.250000 0.259994 0.000000
vt 0.000000 0.259994 0.000000
vt 0.250000 0.225328 0.000000
vt -0.000000 0.225328 0.000000
vt 0.250000 0.190662 0.000000
vt -0.000000 0.190662 0.000000
vt 0.250000 0.155996 0.000000
vt 0.000000 0.155996 0.000000
vt 0.250000 0.121330 0.000000
vt -0.000000 0.121330 0.000000
vt 0.250000 0.086665 0.000000
vt 0.000000 0.086665 0.000000
vt 0.250000 0.051999 0.000000
vt -0.000000 0.051999 0.000000
vt 0.250000 0.017333 0.000000
vt 0.000000 0.017333 0.000000
vt 0.250000 -0.017333 0.000000
vt 0.000000 -0.017333 0.000000
vt 0.250000 -0.051999 0.000000
vt -0.000000 -0.051999 0.000000
vt 0.250000 -0.086665 0.000000
vt 0.000000 -0.086665 0.000000
vt 0.250000 -0.121330 0.000000
vt -0.000000 -0.121330 0.000000
vt 0.250000 -0.155996 0.000000
vt 0.000000 -0.155996 0.000000
vt 0.250000 -0.190662 0.000000
vt -0.000000 -0.190662 0.000000
vt 0.250000 -0.225328 0.000000
vt -0.000000 -0.225328 0.000000
vt 0.250000 -0.259994 0.000000
vt -0.000000 -0.259994 0.000000
vt 0.250000 -0.294660 0.000000
vt -0.000000 -0.294660 0.000000
vt 0.250000 -0.329326 0.000000
vt -0.000000 -0.329326 0.000000
vt 0.250000 -0.363991 0.000000
vt -0.000000 -0.363991 0.000000
vt 0.250000 -0.398657 0.000000
vt -0.000000 -0.398657 0.000000
vt 0.250000 -0.433323 0.000000
vt -0.000000 -0.433323 0.000000
vt 0.250000 -0.925199 0.000000
vt -0.000000 -0.925199 0.000000
vt 0.250000 -0.973894 0.000000
vt 0.000000 -0.973894 0.000000
vt 0.250000 0.973894 0.000000
vt 0.000000 0.973894 0.000000
vt 0.250000 0.925199 0.000000
vt -0.000000 0.925199 0.000000
vt 0.250000 0.876504 0.000000
vt -0.000000 0.876504 0.000000
vt 0.250000 0.827810 0.000000
vt 0.000000 0.827810 0.000000
vt 0.250000 0.779115 0.000000
vt 0.000000 0.779115 0.000000
vt 0.250000 0.730420 0.000000
vt -0.000000 0.730420 0.000000
vt 0.250000 0.681726 0.000000
vt -0.000000 0.681726 0.000000
vt 0.250000 0.633031 0.000000
vt -0.000000 0.633031 0.000000
vt 0.250000 0.584336 0.000000
vt -0.000000 0.584336 0.000000
vt 0.250000 0.535642 0.000000
vt -0.000000 0.535642 0.000000
vt 0.250000 0.486947 0.000000
vt -0.000000 0.486947 0.000000
vt 0.250000 0.438252 0.000000
vt -0.000000 0.438252 0.000000
vt 0.250000 0.389557 0.000000
vt -0.000000 0.389557 0.000000
vt 0.250000 0.340863 0.000000
vt -0.000000 0.340863 0.000000
vt 0.250000 0.292168 0.000000
vt -0.000000 0.292168 0.000000
vt 0.250000 0.243473 0.000000
vt -0.000000 0.243473 0.000000
vt 0.250000 0.194779 0.000000
vt 0.000000 0.194779 0.000000
vt 0.250000 0.146084 0.000000
vt 0.000000 0.146084 0.000000
vt 0.250000 0.097389 0.000000
vt -0.000000 0.097389 0.000000
vt 0.250000 0.048695 0.000000
vt -0.000000 0.048695 0.000000
vt 0.250000 0.000000 0.000000
vt 0.000000 0.000000 0.000000
vt 0.250000 -0.048695 0.000000
vt -0.000000 -0.048695 0.000000
vt 0.250000 -0.097389 0.000000
vt -0.000000 -0.097389 0.000000
vt 0.250000 -0.146084 0.000000
vt 0.000000 -0.146084 0.000000
vt 0.250000 -0.194779 0.000000
vt 0.000000 -0.194779 0.000000
vt 0.250000 -0.243473 0.000000
vt -0.000000 -0.243473 0.000000
vt 0.250000 -0.292168 0.000000
vt -0.000000 -0.292168 0.000000
vt 0.250000 -0.340863 0.000000
vt -0.000000 -0.340863 0.000000
vt 0.250000 -0.389557 0.000000
vt -0.000000 -0.389557 0.000000
vt 0.250000 -0.438252 0.000000
vt -0.000000 -0.438252 0.000000
vt 0.250000 -0.486947 0.000000
vt -0.000000 -0.486947 0.000000
vt 0.250000 -0.535642 0.000000
vt -0.000000 -0.535642 0.000000
vt 0.250000 -0.584336 0.000000
vt -0.000000 -0.584336 0.000000
vt 0.250000 -0.633031 0.000000
vt -0.000000 -0.633031 0.000000
vt 0.250000 -0.681726 0.000000
vt -0.000000 -0.681726 0.000000
vt 0.250000 -0.730420 0.000000
vt -0.000000 -0.730420 0.000000
vt 0.250000 -0.779115 0.000000
vt -0.000000 -0.779115 0.000000
vt 0.250000 -0.827810 0.000000
vt -0.000000 -0.827810 0.000000
vt 0.250000 -0.876504 0.000000
vt -0.000000 -0.876504 0.000000
vt 0.000000 0.061610 0.000000
vt 0.190000 0.061610 0.000000
vt 0.000000 0.094676 0.000000
vt 0.190000 0.094676 0.000000
vt -0.000000 0.127742 0.000000
vt 0.190000 0.127742 0.000000
vt 0.000000 0.160808 0.000000
vt 0.190000 0.160808 0.000000
vt 0.000000 0.193874 0.000000
vt 0.190000 0.193874 0.000000
vt -0.000000 0.226940 0.000000
vt 0.190000 0.226940 0.000000
vt -0.000000 0.260007 0.000000
vt 0.190000 0.260007 0.000000
vt 0.000000 0.293073 0.000000
vt 0.190000 0.293073 0.000000
vt -0.000000 0.326139 0.000000
vt 0.190000 0.326139 0.000000
vt 0.000000 0.359205 0.000000
vt 0.190000 0.359205 0.000000
vt 0.000000 0.392271 0.000000
vt 0.190000 0.392271 0.000000
vt 0.000000 0.425337 0.000000
vt 0.190000 0.425337 0.000000
vt 0.000000 0.196555 0.000000
vt 0.000000 -0.000000 0.000000
vt 0.007084 0.190000 0.000000
vt 0.007084 0.000000 0.000000
vt 0.225000 0.196555 0.000000
vt 0.205023 0.204989 0.000000
vt 0.225000 -0.000000 0.000000
vt 0.183200 0.216282 0.000000
vt 0.000000 0.190000 0.000000
vt 0.158831 0.231007 0.000000
vt 0.130971 0.250000 0.000000
vt -0.060000 0.250000 0.000000
vt -0.000000 0.000000 0.000000
vt 0.288480 -0.800000 0.000000
vt 0.407762 -0.800000 0.000000
vt 0.288480 -0.300000 0.000000
vt 0.407762 0.250000 0.000000
vt 0.287185 -0.275932 0.000000
vt 0.283309 -0.252020 0.000000
vt 0.276876 -0.228416 0.000000
vt 0.267928 -0.205274 0.000000
vt 0.256523 -0.182743 0.000000
vt 0.242733 -0.160968 0.000000
vt 0.226649 -0.140089 0.000000
vt 0.208374 -0.120241 0.000000
vt 0.188025 -0.101551 0.000000
vt 0.165734 -0.084141 0.000000
vt 0.141644 -0.068123 0.000000
vt 0.000000 0.250000 0.000000
vt 0.115911 -0.053599 0.000000
vt 0.088700 -0.040664 0.000000
vt 0.060188 -0.029401 0.000000
vt 0.030558 -0.019882 0.000000
vt 0.000000 -0.012169 0.000000
vt 0.185448 -0.012169 0.000000
vt 0.185448 0.250000 0.000000
vt 0.157090 -0.005429 0.000000
vt 0.128205 -0.001360 0.000000
vt 0.099055 -0.000000 0.000000
vt 0.000000 0.250000 0.000000
vt -0.000000 0.000000 0.000000
vt -0.250000 1.802629 0.000000
vt -0.000000 1.802629 0.000000
vt -0.250000 1.864734 0.000000
vt -0.000000 1.864734 0.000000
vt -0.250000 1.926839 0.000000
vt 0.000000 1.926839 0.000000
vt -0.250000 1.988944 0.000000
vt 0.000000 1.988944 0.000000
vt -0.250000 2.051049 0.000000
vt 0.000000 2.051049 0.000000
vt -0.250000 2.113154 0.000000
vt -0.000000 2.113154 0.000000
vt -0.250000 -5.641698 0.000000
vt -0.000000 -5.641698 0.000000
vt -0.250000 -5.522783 0.000000
vt 0.000000 -5.522783 0.000000
vt -0.250000 -5.403869 0.000000
vt -0.000000 -5.403869 0.000000
vt -0.250000 -5.284954 0.000000
vt -0.000000 -5.284954 0.000000
vt -0.250000 -5.166040 0.000000
vt 0.000000 -5.166040 0.000000
vt -0.250000 -5.047125 0.000000
vt 0.000000 -5.047125 0.000000
vt -0.000000 0.000000 0.000000
vt 1.029726 0.000000 0.000000
vt -0.000000 0.250000 0.000000
vt 1.029726 0.250000 0.000000
vt -0.250000 0.403276 0.000000
vt -0.000000 0.403276 0.000000
vt -0.250000 0.451044 0.000000
vt -0.000000 0.451044 0.000000
vt -0.250000 0.498811 0.000000
vt -0.000000 0.498811 0.000000
vt -0.250000 0.546579 0.000000
vt -0.000000 0.546579 0.000000
vt -0.250000 0.594346 0.000000
vt -0.000000 0.594346 0.000000
vt -0.250000 0.642114 0.000000
vt -0.000000 0.642114 0.000000
vt -0.250000 0.689881 0.000000
vt -0.000000 0.689881 0.000000
vt -0.250000 0.737649 0.000000
vt -0.000000 0.737649 0.000000
vt -0.250000 0.785416 0.000000
vt -0.000000 0.785416 0.000000
vt -0.250000 0.833183 0.000000
vt -0.000000 0.833183 0.000000
vt -0.250000 0.880951 0.000000
vt -0.000000 0.880951 0.000000
vt -0.250000 0.928718 0.000000
vt -0.000000 0.928718 0.000000
vt -0.250000 0.976486 0.000000
vt -0.000000 0.976486 0.000000
vt -0.250000 1.024253 0.000000
vt -0.000000 1.024253 0.000000
vt -0.250000 1.072021 0.000000
vt 0.000000 1.072021 0.000000
vt 0.000000 0.000000 0.000000
vt 0.832963 0.000000 0.000000
vt 0.000000 0.250000 0.000000
vt 0.832963 0.250000 0.000000
vt 0.000000 0.000000 0.000000
vt 0.757620 -0.000000 0.000000
vt -0.000000 0.250000 0.000000
vt 0.757620 0.250000 0.000000
vt -0.250000 0.080397 0.000000
vt -0.000000 0.080397 0.000000
vt -0.250000 0.126321 0.000000
vt -0.000000 0.126321 0.000000
vt -0.250000 0.172244 0.000000
vt -0.000000 0.172244 0.000000
vt -0.250000 0.218168 0.000000
vt -0.000000 0.218168 0.000000
vt -0.250000 0.264091 0.000000
vt -0.000000 0.264091 0.000000
vt -0.250000 0.310014 0.000000
vt -0.000000 0.310014 0.000000
vt -0.250000 0.355938 0.000000
vt -0.000000 0.355938 0.000000
vt -0.250000 0.401861 0.000000
vt -0.000000 0.401861 0.000000
vt 0.696244 0.000000 0.000000
vt 0.696244 0.250000 0.000000
vt 0.147903 0.000000 0.000000
vt 0.000000 0.250000 0.000000
vt 0.045205 -0.100000 0.000000
vt 0.000000 -0.800000 0.000000
vt 0.045205 -0.800000 0.000000
vt 0.000000 0.190000 0.000000
vt 0.000000 -0.800000 0.000000
vt 0.060000 0.250000 0.000000
vt 0.405982 -0.800000 0.000000
vt 0.405982 0.250000 0.000000
vt 0.150000 0.190000 0.000000
vt 0.000000 0.190000 0.000000
vt 0.150000 -0.800000 0.000000
vt 0.000000 -0.800000 0.000000
vt 0.200000 0.250000 0.000000
vt 0.000000 0.250000 0.000000
vt 0.200000 -0.800000 0.000000
vt 0.000000 -0.800000 0.000000
vn -0.034411 0.000000 0.093893
vn -0.034411 0.000000 0.093893
vn -0.020909 0.000000 0.097790
vn -0.020909 0.000000 0.097790
vn -0.006995 0.000000 0.099755
vn -0.006995 0.000000 0.099755
vn 0.007057 0.000000 0.099751
vn 0.007057 0.000000 0.099751
vn 0.020970 0.000000 0.097777
vn 0.020970 0.000000 0.097777
vn 0.034469 0.000000 0.093872
vn 0.034469 0.000000 0.093872
vn 0.047287 0.000000 0.088113
vn 0.047287 0.000000 0.088113
vn 0.082615 0.000000 -0.056346
vn 0.082615 0.000000 -0.056346
vn 0.089708 0.000000 -0.044187
vn 0.089708 0.000000 -0.044187
vn 0.095024 0.000000 -0.031153
vn 0.095024 0.000000 -0.031153
vn 0.098457 0.000000 -0.017501
vn 0.098457 0.000000 -0.017501
vn 0.099939 0.000000 -0.003503
vn 0.099939 0.000000 -0.003503
vn 0.099440 0.000000 0.010564
vn 0.099440 0.000000 0.010564
vn 0.096972 0.000000 0.024423
vn 0.096972 0.000000 0.024423
vn 0.092582 0.000000 0.037797
vn 0.092582 0.000000 0.037797
vn 0.071419 0.000000 -0.069995
vn 0.071419 0.000000 -0.069995
vn 0.071419 0.000000 -0.069995
vn 0.071419 0.000000 -0.069995
vn 0.069995 -0.000000 0.071419
vn 0.069995 -0.000000 0.071419
vn 0.069995 -0.000000 0.071419
vn 0.069995 -0.000000 0.071419
vn -0.071419 0.000000 0.069995
vn -0.071419 0.000000 0.069995
vn -0.071419 0.000000 0.069995
vn -0.071419 0.000000 0.069995
vn -0.069995 0.000000 -0.071419
vn -0.069995 0.000000 -0.071419
vn -0.069995 0.000000 -0.071419
vn -0.069995 0.000000 -0.071419
vn 0.000000 0.100000 0.000000
vn 0.000000 0.100000 0.000000
vn 0.000000 0.100000 0.000000
vn 0.000000 0.100000 0.000000
vn 0.000000 0.100000 0.000000
vn 0.000000 0.100000 0.000000
vn 0.071419 0.000000 -0.069995
vn 0.071419 0.000000 -0.069995
vn 0.071419 0.000000 -0.069995
vn 0.071419 0.000000 -0.069995
vn 0.071419 0.000000 -0.069995
vn 0.071419 0.000000 -0.069995
vn 0.000000 -0.100000 0.000000
vn 0.000000 -0.100000 0.000000
vn 0.000000 -0.100000 0.000000
vn 0.000000 -0.100000 0.000000
vn 0.000000 -0.100000 0.000000
vn 0.000000 -0.100000 0.000000
vn 0.000000 -0.100000 0.000000
vn 0.000000 -0.100000 0.000000
vn 0.000000 -0.100000 0.000000
vn 0.000000 -0.100000 0.000000
vn 0.000000 -0.100000 0.000000
vn 0.000000 -0.100000 0.000000
vn 0.000000 -0.100000 0.000000
vn 0.000000 -0.100000 0.000000
vn 0.000000 -0.100000 0.000000
vn 0.000000 -0.100000 0.000000
vn 0.000000 -0.100000 0.000000
vn 0.000000 -0.100000 0.000000
vn 0.000000 -0.100000 0.000000
vn 0.000000 -0.100000 0.000000
vn 0.000000 -0.100000 0.000000
vn 0.000000 -0.100000 0.000000
vn 0.000000 -0.100000 0.000000
vn 0.000000 -0.100000 0.000000
vn 0.000000 -0.100000 0.000000
vn 0.000000 -0.100000 0.000000
vn 0.000000 -0.100000 0.000000
vn 0.000000 -0.100000 0.000000
vn 0.000000 -0.100000 0.000000
vn 0.000000 -0.100000 0.000000
vn 0.000000 -0.100000 0.000000
vn 0.000000 -0.100000 0.000000
vn 0.000000 -0.100000 0.000000
vn 0.000000 -0.100000 0.000000
vn 0.000000 -0.100000 0.000000
vn 0.000000 -0.100000 0.000000
vn 0.000000 -0.100000 0.000000
vn 0.000000 -0.100000 0.000000
vn 0.000000 -0.100000 0.000000
vn 0.000000 -0.100000 0.000000
vn 0.000000 -0.100000 0.000000
vn 0.000000 -0.100000 0.000000
vn 0.000000 -0.100000 0.000000
vn 0.000000 -0.100000 0.000000
vn 0.000000 -0.100000 0.000000
vn 0.000000 -0.100000 0.000000
vn 0.000000 -0.100000 0.000000
vn 0.000000 -0.100000 0.000000
vn 0.000000 -0.100000 0.000000
vn 0.000000 -0.100000 0.000000
vn 0.000000 -0.100000 0.000000
vn 0.000000 -0.100000 0.000000
vn 0.000000 -0.100000 0.000000
vn 0.000000 -0.100000 0.000000
vn 0.000000 -0.100000 0.000000
vn 0.000000 -0.100000 0.000000
vn 0.000000 -0.100000 0.000000
vn 0.000000 -0.100000 0.000000
vn 0.000000 -0.100000 0.000000
vn 0.000000 -0.100000 0.000000
vn 0.000000 -0.100000 0.000000
vn 0.000000 -0.100000 0.000000
vn 0.000000 -0.100000 0.000000
vn 0.000000 -0.100000 0.000000
vn 0.000000 -0.100000 0.000000
vn 0.000000 -0.100000 0.000000
vn 0.000000 -0.100000 0.000000
vn 0.000000 -0.100000 0.000000
vn 0.000000 -0.100000 0.000000
vn 0.000000 -0.100000 0.000000
vn 0.000000 -0.100000 0.000000
vn 0.000000 -0.100000 0.000000
vn 0.000000 -0.100000 0.000000
vn 0.000000 -0.100000 0.000000
vn 0.000000 -0.100000 0.000000
vn 0.000000 -0.100000 0.000000
vn 0.000000 -0.100000 0.000000
vn 0.000000 -0.100000 0.000000
vn 0.000000 -0.100000 0.000000
vn 0.000000 -0.100000 0.000000
vn 0.000000 -0.100000 0.000000
vn 0.000000 -0.100000 0.000000
vn 0.000000 -0.100000 0.000000
vn 0.000000 -0.100000 0.000000
vn 0.000000 -0.100000 0.000000
vn 0.000000 -0.100000 0.000000
vn 0.000000 -0.100000 0.000000
vn 0.000000 -0.100000 0.000000
vn 0.000000 -0.100000 0.000000
vn 0.000000 -0.100000 0.000000
vn 0.000000 -0.100000 0.000000
vn 0.000000 -0.100000 0.000000
vn 0.000000 -0.100000 0.000000
vn 0.000000 -0.100000 0.000000
vn 0.000000 -0.100000 0.000000
vn 0.000000 -0.100000 0.000000
vn 0.000000 -0.100000 0.000000
vn 0.000000 -0.100000 0.000000
vn 0.000000 -0.100000 0.000000
vn 0.000000 -0.100000 0.000000
vn 0.000000 -0.100000 0.000000
vn 0.000000 -0.100000 0.000000
vn 0.000000 -0.100000 0.000000
vn 0.000000 -0.100000 0.000000
vn 0.000000 -0.100000 0.000000
vn 0.000000 -0.100000 0.000000
vn 0.000000 -0.100000 0.000000
vn 0.000000 -0.100000 0.000000
vn 0.000000 -0.100000 0.000000
vn 0.000000 -0.100000 0.000000
vn 0.000000 -0.100000 0.000000
vn 0.000000 -0.100000 0.000000
vn 0.000000 -0.100000 0.000000
vn 0.000000 -0.100000 0.000000
vn 0.000000 -0.100000 0.000000
vn 0.000000 -0.100000 0.000000
vn 0.000000 -0.100000 0.000000
vn 0.000000 -0.100000 0.000000
vn 0.000000 -0.100000 0.000000
vn 0.000000 -0.100000 0.000000
vn 0.000000 -0.100000 0.000000
vn 0.000000 -0.100000 0.000000
vn 0.000000 -0.100000 0.000000
vn 0.000000 -0.100000 0.000000
vn 0.000000 -0.100000 0.000000
vn 0.000000 -0.100000 0.000000
vn 0.000000 -0.100000 0.000000
vn 0.000000 -0.100000 0.000000
vn 0.000000 -0.100000 0.000000
vn 0.000000 -0.100000 0.000000
vn 0.000000 -0.100000 0.000000
vn 0.000000 -0.100000 0.000000
vn 0.000000 -0.100000 0.000000
vn 0.000000 -0.100000 0.000000
vn 0.000000 -0.100000 0.000000
vn 0.000000 -0.100000 0.000000
vn 0.000000 -0.100000 0.000000
vn 0.000000 -0.100000 0.000000
vn 0.000000 -0.100000 0.000000
vn 0.000000 -0.100000 0.000000
vn 0.000000 -0.100000 0.000000
vn 0.000000 -0.100000 0.000000
vn 0.000000 -0.100000 0.000000
vn 0.000000 -0.100000 0.000000
vn 0.000000 -0.100000 0.000000
vn 0.000000 -0.100000 0.000000
vn 0.000000 -0.100000 0.000000
vn 0.000000 -0.100000 0.000000
vn 0.000000 -0.100000 0.000000
vn 0.000000 -0.100000 0.000000
vn 0.000000 -0.100000 0.000000
vn 0.000000 -0.100000 0.000000
vn 0.000000 -0.100000 0.000000
vn 0.000000 -0.100000 0.000000
vn 0.000000 -0.100000 0.000000
vn 0.000000 -0.100000 0.000000
vn 0.000000 -0.100000 0.000000
vn 0.000000 -0.100000 0.000000
vn 0.000000 -0.100000 0.000000
vn 0.000000 -0.100000 0.000000
vn 0.000000 -0.100000 0.000000
vn 0.000000 -0.100000 0.000000
vn 0.000000 -0.100000 0.000000
vn 0.000000 -0.100000 0.000000
vn 0.000000 -0.100000 0.000000
vn 0.000000 -0.100000 0.000000
vn 0.000000 -0.100000 0.000000
vn 0.000000 -0.100000 0.000000
vn 0.000000 -0.100000 0.000000
vn 0.000000 -0.100000 0.000000
vn 0.000000 -0.100000 0.000000
vn 0.000000 -0.100000 0.000000
vn 0.000000 -0.100000 0.000000
vn 0.000000 -0.100000 0.000000
vn 0.000000 -0.100000 0.000000
vn 0.000000 -0.100000 0.000000
vn 0.000000 -0.100000 0.000000
vn 0.000000 -0.100000 0.000000
vn 0.000000 -0.100000 0.000000
vn 0.000000 -0.100000 0.000000
vn 0.000000 -0.100000 0.000000
vn 0.000000 -0.100000 0.000000
vn 0.000000 -0.100000 0.000000
vn 0.000000 -0.100000 0.000000
vn 0.000000 -0.100000 0.000000
vn 0.000000 -0.100000 0.000000
vn 0.000000 -0.100000 0.000000
vn 0.000000 -0.100000 0.000000
vn 0.000000 -0.100000 0.000000
vn 0.000000 -0.100000 0.000000
vn 0.000000 -0.100000 0.000000
vn 0.000000 -0.100000 0.000000
vn 0.000000 -0.100000 0.000000
vn 0.000000 -0.100000 0.000000
vn 0.000000 -0.100000 0.000000
vn 0.000000 -0.100000 0.000000
vn 0.000000 -0.100000 0.000000
vn 0.000000 -0.100000 0.000000
vn 0.000000 -0.100000 0.000000
vn 0.000000 -0.100000 0.000000
vn 0.000000 -0.100000 0.000000
vn 0.000000 -0.100000 0.000000
vn 0.000000 -0.100000 0.000000
vn 0.000000 -0.100000 0.000000
vn 0.000000 -0.100000 0.000000
vn 0.000000 -0.100000 0.000000
vn 0.000000 -0.100000 0.000000
vn 0.000000 -0.100000 0.000000
vn 0.000000 -0.100000 0.000000
vn 0.000000 -0.100000 0.000000
vn 0.000000 -0.100000 0.000000
vn 0.000000 -0.100000 0.000000
vn 0.000000 -0.100000 0.000000
vn 0.000000 -0.100000 0.000000
vn 0.000000 -0.100000 0.000000
vn 0.000000 -0.100000 0.000000
vn 0.000000 -0.100000 0.000000
vn 0.000000 -0.100000 0.000000
vn 0.000000 -0.100000 0.000000
vn 0.000000 -0.100000 0.000000
vn 0.000000 -0.100000 0.000000
vn 0.000000 -0.100000 0.000000
vn 0.000000 -0.100000 0.000000
vn 0.000000 -0.100000 0.000000
vn 0.000000 -0.100000 0.000000
vn 0.000000 -0.100000 0.000000
vn 0.000000 -0.100000 0.000000
vn 0.000000 -0.100000 0.000000
vn 0.000000 -0.100000 0.000000
vn 0.000000 -0.100000 0.000000
vn 0.000000 -0.100000 0.000000
vn 0.000000 -0.100000 0.000000
vn 0.000000 -0.100000 0.000000
vn 0.000000 -0.100000 0.000000
vn 0.000000 -0.100000 0.000000
vn 0.000000 -0.100000 0.000000
vn 0.000000 -0.100000 0.000000
vn 0.000000 -0.100000 0.000000
vn 0.000000 -0.100000 0.000000
vn 0.000000 -0.100000 0.000000
vn 0.000000 -0.100000 0.000000
vn 0.000000 -0.100000 0.000000
vn 0.000000 -0.100000 0.000000
vn 0.000000 -0.100000 0.000000
vn 0.000000 -0.100000 0.000000
vn 0.000000 -0.100000 0.000000
vn 0.000000 -0.100000 0.000000
vn 0.000000 -0.100000 0.000000
vn 0.000000 -0.100000 0.000000
vn 0.000000 -0.100000 0.000000
vn 0.000000 -0.100000 0.000000
vn 0.000000 -0.100000 0.000000
vn 0.000000 -0.100000 0.000000
vn 0.000000 -0.100000 0.000000
vn 0.000000 -0.100000 0.000000
vn 0.000000 -0.100000 0.000000
vn 0.000000 -0.100000 0.000000
vn 0.000000 -0.100000 0.000000
vn 0.000000 -0.100000 0.000000
vn 0.000000 -0.100000 0.000000
vn 0.000000 -0.100000 0.000000
vn 0.000000 -0.100000 0.000000
vn 0.000000 -0.100000 0.000000
vn 0.000000 -0.100000 0.000000
vn 0.000000 -0.100000 0.000000
vn 0.000000 -0.100000 0.000000
vn 0.000000 -0.100000 0.000000
vn 0.000000 -0.100000 0.000000
vn 0.000000 -0.100000 0.000000
vn 0.000000 -0.100000 0.000000
vn 0.000000 -0.100000 0.000000
vn 0.000000 -0.100000 0.000000
vn 0.000000 -0.100000 0.000000
vn 0.000000 -0.100000 0.000000
vn 0.000000 -0.100000 0.000000
vn 0.000000 -0.100000 0.000000
vn 0.000000 -0.100000 0.000000
vn 0.000000 -0.100000 0.000000
vn 0.000000 -0.100000 0.000000
vn 0.000000 -0.100000 0.000000
vn 0.000000 -0.100000 0.000000
vn 0.000000 -0.100000 0.000000
vn 0.000000 -0.100000 0.000000
vn 0.000000 -0.100000 0.000000
vn 0.000000 -0.100000 0.000000
vn 0.000000 -0.100000 0.000000
vn 0.000000 -0.100000 0.000000
vn 0.000000 -0.100000 0.000000
vn 0.000000 -0.100000 0.000000
vn 0.000000 -0.100000 0.000000
vn -0.071419 0.000000 0.069995
vn -0.071419 0.000000 0.069995
vn -0.071419 0.000000 0.069995
vn -0.071419 0.000000 0.069995
vn 0.069995 -0.000000 0.071419
vn 0.069995 -0.000000 0.071419
vn 0.069995 -0.000000 0.071419
vn 0.069995 -0.000000 0.071419
vn 0.069995 -0.000000 0.071419
vn 0.071419 0.000000 -0.069995
vn 0.071419 0.000000 -0.069995
vn 0.071419 0.000000 -0.069995
vn 0.071419 0.000000 -0.069995
vn -0.069995 0.000000 -0.071419
vn -0.069995 0.000000 -0.071419
vn -0.069995 0.000000 -0.071419
vn -0.069995 0.000000 -0.071419
vn -0.071419 0.000000 0.069995
vn -0.071419 0.000000 0.069995
vn -0.071419 0.000000 0.069995
vn -0.071419 0.000000 0.069995
vn -0.069995 0.000000 -0.071419
vn -0.069995 0.000000 -0.071419
vn -0.069995 0.000000 -0.071419
vn -0.069995 0.000000 -0.071419
vn -0.069995 0.000000 -0.071419
vn 0.071419 0.000000 -0.069995
vn 0.071419 0.000000 -0.069995
vn 0.071419 0.000000 -0.069995
vn 0.071419 0.000000 -0.069995
vn 0.071419 0.000000 -0.069995
vn 0.071419 0.000000 -0.069995
vn 0.069995 -0.000000 0.071419
vn 0.069995 -0.000000 0.071419
vn 0.069995 -0.000000 0.071419
vn 0.069995 -0.000000 0.071419
vn 0.094830 0.000000 0.031736
vn 0.094830 0.000000 0.031736
vn 0.096683 0.000000 0.025543
vn 0.096683 0.000000 0.025543
vn 0.098131 0.000000 0.019243
vn 0.098131 0.000000 0.019243
vn 0.099169 0.000000 0.012862
vn 0.099169 0.000000 0.012862
vn 0.099793 0.000000 0.006427
vn 0.099793 0.000000 0.006427
vn 0.100000 0.000000 -0.000034
vn 0.100000 0.000000 -0.000034
vn 0.099789 0.000000 -0.006495
vn 0.099789 0.000000 -0.006495
vn 0.099161 0.000000 -0.012929
vn 0.099161 0.000000 -0.012929
vn 0.042094 0.000000 0.090709
vn 0.041264 0.000000 0.091089
vn 0.036758 0.000000 0.092999
vn 0.035055 0.000000 0.093655
vn 0.031601 0.000000 0.094876
vn 0.028687 0.000000 0.095797
vn 0.031284 0.000000 0.094981
vn 0.030252 0.000000 0.095314
vn 0.029216 0.000000 0.095637
vn 0.028178 0.000000 0.095948
vn 0.031299 0.000000 0.094976
vn -0.031001 0.001812 0.095056
vn -0.027484 0.001515 0.096137
vn -0.031726 0.001828 0.094816
vn -0.028252 0.001540 0.095914
vn -0.024987 0.001263 0.096820
vn -0.024204 0.001234 0.097019
vn -0.021121 0.000970 0.097739
vn -0.019023 0.000760 0.098171
vn -0.018219 0.000726 0.098324
vn -0.013595 0.000331 0.099071
vn -0.012912 0.000310 0.099162
vn -0.008664 0.000000 0.099624
vn -0.008202 0.000000 0.099663
vn 0.016218 -0.077459 -0.061132
vn 0.016063 -0.077446 -0.061189
vn 0.013476 -0.077233 -0.062077
vn 0.013117 -0.077202 -0.062191
vn 0.010908 -0.077012 -0.062851
vn 0.010409 -0.076968 -0.062989
vn 0.009788 -0.076914 -0.063154
vn 0.008038 -0.076762 -0.063584
vn 0.007787 -0.076741 -0.063641
vn 0.005987 -0.076587 -0.064021
vn 0.006009 -0.076589 -0.064016
vn 0.003141 -0.076354 -0.064500
vn 0.004853 -0.076492 -0.064229
vn 0.003362 -0.076371 -0.064468
vn 0.002125 -0.076278 -0.064631
vn 0.001123 -0.076210 -0.064736
vn 0.001135 -0.076211 -0.064735
vn 0.003129 -0.076353 -0.064502
vn 0.006603 -0.076640 -0.063897
vn 0.008620 -0.076813 -0.063446
vn -0.016221 0.077451 0.061141
vn -0.013476 0.077231 0.062079
vn -0.017522 0.074364 0.064521
vn -0.017018 0.066993 0.072266
vn -0.010908 0.077012 0.062851
vn -0.016275 0.065635 0.073670
vn -0.013687 0.065412 0.074391
vn -0.015981 0.059572 0.078713
vn -0.014675 0.052356 0.083926
vn -0.014397 0.052718 0.083747
vn -0.013197 0.045558 0.088036
vn -0.011983 0.052514 0.084254
vn -0.009781 0.052332 0.084650
vn -0.009206 0.065028 0.075410
vn -0.007299 0.064870 0.075754
vn -0.004853 0.076492 0.064229
vn -0.003362 0.076371 0.064468
vn -0.008620 0.076813 0.063446
vn -0.011334 0.065209 0.074962
vn -0.006603 0.076640 0.063897
vn -0.005605 0.064736 0.076012
vn -0.002125 0.076278 0.064631
vn -0.004837 0.064678 0.076114
vn -0.004120 0.064626 0.076200
vn -0.005980 0.052044 0.085180
vn -0.005152 0.051989 0.085268
vn -0.006658 0.038828 0.091913
vn -0.005305 0.043146 0.090057
vn -0.006951 0.025158 0.096534
vn -0.001135 0.076211 0.064735
vn -0.003453 0.064581 0.076271
vn -0.003373 0.060373 0.079647
vn -0.008460 0.029083 0.095303
vn -0.007623 0.038892 0.091811
vn -0.006857 0.052106 0.085076
vn -0.008632 0.038963 0.091692
vn -0.010033 0.033824 0.093570
vn -0.009685 0.039040 0.091554
vn -0.011629 0.039341 0.091198
vn -0.007782 0.052175 0.084954
vn -0.004002 0.075903 0.064982
vn -0.005714 0.075668 0.065129
vn -0.001761 0.065336 0.075684
vn -0.001141 0.059587 0.080300
vn 0.000401 0.053951 0.084197
vn 0.001037 0.050126 0.086523
vn 0.002454 0.042053 0.090695
vn 0.003151 0.039690 0.091732
vn 0.004033 0.030231 0.095235
vn 0.003759 0.022723 0.097312
vn 0.003350 0.029591 0.095463
vn 0.001999 0.041943 0.090757
vn 0.000563 0.053912 0.084221
vn -0.000956 0.065373 0.075667
vn -0.002536 0.076018 0.064921
vn 0.002347 0.029484 0.095526
vn 0.001037 0.015871 0.098727
vn 0.001087 0.029432 0.095565
vn -0.000429 0.029434 0.095569
vn -0.000284 0.041838 0.090827
vn -0.001671 0.041882 0.090791
vn -0.001096 0.053900 0.084223
vn -0.001715 0.053931 0.084193
vn -0.000877 0.065437 0.075612
vn -0.001381 0.065468 0.075578
vn -0.000246 0.076151 0.064815
vn -0.001672 0.065486 0.075557
vn -0.001989 0.065505 0.075532
vn -0.002815 0.053993 0.084124
vn -0.003229 0.054017 0.084094
vn -0.003855 0.041992 0.090674
vn -0.004353 0.042020 0.090639
vn -0.004799 0.029610 0.095395
vn -0.005370 0.029641 0.095355
vn -0.006950 0.025155 0.096535
vn -0.005959 0.029674 0.095310
vn -0.005304 0.043145 0.090058
vn -0.004872 0.042050 0.090599
vn -0.003667 0.054043 0.084059
vn -0.002910 0.017704 0.098377
vn -0.002204 0.029486 0.095529
vn -0.002485 0.041920 0.090756
vn -0.002425 0.053970 0.084151
vn -0.004246 0.029580 0.095430
vn -0.003191 0.029528 0.095488
vn -0.003377 0.041966 0.090705
vn -0.003372 0.060373 0.079647
vn -0.002332 0.065527 0.075504
vn 0.000194 0.076115 0.064857
vn -0.000475 0.065413 0.075636
vn -0.000135 0.053863 0.084254
vn 0.000791 0.041835 0.090825
vn 0.000022 0.065386 0.075661
vn 0.000187 0.076099 0.064876
vn 0.000110 0.065381 0.075666
vn -0.000266 0.076093 0.064883
vn -0.000214 0.065385 0.075663
vn -0.001172 0.076076 0.064893
vn 0.001553 0.041873 0.090798
vn 0.000698 0.053881 0.084240
vn 0.000464 0.053860 0.084255
vn 0.003020 -0.076010 -0.064910
vn 0.004657 -0.075841 -0.065011
vn 0.003887 -0.075930 -0.064958
vn 0.005833 -0.075677 -0.065107
vn 0.003889 -0.075929 -0.064959
vn 0.002306 -0.076062 -0.064879
vn 0.002304 -0.076062 -0.064879
vn 0.001733 -0.076094 -0.064860
vn 0.001125 -0.076117 -0.064845
vn 0.000792 -0.076125 -0.064841
vn 0.000345 -0.076131 -0.064838
vn 0.000193 -0.076132 -0.064837
vn -0.000041 -0.076132 -0.064838
vn -0.000071 -0.076133 -0.064837
vn -0.000039 -0.076138 -0.064830
vn -0.000004 -0.076141 -0.064827
vn 0.000350 -0.076162 -0.064801
vn 0.000393 -0.076165 -0.064798
vn 0.000351 -0.076162 -0.064801
vn -0.000041 -0.076138 -0.064830
vn -0.000043 -0.076132 -0.064838
vn 0.000344 -0.076131 -0.064838
vn 0.001125 -0.076117 -0.064845
vn -0.006394 -0.000110 0.099795
vn -0.005744 -0.000130 0.099835
vn -0.004506 -0.000218 0.099898
vn -0.003450 -0.000255 0.099940
vn -0.002748 -0.000311 0.099962
vn -0.001334 -0.000354 0.099990
vn -0.001117 -0.000381 0.099993
vn 0.000592 -0.000403 0.099997
vn 0.001487 -0.000412 0.099988
vn 0.002371 -0.000377 0.099971
vn 0.004079 -0.000276 0.099916
vn 0.004295 -0.000255 0.099907
vn 0.006749 0.000007 0.099772
vn 0.008293 0.000231 0.099655
vn 0.009353 0.000400 0.099561
vn 0.007243 0.000070 0.099737
vn 0.005141 -0.000182 0.099868
vn 0.003045 -0.000353 0.099953
vn 0.000981 -0.000431 0.099994
vn -0.001139 -0.000404 0.099993
vn -0.003446 -0.000302 0.099940
vn -0.005949 -0.000157 0.099823
vn -0.044423 0.000000 0.089591
vn -0.044509 0.000000 0.089548
vn -0.047890 0.000000 0.087787
vn -0.050136 0.000000 0.086524
vn -0.050772 0.000000 0.086152
vn -0.055559 0.000000 0.083146
vn -0.056048 0.000000 0.082817
vn -0.060754 0.000000 0.079429
vn -0.061105 0.000000 0.079160
vn -0.065702 0.000000 0.075388
vn -0.065924 0.000000 0.075194
vn -0.070381 0.000000 0.071039
vn -0.070486 0.000000 0.070935
vn -0.074773 0.000000 0.066400
vn -0.074773 0.000000 0.066400
vn -0.045299 0.000000 0.089151
vn -0.046502 0.000000 0.088530
vn -0.045867 0.000000 0.088861
vn 0.000000 -0.100000 0.000000
vn 0.000000 -0.100000 0.000000
vn 0.000000 -0.100000 0.000000
vn 0.000000 -0.100000 0.000000
vn 0.000000 -0.100000 0.000000
vn 0.000000 -0.100000 0.000000
vn 0.000000 -0.100000 0.000000
vn 0.000000 -0.100000 0.000000
vn 0.000000 -0.100000 0.000000
vn 0.000000 -0.100000 0.000000
vn 0.000000 -0.070711 -0.070711
vn 0.000000 -0.070711 -0.070711
vn 0.000000 -0.070711 -0.070711
vn 0.000000 -0.070711 -0.070711
vn -0.100000 0.000000 0.000000
vn -0.100000 0.000000 0.000000
vn -0.100000 0.000000 0.000000
vn -0.100000 0.000000 0.000000
vn -0.100000 0.000000 0.000000
vn 0.000000 -0.070711 -0.070711
vn 0.000000 -0.070711 -0.070711
vn 0.000000 -0.070711 -0.070711
vn 0.000000 -0.070711 -0.070711
vn 0.100000 0.000000 0.000000
vn 0.100000 0.000000 0.000000
vn 0.100000 0.000000 0.000000
vn 0.100000 0.000000 0.000000
vn 0.100000 0.000000 0.000000
vn 0.000000 0.000000 -0.100000
vn 0.000000 0.000000 -0.100000
vn 0.000000 0.000000 -0.100000
vn 0.000000 0.000000 -0.100000
vn 0.000000 0.000000 -0.100000
vn 0.000000 0.000000 -0.100000
vn 0.000000 0.000000 -0.100000
vn 0.000000 0.000000 -0.100000
vn 0.000000 0.000000 -0.100000
vn 0.000000 0.000000 -0.100000
vn 0.000000 0.000000 -0.100000
vn 0.000000 0.000000 -0.100000
vn 0.000000 0.000000 -0.100000
vn 0.000000 0.000000 -0.100000
vn 0.000000 0.000000 -0.100000
vn 0.000000 0.000000 -0.100000
vn 0.000000 0.000000 -0.100000
vn 0.000000 0.000000 -0.100000
vn 0.000000 0.000000 -0.100000
vn 0.000000 0.000000 -0.100000
vn 0.000000 0.000000 -0.100000
vn 0.000000 0.000000 -0.100000
vn 0.000000 0.000000 -0.100000
vn 0.000000 0.000000 -0.100000
vn 0.000000 0.000000 -0.100000
vn 0.000000 0.000000 -0.100000
vn 0.000000 0.000000 -0.100000
vn 0.000000 0.000000 -0.100000
vn 0.000000 0.000000 -0.100000
vn 0.000000 0.000000 -0.100000
vn 0.000000 0.000000 -0.100000
vn 0.000000 0.000000 -0.100000
vn 0.000000 0.000000 -0.100000
vn 0.000000 0.000000 -0.100000
vn 0.000000 0.000000 -0.100000
vn 0.000000 0.000000 -0.100000
vn 0.000000 0.000000 -0.100000
vn 0.000000 0.000000 -0.100000
vn 0.000000 0.000000 -0.100000
vn 0.000000 0.000000 -0.100000
vn 0.000000 0.000000 -0.100000
vn 0.000000 0.000000 -0.100000
vn 0.000000 0.000000 -0.100000
vn 0.000000 0.000000 -0.100000
vn 0.000000 0.000000 -0.100000
vn 0.000000 0.000000 -0.100000
vn 0.000000 0.000000 -0.100000
vn 0.000000 0.000000 -0.100000
vn 0.000000 0.000000 -0.100000
vn 0.000000 0.000000 -0.100000
vn 0.000000 0.000000 -0.100000
vn 0.000000 0.000000 -0.100000
vn 0.000000 0.000000 -0.100000
vn 0.000000 0.000000 -0.100000
vn 0.000000 0.000000 -0.100000
vn 0.000000 0.000000 -0.100000
vn 0.000000 0.000000 -0.100000
vn 0.000000 0.000000 -0.100000
vn 0.000000 0.000000 -0.100000
vn 0.000000 0.000000 -0.100000
vn 0.000000 0.000000 -0.100000
vn 0.000000 0.000000 -0.100000
vn 0.000000 0.000000 -0.100000
vn 0.000000 0.000000 -0.100000
vn 0.000000 0.000000 -0.100000
vn 0.000000 0.000000 -0.100000
vn 0.000000 0.000000 -0.100000
vn 0.000000 0.000000 -0.100000
vn 0.000000 0.000000 -0.100000
vn 0.000000 0.000000 -0.100000
vn 0.000000 -0.070711 -0.070711
vn 0.000000 -0.070711 -0.070711
vn 0.000000 -0.070711 -0.070711
vn 0.000000 -0.070711 -0.070711
vn -0.065653 -0.070711 -0.026261
vn -0.062396 -0.070711 -0.033268
vn -0.065198 -0.070711 -0.027372
vn -0.057925 -0.070711 -0.040555
vn -0.058509 -0.070711 -0.039708
vn -0.054113 -0.070711 -0.045516
vn -0.048026 -0.070711 -0.051899
vn -0.049333 -0.070711 -0.050658
vn -0.039959 -0.070711 -0.058338
vn -0.035949 -0.070711 -0.060890
vn -0.029411 -0.070711 -0.064304
vn -0.022243 -0.070711 -0.067121
vn -0.017999 -0.070711 -0.068381
vn -0.007528 -0.070711 -0.070309
vn -0.006059 -0.070711 -0.070451
vn 0.006059 -0.070711 -0.070451
vn 0.007528 -0.070711 -0.070309
vn 0.017999 -0.070711 -0.068381
vn 0.022243 -0.070711 -0.067121
vn 0.029411 -0.070711 -0.064304
vn 0.035949 -0.070711 -0.060890
vn 0.039959 -0.070711 -0.058338
vn 0.048026 -0.070711 -0.051899
vn 0.049333 -0.070711 -0.050658
vn 0.054113 -0.070711 -0.045516
vn 0.057925 -0.070711 -0.040555
vn 0.058509 -0.070711 -0.039708
vn 0.062396 -0.070711 -0.033268
vn 0.065653 -0.070711 -0.026261
vn 0.065198 -0.070711 -0.027372
vn 0.100000 0.000000 0.000000
vn 0.100000 0.000000 0.000000
vn 0.100000 0.000000 0.000000
vn 0.100000 0.000000 0.000000
vn 0.100000 0.000000 0.000000
vn 0.100000 0.000000 0.000000
vn 0.100000 0.000000 0.000000
vn 0.100000 0.000000 0.000000
vn 0.100000 0.000000 0.000000
vn 0.000000 0.000000 -0.100000
vn 0.000000 0.000000 -0.100000
vn 0.000000 0.000000 -0.100000
vn 0.000000 0.000000 -0.100000
vn 0.000000 -0.070711 -0.070711
vn 0.000000 -0.070711 -0.070711
vn 0.000000 -0.070711 -0.070711
vn 0.000000 -0.070711 -0.070711
vn -0.100000 0.000000 0.000000
vn -0.100000 0.000000 0.000000
vn -0.100000 0.000000 0.000000
vn -0.100000 0.000000 0.000000
vn -0.100000 0.000000 0.000000
vn 0.000000 0.000000 -0.100000
vn 0.000000 0.000000 -0.100000
vn 0.000000 0.000000 -0.100000
vn 0.000000 0.000000 -0.100000
vn -0.070711 0.000000 -0.070711
vn -0.070711 0.000000 -0.070711
vn -0.070711 0.000000 -0.070711
vn -0.070711 0.000000 -0.070711
vn 0.000000 -0.070711 -0.070711
vn 0.000000 -0.070711 -0.070711
vn 0.000000 -0.070711 -0.070711
vn 0.000000 -0.070711 -0.070711
vn 0.070711 0.000000 -0.070711
vn 0.070711 0.000000 -0.070711
vn 0.070711 0.000000 -0.070711
vn 0.070711 0.000000 -0.070711
vn -0.000000 0.070711 -0.070711
vn -0.000000 0.070711 -0.070711
vn -0.000000 0.070711 -0.070711
vn -0.000000 0.070711 -0.070711
vn 0.100000 0.000000 0.000000
vn 0.100000 0.000000 0.000000
vn 0.100000 0.000000 0.000000
vn 0.100000 0.000000 0.000000
vn 0.100000 0.000000 0.000000
vn -0.000000 0.100000 0.000000
vn -0.000000 0.100000 0.000000
vn -0.000000 0.100000 0.000000
vn -0.000000 0.100000 0.000000
vn -0.100000 0.000000 0.000000
vn -0.100000 0.000000 0.000000
vn -0.100000 0.000000 0.000000
vn -0.100000 0.000000 0.000000
vn -0.100000 0.000000 0.000000
vn -0.000000 0.070711 0.070711
vn -0.000000 0.070711 0.070711
vn -0.000000 0.070711 0.070711
vn -0.000000 0.070711 0.070711
vn -0.000000 0.070711 0.070711
vn -0.000000 0.100000 -0.000000
vn -0.000000 0.100000 -0.000000
vn -0.000000 0.100000 -0.000000
vn -0.000000 0.100000 -0.000000
vn -0.000000 0.100000 -0.000000
vn -0.000000 0.100000 -0.000000
vn -0.000000 0.100000 -0.000000
vn -0.000000 0.100000 -0.000000
vn -0.000000 0.100000 -0.000000
vn -0.000000 0.100000 -0.000000
vn -0.000000 0.100000 -0.000000
vn -0.000000 0.100000 -0.000000
vn -0.000000 0.100000 -0.000000
vn -0.000000 0.100000 -0.000000
vn -0.000000 0.100000 -0.000000
vn -0.000000 0.100000 -0.000000
vn -0.000000 0.100000 -0.000000
vn -0.000000 0.100000 -0.000000
vn -0.000000 0.100000 -0.000000
vn -0.000000 0.100000 -0.000000
vn -0.000000 0.100000 -0.000000
vn -0.000000 0.100000 -0.000000
vn -0.000000 0.100000 -0.000000
vn -0.000000 0.100000 -0.000000
vn -0.000000 0.100000 -0.000000
vn -0.000000 0.100000 -0.000000
vn -0.000000 0.100000 -0.000000
vn -0.000000 0.100000 -0.000000
vn -0.000000 0.100000 -0.000000
vn -0.000000 0.100000 -0.000000
vn -0.000000 0.100000 -0.000000
vn -0.000000 0.100000 -0.000000
vn -0.000000 0.100000 -0.000000
vn -0.000000 0.100000 -0.000000
vn -0.000000 0.100000 -0.000000
vn -0.000000 0.100000 -0.000000
vn -0.000000 0.100000 -0.000000
vn -0.000000 0.100000 -0.000000
vn -0.000000 0.100000 -0.000000
vn -0.000000 0.100000 -0.000000
vn -0.000000 0.100000 -0.000000
vn -0.000000 0.100000 -0.000000
vn -0.000000 0.100000 -0.000000
vn -0.000000 0.100000 -0.000000
vn -0.000000 0.100000 -0.000000
vn -0.000000 0.100000 -0.000000
vn -0.000000 0.100000 -0.000000
vn -0.000000 0.100000 -0.000000
vn -0.000000 0.100000 -0.000000
vn -0.000000 0.100000 -0.000000
vn -0.000000 0.100000 -0.000000
vn -0.000000 0.100000 -0.000000
vn -0.000000 0.100000 -0.000000
vn -0.000000 0.100000 -0.000000
vn -0.000000 0.100000 -0.000000
vn -0.000000 0.100000 -0.000000
vn -0.000000 0.100000 -0.000000
vn -0.000000 0.100000 -0.000000
vn -0.000000 0.100000 -0.000000
vn -0.000000 0.100000 -0.000000
vn -0.000000 0.100000 -0.000000
vn -0.000000 0.100000 -0.000000
vn -0.000000 0.100000 -0.000000
vn -0.000000 0.100000 -0.000000
vn -0.000000 0.100000 -0.000000
vn -0.000000 0.100000 -0.000000
vn -0.000000 0.100000 -0.000000
vn -0.000000 0.100000 -0.000000
vn -0.000000 0.100000 -0.000000
vn -0.000000 0.100000 -0.000000
vn -0.000000 0.100000 -0.000000
vn -0.000000 0.100000 -0.000000
vn -0.000000 0.100000 -0.000000
vn -0.000000 0.100000 -0.000000
vn -0.000000 0.100000 -0.000000
vn -0.000000 0.100000 -0.000000
vn -0.000000 0.100000 -0.000000
vn -0.000000 0.100000 -0.000000
vn -0.000000 0.100000 -0.000000
vn -0.000000 0.100000 -0.000000
vn -0.000000 0.100000 -0.000000
vn -0.000000 0.100000 -0.000000
vn -0.000000 0.100000 -0.000000
vn -0.000000 0.100000 -0.000000
vn -0.000000 0.100000 -0.000000
vn -0.000000 0.100000 -0.000000
vn -0.000000 0.100000 -0.000000
vn -0.000000 0.100000 -0.000000
vn -0.000000 0.100000 -0.000000
vn -0.000000 0.100000 -0.000000
vn -0.000000 0.100000 -0.000000
vn -0.000000 0.100000 -0.000000
vn -0.000000 0.100000 -0.000000
vn -0.000000 0.100000 -0.000000
vn -0.000000 0.100000 -0.000000
vn -0.000000 0.100000 -0.000000
vn -0.000000 0.100000 -0.000000
vn -0.000000 0.100000 -0.000000
vn -0.000000 0.100000 -0.000000
vn -0.000000 0.100000 -0.000000
vn -0.000000 0.100000 -0.000000
vn -0.000000 0.100000 -0.000000
vn -0.000000 0.100000 -0.000000
vn -0.000000 0.100000 -0.000000
vn -0.000000 0.100000 -0.000000
vn -0.000000 0.100000 -0.000000
vn -0.000000 0.100000 -0.000000
vn -0.000000 0.100000 -0.000000
vn -0.000000 0.100000 -0.000000
vn -0.000000 0.100000 -0.000000
vn -0.000000 0.100000 -0.000000
vn -0.000000 0.100000 -0.000000
vn -0.000000 0.100000 -0.000000
vn -0.000000 0.100000 -0.000000
vn -0.000000 0.100000 -0.000000
vn -0.000000 0.100000 -0.000000
vn -0.000000 0.100000 -0.000000
vn -0.000000 0.100000 -0.000000
vn -0.000000 0.100000 -0.000000
vn -0.000000 0.100000 -0.000000
vn -0.000000 0.100000 -0.000000
vn -0.000000 0.100000 -0.000000
vn -0.000000 0.100000 -0.000000
vn -0.000000 0.100000 -0.000000
vn -0.000000 0.100000 -0.000000
vn -0.000000 0.100000 -0.000000
vn -0.000000 0.100000 -0.000000
vn -0.000000 0.100000 -0.000000
vn -0.000000 0.100000 -0.000000
vn -0.000000 0.100000 -0.000000
vn -0.000000 0.100000 -0.000000
vn -0.000000 0.100000 -0.000000
vn -0.000000 0.100000 -0.000000
vn -0.000000 0.100000 -0.000000
vn -0.000000 0.100000 -0.000000
vn -0.000000 0.100000 -0.000000
vn -0.000000 0.100000 -0.000000
vn -0.000000 0.100000 -0.000000
vn -0.000000 0.100000 -0.000000
vn -0.000000 0.100000 -0.000000
vn -0.000000 0.100000 -0.000000
vn -0.000000 0.100000 -0.000000
vn -0.000000 0.100000 -0.000000
vn -0.000000 0.100000 -0.000000
vn -0.000000 0.100000 -0.000000
vn -0.000000 0.100000 -0.000000
vn -0.000000 0.100000 -0.000000
vn -0.000000 0.100000 -0.000000
vn -0.000000 0.100000 -0.000000
vn -0.000000 0.100000 -0.000000
vn -0.000000 0.100000 -0.000000
vn -0.000000 0.100000 -0.000000
vn -0.000000 0.100000 -0.000000
vn -0.000000 0.100000 -0.000000
vn -0.000000 0.100000 -0.000000
vn -0.000000 0.100000 -0.000000
vn -0.000000 0.100000 -0.000000
vn -0.000000 0.100000 -0.000000
vn -0.000000 0.100000 -0.000000
vn -0.000000 0.100000 -0.000000
vn -0.000000 0.100000 -0.000000
vn -0.000000 0.100000 -0.000000
vn -0.000000 0.100000 -0.000000
vn -0.000000 0.100000 -0.000000
vn -0.000000 0.100000 -0.000000
vn -0.000000 0.100000 -0.000000
vn -0.000000 0.100000 -0.000000
vn -0.000000 0.100000 -0.000000
vn -0.000000 0.100000 -0.000000
vn -0.000000 0.100000 -0.000000
vn -0.000000 0.100000 -0.000000
vn -0.000000 0.100000 -0.000000
vn -0.000000 0.100000 -0.000000
vn -0.000000 0.100000 -0.000000
vn -0.000000 0.100000 -0.000000
vn -0.000000 0.100000 -0.000000
vn -0.000000 0.100000 -0.000000
vn -0.000000 0.100000 -0.000000
vn -0.000000 0.100000 -0.000000
vn -0.000000 0.100000 -0.000000
vn -0.000000 0.100000 -0.000000
vn -0.000000 0.100000 -0.000000
vn -0.000000 0.100000 -0.000000
vn -0.000000 0.100000 -0.000000
vn -0.000000 0.100000 -0.000000
vn -0.000000 0.100000 -0.000000
vn -0.000000 0.100000 -0.000000
vn -0.000000 0.100000 -0.000000
vn -0.000000 0.100000 -0.000000
vn -0.000000 0.100000 -0.000000
vn -0.000000 0.100000 -0.000000
vn -0.000000 0.100000 -0.000000
vn -0.000000 0.100000 -0.000000
vn -0.000000 0.100000 -0.000000
vn -0.000000 0.100000 -0.000000
vn -0.000000 0.100000 -0.000000
vn -0.000000 0.100000 -0.000000
vn -0.000000 0.100000 -0.000000
vn -0.000000 0.100000 -0.000000
vn -0.000000 0.100000 -0.000000
vn -0.000000 0.100000 -0.000000
vn -0.000000 0.100000 -0.000000
vn -0.000000 0.100000 -0.000000
vn -0.000000 0.100000 -0.000000
vn -0.000000 0.100000 -0.000000
vn -0.000000 0.100000 -0.000000
vn -0.000000 0.100000 -0.000000
vn -0.000000 0.100000 -0.000000
vn -0.000000 0.100000 -0.000000
vn -0.000000 0.100000 -0.000000
vn -0.000000 0.100000 -0.000000
vn -0.000000 0.100000 -0.000000
vn -0.000000 0.100000 -0.000000
vn -0.000000 0.100000 -0.000000
vn -0.000000 0.100000 -0.000000
vn -0.000000 0.100000 -0.000000
vn -0.000000 0.100000 -0.000000
vn -0.000000 0.100000 -0.000000
vn -0.000000 0.100000 -0.000000
vn -0.000000 0.100000 -0.000000
vn -0.000000 0.100000 -0.000000
vn -0.000000 0.100000 -0.000000
vn -0.000000 0.100000 -0.000000
vn -0.000000 0.100000 -0.000000
vn -0.000000 0.100000 -0.000000
vn -0.000000 0.100000 -0.000000
vn -0.000000 0.100000 -0.000000
vn -0.000000 0.100000 -0.000000
vn -0.000000 0.100000 -0.000000
vn -0.000000 0.100000 -0.000000
vn -0.000000 0.100000 -0.000000
vn -0.000000 0.100000 -0.000000
vn -0.000000 0.100000 -0.000000
vn -0.000000 0.100000 -0.000000
vn -0.000000 0.100000 -0.000000
vn -0.000000 0.100000 -0.000000
vn -0.000000 0.100000 -0.000000
vn -0.000000 0.100000 -0.000000
vn -0.000000 0.100000 -0.000000
vn -0.000000 0.100000 -0.000000
vn -0.000000 0.100000 -0.000000
vn -0.000000 0.100000 -0.000000
vn -0.000000 0.100000 -0.000000
vn -0.000000 0.100000 -0.000000
vn -0.000000 0.100000 -0.000000
vn -0.000000 0.100000 -0.000000
vn -0.000000 0.100000 -0.000000
vn -0.000000 0.100000 -0.000000
vn -0.000000 0.100000 -0.000000
vn -0.000000 0.100000 -0.000000
vn -0.000000 0.100000 -0.000000
vn -0.000000 0.100000 -0.000000
vn -0.000000 0.100000 -0.000000
vn -0.000000 0.100000 -0.000000
vn -0.000000 0.100000 -0.000000
vn -0.000000 0.100000 -0.000000
vn -0.000000 0.100000 -0.000000
vn -0.000000 0.100000 -0.000000
vn -0.000000 0.100000 -0.000000
vn -0.000000 0.100000 -0.000000
vn -0.000000 0.100000 -0.000000
vn -0.000000 0.100000 -0.000000
vn -0.000000 0.100000 -0.000000
vn -0.000000 0.100000 -0.000000
vn -0.000000 0.100000 -0.000000
vn -0.000000 0.100000 -0.000000
vn -0.000000 0.100000 -0.000000
vn -0.000000 0.100000 -0.000000
vn -0.000000 0.100000 -0.000000
vn -0.000000 0.100000 -0.000000
vn -0.000000 0.100000 -0.000000
vn -0.000000 0.100000 -0.000000
vn -0.000000 0.100000 -0.000000
vn -0.000000 0.100000 -0.000000
vn -0.000000 0.100000 -0.000000
vn -0.000000 0.100000 -0.000000
vn -0.000000 0.100000 -0.000000
vn -0.000000 0.100000 -0.000000
vn -0.000000 0.100000 -0.000000
vn -0.000000 0.100000 -0.000000
vn -0.000000 0.100000 -0.000000
vn -0.000000 0.100000 -0.000000
vn -0.000000 0.100000 -0.000000
vn -0.000000 0.100000 -0.000000
vn -0.000000 0.100000 -0.000000
vn -0.000000 0.100000 -0.000000
vn -0.000000 0.100000 -0.000000
vn -0.000000 0.100000 -0.000000
vn -0.000000 0.100000 -0.000000
vn -0.000000 0.100000 -0.000000
vn -0.000000 0.093373 0.035799
vn -0.000000 0.095944 0.028192
vn -0.000000 0.095415 0.029931
vn -0.000000 0.098190 0.018938
vn -0.000000 0.098819 0.015323
vn -0.000000 0.099547 0.009512
vn -0.000000 0.090164 0.043249
vn -0.000000 0.090200 0.043174
vn -0.000000 0.086445 0.050271
vn -0.000000 0.082951 0.055848
vn -0.000000 0.082134 0.057045
vn -0.000000 0.077292 0.063450
vn -0.000000 0.073461 0.067849
vn -0.000000 0.071953 0.069446
vn -0.000000 0.067911 0.073404
vn -0.000000 0.066150 0.074995
vn -0.000000 0.061868 0.078564
vn -0.000000 0.059920 0.080060
vn -0.000000 0.055383 0.083263
vn -0.000000 0.053304 0.084609
vn -0.000000 0.048512 0.087445
vn -0.000000 0.046344 0.088613
vn -0.000000 0.041162 0.091136
vn -0.000000 0.039086 0.092045
vn -0.000000 0.032961 0.094412
vn -0.000000 0.031575 0.094884
vn -0.000000 0.031711 0.094839
vn -0.000000 0.029586 0.095523
vn -0.000000 0.026592 0.096399
vn -0.000000 0.023861 0.097111
vn -0.000000 0.022765 0.097374
vn -0.000000 0.018141 0.098341
vn -0.000000 0.015993 0.098713
vn -0.000000 0.012763 0.099182
vn -0.000000 0.008023 0.099678
vn -0.000000 0.006694 0.099776
vn -0.000000 -0.000000 0.100000
vn -0.000000 -0.000000 0.100000
vn -0.000000 0.000000 0.100000
vn -0.000000 0.000000 0.100000
vn -0.000000 0.000000 0.100000
vn -0.000000 0.000000 0.100000
vn -0.000000 0.000000 0.100000
vn -0.000000 0.000000 0.100000
vn -0.000000 0.000000 0.100000
vn -0.000000 0.000000 0.100000
vn -0.000000 0.000000 0.100000
vn -0.000000 0.000000 0.100000
vn -0.000000 0.000000 0.100000
vn -0.000000 0.000000 0.100000
vn -0.000000 0.000000 0.100000
vn -0.100000 0.000000 0.000000
vn -0.100000 0.000000 0.000000
vn -0.100000 0.000000 0.000000
vn -0.100000 0.000000 0.000000
vn -0.012187 0.099255 0.000000
vn -0.009916 0.099507 0.000000
vn 0.001732 0.099985 0.000000
vn 0.005930 0.099824 0.000000
vn 0.008620 0.099628 0.000000
vn 0.017927 0.098380 0.000000
vn 0.021627 0.097633 0.000000
vn 0.027118 0.096253 0.000000
vn 0.036781 0.092990 0.000000
vn 0.036088 0.093261 0.000000
vn 0.044742 0.089433 0.000000
vn 0.051011 0.086011 0.000000
vn 0.052987 0.084808 0.000000
vn 0.060752 0.079431 0.000000
vn 0.063959 0.076871 0.000000
vn 0.067958 0.073360 0.000000
vn 0.075301 0.065801 0.000000
vn 0.074536 0.066667 0.000000
vn 0.084189 0.053965 0.000000
vn 0.084752 0.053077 0.000000
vn 0.091700 0.039889 0.000000
vn 0.092073 0.039020 0.000000
vn 0.096876 0.024798 0.000000
vn 0.097082 0.023983 0.000000
vn 0.099587 0.009076 0.000000
vn 0.099651 0.008343 0.000000
vn 0.099763 -0.006877 0.000000
vn 0.099718 -0.007506 0.000000
vn 0.097400 -0.022655 0.000000
vn 0.097280 -0.023166 0.000000
vn 0.092558 -0.037856 0.000000
vn 0.092398 -0.038245 0.000000
vn 0.085359 -0.052094 0.000000
vn 0.085195 -0.052363 0.000000
vn 0.075988 -0.065006 0.000000
vn 0.075851 -0.065166 0.000000
vn 0.064683 -0.076263 0.000000
vn 0.064603 -0.076331 0.000000
vn 0.051732 -0.085579 0.000000
vn 0.051732 -0.085579 0.000000
vn -0.025513 0.096691 0.000000
vn -0.026708 0.096367 0.000000
vn -0.034000 0.094042 0.000000
vn -0.040470 0.091445 0.000000
vn -0.041215 0.091111 0.000000
vn -0.048279 0.087573 0.000000
vn -0.054409 0.083903 0.000000
vn -0.055111 0.083443 0.000000
vn -0.061630 0.078751 0.000000
vn -0.066982 0.074252 0.000000
vn -0.067765 0.073539 0.000000
vn -0.073454 0.067856 0.000000
vn -0.077872 0.062737 0.000000
vn -0.078790 0.061580 0.000000
vn -0.083756 0.054635 0.000000
vn -0.086806 0.049646 0.000000
vn -0.088214 0.047100 0.000000
vn -0.092051 0.039072 0.000000
vn -0.093560 0.035307 0.000000
vn -0.095185 0.030656 0.000000
vn -0.097963 0.020082 0.000000
vn -0.097557 0.021968 0.000000
vn -0.099132 0.013147 0.000000
vn -0.099905 0.004352 0.000000
vn -0.099906 0.004344 0.000000
vn -0.099905 -0.004353 0.000000
vn -0.099338 -0.011487 0.000000
vn -0.099131 -0.013156 0.000000
vn -0.097555 -0.021977 0.000000
vn -0.096275 -0.027038 0.000000
vn -0.095182 -0.030665 0.000000
vn -0.090794 -0.041909 0.000000
vn -0.092047 -0.039081 0.000000
vn -0.088209 -0.047108 0.000000
vn -0.083033 -0.055728 0.000000
vn -0.083751 -0.054642 0.000000
vn -0.078785 -0.061587 0.000000
vn -0.073185 -0.068146 0.000000
vn -0.073448 -0.067863 0.000000
vn -0.067757 -0.073546 0.000000
vn -0.061499 -0.078853 0.000000
vn -0.061618 -0.078760 0.000000
vn -0.055097 -0.083452 0.000000
vn -0.048268 -0.087579 0.000000
vn -0.048268 -0.087579 0.000000
vn 0.100000 0.000000 0.000000
vn 0.100000 0.000000 0.000000
vn 0.100000 0.000000 0.000000
vn 0.100000 0.000000 0.000000
vn 0.000000 0.000000 0.100000
vn 0.000000 0.000000 0.100000
vn 0.000000 0.000000 0.100000
vn 0.000000 0.000000 0.100000
vn 0.000000 0.000000 0.100000
vn 0.000000 0.000000 0.100000
vn 0.000000 0.000000 0.100000
vn 0.000000 0.000000 0.100000
vn 0.000000 0.000000 0.100000
vn 0.000000 0.000000 0.100000
vn 0.000000 0.000000 0.100000
vn 0.000000 0.000000 0.100000
vn 0.000000 0.000000 0.100000
vn 0.000000 0.000000 0.100000
vn 0.000000 0.000000 0.100000
vn 0.000000 0.000000 0.100000
vn 0.000000 0.000000 0.100000
vn 0.000000 0.000000 0.100000
vn 0.000000 0.000000 0.100000
vn 0.000000 0.000000 0.100000
vn 0.000000 0.000000 0.100000
vn 0.000000 0.000000 0.100000
vn 0.000000 0.000000 0.100000
vn 0.000000 0.000000 0.100000
vn 0.000000 0.000000 0.100000
vn 0.000000 0.000000 0.100000
vn 0.000000 0.000000 0.100000
vn 0.000000 0.000000 0.100000
vn 0.000000 0.000000 0.100000
vn 0.000000 0.000000 0.100000
vn 0.000000 0.000000 0.100000
vn 0.000000 0.000000 0.100000
vn 0.000000 0.000000 0.100000
vn 0.000000 0.000000 0.100000
vn 0.000000 0.000000 0.100000
vn 0.000000 0.000000 0.100000
vn 0.000000 0.000000 0.100000
vn 0.000000 0.000000 0.100000
vn 0.000000 0.000000 0.100000
vn 0.000000 0.000000 0.100000
vn 0.000000 0.000000 0.100000
vn 0.000000 0.000000 0.100000
vn 0.000000 0.000000 0.100000
vn 0.000000 0.000000 0.100000
vn 0.000000 0.000000 0.100000
vn 0.000000 0.000000 0.100000
vn 0.000000 0.000000 0.100000
vn 0.000000 0.000000 0.100000
vn 0.000000 0.000000 0.100000
vn 0.000000 0.000000 0.100000
vn 0.000000 0.000000 0.100000
vn 0.000000 0.000000 0.100000
vn 0.000000 0.000000 0.100000
vn 0.000000 0.000000 0.100000
vn 0.000000 0.000000 0.100000
vn 0.000000 0.000000 0.100000
vn 0.000000 0.000000 0.100000
vn 0.000000 0.000000 0.100000
vn 0.000000 0.000000 0.100000
vn 0.000000 0.000000 0.100000
vn 0.000000 0.000000 0.100000
vn 0.000000 0.000000 0.100000
vn 0.000000 0.000000 0.100000
vn 0.000000 0.000000 0.100000
vn 0.000000 0.000000 0.100000
vn -0.100000 -0.000000 0.000000
vn -0.100000 -0.000000 0.000000
vn -0.100000 -0.000000 0.000000
vn -0.100000 -0.000000 0.000000
vn -0.016948 0.098553 0.000000
vn -0.007925 0.099685 0.000000
vn -0.001732 0.099985 0.000000
vn 0.007925 0.099685 0.000000
vn 0.012075 0.099268 0.000000
vn 0.023576 0.097181 0.000000
vn 0.026480 0.096430 0.000000
vn 0.038635 0.092235 0.000000
vn 0.040880 0.091262 0.000000
vn 0.047898 0.087782 0.000000
vn 0.052723 0.084973 0.000000
vn 0.054692 0.083718 0.000000
vn 0.061183 0.079099 0.000000
vn 0.065486 0.075575 0.000000
vn 0.067301 0.073964 0.000000
vn 0.072983 0.068363 0.000000
vn 0.076604 0.064279 0.000000
vn 0.078304 0.062198 0.000000
vn 0.083273 0.055368 0.000000
vn 0.085798 0.051368 0.000000
vn 0.087755 0.047949 0.000000
vn 0.092837 0.037166 0.000000
vn 0.091636 0.040035 0.000000
vn 0.094834 0.031725 0.000000
vn 0.097543 0.022031 0.000000
vn 0.097288 0.023132 0.000000
vn 0.098959 0.014390 0.000000
vn 0.099799 0.006342 0.000000
vn 0.099841 0.005643 0.000000
vn 0.099955 -0.002989 0.000000
vn 0.099547 -0.009506 0.000000
vn 0.099312 -0.011707 0.000000
vn 0.097883 -0.020467 0.000000
vn 0.096795 -0.025115 0.000000
vn 0.095666 -0.029120 0.000000
vn 0.091611 -0.040093 0.000000
vn 0.092690 -0.037530 0.000000
vn 0.089010 -0.045576 0.000000
vn 0.084125 -0.054064 0.000000
vn 0.084701 -0.053157 0.000000
vn 0.079868 -0.060176 0.000000
vn 0.074526 -0.066677 0.000000
vn 0.074639 -0.066551 0.000000
vn 0.069087 -0.072298 0.000000
vn 0.063055 -0.077615 0.000000
vn 0.063093 -0.077584 0.000000
vn 0.056707 -0.082367 0.000000
vn 0.050000 -0.086603 0.000000
vn 0.050000 -0.086603 0.000000
vn -0.023576 0.097181 0.000000
vn -0.031768 0.094820 0.000000
vn -0.038635 0.092235 0.000000
vn -0.045846 0.088872 0.000000
vn -0.052723 0.084973 0.000000
vn -0.058853 0.080847 0.000000
vn -0.065486 0.075575 0.000000
vn -0.070486 0.070935 0.000000
vn -0.076604 0.064279 0.000000
vn -0.080472 0.059366 0.000000
vn -0.085798 0.051368 0.000000
vn -0.088579 0.046409 0.000000
vn -0.092837 0.037166 0.000000
vn -0.094616 0.032369 0.000000
vn -0.097543 0.022031 0.000000
vn -0.098444 0.017573 0.000000
vn -0.099799 0.006342 0.000000
vn -0.099972 0.002367 0.000000
vn -0.099547 -0.009506 0.000000
vn -0.099165 -0.012895 0.000000
vn -0.096795 -0.025115 0.000000
vn -0.096042 -0.027856 0.000000
vn -0.091611 -0.040093 0.000000
vn -0.090675 -0.042166 0.000000
vn -0.084125 -0.054064 0.000000
vn -0.083191 -0.055491 0.000000
vn -0.074526 -0.066677 0.000000
vn -0.073763 -0.067520 0.000000
vn -0.063055 -0.077615 0.000000
vn -0.062613 -0.077972 0.000000
vn -0.050000 -0.086603 0.000000
vn -0.050000 -0.086603 0.000000
vn 0.100000 0.000000 0.000000
vn 0.100000 0.000000 0.000000
vn 0.100000 0.000000 0.000000
vn 0.100000 0.000000 0.000000
vn 0.000000 0.000000 0.100000
vn 0.000000 0.000000 0.100000
vn 0.000000 0.000000 0.100000
vn 0.000000 0.000000 0.100000
vn 0.000000 0.000000 0.100000
vn 0.000000 0.000000 0.100000
vn 0.000000 0.000000 0.100000
vn 0.000000 0.000000 0.100000
vn 0.000000 0.000000 0.100000
vn 0.000000 0.000000 0.100000
vn 0.000000 0.000000 0.100000
vn 0.000000 0.000000 0.100000
vn 0.000000 0.000000 0.100000
vn 0.000000 0.000000 0.100000
vn 0.000000 0.000000 0.100000
vn 0.000000 0.000000 0.100000
vn 0.000000 0.000000 0.100000
vn 0.000000 0.000000 0.100000
vn 0.000000 0.000000 0.100000
vn 0.000000 0.000000 0.100000
vn 0.000000 0.000000 0.100000
vn 0.000000 0.000000 0.100000
vn 0.000000 0.000000 0.100000
vn 0.000000 0.000000 0.100000
vn 0.000000 0.000000 0.100000
vn 0.000000 0.000000 0.100000
vn 0.000000 0.000000 0.100000
vn 0.000000 0.000000 0.100000
vn 0.000000 0.000000 0.100000
vn 0.000000 0.000000 0.100000
vn 0.000000 0.000000 0.100000
vn 0.000000 0.000000 0.100000
vn 0.000000 0.000000 0.100000
vn 0.000000 0.000000 0.100000
vn 0.000000 0.000000 0.100000
vn 0.000000 0.000000 0.100000
vn 0.000000 0.000000 0.100000
vn 0.000000 0.000000 0.100000
vn 0.000000 0.000000 0.100000
vn 0.000000 0.000000 0.100000
vn 0.000000 0.000000 0.100000
vn 0.000000 0.000000 0.100000
vn 0.000000 0.000000 0.100000
vn 0.000000 0.000000 0.100000
vn 0.000000 0.000000 0.100000
vn 0.000000 0.000000 0.100000
vn 0.000000 0.000000 0.100000
vn 0.000000 0.000000 0.100000
vn 0.000000 0.000000 0.100000
vn 0.000000 0.000000 0.100000
vn 0.000000 0.000000 0.100000
vn 0.000000 0.000000 0.100000
vn 0.000000 0.000000 0.100000
vn 0.000000 0.000000 0.100000
vn 0.000000 0.000000 0.100000
vn 0.000000 0.000000 0.100000
vn 0.000000 0.000000 0.100000
vn 0.000000 0.000000 0.100000
vn 0.000000 0.000000 0.100000
vn 0.000000 0.000000 0.100000
vn 0.000000 0.000000 0.100000
vn 0.000000 0.000000 0.100000
vn 0.000000 0.000000 0.100000
vn 0.000000 0.000000 0.100000
vn 0.000000 0.000000 0.100000
vn -0.000000 0.000000 0.100000
vn -0.000000 0.000000 0.100000
vn -0.000000 0.000000 0.100000
vn -0.000000 0.000000 0.100000
vn -0.000000 0.000000 0.100000
vn -0.000000 0.000000 0.100000
vn -0.000000 0.000000 0.100000
vn -0.000000 0.000000 0.100000
vn -0.000000 0.000000 0.100000
vn -0.000000 0.000000 0.100000
vn -0.000000 0.000000 0.100000
vn -0.000000 0.000000 0.100000
vn -0.000000 0.000000 0.100000
vn -0.000000 0.000000 0.100000
vn -0.000000 0.000000 0.100000
vn -0.000000 0.000000 0.100000
vn -0.000000 0.000000 0.100000
vn -0.000000 0.000000 0.100000
vn -0.000000 0.000000 0.100000
vn -0.000000 0.000000 0.100000
vn -0.000000 0.000000 0.100000
vn -0.000000 0.000000 0.100000
vn 0.054335 -0.000000 0.083951
vn 0.053228 -0.000000 0.084657
vn 0.054335 -0.000000 0.083951
vn 0.052171 -0.000000 0.085312
vn 0.051175 -0.000000 0.085913
vn 0.048886 -0.000000 0.087236
vn 0.050252 -0.000000 0.086457
vn 0.049388 -0.000000 0.086953
vn 0.048585 -0.000000 0.087404
vn 0.047861 -0.000000 0.087803
vn 0.047236 -0.000000 0.088141
vn 0.046729 -0.000000 0.088411
vn 0.046346 -0.000000 0.088612
vn 0.043239 -0.000000 0.090169
vn 0.046091 -0.000000 0.088745
vn 0.045962 -0.000000 0.088812
vn 0.044076 -0.000000 0.089763
vn 0.045962 -0.000000 0.088812
vn 0.046090 -0.000000 0.088745
vn 0.046346 -0.000000 0.088612
vn 0.046728 -0.000000 0.088411
vn 0.047235 -0.000000 0.088141
vn 0.047860 -0.000000 0.087803
vn 0.049714 -0.000000 0.086767
vn 0.048584 -0.000000 0.087405
vn 0.049387 -0.000000 0.086953
vn 0.050251 -0.000000 0.086457
vn 0.051174 -0.000000 0.085914
vn 0.052171 -0.000000 0.085312
vn 0.053228 -0.000000 0.084657
vn 0.055149 -0.000000 0.083418
vn 0.054335 -0.000000 0.083951
vn 0.055479 -0.000000 0.083199
vn 0.056649 -0.000000 0.082407
vn 0.057833 -0.000000 0.081581
vn 0.060360 -0.000000 0.079729
vn 0.060187 -0.000000 0.079859
vn 0.062443 -0.000000 0.078108
vn 0.065325 -0.000000 0.075715
vn 0.063560 -0.000000 0.077202
vn 0.064200 -0.000000 0.076670
vn 0.064908 -0.000000 0.076072
vn 0.065695 -0.000000 0.075393
vn 0.066560 -0.000000 0.074631
vn 0.067486 -0.000000 0.073795
vn 0.068457 -0.000000 0.072894
vn 0.070023 -0.000000 0.071392
vn 0.070473 -0.000000 0.070948
vn 0.072471 -0.000000 0.068905
vn 0.074436 -0.000000 0.066778
vn 0.074465 -0.000000 0.066746
vn 0.076522 -0.000000 0.064377
vn 0.078545 -0.000000 0.061892
vn 0.038258 -0.000000 0.092392
vn 0.037417 -0.000000 0.092736
vn 0.032284 -0.000000 0.094645
vn 0.031444 -0.000000 0.094928
vn 0.026179 -0.000000 0.096513
vn 0.025343 -0.000000 0.096735
vn 0.019967 -0.000000 0.097986
vn 0.019140 -0.000000 0.098151
vn 0.013673 -0.000000 0.099061
vn 0.012859 -0.000000 0.099170
vn 0.007324 -0.000000 0.099731
vn 0.006526 -0.000000 0.099787
vn 0.000945 -0.000000 0.099996
vn 0.000167 -0.000000 0.100000
vn -0.005438 0.000000 0.099852
vn -0.006193 0.000000 0.099808
vn -0.011798 0.000000 0.099302
vn -0.012528 0.000000 0.099212
vn -0.018111 0.000000 0.098346
vn -0.018812 0.000000 0.098215
vn -0.024350 0.000000 0.096990
vn -0.025020 0.000000 0.096819
vn -0.030489 0.000000 0.095239
vn -0.031127 0.000000 0.095032
vn -0.036504 0.000000 0.093099
vn -0.037107 0.000000 0.092860
vn -0.042371 0.000000 0.090580
vn -0.042938 0.000000 0.090313
vn -0.045973 0.000000 0.088806
vn -0.045954 0.000000 0.088816
vn -0.048065 0.000000 0.087691
vn -0.046119 0.000000 0.088730
vn -0.046390 0.000000 0.088589
vn -0.046785 0.000000 0.088381
vn -0.047303 0.000000 0.088105
vn -0.047935 0.000000 0.087763
vn -0.048662 0.000000 0.087361
vn -0.049466 0.000000 0.086909
vn -0.050327 0.000000 0.086413
vn -0.051250 0.000000 0.085869
vn -0.053562 0.000000 0.084446
vn -0.052243 0.000000 0.085268
vn -0.053296 0.000000 0.084614
vn -0.054396 0.000000 0.083911
vn -0.055533 0.000000 0.083163
vn -0.058842 0.000000 0.080856
vn -0.057870 0.000000 0.081554
vn -0.060205 0.000000 0.079846
vn -0.062443 0.000000 0.078108
vn -0.062443 0.000000 0.078108
vn -0.063882 0.000000 0.076936
vn -0.065608 0.000000 0.075469
vn -0.068661 0.000000 0.072703
vn -0.046061 0.000000 0.088760
vn -0.046293 0.000000 0.088639
vn -0.046651 0.000000 0.088452
vn -0.047131 0.000000 0.088197
vn -0.048594 0.000000 0.087399
vn -0.047730 0.000000 0.087874
vn -0.048431 0.000000 0.087490
vn -0.049213 0.000000 0.087052
vn -0.050059 0.000000 0.086569
vn -0.050959 0.000000 0.086042
vn -0.051932 0.000000 0.085458
vn -0.054054 0.000000 0.084132
vn -0.052967 0.000000 0.084820
vn -0.054054 0.000000 0.084132
vn -0.097662 -0.021497 0.000000
vn -0.097662 -0.021497 0.000000
vn -0.100000 -0.000000 0.000000
vn -0.100000 -0.000000 0.000000
vn -0.097662 0.021497 0.000000
vn -0.097662 0.021497 0.000000
vn -0.090758 0.041989 0.000000
vn -0.090758 0.041989 0.000000
vn -0.079609 0.060517 0.000000
vn -0.079609 0.060517 0.000000
vn -0.064739 0.076216 0.000000
vn -0.064739 0.076216 0.000000
vn -0.046841 0.088351 0.000000
vn -0.046841 0.088351 0.000000
vn -0.026753 0.096355 0.000000
vn -0.026753 0.096355 0.000000
vn -0.005414 0.099853 0.000000
vn -0.005414 0.099853 0.000000
vn 0.016178 0.098683 0.000000
vn 0.016178 0.098683 0.000000
vn 0.037014 0.092898 0.000000
vn 0.037014 0.092898 0.000000
vn 0.056119 0.082769 0.000000
vn 0.056119 0.082769 0.000000
vn 0.072600 0.068770 0.000000
vn 0.072600 0.068770 0.000000
vn 0.085686 0.051555 0.000000
vn 0.085686 0.051555 0.000000
vn 0.094765 0.031930 0.000000
vn 0.094765 0.031930 0.000000
vn 0.099414 0.010812 0.000000
vn 0.099414 0.010812 0.000000
vn 0.099414 -0.010812 0.000000
vn 0.099414 -0.010812 0.000000
vn 0.094765 -0.031930 0.000000
vn 0.094765 -0.031930 0.000000
vn 0.085686 -0.051555 0.000000
vn 0.085686 -0.051555 0.000000
vn 0.072600 -0.068770 0.000000
vn 0.072600 -0.068770 0.000000
vn 0.056119 -0.082769 0.000000
vn 0.056119 -0.082769 0.000000
vn 0.037014 -0.092898 0.000000
vn 0.037014 -0.092898 0.000000
vn 0.016178 -0.098683 0.000000
vn 0.016178 -0.098683 0.000000
vn -0.005414 -0.099853 0.000000
vn -0.005414 -0.099853 0.000000
vn -0.026753 -0.096355 0.000000
vn -0.026753 -0.096355 0.000000
vn -0.046841 -0.088351 0.000000
vn -0.046841 -0.088351 0.000000
vn -0.064739 -0.076216 0.000000
vn -0.064739 -0.076216 0.000000
vn -0.079609 -0.060517 0.000000
vn -0.079609 -0.060517 0.000000
vn -0.090758 -0.041989 0.000000
vn -0.090758 -0.041989 0.000000
vn -0.097662 -0.021497 0.000000
vn -0.097662 -0.021497 0.000000
vn -0.100000 -0.000000 0.000000
vn -0.100000 -0.000000 0.000000
vn -0.097662 0.021497 0.000000
vn -0.097662 0.021497 0.000000
vn -0.090758 0.041989 0.000000
vn -0.090758 0.041989 0.000000
vn -0.079609 0.060517 0.000000
vn -0.079609 0.060517 0.000000
vn -0.064739 0.076216 0.000000
vn -0.064739 0.076216 0.000000
vn -0.046841 0.088351 0.000000
vn -0.046841 0.088351 0.000000
vn -0.026753 0.096355 0.000000
vn -0.026753 0.096355 0.000000
vn -0.005414 0.099853 0.000000
vn -0.005414 0.099853 0.000000
vn 0.016178 0.098683 0.000000
vn 0.016178 0.098683 0.000000
vn 0.037014 0.092898 0.000000
vn 0.037014 0.092898 0.000000
vn 0.056119 0.082769 0.000000
vn 0.056119 0.082769 0.000000
vn 0.072600 0.068770 0.000000
vn 0.072600 0.068770 0.000000
vn 0.085686 0.051555 0.000000
vn 0.085686 0.051555 0.000000
vn 0.094765 0.031930 0.000000
vn 0.094765 0.031930 0.000000
vn 0.099414 0.010812 0.000000
vn 0.099414 0.010812 0.000000
vn 0.099414 -0.010812 0.000000
vn 0.099414 -0.010812 0.000000
vn 0.094765 -0.031930 0.000000
vn 0.094765 -0.031930 0.000000
vn 0.085686 -0.051555 0.000000
vn 0.085686 -0.051555 0.000000
vn 0.072600 -0.068770 0.000000
vn 0.072600 -0.068770 0.000000
vn 0.056119 -0.082769 0.000000
vn 0.056119 -0.082769 0.000000
vn 0.037014 -0.092898 0.000000
vn 0.037014 -0.092898 0.000000
vn 0.016178 -0.098683 0.000000
vn 0.016178 -0.098683 0.000000
vn -0.005414 -0.099853 0.000000
vn -0.005414 -0.099853 0.000000
vn -0.026753 -0.096355 0.000000
vn -0.026753 -0.096355 0.000000
vn -0.046841 -0.088351 0.000000
vn -0.046841 -0.088351 0.000000
vn -0.064739 -0.076216 0.000000
vn -0.064739 -0.076216 0.000000
vn -0.079609 -0.060517 0.000000
vn -0.079609 -0.060517 0.000000
vn -0.090758 -0.041989 0.000000
vn -0.090758 -0.041989 0.000000
vn -0.000000 0.100000 -0.000000
vn -0.000000 0.100000 -0.000000
vn -0.000000 0.100000 -0.000000
vn -0.000000 0.100000 -0.000000
vn -0.000000 0.100000 -0.000000
vn -0.000000 0.100000 -0.000000
vn -0.000000 0.100000 -0.000000
vn -0.000000 0.100000 -0.000000
vn -0.000000 0.100000 -0.000000
vn -0.000000 0.100000 -0.000000
vn -0.000000 0.100000 -0.000000
vn -0.000000 0.100000 -0.000000
vn -0.000000 0.100000 -0.000000
vn -0.000000 0.100000 -0.000000
vn -0.000000 0.100000 -0.000000
vn -0.000000 0.100000 -0.000000
vn -0.000000 0.100000 -0.000000
vn -0.000000 0.100000 -0.000000
vn -0.000000 0.100000 -0.000000
vn -0.000000 0.100000 -0.000000
vn -0.000000 0.100000 -0.000000
vn -0.000000 0.100000 -0.000000
vn -0.000000 0.100000 -0.000000
vn -0.000000 0.100000 -0.000000
vn -0.000000 0.100000 -0.000000
vn -0.000000 0.100000 -0.000000
vn -0.000000 0.100000 -0.000000
vn -0.000000 0.100000 -0.000000
vn -0.000000 0.100000 -0.000000
vn -0.000000 0.100000 -0.000000
vn -0.000000 0.100000 -0.000000
vn -0.000000 0.100000 -0.000000
vn -0.000000 0.100000 -0.000000
vn -0.000000 0.100000 -0.000000
vn -0.000000 0.100000 -0.000000
vn -0.000000 0.100000 -0.000000
vn -0.000000 0.100000 -0.000000
vn -0.000000 0.100000 -0.000000
vn -0.000000 0.100000 -0.000000
vn -0.000000 0.100000 -0.000000
vn -0.000000 0.100000 -0.000000
vn -0.000000 0.100000 -0.000000
vn -0.000000 0.100000 -0.000000
vn -0.000000 0.100000 -0.000000
vn -0.000000 0.100000 -0.000000
vn -0.000000 0.100000 -0.000000
vn -0.000000 0.100000 -0.000000
vn -0.000000 0.100000 -0.000000
vn -0.000000 0.100000 -0.000000
vn -0.000000 0.100000 -0.000000
vn -0.000000 0.100000 -0.000000
vn 0.096588 0.000000 -0.025900
vn 0.096588 0.000000 -0.025900
vn 0.093356 0.000000 -0.035843
vn 0.093356 0.000000 -0.035843
vn 0.089103 0.000000 -0.045394
vn 0.083877 0.000000 -0.054448
vn 0.083877 0.000000 -0.054448
vn 0.089103 0.000000 -0.045394
vn -0.096588 0.000000 0.025900
vn -0.096588 0.000000 0.025900
vn -0.088794 0.000000 0.045996
vn -0.088794 0.000000 0.045996
vn -0.076875 0.000000 0.063955
vn -0.076875 0.000000 0.063955
vn -0.061385 0.000000 0.078942
vn -0.061385 0.000000 0.078942
vn -0.043043 0.000000 0.090263
vn -0.043043 0.000000 0.090263
vn -0.022701 0.000000 0.097389
vn -0.022701 0.000000 0.097389
vn -0.001304 0.000000 0.099991
vn -0.001304 0.000000 0.099991
vn 0.020153 0.000000 0.097948
vn 0.020153 0.000000 0.097948
vn 0.040674 0.000000 0.091355
vn 0.040674 0.000000 0.091355
vn 0.059305 0.000000 0.080517
vn 0.059305 0.000000 0.080517
vn 0.075181 0.000000 0.065938
vn 0.075181 0.000000 0.065938
vn 0.087564 0.000000 0.048296
vn 0.087564 0.000000 0.048296
vn 0.095879 0.000000 0.028410
vn 0.095879 0.000000 0.028410
vn 0.099740 0.000000 0.007205
vn 0.099740 0.000000 0.007205
vn 0.098967 0.000000 -0.014335
vn 0.098967 0.000000 -0.014335
vn 0.093596 0.000000 -0.035210
vn 0.093596 0.000000 -0.035210
vn 0.083877 0.000000 -0.054448
vn 0.083877 0.000000 -0.054448
vn -0.096588 0.000000 0.025900
vn -0.096588 0.000000 0.025900
vn -0.093356 0.000000 0.035843
vn -0.093356 0.000000 0.035843
vn -0.089103 0.000000 0.045394
vn -0.083877 0.000000 0.054448
vn -0.083877 0.000000 0.054448
vn -0.089103 0.000000 0.045394
vn 0.096588 0.000000 -0.025900
vn 0.096588 0.000000 -0.025900
vn 0.088794 0.000000 -0.045996
vn 0.088794 0.000000 -0.045996
vn 0.076875 0.000000 -0.063955
vn 0.076875 0.000000 -0.063955
vn 0.061385 0.000000 -0.078942
vn 0.061385 0.000000 -0.078942
vn 0.043043 0.000000 -0.090263
vn 0.043043 0.000000 -0.090263
vn 0.022701 0.000000 -0.097389
vn 0.022701 0.000000 -0.097389
vn 0.001304 0.000000 -0.099991
vn 0.001304 0.000000 -0.099991
vn -0.020153 0.000000 -0.097948
vn -0.020153 0.000000 -0.097948
vn -0.040674 0.000000 -0.091355
vn -0.040674 0.000000 -0.091355
vn -0.059305 0.000000 -0.080517
vn -0.059305 0.000000 -0.080517
vn -0.075181 0.000000 -0.065938
vn -0.075181 0.000000 -0.065938
vn -0.087564 0.000000 -0.048296
vn -0.087564 0.000000 -0.048296
vn -0.095879 0.000000 -0.028410
vn -0.095879 0.000000 -0.028410
vn -0.099740 0.000000 -0.007205
vn -0.099740 0.000000 -0.007205
vn -0.098967 0.000000 0.014335
vn -0.098967 0.000000 0.014335
vn -0.093596 0.000000 0.035210
vn -0.093596 0.000000 0.035210
vn -0.083877 0.000000 0.054448
vn -0.083877 0.000000 0.054448
vn 0.099561 0.000000 0.009364
vn 0.099561 0.000000 0.009364
vn 0.100000 0.000000 0.000000
vn 0.100000 0.000000 0.000000
vn 0.099561 0.000000 -0.009364
vn 0.099561 0.000000 -0.009364
vn 0.098246 0.000000 -0.018646
vn 0.098246 0.000000 -0.018646
vn 0.096069 0.000000 -0.027764
vn 0.096069 0.000000 -0.027764
vn 0.093047 0.000000 -0.036638
vn 0.093047 0.000000 -0.036638
vn 0.089207 0.000000 -0.045190
vn 0.089207 0.000000 -0.045190
vn 0.084583 0.000000 -0.053345
vn 0.084583 0.000000 -0.053345
vn 0.079216 0.000000 -0.061031
vn 0.079216 0.000000 -0.061031
vn 0.073153 0.000000 -0.068181
vn 0.073153 0.000000 -0.068181
vn 0.066447 0.000000 -0.074731
vn 0.066447 0.000000 -0.074731
vn 0.059157 0.000000 -0.080625
vn 0.059157 0.000000 -0.080625
vn 0.051347 0.000000 -0.085811
vn 0.051347 0.000000 -0.085811
vn 0.043086 0.000000 -0.090242
vn 0.043086 0.000000 -0.090242
vn 0.034447 0.000000 -0.093880
vn 0.034447 0.000000 -0.093880
vn 0.025504 0.000000 -0.096693
vn 0.025504 0.000000 -0.096693
vn 0.016338 0.000000 -0.098656
vn 0.016338 0.000000 -0.098656
vn 0.007028 0.000000 -0.099753
vn 0.007028 0.000000 -0.099753
vn -0.002344 0.000000 -0.099973
vn -0.002344 0.000000 -0.099973
vn -0.011696 0.000000 -0.099314
vn -0.011696 0.000000 -0.099314
vn -0.020944 0.000000 -0.097782
vn -0.020944 0.000000 -0.097782
vn -0.030008 0.000000 -0.095391
vn -0.030008 0.000000 -0.095391
vn -0.038809 0.000000 -0.092162
vn -0.038809 0.000000 -0.092162
vn -0.047269 0.000000 -0.088123
vn -0.047269 0.000000 -0.088123
vn -0.055313 0.000000 -0.083309
vn -0.055313 0.000000 -0.083309
vn -0.062871 0.000000 -0.077764
vn -0.062871 0.000000 -0.077764
vn -0.069877 0.000000 -0.071535
vn -0.069877 0.000000 -0.071535
vn -0.076269 0.000000 -0.064677
vn -0.076269 0.000000 -0.064677
vn -0.081990 0.000000 -0.057251
vn -0.081990 0.000000 -0.057251
vn -0.086991 0.000000 -0.049322
vn -0.086991 0.000000 -0.049322
vn -0.091227 0.000000 -0.040959
vn -0.091227 0.000000 -0.040959
vn -0.094662 0.000000 -0.032236
vn -0.094662 0.000000 -0.032236
vn -0.097264 0.000000 -0.023231
vn -0.097264 0.000000 -0.023231
vn -0.099012 0.000000 -0.014020
vn -0.099012 0.000000 -0.014020
vn -0.099890 0.000000 -0.004687
vn -0.099890 0.000000 -0.004687
vn -0.099890 0.000000 0.004687
vn -0.099890 0.000000 0.004687
vn -0.099012 0.000000 0.014020
vn -0.099012 0.000000 0.014020
vn -0.097264 0.000000 0.023231
vn -0.097264 0.000000 0.023231
vn -0.094662 0.000000 0.032236
vn -0.094662 0.000000 0.032236
vn -0.091227 0.000000 0.040959
vn -0.091227 0.000000 0.040959
vn -0.086991 0.000000 0.049322
vn -0.086991 0.000000 0.049322
vn -0.081990 0.000000 0.057251
vn -0.081990 0.000000 0.057251
vn -0.076269 0.000000 0.064677
vn -0.076269 0.000000 0.064677
vn -0.069877 0.000000 0.071535
vn -0.069877 0.000000 0.071535
vn -0.062871 0.000000 0.077764
vn -0.062871 0.000000 0.077764
vn -0.055313 0.000000 0.083309
vn -0.055313 0.000000 0.083309
vn -0.047269 0.000000 0.088123
vn -0.047269 0.000000 0.088123
vn -0.038809 0.000000 0.092162
vn -0.038809 0.000000 0.092162
vn -0.030008 0.000000 0.095391
vn -0.030008 0.000000 0.095391
vn -0.020944 0.000000 0.097782
vn -0.020944 0.000000 0.097782
vn -0.011696 0.000000 0.099314
vn -0.011696 0.000000 0.099314
vn -0.002344 0.000000 0.099973
vn -0.002344 0.000000 0.099973
vn 0.007028 0.000000 0.099753
vn 0.007028 0.000000 0.099753
vn 0.016338 0.000000 0.098656
vn 0.016338 0.000000 0.098656
vn 0.025504 0.000000 0.096693
vn 0.025504 0.000000 0.096693
vn 0.034447 0.000000 0.093880
vn 0.034447 0.000000 0.093880
vn 0.043086 0.000000 0.090242
vn 0.043086 0.000000 0.090242
vn 0.051347 0.000000 0.085811
vn 0.051347 0.000000 0.085811
vn 0.059157 0.000000 0.080625
vn 0.059157 0.000000 0.080625
vn 0.066447 0.000000 0.074731
vn 0.066447 0.000000 0.074731
vn 0.073153 0.000000 0.068181
vn 0.073153 0.000000 0.068181
vn 0.079216 0.000000 0.061031
vn 0.079216 0.000000 0.061031
vn 0.084583 0.000000 0.053345
vn 0.084583 0.000000 0.053345
vn 0.089207 0.000000 0.045190
vn 0.089207 0.000000 0.045190
vn 0.093047 0.000000 0.036638
vn 0.093047 0.000000 0.036638
vn 0.096069 0.000000 0.027764
vn 0.096069 0.000000 0.027764
vn 0.098246 0.000000 0.018646
vn 0.098246 0.000000 0.018646
vn 0.097662 0.000000 0.021497
vn 0.097662 0.000000 0.021497
vn 0.100000 0.000000 0.000000
vn 0.100000 0.000000 0.000000
vn 0.097662 0.000000 -0.021497
vn 0.097662 0.000000 -0.021497
vn 0.090758 0.000000 -0.041989
vn 0.090758 0.000000 -0.041989
vn 0.079609 0.000000 -0.060517
vn 0.079609 0.000000 -0.060517
vn 0.064739 0.000000 -0.076216
vn 0.064739 0.000000 -0.076216
vn 0.046841 0.000000 -0.088351
vn 0.046841 0.000000 -0.088351
vn 0.026753 0.000000 -0.096355
vn 0.026753 0.000000 -0.096355
vn 0.005414 0.000000 -0.099853
vn 0.005414 0.000000 -0.099853
vn -0.016178 0.000000 -0.098683
vn -0.016178 0.000000 -0.098683
vn -0.037014 0.000000 -0.092898
vn -0.037014 0.000000 -0.092898
vn -0.056119 0.000000 -0.082769
vn -0.056119 0.000000 -0.082769
vn -0.072600 0.000000 -0.068770
vn -0.072600 0.000000 -0.068770
vn -0.085686 0.000000 -0.051555
vn -0.085686 0.000000 -0.051555
vn -0.094765 0.000000 -0.031930
vn -0.094765 0.000000 -0.031930
vn -0.099414 0.000000 -0.010812
vn -0.099414 0.000000 -0.010812
vn -0.099414 0.000000 0.010812
vn -0.099414 0.000000 0.010812
vn -0.094765 0.000000 0.031930
vn -0.094765 0.000000 0.031930
vn -0.085686 0.000000 0.051555
vn -0.085686 0.000000 0.051555
vn -0.072600 0.000000 0.068770
vn -0.072600 0.000000 0.068770
vn -0.056119 0.000000 0.082769
vn -0.056119 0.000000 0.082769
vn -0.037014 0.000000 0.092898
vn -0.037014 0.000000 0.092898
vn -0.016178 0.000000 0.098683
vn -0.016178 0.000000 0.098683
vn 0.005414 0.000000 0.099853
vn 0.005414 0.000000 0.099853
vn 0.026753 0.000000 0.096355
vn 0.026753 0.000000 0.096355
vn 0.046841 0.000000 0.088351
vn 0.046841 0.000000 0.088351
vn 0.064739 0.000000 0.076216
vn 0.064739 0.000000 0.076216
vn 0.079609 0.000000 0.060517
vn 0.079609 0.000000 0.060517
vn 0.090758 0.000000 0.041989
vn 0.090758 0.000000 0.041989
vn 0.098769 0.000000 0.015643
vn 0.098769 0.000000 0.015643
vn 0.100000 0.000000 0.000000
vn 0.100000 0.000000 0.000000
vn 0.098769 0.000000 -0.015643
vn 0.098769 0.000000 -0.015643
vn 0.095106 0.000000 -0.030902
vn 0.095106 0.000000 -0.030902
vn 0.089101 0.000000 -0.045399
vn 0.089101 0.000000 -0.045399
vn 0.080902 0.000000 -0.058779
vn 0.080902 0.000000 -0.058779
vn 0.070711 0.000000 -0.070711
vn 0.070711 0.000000 -0.070711
vn 0.058779 0.000000 -0.080902
vn 0.058779 0.000000 -0.080902
vn 0.045399 0.000000 -0.089101
vn 0.045399 0.000000 -0.089101
vn 0.030902 0.000000 -0.095106
vn 0.030902 0.000000 -0.095106
vn 0.015643 0.000000 -0.098769
vn 0.015643 0.000000 -0.098769
vn -0.000000 0.000000 -0.100000
vn -0.000000 0.000000 -0.100000
vn -0.015643 0.000000 -0.098769
vn -0.015643 0.000000 -0.098769
vn -0.030902 0.000000 -0.095106
vn -0.030902 0.000000 -0.095106
vn -0.045399 0.000000 -0.089101
vn -0.045399 0.000000 -0.089101
vn -0.058779 0.000000 -0.080902
vn -0.058779 0.000000 -0.080902
vn -0.070711 0.000000 -0.070711
vn -0.070711 0.000000 -0.070711
vn -0.080902 0.000000 -0.058779
vn -0.080902 0.000000 -0.058779
vn -0.089101 0.000000 -0.045399
vn -0.089101 0.000000 -0.045399
vn -0.095106 0.000000 -0.030902
vn -0.095106 0.000000 -0.030902
vn -0.098769 0.000000 -0.015643
vn -0.098769 0.000000 -0.015643
vn -0.100000 0.000000 0.000000
vn -0.100000 0.000000 0.000000
vn -0.098769 0.000000 0.015643
vn -0.098769 0.000000 0.015643
vn -0.095106 0.000000 0.030902
vn -0.095106 0.000000 0.030902
vn -0.089101 0.000000 0.045399
vn -0.089101 0.000000 0.045399
vn -0.080902 0.000000 0.058779
vn -0.080902 0.000000 0.058779
vn -0.070711 0.000000 0.070711
vn -0.070711 0.000000 0.070711
vn -0.058779 0.000000 0.080902
vn -0.058779 0.000000 0.080902
vn -0.045399 0.000000 0.089101
vn -0.045399 0.000000 0.089101
vn -0.030902 0.000000 0.095106
vn -0.030902 0.000000 0.095106
vn -0.015643 0.000000 0.098769
vn -0.015643 0.000000 0.098769
vn -0.000000 0.000000 0.100000
vn -0.000000 0.000000 0.100000
vn 0.015643 0.000000 0.098769
vn 0.015643 0.000000 0.098769
vn 0.030902 0.000000 0.095106
vn 0.030902 0.000000 0.095106
vn 0.045399 0.000000 0.089101
vn 0.045399 0.000000 0.089101
vn 0.058779 0.000000 0.080902
vn 0.058779 0.000000 0.080902
vn 0.070711 0.000000 0.070711
vn 0.070711 0.000000 0.070711
vn 0.080902 0.000000 0.058779
vn 0.080902 0.000000 0.058779
vn 0.089101 0.000000 0.045399
vn 0.089101 0.000000 0.045399
vn 0.095106 0.000000 0.030902
vn 0.095106 0.000000 0.030902
vn -0.092204 0.000000 -0.038710
vn -0.092204 0.000000 -0.038710
vn -0.081918 0.000000 -0.057353
vn -0.081918 0.000000 -0.057353
vn -0.067919 0.000000 -0.073396
vn -0.067919 0.000000 -0.073396
vn -0.050840 0.000000 -0.086112
vn -0.050840 0.000000 -0.086112
vn -0.031456 0.000000 -0.094924
vn -0.031456 0.000000 -0.094924
vn -0.010646 0.000000 -0.099432
vn -0.010646 0.000000 -0.099432
vn 0.010646 0.000000 -0.099432
vn 0.010646 0.000000 -0.099432
vn 0.031456 0.000000 -0.094924
vn 0.031456 0.000000 -0.094924
vn 0.050840 0.000000 -0.086112
vn 0.050840 0.000000 -0.086112
vn 0.067919 0.000000 -0.073396
vn 0.067919 0.000000 -0.073396
vn 0.081918 0.000000 -0.057353
vn 0.081918 0.000000 -0.057353
vn 0.092204 0.000000 -0.038710
vn 0.092204 0.000000 -0.038710
vn 0.000000 0.000000 -0.100000
vn 0.000000 0.000000 -0.100000
vn 0.000000 0.000000 -0.100000
vn 0.000000 0.000000 -0.100000
vn -0.100000 0.000000 0.000000
vn -0.100000 0.000000 0.000000
vn -0.100000 0.000000 0.000000
vn -0.100000 0.000000 0.000000
vn -0.100000 0.000000 0.000000
vn -0.100000 0.000000 0.000000
vn -0.100000 0.000000 0.000000
vn -0.100000 0.000000 0.000000
vn -0.100000 0.000000 0.000000
vn -0.074675 0.000000 0.066510
vn -0.074675 0.000000 0.066510
vn -0.074675 0.000000 0.066510
vn -0.074675 0.000000 0.066510
vn -0.074675 0.000000 0.066510
vn -0.074675 0.000000 0.066510
vn -0.074675 0.000000 0.066510
vn -0.074675 0.000000 0.066510
vn -0.074675 0.000000 0.066510
vn -0.074675 0.000000 0.066510
vn -0.074675 0.000000 0.066510
vn -0.074675 0.000000 0.066510
vn -0.074675 0.000000 0.066510
vn -0.074675 0.000000 0.066510
vn -0.074675 0.000000 0.066510
vn -0.074675 0.000000 0.066510
vn -0.074675 0.000000 0.066510
vn -0.074675 0.000000 0.066510
vn -0.074675 0.000000 0.066510
vn -0.074675 0.000000 0.066510
vn -0.074675 0.000000 0.066510
vn -0.097899 0.000000 0.020391
vn -0.097899 0.000000 0.020391
vn -0.097899 0.000000 0.020391
vn -0.097899 0.000000 0.020391
vn -0.097899 0.000000 0.020391
vn -0.097899 0.000000 0.020391
vn -0.097899 0.000000 0.020391
vn -0.099060 0.000000 0.013678
vn -0.099060 0.000000 0.013678
vn -0.099943 0.000000 0.003370
vn -0.099943 0.000000 0.003370
vn -0.099756 0.000000 -0.006975
vn -0.099756 0.000000 -0.006975
vn -0.098502 0.000000 -0.017245
vn -0.098502 0.000000 -0.017245
vn -0.096193 0.000000 -0.027330
vn -0.096193 0.000000 -0.027330
vn -0.092854 0.000000 -0.037123
vn -0.092854 0.000000 -0.037123
vn -0.099577 0.000000 -0.009190
vn -0.099577 0.000000 -0.009190
vn -0.098781 0.000000 -0.015567
vn -0.098781 0.000000 -0.015567
vn -0.097577 0.000000 -0.021880
vn -0.097577 0.000000 -0.021880
vn -0.095970 0.000000 -0.028102
vn -0.095970 0.000000 -0.028102
vn -0.093967 0.000000 -0.034209
vn -0.093967 0.000000 -0.034209
vn -0.091575 0.000000 -0.040174
vn -0.091575 0.000000 -0.040174
vn -0.090821 0.000000 -0.041851
vn -0.090821 0.000000 -0.041851
vn -0.090821 0.000000 -0.041851
vn -0.090821 0.000000 -0.041851
vn 0.022461 0.000000 0.097445
vn 0.022461 0.000000 0.097445
vn 0.006727 0.000000 0.099774
vn 0.006727 0.000000 0.099774
vn -0.009178 0.000000 0.099578
vn -0.009178 0.000000 0.099578
vn -0.024850 0.000000 0.096863
vn -0.024850 0.000000 0.096863
vn -0.039894 0.000000 0.091698
vn -0.039894 0.000000 0.091698
vn -0.053928 0.000000 0.084213
vn -0.053928 0.000000 0.084213
vn -0.066598 0.000000 0.074597
vn -0.066598 0.000000 0.074597
vn -0.077583 0.000000 0.063094
vn -0.077583 0.000000 0.063094
vn -0.086606 0.000000 0.049995
vn -0.086606 0.000000 0.049995
vn -0.093437 0.000000 0.035631
vn -0.093437 0.000000 0.035631
vn -0.097904 0.000000 0.020365
vn -0.097904 0.000000 0.020365
vn -0.099895 0.000000 0.004585
vn -0.099895 0.000000 0.004585
vn -0.099358 0.000000 -0.011312
vn -0.099358 0.000000 -0.011312
vn -0.096308 0.000000 -0.026922
vn -0.096308 0.000000 -0.026922
vn 0.022461 0.000000 0.097445
vn 0.022461 0.000000 0.097445
vn 0.049842 0.000000 0.086694
vn 0.049842 0.000000 0.086694
vn 0.049842 0.000000 0.086694
vn 0.049842 0.000000 0.086694
vn 0.097373 0.000000 0.022769
vn 0.097373 0.000000 0.022769
vn 0.093557 0.000000 0.035313
vn 0.093557 0.000000 0.035313
vn 0.088133 0.000000 0.047250
vn 0.088133 0.000000 0.047250
vn 0.081194 0.000000 0.058375
vn 0.081194 0.000000 0.058375
vn 0.072858 0.000000 0.068496
vn 0.072858 0.000000 0.068496
vn 0.063270 0.000000 0.077439
vn 0.063270 0.000000 0.077439
vn 0.052595 0.000000 0.085052
vn 0.052595 0.000000 0.085052
vn 0.041015 0.000000 0.091202
vn 0.041015 0.000000 0.091202
vn 0.097373 0.000000 0.022769
vn 0.097373 0.000000 0.022769
vn 0.097373 0.000000 0.022769
vn 0.097373 0.000000 0.022769
vn 0.097373 0.000000 0.022769
vn 0.100000 0.000000 -0.000045
vn 0.100000 0.000000 -0.000045
vn 0.100000 0.000000 -0.000045
vn 0.100000 0.000000 -0.000045
vn 0.100000 0.000000 -0.000045
vn 0.000000 0.000000 -0.100000
vn 0.000000 0.000000 -0.100000
vn 0.000000 0.000000 -0.100000
vn 0.000000 0.000000 -0.100000
vn 0.000000 0.000000 -0.100000
vn 0.000000 0.000000 -0.100000
vn 0.000000 0.000000 -0.100000
vn 0.000000 0.000000 -0.100000
usemtl Plastic_-_Matte_(Green)
f 14/1/1 1/2/2 13/3/3
f 13/3/3 1/2/2 2/4/4
f 13/3/3 2/4/4 12/5/5
f 12/5/5 2/4/4 3/6/6
f 12/5/5 3/6/6 11/7/7
f 11/7/7 3/6/6 4/8/8
f 11/7/7 4/8/8 10/9/9
f 10/9/9 4/8/8 5/10/10
f 10/9/9 5/10/10 9/11/11
f 9/11/11 5/10/10 6/12/12
f 9/11/11 6/12/12 8/13/13
f 8/13/13 6/12/12 7/14/14
f 30/15/15 15/16/16 29/17/17
f 29/17/17 15/16/16 16/18/18
f 29/17/17 16/18/18 17/19/19
f 29/17/17 17/19/19 28/20/20
f 28/20/20 17/19/19 18/21/21
f 28/20/20 18/21/21 27/22/22
f 27/22/22 18/21/21 19/23/23
f 27/22/22 19/23/23 26/24/24
f 26/24/24 19/23/23 20/25/25
f 26/24/24 20/25/25 25/26/26
f 25/26/26 20/25/25 21/27/27
f 25/26/26 21/27/27 24/28/28
f 24/28/28 21/27/27 23/29/29
f 23/29/29 21/27/27 22/30/30
f 31/31/31 32/32/32 34/33/33
f 34/33/33 32/32/32 33/34/34
f 35/35/35 31/36/36 36/37/37
f 36/37/37 31/36/36 34/38/38
f 38/39/39 39/40/40 37/41/41
f 37/41/41 39/40/40 40/42/42
f 32/43/43 41/44/44 33/45/45
f 33/45/45 41/44/44 42/46/46
f 42/47/47 39/48/48 33/49/49
f 33/49/49 39/48/48 38/50/50
f 33/49/49 38/50/50 34/51/51
f 34/51/51 38/50/50 36/52/52
f 39/53/53 42/54/54 43/55/55
f 43/55/55 42/54/54 30/56/56
f 30/56/56 42/54/54 15/57/57
f 15/57/57 42/54/54 41/58/58
f 44/59/59 311/60/60 35/61/61
f 35/61/61 311/60/60 312/62/62
f 35/61/61 312/62/62 37/63/63
f 311/60/60 44/59/59 310/64/64
f 310/64/64 44/59/59 45/65/65
f 310/64/64 45/65/65 14/66/66
f 310/64/64 14/66/66 309/67/67
f 309/67/67 14/66/66 13/68/68
f 309/67/67 13/68/68 15/69/69
f 15/69/69 13/68/68 16/70/70
f 16/70/70 13/68/68 12/71/71
f 16/70/70 12/71/71 197/72/72
f 197/72/72 12/71/71 11/73/73
f 197/72/72 11/73/73 196/74/74
f 196/74/74 11/73/73 10/75/75
f 196/74/74 10/75/75 195/76/76
f 195/76/76 10/75/75 9/77/77
f 195/76/76 9/77/77 194/78/78
f 194/78/78 9/77/77 8/79/79
f 194/78/78 8/79/79 193/80/80
f 193/80/80 8/79/79 46/81/81
f 193/80/80 46/81/81 50/82/82
f 50/82/82 46/81/81 49/83/83
f 49/83/83 46/81/81 47/84/84
f 49/83/83 47/84/84 48/85/85
f 50/82/82 51/86/86 193/80/80
f 193/80/80 51/86/86 192/87/87
f 192/87/87 51/86/86 52/88/88
f 192/87/87 52/88/88 191/89/89
f 191/89/89 52/88/88 53/90/90
f 191/89/89 53/90/90 54/91/91
f 191/89/89 54/91/91 190/92/92
f 190/92/92 54/91/91 55/93/93
f 190/92/92 55/93/93 56/94/94
f 190/92/92 56/94/94 189/95/95
f 189/95/95 56/94/94 57/96/96
f 189/95/95 57/96/96 188/97/97
f 188/97/97 57/96/96 187/98/98
f 187/98/98 57/96/96 58/99/99
f 187/98/98 58/99/99 186/100/100
f 186/100/100 58/99/99 59/101/101
f 186/100/100 59/101/101 185/102/102
f 185/102/102 59/101/101 62/103/103
f 185/102/102 62/103/103 63/104/104
f 59/101/101 60/105/105 62/103/103
f 62/103/103 60/105/105 61/106/106
f 63/104/104 64/107/107 185/102/102
f 185/102/102 64/107/107 184/108/108
f 184/108/108 64/107/107 65/109/109
f 184/108/108 65/109/109 183/110/110
f 183/110/110 65/109/109 66/111/111
f 183/110/110 66/111/111 67/112/112
f 68/113/113 251/114/114 67/112/112
f 67/112/112 251/114/114 252/115/115
f 67/112/112 252/115/115 253/116/116
f 69/117/117 248/118/118 68/113/113
f 68/113/113 248/118/118 249/119/119
f 68/113/113 249/119/119 250/120/120
f 248/118/118 69/117/117 247/121/121
f 247/121/121 69/117/117 70/122/122
f 247/121/121 70/122/122 71/123/123
f 247/121/121 71/123/123 246/124/124
f 246/124/124 71/123/123 72/125/125
f 246/124/124 72/125/125 73/126/126
f 246/124/124 73/126/126 245/127/127
f 245/127/127 73/126/126 74/128/128
f 245/127/127 74/128/128 244/129/129
f 244/129/129 74/128/128 75/130/130
f 244/129/129 75/130/130 243/131/131
f 243/131/131 75/130/130 76/132/132
f 243/131/131 76/132/132 77/133/133
f 243/131/131 77/133/133 242/134/134
f 242/134/134 77/133/133 78/135/135
f 242/134/134 78/135/135 241/136/136
f 241/136/136 78/135/135 79/137/137
f 241/136/136 79/137/137 240/138/138
f 240/138/138 79/137/137 80/139/139
f 240/138/138 80/139/139 268/140/140
f 268/140/140 80/139/139 81/141/141
f 268/140/140 81/141/141 267/142/142
f 267/142/142 81/141/141 82/143/143
f 267/142/142 82/143/143 266/144/144
f 266/144/144 82/143/143 265/145/145
f 265/145/145 82/143/143 264/146/146
f 264/146/146 82/143/143 263/147/147
f 263/147/147 82/143/143 83/148/148
f 263/147/147 83/148/148 262/149/149
f 262/149/149 83/148/148 261/150/150
f 261/150/150 83/148/148 260/151/151
f 260/151/151 83/148/148 176/152/152
f 260/151/151 176/152/152 259/153/153
f 259/153/153 176/152/152 177/154/154
f 259/153/153 177/154/154 258/155/155
f 258/155/155 177/154/154 178/156/156
f 258/155/155 178/156/156 257/157/157
f 257/157/157 178/156/156 67/112/112
f 257/157/157 67/112/112 256/158/158
f 256/158/158 67/112/112 255/159/159
f 255/159/159 67/112/112 254/160/160
f 254/160/160 67/112/112 253/116/116
f 84/161/161 277/162/162 83/148/148
f 83/148/148 277/162/162 238/163/163
f 83/148/148 238/163/163 239/164/164
f 277/162/162 84/161/161 276/165/165
f 276/165/165 84/161/161 85/166/166
f 276/165/165 85/166/166 275/167/167
f 275/167/167 85/166/166 86/168/168
f 275/167/167 86/168/168 274/169/169
f 274/169/169 86/168/168 273/170/170
f 273/170/170 86/168/168 87/171/171
f 273/170/170 87/171/171 272/172/172
f 272/172/172 87/171/171 88/173/173
f 272/172/172 88/173/173 271/174/174
f 271/174/174 88/173/173 270/175/175
f 270/175/175 88/173/173 89/176/176
f 270/175/175 89/176/176 269/177/177
f 269/177/177 89/176/176 90/178/178
f 269/177/177 90/178/178 308/179/179
f 308/179/179 90/178/178 91/180/180
f 308/179/179 91/180/180 307/181/181
f 307/181/181 91/180/180 92/182/182
f 307/181/181 92/182/182 306/183/183
f 306/183/183 92/182/182 93/184/184
f 306/183/183 93/184/184 305/185/185
f 305/185/185 93/184/184 304/186/186
f 304/186/186 93/184/184 94/187/187
f 304/186/186 94/187/187 303/188/188
f 303/188/188 94/187/187 302/189/189
f 302/189/189 94/187/187 301/190/190
f 301/190/190 94/187/187 97/191/191
f 301/190/190 97/191/191 300/192/192
f 300/192/192 97/191/191 299/193/193
f 299/193/193 97/191/191 298/194/194
f 298/194/194 97/191/191 108/195/195
f 298/194/194 108/195/195 297/196/196
f 297/196/196 108/195/195 296/197/197
f 296/197/197 108/195/195 109/198/198
f 296/197/197 109/198/198 295/199/199
f 295/199/199 109/198/198 294/200/200
f 294/200/200 109/198/198 225/201/201
f 294/200/200 225/201/201 226/202/202
f 94/187/187 95/203/203 97/191/191
f 97/191/191 95/203/203 96/204/204
f 98/205/205 99/206/206 97/191/191
f 97/191/191 99/206/206 100/207/207
f 97/191/191 100/207/207 101/208/208
f 101/208/208 102/209/209 97/191/191
f 97/191/191 102/209/209 103/210/210
f 97/191/191 103/210/210 108/195/195
f 108/195/195 103/210/210 104/211/211
f 108/195/195 104/211/211 105/212/212
f 105/212/212 106/213/213 108/195/195
f 108/195/195 106/213/213 107/214/214
f 110/215/215 111/216/216 109/198/198
f 109/198/198 111/216/216 112/217/217
f 109/198/198 112/217/217 222/218/218
f 222/218/218 112/217/217 221/219/219
f 221/219/219 112/217/217 220/220/220
f 220/220/220 112/217/217 219/221/221
f 219/221/221 112/217/217 218/222/222
f 218/222/222 112/217/217 217/223/223
f 217/223/223 112/217/217 165/224/224
f 217/223/223 165/224/224 166/225/225
f 113/226/226 114/227/227 112/217/217
f 112/217/217 114/227/227 162/228/228
f 112/217/217 162/228/228 163/229/229
f 115/230/230 158/231/231 114/227/227
f 114/227/227 158/231/231 159/232/232
f 114/227/227 159/232/232 160/233/233
f 116/234/234 117/235/235 115/230/230
f 115/230/230 117/235/235 118/236/236
f 115/230/230 118/236/236 158/231/231
f 158/231/231 118/236/236 157/237/237
f 157/237/237 118/236/236 156/238/238
f 156/238/238 118/236/236 155/239/239
f 155/239/239 118/236/236 119/240/240
f 155/239/239 119/240/240 153/241/241
f 153/241/241 119/240/240 152/242/242
f 152/242/242 119/240/240 151/243/243
f 151/243/243 119/240/240 150/244/244
f 150/244/244 119/240/240 149/245/245
f 149/245/245 119/240/240 148/246/246
f 148/246/246 119/240/240 147/247/247
f 147/247/247 119/240/240 120/248/248
f 147/247/247 120/248/248 121/249/249
f 147/247/247 121/249/249 146/250/250
f 146/250/250 121/249/249 122/251/251
f 146/250/250 122/251/251 145/252/252
f 145/252/252 122/251/251 123/253/253
f 145/252/252 123/253/253 144/254/254
f 144/254/254 123/253/253 124/255/255
f 144/254/254 124/255/255 143/256/256
f 143/256/256 124/255/255 125/257/257
f 143/256/256 125/257/257 126/258/258
f 127/259/259 139/260/260 126/258/258
f 126/258/258 139/260/260 140/261/261
f 126/258/258 140/261/261 141/262/262
f 128/263/263 208/264/264 127/259/259
f 127/259/259 208/264/264 209/265/265
f 127/259/259 209/265/265 210/266/266
f 208/264/264 128/263/263 207/267/267
f 207/267/267 128/263/263 129/268/268
f 207/267/267 129/268/268 206/269/269
f 206/269/269 129/268/268 130/270/270
f 206/269/269 130/270/270 205/271/271
f 205/271/271 130/270/270 131/272/272
f 205/271/271 131/272/272 204/273/273
f 204/273/273 131/272/272 132/274/274
f 204/273/273 132/274/274 133/275/275
f 204/273/273 133/275/275 203/276/276
f 203/276/276 133/275/275 134/277/277
f 203/276/276 134/277/277 202/278/278
f 202/278/278 134/277/277 22/279/279
f 202/278/278 22/279/279 201/280/280
f 201/280/280 22/279/279 21/281/281
f 201/280/280 21/281/281 200/282/282
f 200/282/282 21/281/281 20/283/283
f 200/282/282 20/283/283 19/284/284
f 200/282/282 19/284/284 199/285/285
f 199/285/285 19/284/284 18/286/286
f 199/285/285 18/286/286 198/287/287
f 198/287/287 18/286/286 17/288/288
f 198/287/287 17/288/288 197/72/72
f 197/72/72 17/288/288 16/70/70
f 15/69/69 41/289/289 309/67/67
f 309/67/67 41/289/289 40/290/290
f 40/290/290 41/289/289 32/291/291
f 40/290/290 32/291/291 31/292/292
f 40/290/290 31/292/292 37/63/63
f 37/63/63 31/292/292 35/61/61
f 135/293/293 136/294/294 172/295/295
f 172/295/295 136/294/294 212/296/296
f 172/295/295 212/296/296 213/297/297
f 212/296/296 136/294/294 127/259/259
f 127/259/259 136/294/294 137/298/298
f 127/259/259 137/298/298 138/299/299
f 138/299/299 139/260/260 127/259/259
f 141/262/262 142/300/300 126/258/258
f 126/258/258 142/300/300 143/256/256
f 153/241/241 154/301/301 155/239/239
f 160/233/233 161/302/302 114/227/227
f 114/227/227 161/302/302 162/228/228
f 163/229/229 164/303/303 112/217/217
f 112/217/217 164/303/303 165/224/224
f 217/223/223 166/225/225 216/304/304
f 216/304/304 166/225/225 167/305/305
f 216/304/304 167/305/305 215/306/306
f 215/306/306 167/305/305 168/307/307
f 215/306/306 168/307/307 214/308/308
f 214/308/308 168/307/307 169/309/309
f 214/308/308 169/309/309 213/297/297
f 213/297/297 169/309/309 171/310/310
f 213/297/297 171/310/310 172/295/295
f 169/309/309 170/311/311 171/310/310
f 239/164/164 173/312/312 83/148/148
f 83/148/148 173/312/312 174/313/313
f 83/148/148 174/313/313 175/314/314
f 175/314/314 176/152/152 83/148/148
f 178/156/156 179/315/315 67/112/112
f 67/112/112 179/315/315 180/316/316
f 67/112/112 180/316/316 181/317/317
f 181/317/317 182/318/318 67/112/112
f 67/112/112 182/318/318 183/110/110
f 210/266/266 211/319/319 127/259/259
f 127/259/259 211/319/319 212/296/296
f 222/218/218 223/320/320 109/198/198
f 109/198/198 223/320/320 224/321/321
f 109/198/198 224/321/321 225/201/201
f 294/200/200 226/202/202 293/322/322
f 293/322/322 226/202/202 227/323/323
f 293/322/322 227/323/323 292/324/324
f 292/324/324 227/323/323 228/325/325
f 292/324/324 228/325/325 291/326/326
f 291/326/326 228/325/325 290/327/327
f 290/327/327 228/325/325 229/328/328
f 290/327/327 229/328/328 289/329/329
f 289/329/329 229/328/328 230/330/330
f 289/329/329 230/330/330 288/331/331
f 288/331/331 230/330/330 231/332/332
f 288/331/331 231/332/332 287/333/333
f 287/333/333 231/332/332 286/334/334
f 286/334/334 231/332/332 232/335/335
f 286/334/334 232/335/335 285/336/336
f 285/336/336 232/335/335 233/337/337
f 285/336/336 233/337/337 284/338/338
f 284/338/338 233/337/337 234/339/339
f 284/338/338 234/339/339 283/340/340
f 283/340/340 234/339/339 282/341/341
f 282/341/341 234/339/339 235/342/342
f 282/341/341 235/342/342 281/343/343
f 281/343/343 235/342/342 236/344/344
f 281/343/343 236/344/344 280/345/345
f 280/345/345 236/344/344 279/346/346
f 279/346/346 236/344/344 237/347/347
f 279/346/346 237/347/347 278/348/348
f 278/348/348 237/347/347 238/163/163
f 278/348/348 238/163/163 277/162/162
f 250/120/120 251/114/114 68/113/113
f 14/349/349 45/350/350 1/351/351
f 1/351/351 45/350/350 313/352/352
f 40/353/353 39/354/354 309/355/355
f 309/355/355 39/354/354 314/356/356
f 314/356/356 39/354/354 43/357/357
f 314/358/358 315/359/359 309/360/360
f 309/360/360 315/359/359 310/361/361
f 315/362/362 316/363/363 310/364/364
f 310/364/364 316/363/363 311/365/365
f 316/366/366 317/367/367 311/368/368
f 311/368/368 317/367/367 312/369/369
f 318/370/370 38/371/371 317/372/372
f 317/372/372 38/371/371 312/373/373
f 312/373/373 38/371/371 37/374/374
f 38/375/375 318/376/376 36/377/377
f 36/377/377 318/376/376 319/378/378
f 36/377/377 319/378/378 44/379/379
f 44/379/379 35/380/380 36/377/377
f 319/381/381 313/382/382 44/383/383
f 44/383/383 313/382/382 45/384/384
f 23/385/29 22/386/30 327/387/385
f 327/387/385 22/386/30 134/388/386
f 327/387/385 134/388/386 326/389/387
f 326/389/387 134/388/386 133/390/388
f 326/389/387 133/390/388 325/391/389
f 325/391/389 133/390/388 132/392/390
f 325/391/389 132/392/390 324/393/391
f 324/393/391 132/392/390 131/394/392
f 324/393/391 131/394/392 323/395/393
f 323/395/393 131/394/392 130/396/394
f 323/395/393 130/396/394 322/397/395
f 322/397/395 130/396/394 129/398/396
f 322/397/395 129/398/396 321/399/397
f 321/399/397 129/398/396 128/400/398
f 321/399/397 128/400/398 320/401/399
f 320/401/399 128/400/398 127/402/400
f 8/403/13 7/404/14 46/405/401
f 46/405/401 7/404/14 328/406/402
f 46/405/401 328/406/402 47/407/403
f 47/407/403 328/406/402 329/408/404
f 47/407/403 329/408/404 335/409/405
f 335/409/405 329/408/404 330/410/406
f 335/409/405 330/410/406 334/411/407
f 334/411/407 330/410/406 333/412/408
f 333/412/408 330/410/406 332/413/409
f 332/413/409 330/410/406 331/414/410
f 335/409/405 48/415/411 47/407/403
f 330/416/412 336/417/413 331/418/414
f 331/418/414 336/417/413 346/419/415
f 346/419/415 336/417/413 345/420/416
f 345/420/416 336/417/413 337/421/417
f 345/420/416 337/421/417 338/422/418
f 345/420/416 338/422/418 344/423/419
f 344/423/419 338/422/418 339/424/420
f 344/423/419 339/424/420 343/425/421
f 343/425/421 339/424/420 340/426/422
f 343/425/421 340/426/422 342/427/423
f 342/427/423 340/426/422 341/428/424
f 335/429/425 334/430/426 357/431/427
f 357/431/427 334/430/426 347/432/428
f 357/431/427 347/432/428 356/433/429
f 356/433/429 347/432/428 348/434/430
f 356/433/429 348/434/430 358/435/431
f 358/435/431 348/434/430 349/436/432
f 358/435/431 349/436/432 359/437/433
f 359/437/433 349/436/432 344/438/434
f 359/437/433 344/438/434 361/439/435
f 361/439/435 344/438/434 360/440/436
f 361/439/435 360/440/436 353/441/437
f 353/441/437 360/440/436 352/442/438
f 352/442/438 360/440/436 351/443/439
f 351/443/439 360/440/436 342/444/440
f 351/443/439 342/444/440 350/445/441
f 344/438/434 343/446/442 360/440/436
f 360/440/436 343/446/442 342/444/440
f 353/441/437 354/447/443 361/439/435
f 361/439/435 354/447/443 359/437/433
f 354/447/443 355/448/444 359/437/433
f 359/437/433 355/448/444 358/435/431
f 355/448/444 356/433/429 358/435/431
f 335/449/445 357/450/446 48/451/447
f 48/451/447 357/450/446 49/452/448
f 49/452/448 357/450/446 356/453/449
f 49/452/448 356/453/449 368/454/450
f 368/454/450 356/453/449 369/455/451
f 368/454/450 369/455/451 50/456/452
f 50/456/452 369/455/451 51/457/453
f 51/457/453 369/455/451 367/458/454
f 51/457/453 367/458/454 52/459/455
f 52/459/455 367/458/454 372/460/456
f 52/459/455 372/460/456 374/461/457
f 374/461/457 372/460/456 371/462/458
f 374/461/457 371/462/458 373/463/459
f 373/463/459 371/462/458 353/464/460
f 373/463/459 353/464/460 352/465/461
f 356/453/449 355/466/462 369/455/451
f 369/455/451 355/466/462 370/467/463
f 369/455/451 370/467/463 367/458/454
f 367/458/454 370/467/463 372/460/456
f 355/466/462 354/468/464 370/467/463
f 370/467/463 354/468/464 371/462/458
f 370/467/463 371/462/458 372/460/456
f 354/468/464 353/464/460 371/462/458
f 373/463/459 352/465/461 365/469/465
f 365/469/465 352/465/461 351/470/466
f 365/469/465 351/470/466 380/471/467
f 380/471/467 351/470/466 364/472/468
f 380/471/467 364/472/468 377/473/469
f 377/473/469 364/472/468 382/474/470
f 377/473/469 382/474/470 381/475/471
f 381/475/471 382/474/470 363/476/472
f 381/475/471 363/476/472 56/477/473
f 351/470/466 350/478/474 364/472/468
f 364/472/468 350/478/474 383/479/475
f 364/472/468 383/479/475 382/474/470
f 382/474/470 383/479/475 362/480/476
f 382/474/470 362/480/476 363/476/472
f 350/478/474 362/480/476 383/479/475
f 56/477/473 55/481/477 381/475/471
f 381/475/471 55/481/477 378/482/478
f 381/475/471 378/482/478 377/473/469
f 377/473/469 378/482/478 379/483/479
f 377/473/469 379/483/479 380/471/467
f 380/471/467 379/483/479 365/469/465
f 378/482/478 55/481/477 366/484/480
f 366/484/480 55/481/477 54/485/481
f 366/484/480 54/485/481 376/486/482
f 376/486/482 54/485/481 53/487/483
f 376/486/482 53/487/483 375/488/484
f 375/488/484 53/487/483 374/461/457
f 375/488/484 374/461/457 373/463/459
f 53/487/483 52/459/455 374/461/457
f 50/456/452 49/452/448 368/454/450
f 373/463/459 365/469/465 375/488/484
f 375/488/484 365/469/465 379/483/479
f 375/488/484 379/483/479 366/484/480
f 366/484/480 379/483/479 378/482/478
f 366/484/480 376/486/482 375/488/484
f 393/489/485 384/490/486 400/491/487
f 400/491/487 384/490/486 385/492/488
f 400/491/487 385/492/488 399/493/489
f 399/493/489 385/492/488 386/494/490
f 399/493/489 386/494/490 398/495/491
f 398/495/491 386/494/490 61/496/492
f 398/495/491 61/496/492 60/497/493
f 59/498/494 401/499/495 60/497/493
f 60/497/493 401/499/495 402/500/496
f 60/497/493 402/500/496 398/495/491
f 398/495/491 402/500/496 403/501/497
f 398/495/491 403/501/497 399/493/489
f 399/493/489 403/501/497 404/502/498
f 399/493/489 404/502/498 400/491/487
f 400/491/487 404/502/498 392/503/499
f 400/491/487 392/503/499 393/489/485
f 401/499/495 59/498/494 397/504/500
f 397/504/500 59/498/494 58/505/501
f 397/504/500 58/505/501 411/506/502
f 411/506/502 58/505/501 396/507/503
f 411/506/502 396/507/503 412/508/504
f 412/508/504 396/507/503 417/509/505
f 412/508/504 417/509/505 416/510/506
f 416/510/506 417/509/505 421/511/507
f 416/510/506 421/511/507 422/512/508
f 422/512/508 421/511/507 430/513/509
f 422/512/508 430/513/509 387/514/510
f 387/514/510 430/513/509 434/515/511
f 387/514/510 434/515/511 395/516/512
f 395/516/512 434/515/511 435/517/513
f 395/516/512 435/517/513 431/518/514
f 431/518/514 435/517/513 436/519/515
f 431/518/514 436/519/515 432/520/516
f 432/520/516 436/519/515 433/521/517
f 432/520/516 433/521/517 394/522/518
f 394/522/518 433/521/517 56/523/519
f 394/522/518 56/523/519 426/524/520
f 426/524/520 56/523/519 363/525/521
f 426/524/520 363/525/521 425/526/522
f 425/526/522 363/525/521 424/527/523
f 425/526/522 424/527/523 432/520/516
f 432/520/516 424/527/523 431/518/514
f 58/505/501 57/528/524 396/507/503
f 396/507/503 57/528/524 418/529/525
f 396/507/503 418/529/525 417/509/505
f 417/509/505 418/529/525 420/530/526
f 417/509/505 420/530/526 421/511/507
f 421/511/507 420/530/526 429/531/527
f 421/511/507 429/531/527 430/513/509
f 430/513/509 429/531/527 434/515/511
f 56/523/519 433/521/517 57/528/524
f 57/528/524 433/521/517 427/532/528
f 57/528/524 427/532/528 419/533/529
f 419/533/529 427/532/528 428/534/530
f 419/533/529 428/534/530 420/530/526
f 420/530/526 428/534/530 429/531/527
f 363/525/521 362/535/531 424/527/523
f 424/527/523 362/535/531 423/536/532
f 424/527/523 423/536/532 431/518/514
f 431/518/514 423/536/532 395/516/512
f 362/535/531 350/537/474 423/536/532
f 423/536/532 350/537/474 387/514/510
f 423/536/532 387/514/510 395/516/512
f 387/514/510 388/538/533 422/512/508
f 422/512/508 388/538/533 415/539/534
f 422/512/508 415/539/534 416/510/506
f 416/510/506 415/539/534 413/540/535
f 416/510/506 413/540/535 412/508/504
f 412/508/504 413/540/535 410/541/536
f 412/508/504 410/541/536 411/506/502
f 411/506/502 410/541/536 397/504/500
f 415/539/534 388/538/533 414/542/537
f 414/542/537 388/538/533 389/543/538
f 414/542/537 389/543/538 408/544/539
f 408/544/539 389/543/538 390/545/540
f 408/544/539 390/545/540 407/546/541
f 407/546/541 390/545/540 391/547/542
f 407/546/541 391/547/542 404/502/498
f 404/502/498 391/547/542 392/503/499
f 402/500/496 401/499/495 405/548/543
f 405/548/543 401/499/495 397/504/500
f 405/548/543 397/504/500 410/541/536
f 407/546/541 404/502/498 403/501/497
f 403/501/497 402/500/496 406/549/544
f 406/549/544 402/500/496 405/548/543
f 406/549/544 405/548/543 409/550/545
f 409/550/545 405/548/543 410/541/536
f 409/550/545 410/541/536 413/540/535
f 408/544/539 407/546/541 406/549/544
f 406/549/544 407/546/541 403/501/497
f 408/544/539 406/549/544 409/550/545
f 408/544/539 409/550/545 414/542/537
f 414/542/537 409/550/545 413/540/535
f 414/542/537 413/540/535 415/539/534
f 419/533/529 420/530/526 418/529/525
f 57/528/524 419/533/529 418/529/525
f 394/522/518 426/524/520 425/526/522
f 394/522/518 425/526/522 432/520/516
f 433/521/517 436/519/515 427/532/528
f 427/532/528 436/519/515 428/534/530
f 436/519/515 435/517/513 428/534/530
f 428/534/530 435/517/513 429/531/527
f 435/517/513 434/515/511 429/531/527
f 444/551/546 437/552/547 451/553/548
f 451/553/548 437/552/547 384/554/549
f 451/553/548 384/554/549 393/555/550
f 393/555/550 392/556/551 451/553/548
f 451/553/548 392/556/551 450/557/552
f 451/553/548 450/557/552 444/551/546
f 444/551/546 450/557/552 443/558/553
f 443/558/553 450/557/552 449/559/554
f 443/558/553 449/559/554 442/560/555
f 442/560/555 449/559/554 448/561/556
f 442/560/555 448/561/556 441/562/557
f 441/562/557 448/561/556 447/563/558
f 441/562/557 447/563/558 440/564/559
f 440/564/559 447/563/558 446/565/560
f 440/564/559 446/565/560 439/566/561
f 439/566/561 446/565/560 445/567/562
f 439/566/561 445/567/562 438/568/563
f 438/568/563 445/567/562 342/569/440
f 342/569/440 445/567/562 350/570/441
f 350/570/441 445/567/562 387/571/564
f 387/571/564 445/567/562 446/565/560
f 387/571/564 446/565/560 388/572/565
f 388/572/565 446/565/560 447/563/558
f 388/572/565 447/563/558 389/573/566
f 389/573/566 447/563/558 448/561/556
f 389/573/566 448/561/556 390/574/567
f 390/574/567 448/561/556 449/559/554
f 390/574/567 449/559/554 391/575/568
f 391/575/568 449/559/554 450/557/552
f 391/575/568 450/557/552 392/556/551
f 342/576/423 341/577/424 461/578/569
f 461/578/569 341/577/424 452/579/570
f 461/578/569 452/579/570 460/580/571
f 460/580/571 452/579/570 453/581/572
f 460/580/571 453/581/572 459/582/573
f 459/582/573 453/581/572 454/583/574
f 459/582/573 454/583/574 462/584/575
f 462/584/575 454/583/574 455/585/576
f 462/584/575 455/585/576 463/586/577
f 463/586/577 455/585/576 456/587/578
f 463/586/577 456/587/578 464/588/579
f 464/588/579 456/587/578 457/589/580
f 464/588/579 457/589/580 465/590/581
f 465/590/581 457/589/580 458/591/582
f 465/590/581 458/591/582 437/592/583
f 437/592/583 444/593/584 465/590/581
f 465/590/581 444/593/584 443/594/585
f 465/590/581 443/594/585 464/588/579
f 464/588/579 443/594/585 442/595/586
f 464/588/579 442/595/586 463/586/577
f 463/586/577 442/595/586 441/596/587
f 463/586/577 441/596/587 462/584/575
f 462/584/575 441/596/587 440/597/588
f 462/584/575 440/597/588 459/582/573
f 459/582/573 440/597/588 439/598/589
f 459/582/573 439/598/589 460/580/571
f 460/580/571 439/598/589 438/599/590
f 460/580/571 438/599/590 461/578/569
f 461/578/569 438/599/590 342/576/423
f 437/600/591 458/601/592 384/602/593
f 384/602/593 458/601/592 466/603/594
f 384/602/593 466/603/594 62/604/595
f 62/604/595 466/603/594 467/605/596
f 62/604/595 467/605/596 63/606/597
f 63/606/597 467/605/596 468/607/598
f 63/606/597 468/607/598 64/608/599
f 64/608/599 468/607/598 469/609/600
f 64/608/599 469/609/600 65/610/601
f 65/610/601 469/609/600 470/611/602
f 65/610/601 470/611/602 66/612/603
f 66/612/603 470/611/602 471/613/604
f 66/612/603 471/613/604 67/614/605
f 62/604/595 61/615/606 384/602/593
f 384/602/593 61/615/606 385/616/607
f 385/616/607 61/615/606 386/617/608
f 331/618/609 346/619/610 332/620/611
f 332/620/611 346/619/610 333/621/612
f 333/621/612 346/619/610 334/622/613
f 334/622/613 346/619/610 347/623/614
f 347/623/614 346/619/610 345/624/615
f 347/623/614 345/624/615 348/625/616
f 348/625/616 345/624/615 349/626/617
f 349/626/617 345/624/615 344/627/618
f 117/628/619 116/629/620 472/630/621
f 472/630/621 116/629/620 473/631/622
f 473/632/623 116/633/624 475/634/625
f 475/634/625 116/633/624 474/635/626
f 474/635/626 116/633/624 115/636/627
f 113/637/628 112/638/629 476/639/630
f 476/639/630 112/638/629 477/640/631
f 476/641/632 478/642/633 113/643/634
f 113/643/634 478/642/633 479/644/635
f 113/643/634 479/644/635 114/645/636
f 477/646/637 480/647/638 476/648/639
f 476/648/639 480/647/638 541/649/640
f 476/648/639 541/649/640 542/650/641
f 481/651/642 538/652/643 480/647/638
f 480/647/638 538/652/643 539/653/644
f 480/647/638 539/653/644 540/654/645
f 482/655/646 483/656/647 481/651/642
f 481/651/642 483/656/647 484/657/648
f 481/651/642 484/657/648 512/658/649
f 512/658/649 484/657/648 511/659/650
f 511/659/650 484/657/648 485/660/651
f 511/659/650 485/660/651 510/661/652
f 510/661/652 485/660/651 509/662/653
f 509/662/653 485/660/651 487/663/654
f 509/662/653 487/663/654 508/664/655
f 508/664/655 487/663/654 507/665/656
f 507/665/656 487/663/654 506/666/657
f 506/666/657 487/663/654 488/667/658
f 506/666/657 488/667/658 505/668/659
f 505/668/659 488/667/658 504/669/660
f 504/669/660 488/667/658 503/670/661
f 503/670/661 488/667/658 502/671/662
f 502/671/662 488/667/658 501/672/663
f 501/672/663 488/667/658 500/673/664
f 500/673/664 488/667/658 499/674/665
f 499/674/665 488/667/658 498/675/666
f 498/675/666 488/667/658 497/676/667
f 497/676/667 488/667/658 496/677/668
f 496/677/668 488/667/658 526/678/669
f 496/677/668 526/678/669 495/679/670
f 495/679/670 526/678/669 527/680/671
f 495/679/670 527/680/671 494/681/672
f 494/681/672 527/680/671 528/682/673
f 494/681/672 528/682/673 493/683/674
f 493/683/674 528/682/673 529/684/675
f 493/683/674 529/684/675 492/685/676
f 492/685/676 529/684/675 530/686/677
f 492/685/676 530/686/677 491/687/678
f 491/687/678 530/686/677 531/688/679
f 491/687/678 531/688/679 490/689/680
f 490/689/680 531/688/679 532/690/681
f 490/689/680 532/690/681 489/691/682
f 489/691/682 532/690/681 533/692/683
f 489/691/682 533/692/683 517/693/684
f 517/693/684 533/692/683 534/694/685
f 517/693/684 534/694/685 516/695/686
f 516/695/686 534/694/685 535/696/687
f 516/695/686 535/696/687 515/697/688
f 515/697/688 535/696/687 536/698/689
f 515/697/688 536/698/689 514/699/690
f 514/699/690 536/698/689 537/700/691
f 514/699/690 537/700/691 513/701/692
f 513/701/692 537/700/691 481/651/642
f 513/701/692 481/651/642 512/658/649
f 485/660/651 486/702/693 487/663/654
f 488/667/658 478/703/694 526/678/669
f 526/678/669 478/703/694 525/704/695
f 525/704/695 478/703/694 524/705/696
f 524/705/696 478/703/694 523/706/697
f 523/706/697 478/703/694 522/707/698
f 522/707/698 478/703/694 521/708/699
f 521/708/699 478/703/694 520/709/700
f 520/709/700 478/703/694 519/710/701
f 519/710/701 478/703/694 518/711/702
f 518/711/702 478/703/694 546/712/703
f 546/712/703 478/703/694 545/713/704
f 545/713/704 478/703/694 544/714/705
f 544/714/705 478/703/694 476/648/639
f 544/714/705 476/648/639 543/715/706
f 543/715/706 476/648/639 542/650/641
f 537/700/691 538/652/643 481/651/642
f 540/654/645 541/649/640 480/647/638
f 483/716/707 482/717/708 108/718/709
f 108/718/709 482/717/708 109/719/710
f 547/720/711 548/721/712 566/722/713
f 566/722/713 548/721/712 565/723/714
f 565/723/714 548/721/712 549/724/715
f 565/723/714 549/724/715 550/725/716
f 565/723/714 550/725/716 564/726/717
f 564/726/717 550/725/716 107/727/718
f 564/726/717 107/727/718 106/728/719
f 564/726/717 106/728/719 563/729/720
f 563/729/720 106/728/719 105/730/721
f 563/729/720 105/730/721 562/731/722
f 562/731/722 105/730/721 104/732/723
f 562/731/722 104/732/723 561/733/724
f 561/733/724 104/732/723 103/734/725
f 561/733/724 103/734/725 102/735/726
f 561/733/724 102/735/726 560/736/727
f 560/736/727 102/735/726 101/737/728
f 560/736/727 101/737/728 559/738/729
f 559/738/729 101/737/728 100/739/730
f 559/738/729 100/739/730 558/740/731
f 558/740/731 100/739/730 99/741/732
f 558/740/731 99/741/732 557/742/733
f 557/742/733 99/741/732 98/743/734
f 557/742/733 98/743/734 551/744/735
f 557/742/733 551/744/735 556/745/736
f 556/745/736 551/744/735 552/746/737
f 556/745/736 552/746/737 553/747/738
f 554/748/739 555/749/740 553/747/738
f 553/747/738 555/749/740 556/745/736
f 108/750/741 107/751/742 483/752/743
f 483/752/743 107/751/742 550/753/744
f 483/752/743 550/753/744 549/754/745
f 483/752/743 549/754/745 567/755/746
f 567/755/746 549/754/745 548/756/747
f 567/755/746 548/756/747 547/757/748
f 567/755/746 484/758/749 483/752/743
f 547/759/750 566/760/751 567/761/752
f 567/761/752 566/760/751 568/762/753
f 487/763/754 486/764/755 96/765/756
f 96/765/756 486/764/755 97/766/757
f 487/767/758 96/768/759 488/769/760
f 488/769/760 96/768/759 569/770/761
f 569/770/761 96/768/759 95/771/762
f 571/772/763 572/773/764 570/774/765
f 570/774/765 572/773/764 573/775/766
f 572/776/767 110/777/768 573/778/769
f 573/778/769 110/777/768 574/779/770
f 572/780/771 571/781/772 110/782/773
f 110/782/773 571/781/772 111/783/774
f 571/784/775 570/785/776 111/786/777
f 111/786/777 570/785/776 575/787/778
f 570/788/779 573/789/780 575/790/781
f 575/790/781 573/789/780 574/791/782
f 112/792/783 111/793/784 477/794/785
f 477/794/785 111/793/784 575/795/786
f 477/794/785 575/795/786 480/796/787
f 575/797/788 574/798/789 480/799/790
f 480/799/790 574/798/789 481/800/791
f 481/801/792 574/802/793 482/803/794
f 482/803/794 574/802/793 110/804/795
f 482/803/794 110/804/795 109/805/796
f 576/806/797 577/807/798 580/808/799
f 580/808/799 577/807/798 579/809/800
f 579/809/800 577/807/798 578/810/801
f 340/811/802 730/812/803 341/813/804
f 341/813/804 730/812/803 731/814/805
f 341/813/804 731/814/805 452/815/806
f 452/815/806 731/814/805 732/816/807
f 452/815/806 732/816/807 453/817/808
f 453/817/808 732/816/807 454/818/809
f 454/818/809 732/816/807 733/819/810
f 454/818/809 733/819/810 455/820/811
f 455/820/811 733/819/810 734/821/812
f 455/820/811 734/821/812 456/822/813
f 456/822/813 734/821/812 457/823/814
f 457/823/814 734/821/812 735/824/815
f 457/823/814 735/824/815 466/825/816
f 466/825/816 735/824/815 467/826/817
f 467/826/817 735/824/815 468/827/818
f 468/827/818 735/824/815 736/828/819
f 468/827/818 736/828/819 469/829/820
f 469/829/820 736/828/819 737/830/821
f 469/829/820 737/830/821 470/831/822
f 470/831/822 737/830/821 471/832/823
f 471/832/823 737/830/821 738/833/824
f 471/832/823 738/833/824 739/834/825
f 730/812/803 340/811/802 729/835/826
f 729/835/826 340/811/802 339/836/827
f 729/835/826 339/836/827 728/837/828
f 728/837/828 339/836/827 338/838/829
f 728/837/828 338/838/829 727/839/830
f 727/839/830 338/838/829 337/840/831
f 727/839/830 337/840/831 328/841/832
f 328/841/832 337/840/831 329/842/833
f 329/842/833 337/840/831 336/843/834
f 329/842/833 336/843/834 330/844/835
f 328/841/832 7/845/836 727/839/830
f 727/839/830 7/845/836 726/846/837
f 726/846/837 7/845/836 6/847/838
f 726/846/837 6/847/838 725/848/839
f 725/848/839 6/847/838 5/849/840
f 725/848/839 5/849/840 724/850/841
f 724/850/841 5/849/840 4/851/842
f 724/850/841 4/851/842 723/852/843
f 723/852/843 4/851/842 3/853/844
f 723/852/843 3/853/844 29/854/845
f 29/854/845 3/853/844 2/855/846
f 29/854/845 2/855/846 30/856/847
f 30/856/847 2/855/846 314/857/848
f 30/856/847 314/857/848 43/858/849
f 2/855/846 1/859/850 314/857/848
f 314/857/848 1/859/850 315/860/851
f 315/860/851 1/859/850 313/861/852
f 315/860/851 313/861/852 319/862/853
f 315/860/851 319/862/853 316/863/854
f 316/863/854 319/862/853 318/864/855
f 316/863/854 318/864/855 317/865/856
f 29/854/845 28/866/857 723/852/843
f 723/852/843 28/866/857 722/867/858
f 722/867/858 28/866/857 27/868/859
f 722/867/858 27/868/859 721/869/860
f 721/869/860 27/868/859 26/870/861
f 721/869/860 26/870/861 720/871/862
f 720/871/862 26/870/861 25/872/863
f 720/871/862 25/872/863 24/873/864
f 720/871/862 24/873/864 719/874/865
f 719/874/865 24/873/864 23/875/866
f 719/874/865 23/875/866 718/876/867
f 718/876/867 23/875/866 327/877/868
f 718/876/867 327/877/868 717/878/869
f 717/878/869 327/877/868 326/879/870
f 717/878/869 326/879/870 325/880/871
f 717/878/869 325/880/871 716/881/872
f 716/881/872 325/880/871 324/882/873
f 716/881/872 324/882/873 715/883/874
f 715/883/874 324/882/873 323/884/875
f 715/883/874 323/884/875 714/885/876
f 714/885/876 323/884/875 322/886/877
f 714/885/876 322/886/877 713/887/878
f 713/887/878 322/886/877 321/888/879
f 713/887/878 321/888/879 712/889/880
f 712/889/880 321/888/879 320/890/881
f 712/889/880 320/890/881 711/891/882
f 711/891/882 320/890/881 710/892/883
f 710/892/883 320/890/881 709/893/884
f 709/893/884 320/890/881 708/894/885
f 708/894/885 320/890/881 657/895/886
f 708/894/885 657/895/886 707/896/887
f 707/896/887 657/895/886 659/897/888
f 707/896/887 659/897/888 660/898/889
f 581/899/890 654/900/891 320/890/881
f 320/890/881 654/900/891 655/901/892
f 320/890/881 655/901/892 656/902/893
f 582/903/894 650/904/895 581/899/890
f 581/899/890 650/904/895 651/905/896
f 581/899/890 651/905/896 652/906/897
f 582/903/894 583/907/898 650/904/895
f 650/904/895 583/907/898 649/908/899
f 649/908/899 583/907/898 584/909/900
f 649/908/899 584/909/900 648/910/901
f 648/910/901 584/909/900 585/911/902
f 648/910/901 585/911/902 647/912/903
f 647/912/903 585/911/902 586/913/904
f 647/912/903 586/913/904 587/914/905
f 647/912/903 587/914/905 646/915/906
f 646/915/906 587/914/905 588/916/907
f 646/915/906 588/916/907 645/917/908
f 645/917/908 588/916/907 644/918/909
f 644/918/909 588/916/907 643/919/910
f 643/919/910 588/916/907 642/920/911
f 642/920/911 588/916/907 679/921/912
f 679/921/912 588/916/907 678/922/913
f 678/922/913 588/916/907 579/923/914
f 678/922/913 579/923/914 676/924/915
f 676/924/915 579/923/914 675/925/916
f 675/925/916 579/923/914 674/926/917
f 674/926/917 579/923/914 673/927/918
f 673/927/918 579/923/914 672/928/919
f 672/928/919 579/923/914 671/929/920
f 671/929/920 579/923/914 670/930/921
f 670/930/921 579/923/914 578/931/922
f 670/930/921 578/931/922 669/932/923
f 669/932/923 578/931/922 668/933/924
f 668/933/924 578/931/922 667/934/925
f 667/934/925 578/931/922 666/935/926
f 666/935/926 578/931/922 665/936/927
f 665/936/927 578/931/922 664/937/928
f 664/937/928 578/931/922 663/938/929
f 663/938/929 578/931/922 705/939/930
f 663/938/929 705/939/930 706/940/931
f 589/941/932 702/942/933 578/931/922
f 578/931/922 702/942/933 703/943/934
f 578/931/922 703/943/934 704/944/935
f 589/941/932 590/945/936 702/942/933
f 702/942/933 590/945/936 701/946/937
f 701/946/937 590/945/936 591/947/938
f 701/946/937 591/947/938 700/948/939
f 700/948/939 591/947/938 592/949/940
f 700/948/939 592/949/940 593/950/941
f 700/948/939 593/950/941 699/951/942
f 699/951/942 593/950/941 594/952/943
f 699/951/942 594/952/943 595/953/944
f 699/951/942 595/953/944 698/954/945
f 698/954/945 595/953/944 596/955/946
f 698/954/945 596/955/946 597/956/947
f 597/956/947 598/957/948 698/954/945
f 698/954/945 598/957/948 697/958/949
f 697/958/949 598/957/948 599/959/950
f 697/958/949 599/959/950 600/960/951
f 600/960/951 601/961/952 697/958/949
f 697/958/949 601/961/952 696/962/953
f 696/962/953 601/961/952 602/963/954
f 696/962/953 602/963/954 603/964/955
f 696/962/953 603/964/955 695/965/956
f 695/965/956 603/964/955 604/966/957
f 695/965/956 604/966/957 605/967/958
f 695/965/956 605/967/958 791/968/959
f 791/968/959 605/967/958 606/969/960
f 791/968/959 606/969/960 607/970/961
f 791/968/959 607/970/961 790/971/962
f 790/971/962 607/970/961 608/972/963
f 790/971/962 608/972/963 789/973/964
f 789/973/964 608/972/963 609/974/965
f 789/973/964 609/974/965 788/975/966
f 788/975/966 609/974/965 610/976/967
f 788/975/966 610/976/967 787/977/968
f 787/977/968 610/976/967 611/978/969
f 787/977/968 611/978/969 786/979/970
f 786/979/970 611/978/969 612/980/971
f 786/979/970 612/980/971 785/981/972
f 785/981/972 612/980/971 784/982/973
f 784/982/973 612/980/971 613/983/974
f 784/982/973 613/983/974 783/984/975
f 783/984/975 613/983/974 782/985/976
f 782/985/976 613/983/974 614/986/977
f 782/985/976 614/986/977 781/987/978
f 781/987/978 614/986/977 780/988/979
f 780/988/979 614/986/977 616/989/980
f 780/988/979 616/989/980 779/990/981
f 779/990/981 616/989/980 617/991/982
f 779/990/981 617/991/982 778/992/983
f 778/992/983 617/991/982 618/993/984
f 778/992/983 618/993/984 777/994/985
f 777/994/985 618/993/984 619/995/986
f 777/994/985 619/995/986 776/996/987
f 776/996/987 619/995/986 620/997/988
f 776/996/987 620/997/988 815/998/989
f 815/998/989 620/997/988 621/999/990
f 815/998/989 621/999/990 814/1000/991
f 814/1000/991 621/999/990 813/1001/992
f 813/1001/992 621/999/990 622/1002/993
f 813/1001/992 622/1002/993 812/1003/994
f 812/1003/994 622/1002/993 623/1004/995
f 812/1003/994 623/1004/995 811/1005/996
f 811/1005/996 623/1004/995 810/1006/997
f 810/1006/997 623/1004/995 624/1007/998
f 810/1006/997 624/1007/998 809/1008/999
f 809/1008/999 624/1007/998 625/1009/1000
f 809/1008/999 625/1009/1000 808/1010/1001
f 808/1010/1001 625/1009/1000 626/1011/1002
f 808/1010/1001 626/1011/1002 682/1012/1003
f 682/1012/1003 626/1011/1002 681/1013/1004
f 681/1013/1004 626/1011/1002 680/1014/1005
f 680/1014/1005 626/1011/1002 746/1015/1006
f 746/1015/1006 626/1011/1002 745/1016/1007
f 745/1016/1007 626/1011/1002 744/1017/1008
f 744/1017/1008 626/1011/1002 756/1018/1009
f 744/1017/1008 756/1018/1009 757/1019/1010
f 614/986/977 615/1020/1011 616/989/980
f 627/1021/1012 753/1022/1013 626/1011/1002
f 626/1011/1002 753/1022/1013 754/1023/1014
f 626/1011/1002 754/1023/1014 755/1024/1015
f 628/1025/1016 749/1026/1017 627/1021/1012
f 627/1021/1012 749/1026/1017 750/1027/1018
f 627/1021/1012 750/1027/1018 751/1028/1019
f 749/1026/1017 628/1025/1016 748/1029/1020
f 748/1029/1020 628/1025/1016 629/1030/1021
f 748/1029/1020 629/1030/1021 747/1031/1022
f 747/1031/1022 629/1030/1021 630/1032/1023
f 747/1031/1022 630/1032/1023 775/1033/1024
f 775/1033/1024 630/1032/1023 631/1034/1025
f 775/1033/1024 631/1034/1025 774/1035/1026
f 774/1035/1026 631/1034/1025 632/1036/1027
f 774/1035/1026 632/1036/1027 773/1037/1028
f 773/1037/1028 632/1036/1027 633/1038/1029
f 773/1037/1028 633/1038/1029 772/1039/1030
f 772/1039/1030 633/1038/1029 634/1040/1031
f 772/1039/1030 634/1040/1031 635/1041/1032
f 772/1039/1030 635/1041/1032 771/1042/1033
f 771/1042/1033 635/1041/1032 636/1043/1034
f 771/1042/1033 636/1043/1034 770/1044/1035
f 770/1044/1035 636/1043/1034 637/1045/1036
f 770/1044/1035 637/1045/1036 638/1046/1037
f 770/1044/1035 638/1046/1037 769/1047/1038
f 769/1047/1038 638/1046/1037 639/1048/1039
f 769/1047/1038 639/1048/1039 640/1049/1040
f 769/1047/1038 640/1049/1040 768/1050/1041
f 768/1050/1041 640/1049/1040 641/1051/1042
f 768/1050/1041 641/1051/1042 767/1052/1043
f 767/1052/1043 641/1051/1042 766/1053/1044
f 766/1053/1044 641/1051/1042 765/1054/1045
f 765/1054/1045 641/1051/1042 471/832/823
f 765/1054/1045 471/832/823 764/1055/1046
f 764/1055/1046 471/832/823 763/1056/1047
f 763/1056/1047 471/832/823 762/1057/1048
f 762/1057/1048 471/832/823 761/1058/1049
f 761/1058/1049 471/832/823 760/1059/1050
f 760/1059/1050 471/832/823 759/1060/1051
f 759/1060/1051 471/832/823 742/1061/1052
f 759/1060/1051 742/1061/1052 758/1062/1053
f 758/1062/1053 742/1061/1052 743/1063/1054
f 758/1062/1053 743/1063/1054 757/1019/1010
f 757/1019/1010 743/1063/1054 744/1017/1008
f 466/825/816 458/1064/1055 457/823/814
f 652/906/897 653/1065/1056 581/899/890
f 581/899/890 653/1065/1056 654/900/891
f 656/902/893 657/895/886 320/890/881
f 657/895/886 658/1066/1057 659/897/888
f 661/1067/1058 662/1068/1059 660/898/889
f 660/898/889 662/1068/1059 707/896/887
f 707/896/887 662/1068/1059 706/940/931
f 706/940/931 662/1068/1059 663/938/929
f 676/924/915 677/1069/1060 678/922/913
f 808/1010/1001 682/1012/1003 807/1070/1061
f 807/1070/1061 682/1012/1003 683/1071/1062
f 807/1070/1061 683/1071/1062 806/1072/1063
f 806/1072/1063 683/1071/1062 684/1073/1064
f 806/1072/1063 684/1073/1064 805/1074/1065
f 805/1074/1065 684/1073/1064 804/1075/1066
f 804/1075/1066 684/1073/1064 685/1076/1067
f 804/1075/1066 685/1076/1067 803/1077/1068
f 803/1077/1068 685/1076/1067 686/1078/1069
f 803/1077/1068 686/1078/1069 802/1079/1070
f 802/1079/1070 686/1078/1069 801/1080/1071
f 801/1080/1071 686/1078/1069 687/1081/1072
f 801/1080/1071 687/1081/1072 800/1082/1073
f 800/1082/1073 687/1081/1072 688/1083/1074
f 800/1082/1073 688/1083/1074 799/1084/1075
f 799/1084/1075 688/1083/1074 689/1085/1076
f 799/1084/1075 689/1085/1076 798/1086/1077
f 798/1086/1077 689/1085/1076 797/1087/1078
f 797/1087/1078 689/1085/1076 690/1088/1079
f 797/1087/1078 690/1088/1079 796/1089/1080
f 796/1089/1080 690/1088/1079 691/1090/1081
f 796/1089/1080 691/1090/1081 795/1091/1082
f 795/1091/1082 691/1090/1081 692/1092/1083
f 795/1091/1082 692/1092/1083 794/1093/1084
f 794/1093/1084 692/1092/1083 693/1094/1085
f 794/1093/1084 693/1094/1085 793/1095/1086
f 793/1095/1086 693/1094/1085 792/1096/1087
f 792/1096/1087 693/1094/1085 694/1097/1088
f 792/1096/1087 694/1097/1088 791/968/959
f 791/968/959 694/1097/1088 695/965/956
f 704/944/935 705/939/930 578/931/922
f 739/834/825 740/1098/1089 471/832/823
f 471/832/823 740/1098/1089 741/1099/1090
f 471/832/823 741/1099/1090 742/1061/1052
f 751/1028/1019 752/1100/1091 627/1021/1012
f 627/1021/1012 752/1100/1091 753/1022/1013
f 755/1024/1015 756/1018/1009 626/1011/1002
f 853/1101/1092 816/1102/1093 820/1103/1094
f 820/1103/1094 816/1102/1093 817/1104/1095
f 820/1103/1094 817/1104/1095 819/1105/1096
f 819/1105/1096 817/1104/1095 818/1106/1097
f 819/1105/1096 818/1106/1097 614/1107/977
f 614/1107/977 818/1106/1097 615/1108/1011
f 820/1103/1094 821/1109/1098 853/1101/1092
f 853/1101/1092 821/1109/1098 852/1110/1099
f 852/1110/1099 821/1109/1098 851/1111/1100
f 851/1111/1100 821/1109/1098 822/1112/1101
f 851/1111/1100 822/1112/1101 850/1113/1102
f 850/1113/1102 822/1112/1101 849/1114/1103
f 849/1114/1103 822/1112/1101 823/1115/1104
f 849/1114/1103 823/1115/1104 848/1116/1105
f 848/1116/1105 823/1115/1104 824/1117/1106
f 848/1116/1105 824/1117/1106 847/1118/1107
f 847/1118/1107 824/1117/1106 825/1119/1108
f 847/1118/1107 825/1119/1108 846/1120/1109
f 846/1120/1109 825/1119/1108 826/1121/1110
f 846/1120/1109 826/1121/1110 845/1122/1111
f 845/1122/1111 826/1121/1110 827/1123/1112
f 845/1122/1111 827/1123/1112 844/1124/1113
f 844/1124/1113 827/1123/1112 828/1125/1114
f 844/1124/1113 828/1125/1114 843/1126/1115
f 843/1126/1115 828/1125/1114 829/1127/1116
f 843/1126/1115 829/1127/1116 842/1128/1117
f 842/1128/1117 829/1127/1116 830/1129/1118
f 842/1128/1117 830/1129/1118 831/1130/1119
f 831/1130/1119 832/1131/1120 842/1128/1117
f 842/1128/1117 832/1131/1120 841/1132/1121
f 841/1132/1121 832/1131/1120 833/1133/1122
f 841/1132/1121 833/1133/1122 834/1134/1123
f 841/1132/1121 834/1134/1123 840/1135/1124
f 840/1135/1124 834/1134/1123 835/1136/1125
f 840/1135/1124 835/1136/1125 839/1137/1126
f 839/1137/1126 835/1136/1125 836/1138/1127
f 839/1137/1126 836/1138/1127 838/1139/1128
f 838/1139/1128 836/1138/1127 837/1140/1129
f 837/1141/1129 854/1142/1130 838/1143/1128
f 838/1143/1128 854/1142/1130 855/1144/1131
f 838/1143/1128 855/1144/1131 856/1145/1132
f 856/1145/1132 857/1146/1133 838/1143/1128
f 838/1143/1128 857/1146/1133 858/1147/1134
f 838/1143/1128 858/1147/1134 866/1148/1135
f 866/1148/1135 858/1147/1134 859/1149/1136
f 866/1148/1135 859/1149/1136 860/1150/1137
f 860/1150/1137 861/1151/1138 866/1148/1135
f 866/1148/1135 861/1151/1138 862/1152/1139
f 866/1148/1135 862/1152/1139 863/1153/1140
f 864/1154/1141 865/1155/1142 863/1153/1140
f 863/1153/1140 865/1155/1142 866/1148/1135
f 868/1156/1143 869/1157/1144 867/1158/1145
f 867/1158/1145 869/1157/1144 870/1159/1146
f 872/1160/1147 916/1161/1148 871/1162/1149
f 871/1162/1149 916/1161/1148 917/1163/1150
f 871/1162/1149 917/1163/1150 829/1164/1151
f 829/1164/1151 917/1163/1150 830/1165/1152
f 830/1165/1152 917/1163/1150 918/1166/1153
f 830/1165/1152 918/1166/1153 831/1167/1154
f 831/1167/1154 918/1166/1153 919/1168/1155
f 831/1167/1154 919/1168/1155 832/1169/1156
f 832/1169/1156 919/1168/1155 833/1170/1157
f 833/1170/1157 919/1168/1155 920/1171/1158
f 833/1170/1157 920/1171/1158 834/1172/1159
f 834/1172/1159 920/1171/1158 835/1173/1160
f 835/1173/1160 920/1171/1158 921/1174/1161
f 835/1173/1160 921/1174/1161 836/1175/1162
f 836/1175/1162 921/1174/1161 922/1176/1163
f 836/1175/1162 922/1176/1163 837/1177/1164
f 837/1177/1164 922/1176/1163 854/1178/1165
f 854/1178/1165 922/1176/1163 923/1179/1166
f 854/1178/1165 923/1179/1166 855/1180/1167
f 855/1180/1167 923/1179/1166 924/1181/1168
f 855/1180/1167 924/1181/1168 856/1182/1169
f 856/1182/1169 924/1181/1168 925/1183/1170
f 856/1182/1169 925/1183/1170 857/1184/1171
f 857/1184/1171 925/1183/1170 926/1185/1172
f 857/1184/1171 926/1185/1172 858/1186/1173
f 858/1186/1173 926/1185/1172 927/1187/1174
f 858/1186/1173 927/1187/1174 859/1188/1175
f 859/1188/1175 927/1187/1174 928/1189/1176
f 859/1188/1175 928/1189/1176 860/1190/1177
f 860/1190/1177 928/1189/1176 929/1191/1178
f 860/1190/1177 929/1191/1178 861/1192/1179
f 861/1192/1179 929/1191/1178 930/1193/1180
f 861/1192/1179 930/1193/1180 862/1194/1181
f 862/1194/1181 930/1193/1180 931/1195/1182
f 862/1194/1181 931/1195/1182 863/1196/1183
f 863/1196/1183 931/1195/1182 932/1197/1184
f 863/1196/1183 932/1197/1184 864/1198/1185
f 864/1198/1185 932/1197/1184 933/1199/1186
f 916/1161/1148 872/1160/1147 915/1200/1187
f 915/1200/1187 872/1160/1147 873/1201/1188
f 915/1200/1187 873/1201/1188 874/1202/1189
f 915/1200/1187 874/1202/1189 914/1203/1190
f 914/1203/1190 874/1202/1189 875/1204/1191
f 914/1203/1190 875/1204/1191 876/1205/1192
f 914/1203/1190 876/1205/1192 913/1206/1193
f 913/1206/1193 876/1205/1192 877/1207/1194
f 913/1206/1193 877/1207/1194 878/1208/1195
f 913/1206/1193 878/1208/1195 912/1209/1196
f 912/1209/1196 878/1208/1195 879/1210/1197
f 912/1209/1196 879/1210/1197 880/1211/1198
f 912/1209/1196 880/1211/1198 911/1212/1199
f 911/1212/1199 880/1211/1198 881/1213/1200
f 911/1212/1199 881/1213/1200 882/1214/1201
f 911/1212/1199 882/1214/1201 910/1215/1202
f 910/1215/1202 882/1214/1201 883/1216/1203
f 910/1215/1202 883/1216/1203 884/1217/1204
f 910/1215/1202 884/1217/1204 909/1218/1205
f 909/1218/1205 884/1217/1204 885/1219/1206
f 909/1218/1205 885/1219/1206 908/1220/1207
f 908/1220/1207 885/1219/1206 886/1221/1208
f 908/1220/1207 886/1221/1208 887/1222/1209
f 908/1220/1207 887/1222/1209 907/1223/1210
f 907/1223/1210 887/1222/1209 888/1224/1211
f 907/1223/1210 888/1224/1211 889/1225/1212
f 907/1223/1210 889/1225/1212 906/1226/1213
f 906/1226/1213 889/1225/1212 890/1227/1214
f 906/1226/1213 890/1227/1214 891/1228/1215
f 906/1226/1213 891/1228/1215 905/1229/1216
f 905/1229/1216 891/1228/1215 892/1230/1217
f 905/1229/1216 892/1230/1217 904/1231/1218
f 904/1231/1218 892/1230/1217 893/1232/1219
f 904/1231/1218 893/1232/1219 894/1233/1220
f 904/1231/1218 894/1233/1220 903/1234/1221
f 903/1234/1221 894/1233/1220 895/1235/1222
f 903/1234/1221 895/1235/1222 896/1236/1223
f 903/1234/1221 896/1236/1223 902/1237/1224
f 902/1237/1224 896/1236/1223 897/1238/1225
f 902/1237/1224 897/1238/1225 898/1239/1226
f 902/1237/1224 898/1239/1226 901/1240/1227
f 901/1240/1227 898/1239/1226 899/1241/1228
f 901/1240/1227 899/1241/1228 900/1242/1229
f 870/1243/1230 869/1244/1231 900/1242/1229
f 900/1242/1229 869/1244/1231 901/1240/1227
f 865/1245/1232 864/1246/1233 934/1247/1234
f 934/1247/1234 864/1246/1233 933/1248/1235
f 869/1249/1236 868/1250/1237 957/1251/1238
f 957/1251/1238 868/1250/1237 934/1252/1239
f 957/1251/1238 934/1252/1239 956/1253/1240
f 956/1253/1240 934/1252/1239 933/1254/1241
f 956/1253/1240 933/1254/1241 955/1255/1242
f 955/1255/1242 933/1254/1241 954/1256/1243
f 954/1256/1243 933/1254/1241 932/1257/1244
f 954/1256/1243 932/1257/1244 953/1258/1245
f 953/1258/1245 932/1257/1244 931/1259/1246
f 953/1258/1245 931/1259/1246 952/1260/1247
f 952/1260/1247 931/1259/1246 930/1261/1248
f 952/1260/1247 930/1261/1248 929/1262/1249
f 952/1260/1247 929/1262/1249 951/1263/1250
f 951/1263/1250 929/1262/1249 928/1264/1251
f 951/1263/1250 928/1264/1251 950/1265/1252
f 950/1265/1252 928/1264/1251 927/1266/1253
f 950/1265/1252 927/1266/1253 949/1267/1254
f 949/1267/1254 927/1266/1253 926/1268/1255
f 949/1267/1254 926/1268/1255 925/1269/1256
f 949/1267/1254 925/1269/1256 948/1270/1257
f 948/1270/1257 925/1269/1256 924/1271/1258
f 948/1270/1257 924/1271/1258 947/1272/1259
f 947/1272/1259 924/1271/1258 923/1273/1260
f 947/1272/1259 923/1273/1260 922/1274/1261
f 947/1272/1259 922/1274/1261 946/1275/1262
f 946/1275/1262 922/1274/1261 921/1276/1263
f 946/1275/1262 921/1276/1263 945/1277/1264
f 945/1277/1264 921/1276/1263 920/1278/1265
f 945/1277/1264 920/1278/1265 944/1279/1266
f 944/1279/1266 920/1278/1265 919/1280/1267
f 944/1279/1266 919/1280/1267 918/1281/1268
f 944/1279/1266 918/1281/1268 943/1282/1269
f 943/1282/1269 918/1281/1268 917/1283/1270
f 943/1282/1269 917/1283/1270 942/1284/1271
f 942/1284/1271 917/1283/1270 916/1285/1272
f 942/1284/1271 916/1285/1272 941/1286/1273
f 941/1286/1273 916/1285/1272 915/1287/1274
f 941/1286/1273 915/1287/1274 914/1288/1275
f 941/1286/1273 914/1288/1275 940/1289/1276
f 940/1289/1276 914/1288/1275 913/1290/1277
f 940/1289/1276 913/1290/1277 939/1291/1278
f 939/1291/1278 913/1290/1277 912/1292/1279
f 939/1291/1278 912/1292/1279 938/1293/1280
f 938/1293/1280 912/1292/1279 911/1294/1281
f 938/1293/1280 911/1294/1281 910/1295/1282
f 938/1293/1280 910/1295/1282 937/1296/1283
f 937/1296/1283 910/1295/1282 909/1297/1284
f 937/1296/1283 909/1297/1284 936/1298/1285
f 936/1298/1285 909/1297/1284 908/1299/1286
f 936/1298/1285 908/1299/1286 907/1300/1287
f 936/1298/1285 907/1300/1287 935/1301/1288
f 935/1301/1288 907/1300/1287 906/1302/1289
f 935/1301/1288 906/1302/1289 963/1303/1290
f 963/1303/1290 906/1302/1289 905/1304/1291
f 963/1303/1290 905/1304/1291 962/1305/1292
f 962/1305/1292 905/1304/1291 904/1306/1293
f 962/1305/1292 904/1306/1293 903/1307/1294
f 962/1305/1292 903/1307/1294 961/1308/1295
f 961/1308/1295 903/1307/1294 902/1309/1296
f 961/1308/1295 902/1309/1296 960/1310/1297
f 960/1310/1297 902/1309/1296 901/1311/1298
f 960/1310/1297 901/1311/1298 959/1312/1299
f 959/1312/1299 901/1311/1298 869/1249/1236
f 959/1312/1299 869/1249/1236 958/1313/1300
f 958/1313/1300 869/1249/1236 957/1251/1238
f 965/1314/1301 966/1315/1302 964/1316/1303
f 964/1316/1303 966/1315/1302 967/1317/1304
f 969/1318/1305 1000/1319/1306 968/1320/1307
f 968/1320/1307 1000/1319/1306 1001/1321/1308
f 968/1320/1307 1001/1321/1308 1046/1322/1309
f 1046/1322/1309 1001/1321/1308 1002/1323/1310
f 1046/1322/1309 1002/1323/1310 1045/1324/1311
f 1045/1324/1311 1002/1323/1310 1003/1325/1312
f 1045/1324/1311 1003/1325/1312 1044/1326/1313
f 1044/1326/1313 1003/1325/1312 1043/1327/1314
f 1043/1327/1314 1003/1325/1312 1004/1328/1315
f 1043/1327/1314 1004/1328/1315 1042/1329/1316
f 1042/1329/1316 1004/1328/1315 1041/1330/1317
f 1041/1330/1317 1004/1328/1315 1005/1331/1318
f 1041/1330/1317 1005/1331/1318 1040/1332/1319
f 1040/1332/1319 1005/1331/1318 1039/1333/1320
f 1039/1333/1320 1005/1331/1318 1006/1334/1321
f 1039/1333/1320 1006/1334/1321 1038/1335/1322
f 1038/1335/1322 1006/1334/1321 1037/1336/1323
f 1037/1336/1323 1006/1334/1321 1007/1337/1324
f 1037/1336/1323 1007/1337/1324 1036/1338/1325
f 1036/1338/1325 1007/1337/1324 1008/1339/1326
f 1036/1338/1325 1008/1339/1326 1035/1340/1327
f 1035/1340/1327 1008/1339/1326 1034/1341/1328
f 1034/1341/1328 1008/1339/1326 1009/1342/1329
f 1034/1341/1328 1009/1342/1329 1033/1343/1330
f 1033/1343/1330 1009/1342/1329 1032/1344/1331
f 1032/1344/1331 1009/1342/1329 1010/1345/1332
f 1032/1344/1331 1010/1345/1332 1031/1346/1333
f 1031/1346/1333 1010/1345/1332 1030/1347/1334
f 1030/1347/1334 1010/1345/1332 1011/1348/1335
f 1030/1347/1334 1011/1348/1335 1029/1349/1336
f 1029/1349/1336 1011/1348/1335 1028/1350/1337
f 1028/1350/1337 1011/1348/1335 1012/1351/1338
f 1028/1350/1337 1012/1351/1338 1027/1352/1339
f 1027/1352/1339 1012/1351/1338 1013/1353/1340
f 1027/1352/1339 1013/1353/1340 1026/1354/1341
f 1026/1354/1341 1013/1353/1340 1025/1355/1342
f 1025/1355/1342 1013/1353/1340 1014/1356/1343
f 1025/1355/1342 1014/1356/1343 1024/1357/1344
f 1024/1357/1344 1014/1356/1343 1023/1358/1345
f 1023/1358/1345 1014/1356/1343 1015/1359/1346
f 1023/1358/1345 1015/1359/1346 1022/1360/1347
f 1022/1360/1347 1015/1359/1346 1021/1361/1348
f 1021/1361/1348 1015/1359/1346 1016/1362/1349
f 1021/1361/1348 1016/1362/1349 1020/1363/1350
f 1020/1363/1350 1016/1362/1349 1019/1364/1351
f 1019/1364/1351 1016/1362/1349 1017/1365/1352
f 1019/1364/1351 1017/1365/1352 1018/1366/1353
f 1000/1319/1306 969/1318/1305 999/1367/1354
f 999/1367/1354 969/1318/1305 970/1368/1355
f 999/1367/1354 970/1368/1355 998/1369/1356
f 998/1369/1356 970/1368/1355 971/1370/1357
f 998/1369/1356 971/1370/1357 997/1371/1358
f 997/1371/1358 971/1370/1357 972/1372/1359
f 997/1371/1358 972/1372/1359 996/1373/1360
f 996/1373/1360 972/1372/1359 973/1374/1361
f 996/1373/1360 973/1374/1361 995/1375/1362
f 995/1375/1362 973/1374/1361 974/1376/1363
f 995/1375/1362 974/1376/1363 994/1377/1364
f 994/1377/1364 974/1376/1363 975/1378/1365
f 994/1377/1364 975/1378/1365 993/1379/1366
f 993/1379/1366 975/1378/1365 976/1380/1367
f 993/1379/1366 976/1380/1367 992/1381/1368
f 992/1381/1368 976/1380/1367 977/1382/1369
f 992/1381/1368 977/1382/1369 991/1383/1370
f 991/1383/1370 977/1382/1369 978/1384/1371
f 991/1383/1370 978/1384/1371 990/1385/1372
f 990/1385/1372 978/1384/1371 979/1386/1373
f 990/1385/1372 979/1386/1373 989/1387/1374
f 989/1387/1374 979/1386/1373 980/1388/1375
f 989/1387/1374 980/1388/1375 988/1389/1376
f 988/1389/1376 980/1388/1375 981/1390/1377
f 988/1389/1376 981/1390/1377 987/1391/1378
f 987/1391/1378 981/1390/1377 982/1392/1379
f 987/1391/1378 982/1392/1379 986/1393/1380
f 986/1393/1380 982/1392/1379 983/1394/1381
f 986/1393/1380 983/1394/1381 985/1395/1382
f 985/1395/1382 983/1394/1381 984/1396/1383
f 985/1395/1382 984/1396/1383 966/1397/1384
f 966/1397/1384 984/1396/1383 967/1398/1385
f 1048/1399/1386 1018/1400/1387 1047/1401/1388
f 1047/1401/1388 1018/1400/1387 1017/1402/1389
f 966/1403/1390 965/1404/1391 1071/1405/1392
f 1071/1405/1392 965/1404/1391 1047/1406/1393
f 1071/1405/1392 1047/1406/1393 1070/1407/1394
f 1070/1407/1394 1047/1406/1393 1017/1408/1395
f 1070/1407/1394 1017/1408/1395 1069/1409/1396
f 1069/1409/1396 1017/1408/1395 1068/1410/1397
f 1068/1410/1397 1017/1408/1395 1016/1411/1398
f 1068/1410/1397 1016/1411/1398 1067/1412/1399
f 1067/1412/1399 1016/1411/1398 1015/1413/1400
f 1067/1412/1399 1015/1413/1400 1014/1414/1401
f 1067/1412/1399 1014/1414/1401 1066/1415/1402
f 1066/1415/1402 1014/1414/1401 1013/1416/1403
f 1066/1415/1402 1013/1416/1403 1065/1417/1404
f 1065/1417/1404 1013/1416/1403 1012/1418/1405
f 1065/1417/1404 1012/1418/1405 1064/1419/1406
f 1064/1419/1406 1012/1418/1405 1011/1420/1407
f 1064/1419/1406 1011/1420/1407 1010/1421/1408
f 1064/1419/1406 1010/1421/1408 1063/1422/1409
f 1063/1422/1409 1010/1421/1408 1009/1423/1410
f 1063/1422/1409 1009/1423/1410 1062/1424/1411
f 1062/1424/1411 1009/1423/1410 1008/1425/1412
f 1062/1424/1411 1008/1425/1412 1061/1426/1413
f 1061/1426/1413 1008/1425/1412 1007/1427/1414
f 1061/1426/1413 1007/1427/1414 1006/1428/1415
f 1061/1426/1413 1006/1428/1415 1060/1429/1416
f 1060/1429/1416 1006/1428/1415 1005/1430/1417
f 1060/1429/1416 1005/1430/1417 1059/1431/1418
f 1059/1431/1418 1005/1430/1417 1004/1432/1419
f 1059/1431/1418 1004/1432/1419 1058/1433/1420
f 1058/1433/1420 1004/1432/1419 1003/1434/1421
f 1058/1433/1420 1003/1434/1421 1002/1435/1422
f 1058/1433/1420 1002/1435/1422 1057/1436/1423
f 1057/1436/1423 1002/1435/1422 1001/1437/1424
f 1057/1436/1423 1001/1437/1424 1056/1438/1425
f 1056/1438/1425 1001/1437/1424 1000/1439/1426
f 1056/1438/1425 1000/1439/1426 999/1440/1427
f 1056/1438/1425 999/1440/1427 1055/1441/1428
f 1055/1441/1428 999/1440/1427 998/1442/1429
f 1055/1441/1428 998/1442/1429 1054/1443/1430
f 1054/1443/1430 998/1442/1429 997/1444/1431
f 1054/1443/1430 997/1444/1431 1053/1445/1432
f 1053/1445/1432 997/1444/1431 996/1446/1433
f 1053/1445/1432 996/1446/1433 995/1447/1434
f 1053/1445/1432 995/1447/1434 1052/1448/1435
f 1052/1448/1435 995/1447/1434 994/1449/1436
f 1052/1448/1435 994/1449/1436 1051/1450/1437
f 1051/1450/1437 994/1449/1436 993/1451/1438
f 1051/1450/1437 993/1451/1438 1050/1452/1439
f 1050/1452/1439 993/1451/1438 992/1453/1440
f 1050/1452/1439 992/1453/1440 991/1454/1441
f 1050/1452/1439 991/1454/1441 1049/1455/1442
f 1049/1455/1442 991/1454/1441 990/1456/1443
f 1049/1455/1442 990/1456/1443 1077/1457/1444
f 1077/1457/1444 990/1456/1443 989/1458/1445
f 1077/1457/1444 989/1458/1445 1076/1459/1446
f 1076/1459/1446 989/1458/1445 988/1460/1447
f 1076/1459/1446 988/1460/1447 987/1461/1448
f 1076/1459/1446 987/1461/1448 1075/1462/1449
f 1075/1462/1449 987/1461/1448 986/1463/1450
f 1075/1462/1449 986/1463/1450 1074/1464/1451
f 1074/1464/1451 986/1463/1450 985/1465/1452
f 1074/1464/1451 985/1465/1452 966/1403/1390
f 1071/1405/1392 1072/1466/1453 966/1403/1390
f 966/1403/1390 1072/1466/1453 1073/1467/1454
f 966/1403/1390 1073/1467/1454 1074/1464/1451
f 580/1468/1455 971/1469/1456 576/1470/1457
f 576/1470/1457 971/1469/1456 970/1471/1458
f 576/1470/1457 970/1471/1458 969/1472/1459
f 1078/1473/1460 978/1474/1461 580/1468/1455
f 580/1468/1455 978/1474/1461 977/1475/1462
f 580/1468/1455 977/1475/1462 976/1476/1463
f 964/1477/1464 983/1478/1465 1078/1473/1460
f 1078/1473/1460 983/1478/1465 982/1479/1466
f 1078/1473/1460 982/1479/1466 981/1480/1467
f 967/1481/1468 984/1482/1469 964/1477/1464
f 964/1477/1464 984/1482/1469 983/1478/1465
f 981/1480/1467 980/1483/1470 1078/1473/1460
f 1078/1473/1460 980/1483/1470 979/1484/1471
f 1078/1473/1460 979/1484/1471 978/1474/1461
f 976/1476/1463 975/1485/1472 580/1468/1455
f 580/1468/1455 975/1485/1472 974/1486/1473
f 580/1468/1455 974/1486/1473 973/1487/1474
f 973/1487/1474 972/1488/1475 580/1468/1455
f 580/1468/1455 972/1488/1475 971/1469/1456
f 969/1472/1459 968/1489/1476 576/1470/1457
f 870/1490/1477 900/1491/1478 867/1492/1479
f 867/1492/1479 900/1491/1478 899/1493/1480
f 867/1492/1479 899/1493/1480 898/1494/1481
f 867/1492/1479 898/1494/1481 1095/1495/1482
f 1095/1495/1482 898/1494/1481 897/1496/1483
f 1095/1495/1482 897/1496/1483 896/1497/1484
f 896/1497/1484 895/1498/1485 1095/1495/1482
f 1095/1495/1482 895/1498/1485 894/1499/1486
f 1095/1495/1482 894/1499/1486 893/1500/1487
f 893/1500/1487 892/1501/1488 1095/1495/1482
f 1095/1495/1482 892/1501/1488 891/1502/1489
f 1095/1495/1482 891/1502/1489 1094/1503/1490
f 1094/1503/1490 891/1502/1489 890/1504/1491
f 1094/1503/1490 890/1504/1491 889/1505/1492
f 1094/1503/1490 889/1505/1492 607/1506/1493
f 607/1506/1493 889/1505/1492 888/1507/1494
f 607/1506/1493 888/1507/1494 887/1508/1495
f 887/1508/1495 886/1509/1496 607/1506/1493
f 607/1506/1493 886/1509/1496 885/1510/1497
f 607/1506/1493 885/1510/1497 884/1511/1498
f 884/1511/1498 883/1512/1499 607/1506/1493
f 607/1506/1493 883/1512/1499 608/1513/1500
f 608/1513/1500 883/1512/1499 882/1514/1501
f 608/1513/1500 882/1514/1501 881/1515/1502
f 881/1515/1502 880/1516/1503 608/1513/1500
f 608/1513/1500 880/1516/1503 879/1517/1504
f 608/1513/1500 879/1517/1504 878/1518/1505
f 878/1518/1505 877/1519/1506 608/1513/1500
f 608/1513/1500 877/1519/1506 609/1520/1507
f 609/1520/1507 877/1519/1506 876/1521/1508
f 609/1520/1507 876/1521/1508 875/1522/1509
f 875/1522/1509 874/1523/1510 609/1520/1507
f 609/1520/1507 874/1523/1510 873/1524/1511
f 609/1520/1507 873/1524/1511 610/1525/1512
f 610/1525/1512 873/1524/1511 872/1526/1513
f 610/1525/1512 872/1526/1513 871/1527/1514
f 610/1525/1512 871/1527/1514 611/1528/1515
f 611/1528/1515 871/1527/1514 829/1529/1516
f 611/1528/1515 829/1529/1516 828/1530/1517
f 828/1530/1517 827/1531/1518 611/1528/1515
f 611/1528/1515 827/1531/1518 826/1532/1519
f 611/1528/1515 826/1532/1519 825/1533/1520
f 825/1533/1520 824/1534/1521 611/1528/1515
f 611/1528/1515 824/1534/1521 823/1535/1522
f 611/1528/1515 823/1535/1522 612/1536/1523
f 612/1536/1523 823/1535/1522 822/1537/1524
f 612/1536/1523 822/1537/1524 821/1538/1525
f 612/1536/1523 821/1538/1525 613/1539/1526
f 613/1539/1526 821/1538/1525 820/1540/1527
f 613/1539/1526 820/1540/1527 819/1541/1528
f 819/1541/1528 614/1542/1529 613/1539/1526
f 607/1506/1493 606/1543/1530 1094/1503/1490
f 1094/1503/1490 606/1543/1530 1093/1544/1531
f 1093/1544/1531 606/1543/1530 605/1545/1532
f 1093/1544/1531 605/1545/1532 1092/1546/1533
f 1092/1546/1533 605/1545/1532 604/1547/1534
f 1092/1546/1533 604/1547/1534 1091/1548/1535
f 1091/1548/1535 604/1547/1534 603/1549/1536
f 1091/1548/1535 603/1549/1536 1090/1550/1537
f 1090/1550/1537 603/1549/1536 602/1551/1538
f 1090/1550/1537 602/1551/1538 1089/1552/1539
f 1089/1552/1539 602/1551/1538 601/1553/1540
f 1089/1552/1539 601/1553/1540 1088/1554/1541
f 1088/1554/1541 601/1553/1540 600/1555/1542
f 1088/1554/1541 600/1555/1542 1087/1556/1543
f 1087/1556/1543 600/1555/1542 599/1557/1544
f 1087/1556/1543 599/1557/1544 1086/1558/1545
f 1086/1558/1545 599/1557/1544 598/1559/1546
f 1086/1558/1545 598/1559/1546 1085/1560/1547
f 1085/1560/1547 598/1559/1546 597/1561/1548
f 1085/1560/1547 597/1561/1548 1084/1562/1549
f 1084/1562/1549 597/1561/1548 596/1563/1550
f 1084/1562/1549 596/1563/1550 1083/1564/1551
f 1083/1564/1551 596/1563/1550 595/1565/1552
f 1083/1564/1551 595/1565/1552 1082/1566/1553
f 1082/1566/1553 595/1565/1552 594/1567/1554
f 1082/1566/1553 594/1567/1554 1081/1568/1555
f 1081/1568/1555 594/1567/1554 593/1569/1556
f 1081/1568/1555 593/1569/1556 1080/1570/1557
f 1080/1570/1557 593/1569/1556 1031/1571/1558
f 1080/1570/1557 1031/1571/1558 1030/1572/1559
f 593/1569/1556 592/1573/1560 1031/1571/1558
f 1031/1571/1558 592/1573/1560 1032/1574/1561
f 1032/1574/1561 592/1573/1560 1033/1575/1562
f 1033/1575/1562 592/1573/1560 1034/1576/1563
f 1034/1576/1563 592/1573/1560 1035/1577/1564
f 1035/1577/1564 592/1573/1560 1036/1578/1565
f 1036/1578/1565 592/1573/1560 1037/1579/1566
f 1037/1579/1566 592/1573/1560 1038/1580/1567
f 1038/1580/1567 592/1573/1560 1039/1581/1568
f 1039/1581/1568 592/1573/1560 1040/1582/1569
f 1040/1582/1569 592/1573/1560 591/1583/1570
f 1040/1582/1569 591/1583/1570 1041/1584/1571
f 1041/1584/1571 591/1583/1570 1042/1585/1572
f 1042/1585/1572 591/1583/1570 1043/1586/1573
f 1043/1586/1573 591/1583/1570 1044/1587/1574
f 1044/1587/1574 591/1583/1570 590/1588/1575
f 1044/1587/1574 590/1588/1575 1045/1589/1576
f 1045/1589/1576 590/1588/1575 1046/1590/1577
f 1046/1590/1577 590/1588/1575 576/1591/1578
f 1046/1590/1577 576/1591/1578 968/1592/1579
f 590/1588/1575 589/1593/1580 576/1591/1578
f 576/1591/1578 589/1593/1580 577/1594/1581
f 577/1594/1581 589/1593/1580 578/1595/1582
f 1030/1572/1559 1029/1596/1583 1080/1570/1557
f 1080/1570/1557 1029/1596/1583 1028/1597/1584
f 1080/1570/1557 1028/1597/1584 1027/1598/1585
f 1027/1598/1585 1026/1599/1586 1080/1570/1557
f 1080/1570/1557 1026/1599/1586 1079/1600/1587
f 1079/1600/1587 1026/1599/1586 1025/1601/1588
f 1079/1600/1587 1025/1601/1588 1024/1602/1589
f 1024/1602/1589 1023/1603/1590 1079/1600/1587
f 1079/1600/1587 1023/1603/1590 1022/1604/1591
f 1079/1600/1587 1022/1604/1591 1021/1605/1592
f 1021/1605/1592 1020/1606/1593 1079/1600/1587
f 1079/1600/1587 1020/1606/1593 1048/1607/1594
f 1048/1607/1594 1020/1606/1593 1019/1608/1595
f 1048/1607/1594 1019/1608/1595 1018/1609/1596
f 1077/1610/1597 519/1611/1598 1049/1612/1599
f 1049/1612/1599 519/1611/1598 518/1613/1600
f 1049/1614/1599 518/1615/1600 1050/1616/1601
f 1050/1616/1601 518/1615/1600 546/1617/1602
f 1050/1616/1601 546/1617/1602 1051/1618/1603
f 1051/1618/1603 546/1617/1602 545/1619/1604
f 1051/1618/1603 545/1619/1604 1052/1620/1605
f 1052/1620/1605 545/1619/1604 544/1621/1606
f 1052/1620/1605 544/1621/1606 1053/1622/1607
f 1053/1622/1607 544/1621/1606 543/1623/1608
f 1053/1622/1607 543/1623/1608 1054/1624/1609
f 1054/1624/1609 543/1623/1608 542/1625/1610
f 1054/1624/1609 542/1625/1610 1055/1626/1611
f 1055/1626/1611 542/1625/1610 541/1627/1612
f 1055/1626/1611 541/1627/1612 1056/1628/1613
f 1056/1628/1613 541/1627/1612 540/1629/1614
f 1056/1628/1613 540/1629/1614 1057/1630/1615
f 1057/1630/1615 540/1629/1614 539/1631/1616
f 1057/1630/1615 539/1631/1616 1058/1632/1617
f 1058/1632/1617 539/1631/1616 538/1633/1618
f 1058/1632/1617 538/1633/1618 1059/1634/1619
f 1059/1634/1619 538/1633/1618 537/1635/1620
f 1059/1634/1619 537/1635/1620 1060/1636/1621
f 1060/1636/1621 537/1635/1620 536/1637/1622
f 1060/1636/1621 536/1637/1622 1061/1638/1623
f 1061/1638/1623 536/1637/1622 535/1639/1624
f 1061/1638/1623 535/1639/1624 1062/1640/1625
f 1062/1640/1625 535/1639/1624 534/1641/1626
f 1062/1640/1625 534/1641/1626 1063/1642/1627
f 1063/1642/1627 534/1641/1626 533/1643/1628
f 1063/1642/1627 533/1643/1628 1064/1644/1629
f 1064/1644/1629 533/1643/1628 532/1645/1630
f 1064/1644/1629 532/1645/1630 1065/1646/1631
f 1065/1646/1631 532/1645/1630 531/1647/1632
f 1065/1646/1631 531/1647/1632 1066/1648/1633
f 1066/1648/1633 531/1647/1632 530/1649/1634
f 1066/1648/1633 530/1649/1634 1067/1650/1635
f 1067/1650/1635 530/1649/1634 529/1651/1636
f 1067/1650/1635 529/1651/1636 1068/1652/1637
f 1068/1652/1637 529/1651/1636 528/1653/1638
f 1068/1652/1637 528/1653/1638 1069/1654/1639
f 1069/1654/1639 528/1653/1638 527/1655/1640
f 1069/1654/1639 527/1655/1640 1070/1656/1641
f 1070/1656/1641 527/1655/1640 526/1657/1642
f 1070/1656/1641 526/1657/1642 1071/1658/1643
f 1071/1658/1643 526/1657/1642 525/1659/1644
f 1071/1658/1643 525/1659/1644 1072/1660/1645
f 1072/1660/1645 525/1659/1644 524/1661/1646
f 1072/1660/1645 524/1661/1646 1073/1662/1647
f 1073/1662/1647 524/1661/1646 523/1663/1648
f 1073/1662/1647 523/1663/1648 1074/1664/1649
f 1074/1664/1649 523/1663/1648 522/1665/1650
f 1074/1664/1649 522/1665/1650 1075/1666/1651
f 1075/1666/1651 522/1665/1650 521/1667/1652
f 1075/1666/1651 521/1667/1652 1076/1668/1653
f 1076/1668/1653 521/1667/1652 520/1669/1654
f 1076/1668/1653 520/1669/1654 1077/1610/1597
f 1077/1610/1597 520/1669/1654 519/1611/1598
f 963/1670/1655 490/1671/1656 935/1672/1657
f 935/1672/1657 490/1671/1656 489/1673/1658
f 935/1674/1657 489/1675/1658 936/1676/1659
f 936/1676/1659 489/1675/1658 517/1677/1660
f 936/1676/1659 517/1677/1660 937/1678/1661
f 937/1678/1661 517/1677/1660 516/1679/1662
f 937/1678/1661 516/1679/1662 938/1680/1663
f 938/1680/1663 516/1679/1662 515/1681/1664
f 938/1680/1663 515/1681/1664 939/1682/1665
f 939/1682/1665 515/1681/1664 514/1683/1666
f 939/1682/1665 514/1683/1666 940/1684/1667
f 940/1684/1667 514/1683/1666 513/1685/1668
f 940/1684/1667 513/1685/1668 941/1686/1669
f 941/1686/1669 513/1685/1668 512/1687/1670
f 941/1686/1669 512/1687/1670 942/1688/1671
f 942/1688/1671 512/1687/1670 511/1689/1672
f 942/1688/1671 511/1689/1672 943/1690/1673
f 943/1690/1673 511/1689/1672 510/1691/1674
f 943/1690/1673 510/1691/1674 944/1692/1675
f 944/1692/1675 510/1691/1674 509/1693/1676
f 944/1692/1675 509/1693/1676 945/1694/1677
f 945/1694/1677 509/1693/1676 508/1695/1678
f 945/1694/1677 508/1695/1678 946/1696/1679
f 946/1696/1679 508/1695/1678 507/1697/1680
f 946/1696/1679 507/1697/1680 947/1698/1681
f 947/1698/1681 507/1697/1680 506/1699/1682
f 947/1698/1681 506/1699/1682 948/1700/1683
f 948/1700/1683 506/1699/1682 505/1701/1684
f 948/1700/1683 505/1701/1684 949/1702/1685
f 949/1702/1685 505/1701/1684 504/1703/1686
f 949/1702/1685 504/1703/1686 950/1704/1687
f 950/1704/1687 504/1703/1686 503/1705/1688
f 950/1704/1687 503/1705/1688 951/1706/1689
f 951/1706/1689 503/1705/1688 502/1707/1690
f 951/1706/1689 502/1707/1690 952/1708/1691
f 952/1708/1691 502/1707/1690 501/1709/1692
f 952/1708/1691 501/1709/1692 953/1710/1693
f 953/1710/1693 501/1709/1692 500/1711/1694
f 953/1710/1693 500/1711/1694 954/1712/1695
f 954/1712/1695 500/1711/1694 499/1713/1696
f 954/1712/1695 499/1713/1696 955/1714/1697
f 955/1714/1697 499/1713/1696 498/1715/1698
f 955/1714/1697 498/1715/1698 956/1716/1699
f 956/1716/1699 498/1715/1698 497/1717/1700
f 956/1716/1699 497/1717/1700 957/1718/1701
f 957/1718/1701 497/1717/1700 496/1719/1702
f 957/1718/1701 496/1719/1702 958/1720/1703
f 958/1720/1703 496/1719/1702 495/1721/1704
f 958/1720/1703 495/1721/1704 959/1722/1705
f 959/1722/1705 495/1721/1704 494/1723/1706
f 959/1722/1705 494/1723/1706 960/1724/1707
f 960/1724/1707 494/1723/1706 493/1725/1708
f 960/1724/1707 493/1725/1708 961/1726/1709
f 961/1726/1709 493/1725/1708 492/1727/1710
f 961/1726/1709 492/1727/1710 962/1728/1711
f 962/1728/1711 492/1727/1710 491/1729/1712
f 962/1728/1711 491/1729/1712 963/1670/1655
f 963/1670/1655 491/1729/1712 490/1671/1656
f 867/1730/1713 1095/1731/1714 868/1732/1715
f 868/1732/1715 1095/1731/1714 1094/1733/1716
f 868/1732/1715 1094/1733/1716 1093/1734/1717
f 1093/1734/1717 1092/1735/1718 868/1732/1715
f 868/1732/1715 1092/1735/1718 934/1736/1719
f 934/1736/1719 1092/1735/1718 488/1737/1720
f 934/1736/1719 488/1737/1720 569/1738/1721
f 1092/1735/1718 1091/1739/1722 488/1737/1720
f 488/1737/1720 1091/1739/1722 1090/1740/1723
f 488/1737/1720 1090/1740/1723 1089/1741/1724
f 1089/1741/1724 1088/1742/1725 488/1737/1720
f 488/1737/1720 1088/1742/1725 1087/1743/1726
f 488/1737/1720 1087/1743/1726 478/1744/1727
f 478/1744/1727 1087/1743/1726 1086/1745/1728
f 478/1744/1727 1086/1745/1728 1085/1746/1729
f 1085/1746/1729 1084/1747/1730 478/1744/1727
f 478/1744/1727 1084/1747/1730 1083/1748/1731
f 478/1744/1727 1083/1748/1731 1082/1749/1732
f 1081/1750/1733 1047/1751/1734 1082/1749/1732
f 1082/1749/1732 1047/1751/1734 965/1752/1735
f 1082/1749/1732 965/1752/1735 478/1744/1727
f 478/1744/1727 965/1752/1735 479/1753/1736
f 479/1753/1736 965/1752/1735 964/1754/1737
f 479/1753/1736 964/1754/1737 1096/1755/1738
f 1096/1755/1738 964/1754/1737 1078/1756/1739
f 1081/1750/1733 1080/1757/1740 1047/1751/1734
f 1047/1751/1734 1080/1757/1740 1079/1758/1741
f 1047/1751/1734 1079/1758/1741 1048/1759/1742
f 479/1753/1736 1096/1755/1738 474/1760/1743
f 474/1760/1743 1096/1755/1738 1097/1761/1744
f 474/1760/1743 1097/1761/1744 475/1762/1745
f 866/1763/1746 865/1764/1747 569/1738/1721
f 569/1738/1721 865/1764/1747 934/1736/1719
f 484/1765/1748 1103/1766/1749 485/1767/1750
f 485/1767/1750 1103/1766/1749 1104/1768/1751
f 485/1767/1750 1104/1768/1751 1105/1769/1752
f 567/1770/1753 1098/1771/1754 484/1765/1748
f 484/1765/1748 1098/1771/1754 1099/1772/1755
f 484/1765/1748 1099/1772/1755 1100/1773/1756
f 567/1770/1753 568/1774/1757 1098/1771/1754
f 1100/1773/1756 1101/1775/1758 484/1765/1748
f 484/1765/1748 1101/1775/1758 1102/1776/1759
f 484/1765/1748 1102/1776/1759 1103/1766/1749
f 1105/1769/1752 1106/1777/1760 485/1767/1750
f 485/1767/1750 1106/1777/1760 1107/1778/1761
f 485/1767/1750 1107/1778/1761 1109/1779/1762
f 1109/1779/1762 1107/1778/1761 1108/1780/1763
f 170/1781/1764 661/1782/1765 171/1783/1766
f 171/1783/1766 661/1782/1765 660/1784/1767
f 171/1783/1766 660/1784/1767 659/1785/1768
f 658/1786/1769 135/1787/1770 659/1785/1768
f 659/1785/1768 135/1787/1770 172/1788/1771
f 659/1785/1768 172/1788/1771 171/1783/1766
f 154/1789/1772 677/1790/1773 155/1791/1774
f 155/1791/1774 677/1790/1773 676/1792/1775
f 155/1791/1774 676/1792/1775 156/1793/1776
f 156/1793/1776 676/1792/1775 675/1794/1777
f 156/1793/1776 675/1794/1777 157/1795/1778
f 157/1795/1778 675/1794/1777 674/1796/1779
f 157/1795/1778 674/1796/1779 158/1797/1780
f 158/1797/1780 674/1796/1779 673/1798/1781
f 158/1797/1780 673/1798/1781 159/1799/1782
f 159/1799/1782 673/1798/1781 672/1800/1783
f 159/1799/1782 672/1800/1783 160/1801/1784
f 160/1801/1784 672/1800/1783 671/1802/1785
f 160/1801/1784 671/1802/1785 161/1803/1786
f 161/1803/1786 671/1802/1785 670/1804/1787
f 161/1803/1786 670/1804/1787 162/1805/1788
f 162/1805/1788 670/1804/1787 669/1806/1789
f 162/1805/1788 669/1806/1789 163/1807/1790
f 163/1807/1790 669/1806/1789 668/1808/1791
f 163/1807/1790 668/1808/1791 164/1809/1792
f 164/1809/1792 668/1808/1791 667/1810/1793
f 164/1809/1792 667/1810/1793 165/1811/1794
f 165/1811/1794 667/1810/1793 666/1812/1795
f 165/1811/1794 666/1812/1795 166/1813/1796
f 166/1813/1796 666/1812/1795 665/1814/1797
f 166/1813/1796 665/1814/1797 167/1815/1798
f 167/1815/1798 665/1814/1797 664/1816/1799
f 167/1815/1798 664/1816/1799 168/1817/1800
f 168/1817/1800 664/1816/1799 663/1818/1801
f 168/1817/1800 663/1818/1801 169/1819/1802
f 169/1819/1802 663/1818/1801 662/1820/1803
f 169/1819/1802 662/1820/1803 170/1821/1804
f 170/1821/1804 662/1820/1803 661/1822/1805
f 151/1823/1806 642/1824/1807 152/1825/1808
f 152/1825/1808 642/1824/1807 679/1826/1809
f 152/1825/1808 679/1826/1809 678/1827/1810
f 677/1828/1811 154/1829/1812 678/1827/1810
f 678/1827/1810 154/1829/1812 153/1830/1813
f 678/1827/1810 153/1830/1813 152/1825/1808
f 135/1831/1814 658/1832/1815 136/1833/1816
f 136/1833/1816 658/1832/1815 657/1834/1817
f 136/1833/1816 657/1834/1817 137/1835/1818
f 137/1835/1818 657/1834/1817 656/1836/1819
f 137/1835/1818 656/1836/1819 138/1837/1820
f 138/1837/1820 656/1836/1819 655/1838/1821
f 138/1837/1820 655/1838/1821 139/1839/1822
f 139/1839/1822 655/1838/1821 654/1840/1823
f 139/1839/1822 654/1840/1823 140/1841/1824
f 140/1841/1824 654/1840/1823 653/1842/1825
f 140/1841/1824 653/1842/1825 141/1843/1826
f 141/1843/1826 653/1842/1825 652/1844/1827
f 141/1843/1826 652/1844/1827 142/1845/1828
f 142/1845/1828 652/1844/1827 651/1846/1829
f 142/1845/1828 651/1846/1829 143/1847/1830
f 143/1847/1830 651/1846/1829 650/1848/1831
f 143/1847/1830 650/1848/1831 144/1849/1832
f 144/1849/1832 650/1848/1831 649/1850/1833
f 144/1849/1832 649/1850/1833 145/1851/1834
f 145/1851/1834 649/1850/1833 648/1852/1835
f 145/1851/1834 648/1852/1835 146/1853/1836
f 146/1853/1836 648/1852/1835 647/1854/1837
f 146/1853/1836 647/1854/1837 147/1855/1838
f 147/1855/1838 647/1854/1837 646/1856/1839
f 147/1855/1838 646/1856/1839 148/1857/1840
f 148/1857/1840 646/1856/1839 645/1858/1841
f 148/1857/1840 645/1858/1841 149/1859/1842
f 149/1859/1842 645/1858/1841 644/1860/1843
f 149/1859/1842 644/1860/1843 150/1861/1844
f 150/1861/1844 644/1860/1843 643/1862/1845
f 150/1861/1844 643/1862/1845 151/1863/1846
f 151/1863/1846 643/1862/1845 642/1864/1847
f 239/1865/1848 681/1866/1849 173/1867/1850
f 173/1867/1850 681/1866/1849 680/1868/1851
f 173/1869/1850 680/1870/1851 174/1871/1852
f 174/1871/1852 680/1870/1851 746/1872/1853
f 174/1871/1852 746/1872/1853 175/1873/1854
f 175/1873/1854 746/1872/1853 745/1874/1855
f 175/1873/1854 745/1874/1855 176/1875/1856
f 176/1875/1856 745/1874/1855 744/1876/1857
f 176/1875/1856 744/1876/1857 177/1877/1858
f 177/1877/1858 744/1876/1857 743/1878/1859
f 177/1877/1858 743/1878/1859 178/1879/1860
f 178/1879/1860 743/1878/1859 742/1880/1861
f 178/1879/1860 742/1880/1861 179/1881/1862
f 179/1881/1862 742/1880/1861 741/1882/1863
f 179/1881/1862 741/1882/1863 180/1883/1864
f 180/1883/1864 741/1882/1863 740/1884/1865
f 180/1883/1864 740/1884/1865 181/1885/1866
f 181/1885/1866 740/1884/1865 739/1886/1867
f 181/1885/1866 739/1886/1867 182/1887/1868
f 182/1887/1868 739/1886/1867 738/1888/1869
f 182/1887/1868 738/1888/1869 183/1889/1870
f 183/1889/1870 738/1888/1869 737/1890/1871
f 183/1889/1870 737/1890/1871 184/1891/1872
f 184/1891/1872 737/1890/1871 736/1892/1873
f 184/1891/1872 736/1892/1873 185/1893/1874
f 185/1893/1874 736/1892/1873 735/1894/1875
f 185/1893/1874 735/1894/1875 186/1895/1876
f 186/1895/1876 735/1894/1875 734/1896/1877
f 186/1895/1876 734/1896/1877 187/1897/1878
f 187/1897/1878 734/1896/1877 733/1898/1879
f 187/1897/1878 733/1898/1879 188/1899/1880
f 188/1899/1880 733/1898/1879 732/1900/1881
f 188/1899/1880 732/1900/1881 189/1901/1882
f 189/1901/1882 732/1900/1881 731/1902/1883
f 189/1901/1882 731/1902/1883 190/1903/1884
f 190/1903/1884 731/1902/1883 730/1904/1885
f 190/1903/1884 730/1904/1885 191/1905/1886
f 191/1905/1886 730/1904/1885 729/1906/1887
f 191/1905/1886 729/1906/1887 192/1907/1888
f 192/1907/1888 729/1906/1887 728/1908/1889
f 192/1907/1888 728/1908/1889 193/1909/1890
f 193/1909/1890 728/1908/1889 727/1910/1891
f 193/1909/1890 727/1910/1891 194/1911/1892
f 194/1911/1892 727/1910/1891 726/1912/1893
f 194/1911/1892 726/1912/1893 195/1913/1894
f 195/1913/1894 726/1912/1893 725/1914/1895
f 195/1913/1894 725/1914/1895 196/1915/1896
f 196/1915/1896 725/1914/1895 724/1916/1897
f 196/1915/1896 724/1916/1897 197/1917/1898
f 197/1917/1898 724/1916/1897 723/1918/1899
f 197/1917/1898 723/1918/1899 198/1919/1900
f 198/1919/1900 723/1918/1899 722/1920/1901
f 198/1919/1900 722/1920/1901 199/1921/1902
f 199/1921/1902 722/1920/1901 721/1922/1903
f 199/1921/1902 721/1922/1903 200/1923/1904
f 200/1923/1904 721/1922/1903 720/1924/1905
f 200/1923/1904 720/1924/1905 201/1925/1906
f 201/1925/1906 720/1924/1905 719/1926/1907
f 201/1925/1906 719/1926/1907 202/1927/1908
f 202/1927/1908 719/1926/1907 718/1928/1909
f 202/1927/1908 718/1928/1909 203/1929/1910
f 203/1929/1910 718/1928/1909 717/1930/1911
f 203/1929/1910 717/1930/1911 204/1931/1912
f 204/1931/1912 717/1930/1911 716/1932/1913
f 204/1931/1912 716/1932/1913 205/1933/1914
f 205/1933/1914 716/1932/1913 715/1934/1915
f 205/1933/1914 715/1934/1915 206/1935/1916
f 206/1935/1916 715/1934/1915 714/1936/1917
f 206/1935/1916 714/1936/1917 207/1937/1918
f 207/1937/1918 714/1936/1917 713/1938/1919
f 207/1937/1918 713/1938/1919 208/1939/1920
f 208/1939/1920 713/1938/1919 712/1940/1921
f 208/1939/1920 712/1940/1921 209/1941/1922
f 209/1941/1922 712/1940/1921 711/1942/1923
f 209/1941/1922 711/1942/1923 210/1943/1924
f 210/1943/1924 711/1942/1923 710/1944/1925
f 210/1943/1924 710/1944/1925 211/1945/1926
f 211/1945/1926 710/1944/1925 709/1946/1927
f 211/1945/1926 709/1946/1927 212/1947/1928
f 212/1947/1928 709/1946/1927 708/1948/1929
f 212/1947/1928 708/1948/1929 213/1949/1930
f 213/1949/1930 708/1948/1929 707/1950/1931
f 213/1949/1930 707/1950/1931 214/1951/1932
f 214/1951/1932 707/1950/1931 706/1952/1933
f 214/1951/1932 706/1952/1933 215/1953/1934
f 215/1953/1934 706/1952/1933 705/1954/1935
f 215/1953/1934 705/1954/1935 216/1955/1936
f 216/1955/1936 705/1954/1935 704/1956/1937
f 216/1955/1936 704/1956/1937 217/1957/1938
f 217/1957/1938 704/1956/1937 703/1958/1939
f 217/1957/1938 703/1958/1939 218/1959/1940
f 218/1959/1940 703/1958/1939 702/1960/1941
f 218/1959/1940 702/1960/1941 219/1961/1942
f 219/1961/1942 702/1960/1941 701/1962/1943
f 219/1961/1942 701/1962/1943 220/1963/1944
f 220/1963/1944 701/1962/1943 700/1964/1945
f 220/1963/1944 700/1964/1945 221/1965/1946
f 221/1965/1946 700/1964/1945 699/1966/1947
f 221/1965/1946 699/1966/1947 222/1967/1948
f 222/1967/1948 699/1966/1947 698/1968/1949
f 222/1967/1948 698/1968/1949 223/1969/1950
f 223/1969/1950 698/1968/1949 697/1970/1951
f 223/1969/1950 697/1970/1951 224/1971/1952
f 224/1971/1952 697/1970/1951 696/1972/1953
f 224/1971/1952 696/1972/1953 225/1973/1954
f 225/1973/1954 696/1972/1953 695/1974/1955
f 225/1973/1954 695/1974/1955 226/1975/1956
f 226/1975/1956 695/1974/1955 694/1976/1957
f 226/1975/1956 694/1976/1957 227/1977/1958
f 227/1977/1958 694/1976/1957 693/1978/1959
f 227/1977/1958 693/1978/1959 228/1979/1960
f 228/1979/1960 693/1978/1959 692/1980/1961
f 228/1979/1960 692/1980/1961 229/1981/1962
f 229/1981/1962 692/1980/1961 691/1982/1963
f 229/1981/1962 691/1982/1963 230/1983/1964
f 230/1983/1964 691/1982/1963 690/1984/1965
f 230/1983/1964 690/1984/1965 231/1985/1966
f 231/1985/1966 690/1984/1965 689/1986/1967
f 231/1985/1966 689/1986/1967 232/1987/1968
f 232/1987/1968 689/1986/1967 688/1988/1969
f 232/1987/1968 688/1988/1969 233/1989/1970
f 233/1989/1970 688/1988/1969 687/1990/1971
f 233/1989/1970 687/1990/1971 234/1991/1972
f 234/1991/1972 687/1990/1971 686/1992/1973
f 234/1991/1972 686/1992/1973 235/1993/1974
f 235/1993/1974 686/1992/1973 685/1994/1975
f 235/1993/1974 685/1994/1975 236/1995/1976
f 236/1995/1976 685/1994/1975 684/1996/1977
f 236/1995/1976 684/1996/1977 237/1997/1978
f 237/1997/1978 684/1996/1977 683/1998/1979
f 237/1997/1978 683/1998/1979 238/1999/1980
f 238/1999/1980 683/1998/1979 682/2000/1981
f 238/1999/1980 682/2000/1981 239/1865/1848
f 239/1865/1848 682/2000/1981 681/1866/1849
f 268/2001/1982 748/2002/1983 240/2003/1984
f 240/2003/1984 748/2002/1983 747/2004/1985
f 240/2005/1984 747/2006/1985 241/2007/1986
f 241/2007/1986 747/2006/1985 775/2008/1987
f 241/2007/1986 775/2008/1987 242/2009/1988
f 242/2009/1988 775/2008/1987 774/2010/1989
f 242/2009/1988 774/2010/1989 243/2011/1990
f 243/2011/1990 774/2010/1989 773/2012/1991
f 243/2011/1990 773/2012/1991 244/2013/1992
f 244/2013/1992 773/2012/1991 772/2014/1993
f 244/2013/1992 772/2014/1993 245/2015/1994
f 245/2015/1994 772/2014/1993 771/2016/1995
f 245/2015/1994 771/2016/1995 246/2017/1996
f 246/2017/1996 771/2016/1995 770/2018/1997
f 246/2017/1996 770/2018/1997 247/2019/1998
f 247/2019/1998 770/2018/1997 769/2020/1999
f 247/2019/1998 769/2020/1999 248/2021/2000
f 248/2021/2000 769/2020/1999 768/2022/2001
f 248/2021/2000 768/2022/2001 249/2023/2002
f 249/2023/2002 768/2022/2001 767/2024/2003
f 249/2023/2002 767/2024/2003 250/2025/2004
f 250/2025/2004 767/2024/2003 766/2026/2005
f 250/2025/2004 766/2026/2005 251/2027/2006
f 251/2027/2006 766/2026/2005 765/2028/2007
f 251/2027/2006 765/2028/2007 252/2029/2008
f 252/2029/2008 765/2028/2007 764/2030/2009
f 252/2029/2008 764/2030/2009 253/2031/2010
f 253/2031/2010 764/2030/2009 763/2032/2011
f 253/2031/2010 763/2032/2011 254/2033/2012
f 254/2033/2012 763/2032/2011 762/2034/2013
f 254/2033/2012 762/2034/2013 255/2035/2014
f 255/2035/2014 762/2034/2013 761/2036/2015
f 255/2035/2014 761/2036/2015 256/2037/2016
f 256/2037/2016 761/2036/2015 760/2038/2017
f 256/2037/2016 760/2038/2017 257/2039/2018
f 257/2039/2018 760/2038/2017 759/2040/2019
f 257/2039/2018 759/2040/2019 258/2041/2020
f 258/2041/2020 759/2040/2019 758/2042/2021
f 258/2041/2020 758/2042/2021 259/2043/2022
f 259/2043/2022 758/2042/2021 757/2044/2023
f 259/2043/2022 757/2044/2023 260/2045/2024
f 260/2045/2024 757/2044/2023 756/2046/2025
f 260/2045/2024 756/2046/2025 261/2047/2026
f 261/2047/2026 756/2046/2025 755/2048/2027
f 261/2047/2026 755/2048/2027 262/2049/2028
f 262/2049/2028 755/2048/2027 754/2050/2029
f 262/2049/2028 754/2050/2029 263/2051/2030
f 263/2051/2030 754/2050/2029 753/2052/2031
f 263/2051/2030 753/2052/2031 264/2053/2032
f 264/2053/2032 753/2052/2031 752/2054/2033
f 264/2053/2032 752/2054/2033 265/2055/2034
f 265/2055/2034 752/2054/2033 751/2056/2035
f 265/2055/2034 751/2056/2035 266/2057/2036
f 266/2057/2036 751/2056/2035 750/2058/2037
f 266/2057/2036 750/2058/2037 267/2059/2038
f 267/2059/2038 750/2058/2037 749/2060/2039
f 267/2059/2038 749/2060/2039 268/2001/1982
f 268/2001/1982 749/2060/2039 748/2002/1983
f 308/2061/2040 777/2062/2041 269/2063/2042
f 269/2063/2042 777/2062/2041 776/2064/2043
f 269/2065/2042 776/2066/2043 270/2067/2044
f 270/2067/2044 776/2066/2043 815/2068/2045
f 270/2067/2044 815/2068/2045 271/2069/2046
f 271/2069/2046 815/2068/2045 814/2070/2047
f 271/2069/2046 814/2070/2047 272/2071/2048
f 272/2071/2048 814/2070/2047 813/2072/2049
f 272/2071/2048 813/2072/2049 273/2073/2050
f 273/2073/2050 813/2072/2049 812/2074/2051
f 273/2073/2050 812/2074/2051 274/2075/2052
f 274/2075/2052 812/2074/2051 811/2076/2053
f 274/2075/2052 811/2076/2053 275/2077/2054
f 275/2077/2054 811/2076/2053 810/2078/2055
f 275/2077/2054 810/2078/2055 276/2079/2056
f 276/2079/2056 810/2078/2055 809/2080/2057
f 276/2079/2056 809/2080/2057 277/2081/2058
f 277/2081/2058 809/2080/2057 808/2082/2059
f 277/2081/2058 808/2082/2059 278/2083/2060
f 278/2083/2060 808/2082/2059 807/2084/2061
f 278/2083/2060 807/2084/2061 279/2085/2062
f 279/2085/2062 807/2084/2061 806/2086/2063
f 279/2085/2062 806/2086/2063 280/2087/2064
f 280/2087/2064 806/2086/2063 805/2088/2065
f 280/2087/2064 805/2088/2065 281/2089/2066
f 281/2089/2066 805/2088/2065 804/2090/2067
f 281/2089/2066 804/2090/2067 282/2091/2068
f 282/2091/2068 804/2090/2067 803/2092/2069
f 282/2091/2068 803/2092/2069 283/2093/2070
f 283/2093/2070 803/2092/2069 802/2094/2071
f 283/2093/2070 802/2094/2071 284/2095/2072
f 284/2095/2072 802/2094/2071 801/2096/2073
f 284/2095/2072 801/2096/2073 285/2097/2074
f 285/2097/2074 801/2096/2073 800/2098/2075
f 285/2097/2074 800/2098/2075 286/2099/2076
f 286/2099/2076 800/2098/2075 799/2100/2077
f 286/2099/2076 799/2100/2077 287/2101/2078
f 287/2101/2078 799/2100/2077 798/2102/2079
f 287/2101/2078 798/2102/2079 288/2103/2080
f 288/2103/2080 798/2102/2079 797/2104/2081
f 288/2103/2080 797/2104/2081 289/2105/2082
f 289/2105/2082 797/2104/2081 796/2106/2083
f 289/2105/2082 796/2106/2083 290/2107/2084
f 290/2107/2084 796/2106/2083 795/2108/2085
f 290/2107/2084 795/2108/2085 291/2109/2086
f 291/2109/2086 795/2108/2085 794/2110/2087
f 291/2109/2086 794/2110/2087 292/2111/2088
f 292/2111/2088 794/2110/2087 793/2112/2089
f 292/2111/2088 793/2112/2089 293/2113/2090
f 293/2113/2090 793/2112/2089 792/2114/2091
f 293/2113/2090 792/2114/2091 294/2115/2092
f 294/2115/2092 792/2114/2091 791/2116/2093
f 294/2115/2092 791/2116/2093 295/2117/2094
f 295/2117/2094 791/2116/2093 790/2118/2095
f 295/2117/2094 790/2118/2095 296/2119/2096
f 296/2119/2096 790/2118/2095 789/2120/2097
f 296/2119/2096 789/2120/2097 297/2121/2098
f 297/2121/2098 789/2120/2097 788/2122/2099
f 297/2121/2098 788/2122/2099 298/2123/2100
f 298/2123/2100 788/2122/2099 787/2124/2101
f 298/2123/2100 787/2124/2101 299/2125/2102
f 299/2125/2102 787/2124/2101 786/2126/2103
f 299/2125/2102 786/2126/2103 300/2127/2104
f 300/2127/2104 786/2126/2103 785/2128/2105
f 300/2127/2104 785/2128/2105 301/2129/2106
f 301/2129/2106 785/2128/2105 784/2130/2107
f 301/2129/2106 784/2130/2107 302/2131/2108
f 302/2131/2108 784/2130/2107 783/2132/2109
f 302/2131/2108 783/2132/2109 303/2133/2110
f 303/2133/2110 783/2132/2109 782/2134/2111
f 303/2133/2110 782/2134/2111 304/2135/2112
f 304/2135/2112 782/2134/2111 781/2136/2113
f 304/2135/2112 781/2136/2113 305/2137/2114
f 305/2137/2114 781/2136/2113 780/2138/2115
f 305/2137/2114 780/2138/2115 306/2139/2116
f 306/2139/2116 780/2138/2115 779/2140/2117
f 306/2139/2116 779/2140/2117 307/2141/2118
f 307/2141/2118 779/2140/2117 778/2142/2119
f 307/2141/2118 778/2142/2119 308/2061/2040
f 308/2061/2040 778/2142/2119 777/2062/2041
f 568/2143/2120 566/2144/2121 1098/2145/2122
f 1098/2145/2122 566/2144/2121 565/2146/2123
f 1098/2145/2122 565/2146/2123 1099/2147/2124
f 1099/2147/2124 565/2146/2123 564/2148/2125
f 1099/2147/2124 564/2148/2125 1100/2149/2126
f 1100/2149/2126 564/2148/2125 563/2150/2127
f 1100/2149/2126 563/2150/2127 1101/2151/2128
f 1101/2151/2128 563/2150/2127 562/2152/2129
f 1101/2151/2128 562/2152/2129 1102/2153/2130
f 1102/2153/2130 562/2152/2129 561/2154/2131
f 1102/2153/2130 561/2154/2131 1103/2155/2132
f 1103/2155/2132 561/2154/2131 560/2156/2133
f 1103/2155/2132 560/2156/2133 1104/2157/2134
f 1104/2157/2134 560/2156/2133 559/2158/2135
f 1104/2157/2134 559/2158/2135 1105/2159/2136
f 1105/2159/2136 559/2158/2135 558/2160/2137
f 1105/2159/2136 558/2160/2137 1106/2161/2138
f 1106/2161/2138 558/2160/2137 557/2162/2139
f 1106/2161/2138 557/2162/2139 1107/2163/2140
f 1107/2163/2140 557/2162/2139 556/2164/2141
f 1107/2163/2140 556/2164/2141 1108/2165/2142
f 1108/2165/2142 556/2164/2141 555/2166/2143
f 554/2167/2144 1109/2168/2145 555/2169/2146
f 555/2169/2146 1109/2168/2145 1108/2170/2147
f 554/2171/2148 553/2172/2149 1109/2173/2150
f 1109/2173/2150 553/2172/2149 552/2174/2151
f 1109/2173/2150 552/2174/2151 486/2175/2152
f 486/2175/2152 552/2174/2151 551/2176/2153
f 486/2175/2152 551/2176/2153 98/2177/2154
f 98/2177/2154 97/2178/2155 486/2175/2152
f 486/2175/2152 485/2179/2156 1109/2173/2150
f 866/2180/2157 569/2181/2158 838/2182/2159
f 838/2182/2159 569/2181/2158 95/2183/2160
f 838/2182/2159 95/2183/2160 839/2184/2161
f 839/2184/2161 95/2183/2160 840/2185/2162
f 840/2185/2162 95/2183/2160 841/2186/2163
f 841/2186/2163 95/2183/2160 842/2187/2164
f 842/2187/2164 95/2183/2160 843/2188/2165
f 843/2188/2165 95/2183/2160 844/2189/2166
f 844/2189/2166 95/2183/2160 845/2190/2167
f 845/2190/2167 95/2183/2160 846/2191/2168
f 846/2191/2168 95/2183/2160 847/2192/2169
f 847/2192/2169 95/2183/2160 848/2193/2170
f 848/2193/2170 95/2183/2160 849/2194/2171
f 849/2194/2171 95/2183/2160 94/2195/2172
f 849/2194/2171 94/2195/2172 850/2196/2173
f 850/2196/2173 94/2195/2172 851/2197/2174
f 851/2197/2174 94/2195/2172 852/2198/2175
f 852/2198/2175 94/2195/2172 853/2199/2176
f 853/2199/2176 94/2195/2172 816/2200/2177
f 816/2201/2178 94/2202/2179 817/2203/2180
f 817/2203/2180 94/2202/2179 818/2204/2181
f 818/2204/2181 94/2202/2179 615/2205/2182
f 615/2205/2182 94/2202/2179 93/2206/2183
f 615/2205/2182 93/2206/2183 616/2207/2184
f 88/2208/2185 621/2209/2186 89/2210/2187
f 89/2210/2187 621/2209/2186 620/2211/2188
f 89/2210/2187 620/2211/2188 90/2212/2189
f 90/2212/2189 620/2211/2188 619/2213/2190
f 90/2212/2189 619/2213/2190 91/2214/2191
f 91/2214/2191 619/2213/2190 618/2215/2192
f 91/2214/2191 618/2215/2192 92/2216/2193
f 92/2216/2193 618/2215/2192 617/2217/2194
f 92/2216/2193 617/2217/2194 93/2218/2195
f 93/2218/2195 617/2217/2194 616/2219/2196
f 83/2220/2197 626/2221/2198 84/2222/2199
f 84/2222/2199 626/2221/2198 625/2223/2200
f 84/2222/2199 625/2223/2200 85/2224/2201
f 85/2224/2201 625/2223/2200 624/2225/2202
f 85/2224/2201 624/2225/2202 86/2226/2203
f 86/2226/2203 624/2225/2202 623/2227/2204
f 86/2226/2203 623/2227/2204 87/2228/2205
f 87/2228/2205 623/2227/2204 622/2229/2206
f 87/2228/2205 622/2229/2206 88/2230/2207
f 88/2230/2207 622/2229/2206 621/2231/2208
f 627/2232/2209 626/2233/2210 82/2234/2211
f 82/2234/2211 626/2233/2210 83/2235/2212
f 68/2236/2213 641/2237/2214 69/2238/2215
f 69/2238/2215 641/2237/2214 640/2239/2216
f 69/2238/2215 640/2239/2216 70/2240/2217
f 70/2240/2217 640/2239/2216 639/2241/2218
f 70/2240/2217 639/2241/2218 71/2242/2219
f 71/2242/2219 639/2241/2218 638/2243/2220
f 71/2242/2219 638/2243/2220 72/2244/2221
f 72/2244/2221 638/2243/2220 637/2245/2222
f 72/2244/2221 637/2245/2222 73/2246/2223
f 73/2246/2223 637/2245/2222 636/2247/2224
f 73/2246/2223 636/2247/2224 74/2248/2225
f 74/2248/2225 636/2247/2224 635/2249/2226
f 74/2248/2225 635/2249/2226 75/2250/2227
f 75/2250/2227 635/2249/2226 634/2251/2228
f 75/2250/2227 634/2251/2228 76/2252/2229
f 76/2252/2229 634/2251/2228 633/2253/2230
f 76/2252/2229 633/2253/2230 77/2254/2231
f 77/2254/2231 633/2253/2230 632/2255/2232
f 77/2254/2231 632/2255/2232 78/2256/2233
f 78/2256/2233 632/2255/2232 631/2257/2234
f 78/2256/2233 631/2257/2234 79/2258/2235
f 79/2258/2235 631/2257/2234 630/2259/2236
f 79/2258/2235 630/2259/2236 80/2260/2237
f 80/2260/2237 630/2259/2236 629/2261/2238
f 80/2260/2237 629/2261/2238 81/2262/2239
f 81/2262/2239 629/2261/2238 628/2263/2240
f 81/2262/2239 628/2263/2240 82/2264/2211
f 82/2264/2211 628/2263/2240 627/2265/2209
f 471/2266/2241 641/2267/2214 67/2268/2242
f 67/2268/2242 641/2267/2214 68/2269/2213
f 581/2270/2243 320/2271/2244 126/2272/2245
f 126/2272/2245 320/2271/2244 127/2273/2246
f 119/2274/2247 588/2275/2248 120/2276/2249
f 120/2276/2249 588/2275/2248 587/2277/2250
f 120/2276/2249 587/2277/2250 121/2278/2251
f 121/2278/2251 587/2277/2250 586/2279/2252
f 121/2278/2251 586/2279/2252 122/2280/2253
f 122/2280/2253 586/2279/2252 585/2281/2254
f 122/2280/2253 585/2281/2254 123/2282/2255
f 123/2282/2255 585/2281/2254 584/2283/2256
f 123/2282/2255 584/2283/2256 124/2284/2257
f 124/2284/2257 584/2283/2256 583/2285/2258
f 124/2284/2257 583/2285/2258 125/2286/2259
f 125/2286/2259 583/2285/2258 582/2287/2260
f 125/2286/2259 582/2287/2260 126/2288/2261
f 126/2288/2261 582/2287/2260 581/2289/2262
f 588/2290/2248 119/2291/2247 579/2292/2263
f 579/2292/2263 119/2291/2247 118/2293/2264
f 579/2292/2263 118/2293/2264 580/2294/2265
f 580/2294/2265 118/2293/2264 1096/2295/2266
f 580/2294/2265 1096/2295/2266 1078/2296/2267
f 472/2297/2268 1097/2298/2269 117/2299/2270
f 117/2299/2270 1097/2298/2269 1096/2300/2271
f 117/2299/2270 1096/2300/2271 118/2301/2272
f 472/2302/2273 473/2303/2274 1097/2304/2275
f 1097/2304/2275 473/2303/2274 475/2305/2276
f 115/2306/2277 114/2307/2278 474/2308/2279
f 474/2308/2279 114/2307/2278 479/2309/2280
# 1109 vertices
# 2309 texture params
# 2280 normals
# 2242 facets

# 1 groups
