# WaveFront *.obj file (generated by Autodesk ATF)

mtllib Tube holder 5mm.mtl

g Tube holder 5mm

v 0.000000 -38.614627 43.600000
v 0.224766 -38.604948 43.600000
v 0.447868 -38.575983 43.600000
v 0.667654 -38.527947 43.600000
v 0.882497 -38.461194 43.600000
v 1.090806 -38.376219 43.600000
v 1.291039 -38.273652 43.600000
v 1.481714 -38.154252 43.600000
v 1.661419 -38.018902 43.600000
v 1.828823 -37.868605 43.600000
v 1.982687 -37.704473 43.600000
v 2.121872 -37.527722 43.600000
v 2.245348 -37.339660 43.600000
v 2.352199 -37.141680 43.600000
v 2.441636 -36.935248 43.600000
v 2.512996 -36.721891 43.600000
v 2.565751 -36.503189 43.600000
v 2.599509 -36.280762 43.600000
v 2.614022 -36.056257 43.600000
v 2.609181 -35.831334 43.600000
v 2.585023 -35.607661 43.600000
v 2.541727 -35.386892 43.600000
v 2.479612 -35.170663 43.600000
v 2.399139 -34.960574 43.600000
v 2.300904 -34.758180 43.600000
v 2.185634 -34.564980 43.600000
v 2.054182 -34.382405 43.600000
v 1.907521 -34.211806 43.600000
v 1.746738 -34.054446 43.600000
v 1.573023 -33.911490 43.600000
v 1.387661 -33.783996 43.600000
v 1.192026 -33.672910 43.600000
v 0.987566 -33.579052 43.600000
v 0.775793 -33.503118 43.600000
v 0.558278 -33.445670 43.600000
v 0.336629 -33.407133 43.600000
v 0.112487 -33.387794 43.600000
v -0.112487 -33.387794 43.600000
v -0.336629 -33.407133 43.600000
v -0.558278 -33.445670 43.600000
v -0.775793 -33.503118 43.600000
v -0.987566 -33.579052 43.600000
v -1.192026 -33.672910 43.600000
v -1.387661 -33.783996 43.600000
v -1.573023 -33.911490 43.600000
v -1.746738 -34.054446 43.600000
v -1.907521 -34.211806 43.600000
v -2.054182 -34.382405 43.600000
v -2.185634 -34.564980 43.600000
v -2.300904 -34.758180 43.600000
v -2.399139 -34.960574 43.600000
v -2.479612 -35.170663 43.600000
v -2.541727 -35.386892 43.600000
v -2.585023 -35.607661 43.600000
v -2.609181 -35.831334 43.600000
v -2.614022 -36.056257 43.600000
v -2.599509 -36.280762 43.600000
v -2.565751 -36.503189 43.600000
v -2.512996 -36.721891 43.600000
v -2.441636 -36.935248 43.600000
v -2.352199 -37.141680 43.600000
v -2.245348 -37.339660 43.600000
v -2.121872 -37.527722 43.600000
v -1.982687 -37.704473 43.600000
v -1.828823 -37.868605 43.600000
v -1.661419 -38.018902 43.600000
v -1.481714 -38.154252 43.600000
v -1.291039 -38.273652 43.600000
v -1.090806 -38.376219 43.600000
v -0.882497 -38.461194 43.600000
v -0.667654 -38.527947 43.600000
v -0.447868 -38.575983 43.600000
v -0.224766 -38.604948 43.600000
v -0.448312 -33.438942 43.582568
v -0.437074 -33.506971 43.500392
v -0.414426 -33.575199 43.415654
v -0.379511 -33.641809 43.330552
v -0.332109 -33.703628 43.249168
v -0.272680 -33.757973 43.175639
v -0.238092 -33.781826 43.142709
v -0.198170 -33.803959 43.111783
v -0.153373 -33.823052 43.084825
v -0.104504 -33.837693 43.063955
v -0.052830 -33.846883 43.050767
v -0.000000 -33.850000 43.046279
v 0.052830 -33.846883 43.050767
v 0.104504 -33.837693 43.063955
v 0.153373 -33.823052 43.084825
v 0.198170 -33.803959 43.111783
v 0.238092 -33.781826 43.142709
v 0.272680 -33.757973 43.175639
v 0.332109 -33.703628 43.249168
v 0.379511 -33.641809 43.330552
v 0.414426 -33.575199 43.415654
v 0.437074 -33.506971 43.500392
v 0.448312 -33.438942 43.582568
v 0.646120 -33.481562 43.582568
v 0.840014 -33.539436 43.582568
v 1.028821 -33.612213 43.582568
v 1.211396 -33.699453 43.582568
v 1.386634 -33.800626 43.582568
v 1.553474 -33.915121 43.582568
v 1.710904 -34.042244 43.582568
v 1.857971 -34.181225 43.582568
v 1.993785 -34.331222 43.582568
v 1.940490 -34.374968 43.500392
v 1.892726 -34.428696 43.415654
v 1.852498 -34.492238 43.330552
v 1.822663 -34.564199 43.249168
v 1.805313 -34.642838 43.175639
v 1.801949 -34.684719 43.142709
v 1.802743 -34.730359 43.111783
v 1.808606 -34.778702 43.084825
v 1.820361 -34.828343 43.063955
v 1.838239 -34.877689 43.050767
v 1.861955 -34.925000 43.046279
v 1.891069 -34.969194 43.050767
v 1.924865 -35.009350 43.063955
v 1.961978 -35.044351 43.084825
v 2.000912 -35.073599 43.111783
v 2.040041 -35.097107 43.142709
v 2.077993 -35.115134 43.175639
v 2.154771 -35.139428 43.249168
v 2.232009 -35.149570 43.330552
v 2.307152 -35.146503 43.415654
v 2.377564 -35.132002 43.500392
v 2.442097 -35.107721 43.582568
v 2.504091 -35.300337 43.582568
v 2.550918 -35.497192 43.582568
v 2.582295 -35.697092 43.582568
v 2.598031 -35.898826 43.582568
v 2.598031 -36.101174 43.582568
v 2.582295 -36.302908 43.582568
v 2.550918 -36.502808 43.582568
v 2.504091 -36.699663 43.582568
v 2.442097 -36.892279 43.582568
v 2.377564 -36.867998 43.500392
v 2.307152 -36.853497 43.415654
v 2.232009 -36.850430 43.330552
v 2.154771 -36.860572 43.249168
v 2.077993 -36.884866 43.175639
v 2.040041 -36.902893 43.142709
v 2.000912 -36.926401 43.111783
v 1.961978 -36.955649 43.084825
v 1.924865 -36.990650 43.063955
v 1.891069 -37.030806 43.050767
v 1.861955 -37.075000 43.046279
v 1.838239 -37.122311 43.050767
v 1.820361 -37.171657 43.063955
v 1.808606 -37.221298 43.084825
v 1.802743 -37.269641 43.111783
v 1.801949 -37.315281 43.142709
v 1.805313 -37.357162 43.175639
v 1.822663 -37.435801 43.249168
v 1.852498 -37.507762 43.330552
v 1.892726 -37.571304 43.415654
v 1.940490 -37.625032 43.500392
v 1.993785 -37.668778 43.582568
v 1.857971 -37.818775 43.582568
v 1.710904 -37.957756 43.582568
v 1.553474 -38.084879 43.582568
v 1.386634 -38.199374 43.582568
v 1.211396 -38.300547 43.582568
v 1.028821 -38.387787 43.582568
v 0.840014 -38.460564 43.582568
v 0.646120 -38.518438 43.582568
v 0.448312 -38.561058 43.582568
v 0.437074 -38.493029 43.500392
v 0.414426 -38.424801 43.415654
v 0.379511 -38.358191 43.330552
v 0.332109 -38.296372 43.249168
v 0.272680 -38.242027 43.175639
v 0.238092 -38.218174 43.142709
v 0.198170 -38.196041 43.111783
v 0.153373 -38.176948 43.084825
v 0.104504 -38.162307 43.063955
v 0.052830 -38.153117 43.050767
v 0.000000 -38.150000 43.046279
v -0.052830 -38.153117 43.050767
v -0.104504 -38.162307 43.063955
v -0.153373 -38.176948 43.084825
v -0.198170 -38.196041 43.111783
v -0.238092 -38.218174 43.142709
v -0.272680 -38.242027 43.175639
v -0.332109 -38.296372 43.249168
v -0.379511 -38.358191 43.330552
v -0.414426 -38.424801 43.415654
v -0.437074 -38.493029 43.500392
v -0.448312 -38.561058 43.582568
v -0.646120 -38.518438 43.582568
v -0.840014 -38.460564 43.582568
v -1.028821 -38.387787 43.582568
v -1.211396 -38.300547 43.582568
v -1.386634 -38.199374 43.582568
v -1.553474 -38.084879 43.582568
v -1.710904 -37.957756 43.582568
v -1.857971 -37.818775 43.582568
v -1.993785 -37.668778 43.582568
v -1.940490 -37.625032 43.500392
v -1.892726 -37.571304 43.415654
v -1.852498 -37.507762 43.330552
v -1.822663 -37.435801 43.249168
v -1.805313 -37.357162 43.175639
v -1.801949 -37.315281 43.142709
v -1.802743 -37.269641 43.111783
v -1.808606 -37.221298 43.084825
v -1.820361 -37.171657 43.063955
v -1.838239 -37.122311 43.050767
v -1.861955 -37.075000 43.046279
v -1.891069 -37.030806 43.050767
v -1.924865 -36.990650 43.063955
v -1.961978 -36.955649 43.084825
v -2.000912 -36.926401 43.111783
v -2.040041 -36.902893 43.142709
v -2.077993 -36.884866 43.175639
v -2.154771 -36.860572 43.249168
v -2.232009 -36.850430 43.330552
v -2.307152 -36.853497 43.415654
v -2.377564 -36.867998 43.500392
v -2.442097 -36.892279 43.582568
v -2.504091 -36.699663 43.582568
v -2.550918 -36.502808 43.582568
v -2.582295 -36.302908 43.582568
v -2.598031 -36.101174 43.582568
v -2.598031 -35.898826 43.582568
v -2.582295 -35.697092 43.582568
v -2.550918 -35.497192 43.582568
v -2.504091 -35.300337 43.582568
v -2.442097 -35.107721 43.582568
v -2.377564 -35.132002 43.500392
v -2.307152 -35.146503 43.415654
v -2.232009 -35.149570 43.330552
v -2.154771 -35.139428 43.249168
v -2.077993 -35.115134 43.175639
v -2.040041 -35.097107 43.142709
v -2.000912 -35.073599 43.111783
v -1.961978 -35.044351 43.084825
v -1.924865 -35.009350 43.063955
v -1.891069 -34.969194 43.050767
v -1.861955 -34.925000 43.046279
v -1.838239 -34.877689 43.050767
v -1.820361 -34.828343 43.063955
v -1.808606 -34.778702 43.084825
v -1.802743 -34.730359 43.111783
v -1.801949 -34.684719 43.142709
v -1.805313 -34.642838 43.175639
v -1.822663 -34.564199 43.249168
v -1.852498 -34.492238 43.330552
v -1.892726 -34.428696 43.415654
v -1.940490 -34.374968 43.500392
v -1.993785 -34.331222 43.582568
v -1.857971 -34.181225 43.582568
v -1.710904 -34.042244 43.582568
v -1.553474 -33.915121 43.582568
v -1.386634 -33.800626 43.582568
v -1.211396 -33.699453 43.582568
v -1.028821 -33.612213 43.582568
v -0.840014 -33.539436 43.582568
v -0.646120 -33.481562 43.582568
v 1.993785 -37.668778 36.600000
v 1.857971 -37.818775 36.600000
v 1.710904 -37.957756 36.600000
v 1.553474 -38.084879 36.600000
v 1.386634 -38.199374 36.600000
v 1.211396 -38.300547 36.600000
v 1.028821 -38.387787 36.600000
v 0.840014 -38.460564 36.600000
v 0.646120 -38.518438 36.600000
v 0.448312 -38.561058 36.600000
v 0.887738 -38.443751 40.091284
v 0.670595 -38.512032 40.091284
v 1.098077 -38.356741 40.091284
v 1.300000 -38.251666 40.091284
v 1.491958 -38.129333 40.091284
v 1.672482 -37.990680 40.091284
v 1.840186 -37.836768 40.091284
v 2.442097 -36.892279 36.600000
v 2.358224 -36.862798 36.600000
v 2.270191 -36.850381 36.600000
v 2.181436 -36.855514 36.600000
v 2.095422 -36.877996 36.600000
v 2.015506 -36.916949 36.600000
v 1.944808 -36.970853 36.600000
v 1.886087 -37.037604 36.600000
v 1.841635 -37.114597 36.600000
v 1.813187 -37.198826 36.600000
v 1.801854 -37.287005 36.600000
v 1.808077 -37.375690 36.600000
v 1.831615 -37.461422 36.600000
v 1.871548 -37.540853 36.600000
v 1.926317 -37.610883 36.600000
v 1.926317 -37.610883 41.836926
v 1.926317 -37.610883 40.091284
v 1.926317 -37.610883 38.345642
v 1.871548 -37.540853 41.836926
v 1.871548 -37.540853 40.091284
v 1.871548 -37.540853 38.345642
v 1.831615 -37.461422 41.836926
v 1.831615 -37.461422 40.091284
v 1.831615 -37.461422 38.345642
v 1.808077 -37.375690 41.836926
v 1.808077 -37.375690 40.091284
v 1.808077 -37.375690 38.345642
v 1.801854 -37.287005 41.836926
v 1.801854 -37.287005 40.091284
v 1.801854 -37.287005 38.345642
v 1.813187 -37.198826 41.836926
v 1.813187 -37.198826 40.091284
v 1.813187 -37.198826 38.345642
v 1.841635 -37.114597 41.836926
v 1.841635 -37.114597 40.091284
v 1.841635 -37.114597 38.345642
v 1.886087 -37.037604 41.836926
v 1.886087 -37.037604 40.091284
v 1.886087 -37.037604 38.345642
v 1.944808 -36.970853 41.836926
v 1.944808 -36.970853 40.091284
v 1.944808 -36.970853 38.345642
v 2.015506 -36.916949 41.836926
v 2.015506 -36.916949 40.091284
v 2.015506 -36.916949 38.345642
v 2.095422 -36.877996 41.836926
v 2.095422 -36.877996 40.091284
v 2.095422 -36.877996 38.345642
v 2.181436 -36.855514 41.836926
v 2.181436 -36.855514 40.091284
v 2.181436 -36.855514 38.345642
v 2.270191 -36.850381 41.836926
v 2.270191 -36.850381 40.091284
v 2.270191 -36.850381 38.345642
v 2.358224 -36.862798 41.836926
v 2.358224 -36.862798 40.091284
v 2.358224 -36.862798 38.345642
v 2.442097 -35.107721 36.600000
v 2.504091 -35.300337 36.600000
v 2.550918 -35.497192 36.600000
v 2.582295 -35.697092 36.600000
v 2.598031 -35.898826 36.600000
v 2.598031 -36.101174 36.600000
v 2.582295 -36.302908 36.600000
v 2.550918 -36.502808 36.600000
v 2.504091 -36.699663 36.600000
v 2.560220 -36.453072 40.091284
v 2.510781 -36.675263 40.091284
v 2.590036 -36.227407 40.091284
v 2.600000 -36.000000 40.091284
v 2.590036 -35.772593 40.091284
v 2.560220 -35.546928 40.091284
v 2.510781 -35.324737 40.091284
v 1.993785 -34.331222 36.600000
v 1.926317 -34.389117 36.600000
v 1.871548 -34.459147 36.600000
v 1.831615 -34.538578 36.600000
v 1.808077 -34.624310 36.600000
v 1.801854 -34.712995 36.600000
v 1.813187 -34.801174 36.600000
v 1.841635 -34.885403 36.600000
v 1.886087 -34.962396 36.600000
v 1.944808 -35.029147 36.600000
v 2.015506 -35.083051 36.600000
v 2.095422 -35.122004 36.600000
v 2.181436 -35.144486 36.600000
v 2.270191 -35.149619 36.600000
v 2.358224 -35.137202 36.600000
v 2.358224 -35.137202 41.836926
v 2.358224 -35.137202 40.091284
v 2.358224 -35.137202 38.345642
v 2.270191 -35.149619 41.836926
v 2.270191 -35.149619 40.091284
v 2.270191 -35.149619 38.345642
v 2.181436 -35.144486 41.836926
v 2.181436 -35.144486 40.091284
v 2.181436 -35.144486 38.345642
v 2.095422 -35.122004 41.836926
v 2.095422 -35.122004 40.091284
v 2.095422 -35.122004 38.345642
v 2.015506 -35.083051 41.836926
v 2.015506 -35.083051 40.091284
v 2.015506 -35.083051 38.345642
v 1.944808 -35.029147 41.836926
v 1.944808 -35.029147 40.091284
v 1.944808 -35.029147 38.345642
v 1.886087 -34.962396 41.836926
v 1.886087 -34.962396 40.091284
v 1.886087 -34.962396 38.345642
v 1.841635 -34.885403 41.836926
v 1.841635 -34.885403 40.091284
v 1.841635 -34.885403 38.345642
v 1.813187 -34.801174 41.836926
v 1.813187 -34.801174 40.091284
v 1.813187 -34.801174 38.345642
v 1.801854 -34.712995 41.836926
v 1.801854 -34.712995 40.091284
v 1.801854 -34.712995 38.345642
v 1.808077 -34.624310 41.836926
v 1.808077 -34.624310 40.091284
v 1.808077 -34.624310 38.345642
v 1.831615 -34.538578 41.836926
v 1.831615 -34.538578 40.091284
v 1.831615 -34.538578 38.345642
v 1.871548 -34.459147 41.836926
v 1.871548 -34.459147 40.091284
v 1.871548 -34.459147 38.345642
v 1.926317 -34.389117 41.836926
v 1.926317 -34.389117 40.091284
v 1.926317 -34.389117 38.345642
v 0.448312 -33.438942 36.600000
v 0.646120 -33.481562 36.600000
v 0.840014 -33.539436 36.600000
v 1.028821 -33.612213 36.600000
v 1.211396 -33.699453 36.600000
v 1.386634 -33.800626 36.600000
v 1.553474 -33.915121 36.600000
v 1.710904 -34.042244 36.600000
v 1.857971 -34.181225 36.600000
v 1.672482 -34.009320 40.091284
v 1.840186 -34.163232 40.091284
v 1.491958 -33.870667 40.091284
v 1.300000 -33.748334 40.091284
v 1.098077 -33.643259 40.091284
v 0.887738 -33.556249 40.091284
v 0.670595 -33.487968 40.091284
v -0.448312 -33.438942 36.600000
v -0.431907 -33.526319 36.600000
v -0.398644 -33.608766 36.600000
v -0.349821 -33.683064 36.600000
v -0.287344 -33.746314 36.600000
v -0.213652 -33.796047 36.600000
v -0.131621 -33.830321 36.600000
v -0.044452 -33.847799 36.600000
v 0.044452 -33.847799 36.600000
v 0.131621 -33.830321 36.600000
v 0.213652 -33.796047 36.600000
v 0.287344 -33.746314 36.600000
v 0.349821 -33.683064 36.600000
v 0.398644 -33.608766 36.600000
v 0.431907 -33.526319 36.600000
v 0.431907 -33.526319 41.836926
v 0.431907 -33.526319 40.091284
v 0.431907 -33.526319 38.345642
v 0.398644 -33.608766 41.836926
v 0.398644 -33.608766 40.091284
v 0.398644 -33.608766 38.345642
v 0.349821 -33.683064 41.836926
v 0.349821 -33.683064 40.091284
v 0.349821 -33.683064 38.345642
v 0.287344 -33.746314 41.836926
v 0.287344 -33.746314 40.091284
v 0.287344 -33.746314 38.345642
v 0.213652 -33.796047 41.836926
v 0.213652 -33.796047 40.091284
v 0.213652 -33.796047 38.345642
v 0.131621 -33.830321 41.836926
v 0.131621 -33.830321 40.091284
v 0.131621 -33.830321 38.345642
v 0.044452 -33.847799 41.836926
v 0.044452 -33.847799 40.091284
v 0.044452 -33.847799 38.345642
v -0.044452 -33.847799 41.836926
v -0.044452 -33.847799 40.091284
v -0.044452 -33.847799 38.345642
v -0.131621 -33.830321 41.836926
v -0.131621 -33.830321 40.091284
v -0.131621 -33.830321 38.345642
v -0.213652 -33.796047 41.836926
v -0.213652 -33.796047 40.091284
v -0.213652 -33.796047 38.345642
v -0.287344 -33.746314 41.836926
v -0.287344 -33.746314 40.091284
v -0.287344 -33.746314 38.345642
v -0.349821 -33.683064 41.836926
v -0.349821 -33.683064 40.091284
v -0.349821 -33.683064 38.345642
v -0.398644 -33.608766 41.836926
v -0.398644 -33.608766 40.091284
v -0.398644 -33.608766 38.345642
v -0.431907 -33.526319 41.836926
v -0.431907 -33.526319 40.091284
v -0.431907 -33.526319 38.345642
v -2.442097 -35.107721 36.600000
v -2.358224 -35.137202 36.600000
v -2.270191 -35.149619 36.600000
v -2.181436 -35.144486 36.600000
v -2.095422 -35.122004 36.600000
v -2.015506 -35.083051 36.600000
v -1.944808 -35.029147 36.600000
v -1.886087 -34.962396 36.600000
v -1.841635 -34.885403 36.600000
v -1.813187 -34.801174 36.600000
v -1.801854 -34.712995 36.600000
v -1.808077 -34.624310 36.600000
v -1.831615 -34.538578 36.600000
v -1.871548 -34.459147 36.600000
v -1.926317 -34.389117 36.600000
v -1.993785 -34.331222 36.600000
v -1.926317 -34.389117 41.836926
v -1.926317 -34.389117 40.091284
v -1.926317 -34.389117 38.345642
v -1.871548 -34.459147 41.836926
v -1.871548 -34.459147 40.091284
v -1.871548 -34.459147 38.345642
v -1.831615 -34.538578 41.836926
v -1.831615 -34.538578 40.091284
v -1.831615 -34.538578 38.345642
v -1.808077 -34.624310 41.836926
v -1.808077 -34.624310 40.091284
v -1.808077 -34.624310 38.345642
v -1.801854 -34.712995 41.836926
v -1.801854 -34.712995 40.091284
v -1.801854 -34.712995 38.345642
v -1.813187 -34.801174 41.836926
v -1.813187 -34.801174 40.091284
v -1.813187 -34.801174 38.345642
v -1.841635 -34.885403 41.836926
v -1.841635 -34.885403 40.091284
v -1.841635 -34.885403 38.345642
v -1.886087 -34.962396 41.836926
v -1.886087 -34.962396 40.091284
v -1.886087 -34.962396 38.345642
v -1.944808 -35.029147 41.836926
v -1.944808 -35.029147 40.091284
v -1.944808 -35.029147 38.345642
v -2.015506 -35.083051 41.836926
v -2.015506 -35.083051 40.091284
v -2.015506 -35.083051 38.345642
v -2.095422 -35.122004 41.836926
v -2.095422 -35.122004 40.091284
v -2.095422 -35.122004 38.345642
v -2.181436 -35.144486 41.836926
v -2.181436 -35.144486 40.091284
v -2.181436 -35.144486 38.345642
v -2.270191 -35.149619 41.836926
v -2.270191 -35.149619 40.091284
v -2.270191 -35.149619 38.345642
v -2.358224 -35.137202 41.836926
v -2.358224 -35.137202 40.091284
v -2.358224 -35.137202 38.345642
v -1.993785 -37.668778 36.600000
v -1.926317 -37.610883 36.600000
v -1.871548 -37.540853 36.600000
v -1.831615 -37.461422 36.600000
v -1.808077 -37.375690 36.600000
v -1.801854 -37.287005 36.600000
v -1.813187 -37.198826 36.600000
v -1.841635 -37.114597 36.600000
v -1.886087 -37.037604 36.600000
v -1.944808 -36.970853 36.600000
v -2.015506 -36.916949 36.600000
v -2.095422 -36.877996 36.600000
v -2.181436 -36.855514 36.600000
v -2.270191 -36.850381 36.600000
v -2.358224 -36.862798 36.600000
v -2.442097 -36.892279 36.600000
v -2.358224 -36.862798 41.836926
v -2.358224 -36.862798 40.091284
v -2.358224 -36.862798 38.345642
v -2.270191 -36.850381 41.836926
v -2.270191 -36.850381 40.091284
v -2.270191 -36.850381 38.345642
v -2.181436 -36.855514 41.836926
v -2.181436 -36.855514 40.091284
v -2.181436 -36.855514 38.345642
v -2.095422 -36.877996 41.836926
v -2.095422 -36.877996 40.091284
v -2.095422 -36.877996 38.345642
v -2.015506 -36.916949 41.836926
v -2.015506 -36.916949 40.091284
v -2.015506 -36.916949 38.345642
v -1.944808 -36.970853 41.836926
v -1.944808 -36.970853 40.091284
v -1.944808 -36.970853 38.345642
v -1.886087 -37.037604 41.836926
v -1.886087 -37.037604 40.091284
v -1.886087 -37.037604 38.345642
v -1.841635 -37.114597 41.836926
v -1.841635 -37.114597 40.091284
v -1.841635 -37.114597 38.345642
v -1.813187 -37.198826 41.836926
v -1.813187 -37.198826 40.091284
v -1.813187 -37.198826 38.345642
v -1.801854 -37.287005 41.836926
v -1.801854 -37.287005 40.091284
v -1.801854 -37.287005 38.345642
v -1.808077 -37.375690 41.836926
v -1.808077 -37.375690 40.091284
v -1.808077 -37.375690 38.345642
v -1.831615 -37.461422 41.836926
v -1.831615 -37.461422 40.091284
v -1.831615 -37.461422 38.345642
v -1.871548 -37.540853 41.836926
v -1.871548 -37.540853 40.091284
v -1.871548 -37.540853 38.345642
v -1.926317 -37.610883 41.836926
v -1.926317 -37.610883 40.091284
v -1.926317 -37.610883 38.345642
v 0.431907 -38.473681 36.600000
v 0.398644 -38.391234 36.600000
v 0.349821 -38.316936 36.600000
v 0.287344 -38.253686 36.600000
v 0.213652 -38.203953 36.600000
v 0.131621 -38.169679 36.600000
v 0.044452 -38.152201 36.600000
v -0.044452 -38.152201 36.600000
v -0.131621 -38.169679 36.600000
v -0.213652 -38.203953 36.600000
v -0.287344 -38.253686 36.600000
v -0.349821 -38.316936 36.600000
v -0.398644 -38.391234 36.600000
v -0.431907 -38.473681 36.600000
v -0.448312 -38.561058 36.600000
v -0.431907 -38.473681 41.836926
v -0.431907 -38.473681 40.091284
v -0.431907 -38.473681 38.345642
v -0.398644 -38.391234 41.836926
v -0.398644 -38.391234 40.091284
v -0.398644 -38.391234 38.345642
v -0.349821 -38.316936 41.836926
v -0.349821 -38.316936 40.091284
v -0.349821 -38.316936 38.345642
v -0.287344 -38.253686 41.836926
v -0.287344 -38.253686 40.091284
v -0.287344 -38.253686 38.345642
v -0.213652 -38.203953 41.836926
v -0.213652 -38.203953 40.091284
v -0.213652 -38.203953 38.345642
v -0.131621 -38.169679 41.836926
v -0.131621 -38.169679 40.091284
v -0.131621 -38.169679 38.345642
v -0.044452 -38.152201 41.836926
v -0.044452 -38.152201 40.091284
v -0.044452 -38.152201 38.345642
v 0.044452 -38.152201 41.836926
v 0.044452 -38.152201 40.091284
v 0.044452 -38.152201 38.345642
v 0.131621 -38.169679 41.836926
v 0.131621 -38.169679 40.091284
v 0.131621 -38.169679 38.345642
v 0.213652 -38.203953 41.836926
v 0.213652 -38.203953 40.091284
v 0.213652 -38.203953 38.345642
v 0.287344 -38.253686 41.836926
v 0.287344 -38.253686 40.091284
v 0.287344 -38.253686 38.345642
v 0.349821 -38.316936 41.836926
v 0.349821 -38.316936 40.091284
v 0.349821 -38.316936 38.345642
v 0.398644 -38.391234 41.836926
v 0.398644 -38.391234 40.091284
v 0.398644 -38.391234 38.345642
v 0.431907 -38.473681 41.836926
v 0.431907 -38.473681 40.091284
v 0.431907 -38.473681 38.345642
v -1.343822 -32.768260 43.100000
v -1.577655 -32.875739 43.100000
v -1.802958 -33.000110 43.100000
v -2.018514 -33.140699 43.100000
v -2.223156 -33.296747 43.100000
v -2.415779 -33.467410 43.100000
v -2.595341 -33.651766 43.100000
v -2.760872 -33.848817 43.100000
v -2.911475 -34.057499 43.100000
v -3.046338 -34.276683 43.100000
v -3.164731 -34.505183 43.100000
v -3.266014 -34.741766 43.100000
v -3.349639 -34.985151 43.100000
v -3.415154 -35.234023 43.100000
v -3.462206 -35.487036 43.100000
v -3.490539 -35.742823 43.100000
v -3.500000 -36.000000 43.100000
v -3.000000 -36.000000 43.600000
v -2.990376 -35.759899 43.600000
v -2.961568 -35.521338 43.600000
v -2.913758 -35.285848 43.600000
v -2.847255 -35.054939 43.600000
v -2.762485 -34.830094 43.600000
v -2.659991 -34.612755 43.600000
v -2.540432 -34.404316 43.600000
v -2.404574 -34.206114 43.600000
v -2.253289 -34.019422 43.600000
v -2.087547 -33.845436 43.600000
v -1.908413 -33.685273 43.600000
v -1.717034 -33.539961 43.600000
v -1.514640 -33.410432 43.600000
v -1.302528 -33.297516 43.600000
v -1.082060 -33.201939 43.600000
v -0.854650 -33.124313 43.600000
v -0.621756 -33.065137 43.600000
v -0.384873 -33.024790 43.600000
v -0.516190 -33.004392 43.560241
v -0.643777 -32.979428 43.511584
v -0.767330 -32.950745 43.455680
v -0.888195 -32.918710 43.393240
v -1.006963 -32.883731 43.325062
v -1.122947 -32.846521 43.252537
v -3.500000 -40.500000 43.100000
v -3.000000 -40.500000 43.600000
v 1.343822 -32.768260 43.100000
v 1.410319 -32.612702 43.100000
v 1.458877 -32.450645 43.100000
v 1.488877 -32.284151 43.100000
v 1.499939 -32.115338 43.100000
v 1.491921 -31.946352 43.100000
v 1.464926 -31.779345 43.100000
v 1.419297 -31.616439 43.100000
v 1.355614 -31.459707 43.100000
v 1.274688 -31.311144 43.100000
v 1.177547 -31.172637 43.100000
v 1.065428 -31.045950 43.100000
v 0.939757 -30.932694 43.100000
v 0.802132 -30.834310 43.100000
v 0.654303 -30.752048 43.100000
v 0.498152 -30.686955 43.100000
v 0.335664 -30.639860 43.100000
v 0.168906 -30.611361 43.100000
v -0.000000 -30.601821 43.100000
v -0.168906 -30.611361 43.100000
v -0.335664 -30.639860 43.100000
v -0.498152 -30.686955 43.100000
v -0.654303 -30.752048 43.100000
v -0.802132 -30.834310 43.100000
v -0.939757 -30.932694 43.100000
v -1.065428 -31.045950 43.100000
v -1.177547 -31.172637 43.100000
v -1.274688 -31.311144 43.100000
v -1.355614 -31.459707 43.100000
v -1.419297 -31.616439 43.100000
v -1.464926 -31.779345 43.100000
v -1.491921 -31.946352 43.100000
v -1.499939 -32.115338 43.100000
v -1.488877 -32.284151 43.100000
v -1.458877 -32.450645 43.100000
v -1.410319 -32.612702 43.100000
v -0.510630 -32.961621 43.600000
v -0.626274 -32.881424 43.600000
v -0.729515 -32.785786 43.600000
v -0.818307 -32.676602 43.600000
v -0.890893 -32.556035 43.600000
v -0.945834 -32.426471 43.600000
v -0.982043 -32.290478 43.600000
v -0.998802 -32.150749 43.600000
v -0.995780 -32.010050 43.600000
v -0.973036 -31.871170 43.600000
v -0.931022 -31.736857 43.600000
v -0.870568 -31.609772 43.600000
v -0.792872 -31.492433 43.600000
v -0.699473 -31.387162 43.600000
v -0.592221 -31.296046 43.600000
v -0.473240 -31.220888 43.600000
v -0.344887 -31.163177 43.600000
v -0.209703 -31.124056 43.600000
v -0.070365 -31.104300 43.600000
v 0.070365 -31.104300 43.600000
v 0.209703 -31.124056 43.600000
v 0.344887 -31.163177 43.600000
v 0.473240 -31.220888 43.600000
v 0.592221 -31.296046 43.600000
v 0.699473 -31.387162 43.600000
v 0.792872 -31.492433 43.600000
v 0.870568 -31.609772 43.600000
v 0.931022 -31.736857 43.600000
v 0.973036 -31.871170 43.600000
v 0.995780 -32.010050 43.600000
v 0.998802 -32.150749 43.600000
v 0.982043 -32.290478 43.600000
v 0.945834 -32.426471 43.600000
v 0.890893 -32.556035 43.600000
v 0.818307 -32.676602 43.600000
v 0.729515 -32.785786 43.600000
v 0.626274 -32.881424 43.600000
v 0.510630 -32.961621 43.600000
v 0.384873 -33.024790 43.600000
v 0.516865 -33.004268 43.560001
v 0.645308 -32.979093 43.510933
v 0.769782 -32.950133 43.454485
v 0.889958 -32.918226 43.392297
v 1.007536 -32.883565 43.324740
v 1.122811 -32.846572 43.252636
v 3.000000 -40.500000 43.600000
v 3.500000 -40.500000 43.100000
v 3.500000 -36.000000 43.100000
v 3.000000 -36.000000 43.600000
v 0.621756 -33.065137 43.600000
v 0.854650 -33.124313 43.600000
v 1.082060 -33.201939 43.600000
v 1.302528 -33.297516 43.600000
v 1.514640 -33.410432 43.600000
v 1.717034 -33.539961 43.600000
v 1.908413 -33.685273 43.600000
v 2.087547 -33.845436 43.600000
v 2.253289 -34.019422 43.600000
v 2.404574 -34.206114 43.600000
v 2.540432 -34.404316 43.600000
v 2.659991 -34.612755 43.600000
v 2.762485 -34.830094 43.600000
v 2.847255 -35.054939 43.600000
v 2.913758 -35.285848 43.600000
v 2.961568 -35.521338 43.600000
v 2.990376 -35.759899 43.600000
v 3.490539 -35.742823 43.100000
v 3.462206 -35.487036 43.100000
v 3.415154 -35.234023 43.100000
v 3.349639 -34.985151 43.100000
v 3.266014 -34.741766 43.100000
v 3.164731 -34.505183 43.100000
v 3.046338 -34.276683 43.100000
v 2.911475 -34.057499 43.100000
v 2.760872 -33.848817 43.100000
v 2.595341 -33.651766 43.100000
v 2.415779 -33.467410 43.100000
v 2.223156 -33.296747 43.100000
v 2.018514 -33.140699 43.100000
v 1.802958 -33.000110 43.100000
v 1.577655 -32.875739 43.100000
v -3.500000 -36.000000 37.100000
v -3.500000 -40.500000 37.100000
v -1.343822 -32.768260 37.100000
v -1.577655 -32.875739 37.100000
v -1.802958 -33.000110 37.100000
v -2.018514 -33.140699 37.100000
v -2.223156 -33.296747 37.100000
v -2.415779 -33.467410 37.100000
v -2.595341 -33.651766 37.100000
v -2.760872 -33.848817 37.100000
v -2.911475 -34.057499 37.100000
v -3.046338 -34.276683 37.100000
v -3.164731 -34.505183 37.100000
v -3.266014 -34.741766 37.100000
v -3.349639 -34.985151 37.100000
v -3.415154 -35.234023 37.100000
v -3.462206 -35.487036 37.100000
v -3.490539 -35.742823 37.100000
v 1.343822 -32.768260 37.100000
v 1.410319 -32.612702 37.100000
v 1.458877 -32.450645 37.100000
v 1.488877 -32.284151 37.100000
v 1.499939 -32.115338 37.100000
v 1.491921 -31.946352 37.100000
v 1.464926 -31.779345 37.100000
v 1.419297 -31.616439 37.100000
v 1.355614 -31.459707 37.100000
v 1.274688 -31.311144 37.100000
v 1.177547 -31.172637 37.100000
v 1.065428 -31.045950 37.100000
v 0.939757 -30.932694 37.100000
v 0.802132 -30.834310 37.100000
v 0.654303 -30.752048 37.100000
v 0.498152 -30.686955 37.100000
v 0.335664 -30.639860 37.100000
v 0.168906 -30.611361 37.100000
v -0.000000 -30.601821 37.100000
v -0.168906 -30.611361 37.100000
v -0.335664 -30.639860 37.100000
v -0.498152 -30.686955 37.100000
v -0.654303 -30.752048 37.100000
v -0.802132 -30.834310 37.100000
v -0.939757 -30.932694 37.100000
v -1.065428 -31.045950 37.100000
v -1.177547 -31.172637 37.100000
v -1.274688 -31.311144 37.100000
v -1.355614 -31.459707 37.100000
v -1.419297 -31.616439 37.100000
v -1.464926 -31.779345 37.100000
v -1.491921 -31.946352 37.100000
v -1.499939 -32.115338 37.100000
v -1.488877 -32.284151 37.100000
v -1.458877 -32.450645 37.100000
v -1.410319 -32.612702 37.100000
v -1.410319 -32.612702 40.100000
v -1.458877 -32.450645 40.100000
v -1.488877 -32.284151 40.100000
v -1.499939 -32.115338 40.100000
v -1.491921 -31.946352 40.100000
v -1.464926 -31.779345 40.100000
v -1.419297 -31.616439 40.100000
v -1.355614 -31.459707 40.100000
v -1.274688 -31.311144 40.100000
v -1.177547 -31.172637 40.100000
v -1.065428 -31.045950 40.100000
v -0.939757 -30.932694 40.100000
v -0.802132 -30.834310 40.100000
v -0.654303 -30.752048 40.100000
v -0.498152 -30.686955 40.100000
v -0.335664 -30.639860 40.100000
v -0.168906 -30.611361 40.100000
v -0.000000 -30.601821 40.100000
v 0.168906 -30.611361 40.100000
v 0.335664 -30.639860 40.100000
v 0.498152 -30.686955 40.100000
v 0.654303 -30.752048 40.100000
v 0.802132 -30.834310 40.100000
v 0.939757 -30.932694 40.100000
v 1.065428 -31.045950 40.100000
v 1.177547 -31.172637 40.100000
v 1.274688 -31.311144 40.100000
v 1.355614 -31.459707 40.100000
v 1.419297 -31.616439 40.100000
v 1.464926 -31.779345 40.100000
v 1.491921 -31.946352 40.100000
v 1.499939 -32.115338 40.100000
v 1.488877 -32.284151 40.100000
v 1.458877 -32.450645 40.100000
v 1.410319 -32.612702 40.100000
v 3.500000 -36.000000 37.100000
v 3.490539 -35.742823 37.100000
v 3.462206 -35.487036 37.100000
v 3.415154 -35.234023 37.100000
v 3.349639 -34.985151 37.100000
v 3.266014 -34.741766 37.100000
v 3.164731 -34.505183 37.100000
v 3.046338 -34.276683 37.100000
v 2.911475 -34.057499 37.100000
v 2.760872 -33.848817 37.100000
v 2.595341 -33.651766 37.100000
v 2.415779 -33.467410 37.100000
v 2.223156 -33.296747 37.100000
v 2.018514 -33.140699 37.100000
v 1.802958 -33.000110 37.100000
v 1.577655 -32.875739 37.100000
v 3.500000 -40.500000 37.100000
v 0.384873 -33.024790 36.600000
v 0.510630 -32.961621 36.600000
v 0.626274 -32.881424 36.600000
v 0.729515 -32.785786 36.600000
v 0.818307 -32.676602 36.600000
v 0.890893 -32.556035 36.600000
v 0.945834 -32.426471 36.600000
v 0.982043 -32.290478 36.600000
v 0.998802 -32.150749 36.600000
v 0.995780 -32.010050 36.600000
v 0.973036 -31.871170 36.600000
v 0.931022 -31.736857 36.600000
v 0.870568 -31.609772 36.600000
v 0.792872 -31.492433 36.600000
v 0.699473 -31.387162 36.600000
v 0.592221 -31.296046 36.600000
v 0.473240 -31.220888 36.600000
v 0.344887 -31.163177 36.600000
v 0.209703 -31.124056 36.600000
v 0.070365 -31.104300 36.600000
v -0.070365 -31.104300 36.600000
v -0.209703 -31.124056 36.600000
v -0.344887 -31.163177 36.600000
v -0.473240 -31.220888 36.600000
v -0.592221 -31.296046 36.600000
v -0.699473 -31.387162 36.600000
v -0.792872 -31.492433 36.600000
v -0.870568 -31.609772 36.600000
v -0.931022 -31.736857 36.600000
v -0.973036 -31.871170 36.600000
v -0.995780 -32.010050 36.600000
v -0.998802 -32.150749 36.600000
v -0.982043 -32.290478 36.600000
v -0.945834 -32.426471 36.600000
v -0.890893 -32.556035 36.600000
v -0.818307 -32.676602 36.600000
v -0.729515 -32.785786 36.600000
v -0.626274 -32.881424 36.600000
v -0.510630 -32.961621 36.600000
v -0.384873 -33.024790 36.600000
v -0.516865 -33.004268 36.639999
v -0.645308 -32.979093 36.689067
v -0.769782 -32.950133 36.745515
v -0.889958 -32.918226 36.807703
v -1.007536 -32.883565 36.875260
v -1.122811 -32.846572 36.947364
v 1.122932 -32.846532 36.947441
v 1.007903 -32.883454 36.875477
v 0.890682 -32.918023 36.808098
v 0.770347 -32.949990 36.745792
v 0.645639 -32.979020 36.689211
v 0.517000 -33.004243 36.640049
v -3.000000 -40.500000 36.600000
v -3.000000 -36.000000 36.600000
v -0.621756 -33.065137 36.600000
v -0.854650 -33.124313 36.600000
v -1.082060 -33.201939 36.600000
v -1.302528 -33.297516 36.600000
v -1.514640 -33.410432 36.600000
v -1.717034 -33.539961 36.600000
v -1.908413 -33.685273 36.600000
v -2.087547 -33.845436 36.600000
v -2.253289 -34.019422 36.600000
v -2.404574 -34.206114 36.600000
v -2.540432 -34.404316 36.600000
v -2.659991 -34.612755 36.600000
v -2.762485 -34.830094 36.600000
v -2.847255 -35.054939 36.600000
v -2.913758 -35.285848 36.600000
v -2.961568 -35.521338 36.600000
v -2.990376 -35.759899 36.600000
v 3.000000 -36.000000 36.600000
v 2.990376 -35.759899 36.600000
v 2.961568 -35.521338 36.600000
v 2.913758 -35.285848 36.600000
v 2.847255 -35.054939 36.600000
v 2.762485 -34.830094 36.600000
v 2.659991 -34.612755 36.600000
v 2.540432 -34.404316 36.600000
v 2.404574 -34.206114 36.600000
v 2.253289 -34.019422 36.600000
v 2.087547 -33.845436 36.600000
v 1.908413 -33.685273 36.600000
v 1.717034 -33.539961 36.600000
v 1.514640 -33.410432 36.600000
v 1.302528 -33.297516 36.600000
v 1.082060 -33.201939 36.600000
v 0.854650 -33.124313 36.600000
v 0.621756 -33.065137 36.600000
v 3.000000 -40.500000 36.600000
v -1.857971 -34.181225 36.600000
v -1.710904 -34.042244 36.600000
v -1.553474 -33.915121 36.600000
v -1.386634 -33.800626 36.600000
v -1.211396 -33.699453 36.600000
v -1.028821 -33.612213 36.600000
v -0.840014 -33.539436 36.600000
v -0.646120 -33.481562 36.600000
v -0.887738 -33.556249 40.091284
v -0.670595 -33.487968 40.091284
v -1.098077 -33.643259 40.091284
v -1.300000 -33.748334 40.091284
v -1.491958 -33.870667 40.091284
v -1.672482 -34.009320 40.091284
v -1.840186 -34.163232 40.091284
v -2.504091 -36.699663 36.600000
v -2.550918 -36.502808 36.600000
v -2.582295 -36.302908 36.600000
v -2.598031 -36.101174 36.600000
v -2.598031 -35.898826 36.600000
v -2.582295 -35.697092 36.600000
v -2.550918 -35.497192 36.600000
v -2.504091 -35.300337 36.600000
v -2.560220 -35.546928 40.091284
v -2.510781 -35.324737 40.091284
v -2.590036 -35.772593 40.091284
v -2.600000 -36.000000 40.091284
v -2.590036 -36.227407 40.091284
v -2.560220 -36.453072 40.091284
v -2.510781 -36.675263 40.091284
v -0.646120 -38.518438 36.600000
v -0.840014 -38.460564 36.600000
v -1.028821 -38.387787 36.600000
v -1.211396 -38.300547 36.600000
v -1.386634 -38.199374 36.600000
v -1.553474 -38.084879 36.600000
v -1.710904 -37.957756 36.600000
v -1.857971 -37.818775 36.600000
v -1.672482 -37.990680 40.091284
v -1.840186 -37.836768 40.091284
v -1.491958 -38.129333 40.091284
v -1.300000 -38.251666 40.091284
v -1.098077 -38.356741 40.091284
v -0.887738 -38.443751 40.091284
v -0.670595 -38.512032 40.091284
v 4.211040 -40.500000 36.600000
v 4.211040 -40.500000 43.600000
v 4.211040 -41.300000 36.600000
v 4.211040 -41.300000 43.600000
v -4.209181 -41.300000 36.600000
v -4.207913 -41.312271 36.600000
v -4.204110 -41.324534 36.600000
v -4.197773 -41.336782 36.600000
v -4.188908 -41.349009 36.600000
v -4.163613 -41.373365 36.600000
v -4.128285 -41.397545 36.600000
v -4.083009 -41.421490 36.600000
v -4.027895 -41.445142 36.600000
v -3.963075 -41.468445 36.600000
v -3.888705 -41.491342 36.600000
v -3.804965 -41.513778 36.600000
v -3.712056 -41.535698 36.600000
v -3.610202 -41.557051 36.600000
v -3.499649 -41.577785 36.600000
v -3.380663 -41.597850 36.600000
v -3.253530 -41.617197 36.600000
v -3.118556 -41.635779 36.600000
v -2.976068 -41.653553 36.600000
v -2.826408 -41.670476 36.600000
v -2.669936 -41.686505 36.600000
v -2.507030 -41.701604 36.600000
v -2.338082 -41.715735 36.600000
v -2.163500 -41.728864 36.600000
v -1.983703 -41.740961 36.600000
v -1.610210 -41.761940 36.600000
v -1.221201 -41.778470 36.600000
v -0.820422 -41.790393 36.600000
v -0.411733 -41.797592 36.600000
v 0.000930 -41.800000 36.600000
v 0.413593 -41.797592 36.600000
v 0.822282 -41.790393 36.600000
v 1.223060 -41.778470 36.600000
v 1.612069 -41.761940 36.600000
v 1.985562 -41.740961 36.600000
v 2.165359 -41.728864 36.600000
v 2.339942 -41.715735 36.600000
v 2.508890 -41.701604 36.600000
v 2.671796 -41.686505 36.600000
v 2.828267 -41.670476 36.600000
v 2.977928 -41.653553 36.600000
v 3.120416 -41.635779 36.600000
v 3.255389 -41.617197 36.600000
v 3.382522 -41.597850 36.600000
v 3.501509 -41.577785 36.600000
v 3.612062 -41.557051 36.600000
v 3.713916 -41.535698 36.600000
v 3.806825 -41.513778 36.600000
v 3.890565 -41.491342 36.600000
v 3.964935 -41.468445 36.600000
v 4.029755 -41.445142 36.600000
v 4.084869 -41.421490 36.600000
v 4.130144 -41.397545 36.600000
v 4.165472 -41.373365 36.600000
v 4.190768 -41.349009 36.600000
v 4.199633 -41.336782 36.600000
v 4.205969 -41.324534 36.600000
v 4.209772 -41.312271 36.600000
v 4.209772 -41.312271 43.600000
v 4.205969 -41.324534 43.600000
v 4.199633 -41.336782 43.600000
v 4.190768 -41.349009 43.600000
v 4.165472 -41.373365 43.600000
v 4.130144 -41.397545 43.600000
v 4.084869 -41.421490 43.600000
v 4.029755 -41.445142 43.600000
v 3.964935 -41.468445 43.600000
v 3.890565 -41.491342 43.600000
v 3.806825 -41.513778 43.600000
v 3.713916 -41.535698 43.600000
v 3.612062 -41.557051 43.600000
v 3.501509 -41.577785 43.600000
v 3.382522 -41.597850 43.600000
v 3.255389 -41.617197 43.600000
v 3.120416 -41.635779 43.600000
v 2.977928 -41.653553 43.600000
v 2.828267 -41.670476 43.600000
v 2.671796 -41.686505 43.600000
v 2.508890 -41.701604 43.600000
v 2.339942 -41.715735 43.600000
v 2.165359 -41.728864 43.600000
v 1.985562 -41.740961 43.600000
v 1.612069 -41.761940 43.600000
v 1.223060 -41.778470 43.600000
v 0.822282 -41.790393 43.600000
v 0.413593 -41.797592 43.600000
v 0.000930 -41.800000 43.600000
v -0.411733 -41.797592 43.600000
v -0.820422 -41.790393 43.600000
v -1.221201 -41.778470 43.600000
v -1.610210 -41.761940 43.600000
v -1.983703 -41.740961 43.600000
v -2.163500 -41.728864 43.600000
v -2.338082 -41.715735 43.600000
v -2.507030 -41.701604 43.600000
v -2.669936 -41.686505 43.600000
v -2.826408 -41.670476 43.600000
v -2.976068 -41.653553 43.600000
v -3.118556 -41.635779 43.600000
v -3.253530 -41.617197 43.600000
v -3.380663 -41.597850 43.600000
v -3.499649 -41.577785 43.600000
v -3.610202 -41.557051 43.600000
v -3.712056 -41.535698 43.600000
v -3.804965 -41.513778 43.600000
v -3.888705 -41.491342 43.600000
v -3.963075 -41.468445 43.600000
v -4.027895 -41.445142 43.600000
v -4.083009 -41.421490 43.600000
v -4.128285 -41.397545 43.600000
v -4.163613 -41.373365 43.600000
v -4.188908 -41.349009 43.600000
v -4.197773 -41.336782 43.600000
v -4.204110 -41.324534 43.600000
v -4.207913 -41.312271 43.600000
v -4.209181 -41.300000 43.600000
v -4.179852 -41.358915 41.850000
v -4.179852 -41.358915 38.350000
v -4.151760 -41.382297 41.850000
v -4.151760 -41.382297 38.350000
v -4.114403 -41.405496 41.850000
v -4.114403 -41.405496 38.350000
v -4.067862 -41.428459 41.850000
v -4.067862 -41.428459 38.350000
v -3.981065 -41.462350 41.850000
v -4.012242 -41.451135 38.350000
v -3.912066 -41.484501 41.850000
v -3.912066 -41.484501 38.350000
v -3.834335 -41.506241 41.850000
v -3.834335 -41.506241 38.350000
v -3.748046 -41.527521 41.850000
v -3.748046 -41.527521 38.350000
v -3.653392 -41.548293 41.850000
v -3.653392 -41.548293 38.350000
v -3.550583 -41.568511 41.850000
v -3.550583 -41.568511 38.350000
v -3.439850 -41.588130 41.850000
v -3.439850 -41.588130 38.350000
v -3.321439 -41.607106 41.850000
v -3.321439 -41.607106 38.350000
v -3.195614 -41.625397 41.850000
v -3.195614 -41.625397 38.350000
v -3.062657 -41.642962 41.850000
v -3.062657 -41.642962 38.350000
v -2.922864 -41.659761 41.850000
v -2.922864 -41.659761 38.350000
v -2.776546 -41.675758 41.850000
v -2.776546 -41.675758 38.350000
v -2.624031 -41.690916 41.850000
v -2.624031 -41.690916 38.350000
v -2.384386 -41.712007 41.850000
v -2.384386 -41.712007 38.350000
v -2.217894 -41.724926 41.850000
v -2.217894 -41.724926 38.350000
v -2.046451 -41.736896 41.850000
v -2.046451 -41.736896 38.350000
v -1.870440 -41.747891 41.850000
v -1.780843 -41.753015 38.350000
v -1.506291 -41.766861 41.850000
v -1.318967 -41.774793 38.350000
v -1.032591 -41.784700 41.850000
v -0.935908 -41.787464 38.350000
v -0.642939 -41.794118 41.850000
v -0.544491 -41.795786 38.350000
v -0.247543 -41.799128 41.850000
v -0.148209 -41.799686 38.350000
v 0.150069 -41.799686 41.850000
v 0.249403 -41.799128 38.350000
v 0.546351 -41.795786 41.850000
v 0.644799 -41.794118 38.350000
v 0.937768 -41.787464 41.850000
v 1.034451 -41.784700 38.350000
v 1.320827 -41.774793 41.850000
v 1.508151 -41.766861 38.350000
v 1.782703 -41.753015 41.850000
v 1.872299 -41.747891 38.350000
v 2.048311 -41.736896 41.850000
v 2.048311 -41.736896 38.350000
v 2.219754 -41.724926 41.850000
v 2.219754 -41.724926 38.350000
v 2.386246 -41.712007 41.850000
v 2.386246 -41.712007 38.350000
v 2.625891 -41.690916 41.850000
v 2.625891 -41.690916 38.350000
v 2.778406 -41.675758 41.850000
v 2.778406 -41.675758 38.350000
v 2.924723 -41.659761 41.850000
v 2.924723 -41.659761 38.350000
v 3.064517 -41.642962 41.850000
v 3.064517 -41.642962 38.350000
v 3.197474 -41.625397 41.850000
v 3.197474 -41.625397 38.350000
v 3.323299 -41.607106 41.850000
v 3.323299 -41.607106 38.350000
v 3.441710 -41.588130 41.850000
v 3.441710 -41.588130 38.350000
v 3.552443 -41.568511 41.850000
v 3.552443 -41.568511 38.350000
v 3.655252 -41.548293 41.850000
v 3.655252 -41.548293 38.350000
v 3.749906 -41.527521 41.850000
v 3.749906 -41.527521 38.350000
v 3.836195 -41.506241 41.850000
v 3.836195 -41.506241 38.350000
v 3.913926 -41.484501 41.850000
v 3.913926 -41.484501 38.350000
v 4.014102 -41.451135 41.850000
v 3.982925 -41.462350 38.350000
v 4.069721 -41.428459 41.850000
v 4.069721 -41.428459 38.350000
v 4.116262 -41.405496 41.850000
v 4.116262 -41.405496 38.350000
v 4.153620 -41.382297 41.850000
v 4.153620 -41.382297 38.350000
v 4.181712 -41.358915 41.850000
v 4.181712 -41.358915 38.350000
v -4.208006 -41.311809 38.350000
v -4.208006 -41.311809 40.100000
v -4.208006 -41.311809 41.850000
v -4.204484 -41.323612 38.350000
v -4.204484 -41.323612 40.100000
v -4.204484 -41.323612 41.850000
v -4.198615 -41.335402 38.350000
v -4.198615 -41.335402 40.100000
v -4.198615 -41.335402 41.850000
v -4.190402 -41.347172 38.350000
v -4.190402 -41.347172 40.100000
v -4.190402 -41.347172 41.850000
v -4.179852 -41.358915 40.100000
v -4.151760 -41.382297 40.100000
v -4.166969 -41.370626 41.850000
v -4.166969 -41.370626 40.100000
v -4.166969 -41.370626 38.350000
v -4.114403 -41.405496 40.100000
v -4.134235 -41.393923 41.850000
v -4.134235 -41.393923 40.100000
v -4.134235 -41.393923 38.350000
v -4.067862 -41.428459 40.100000
v -4.092274 -41.417010 41.850000
v -4.092274 -41.417010 40.100000
v -4.092274 -41.417010 38.350000
v -4.012242 -41.451135 40.100000
v -4.012242 -41.451135 41.850000
v -4.041179 -41.439836 41.850000
v -4.041179 -41.439836 40.100000
v -4.041179 -41.439836 38.350000
v -3.947667 -41.473474 38.350000
v -3.947667 -41.473474 40.100000
v -3.947667 -41.473474 41.850000
v -3.981065 -41.462350 40.100000
v -3.981065 -41.462350 38.350000
v -3.874282 -41.495426 38.350000
v -3.874282 -41.495426 40.100000
v -3.874282 -41.495426 41.850000
v -3.912066 -41.484501 40.100000
v -3.792249 -41.516942 38.350000
v -3.792249 -41.516942 40.100000
v -3.792249 -41.516942 41.850000
v -3.834335 -41.506241 40.100000
v -3.701752 -41.537974 38.350000
v -3.701752 -41.537974 40.100000
v -3.701752 -41.537974 41.850000
v -3.748046 -41.527521 40.100000
v -3.602993 -41.558475 38.350000
v -3.602993 -41.558475 40.100000
v -3.602993 -41.558475 41.850000
v -3.653392 -41.548293 40.100000
v -3.496192 -41.578399 38.350000
v -3.496192 -41.578399 40.100000
v -3.496192 -41.578399 41.850000
v -3.550583 -41.568511 40.100000
v -3.321439 -41.607106 40.100000
v -3.381588 -41.597701 41.850000
v -3.381588 -41.597701 40.100000
v -3.381588 -41.597701 38.350000
v -3.195614 -41.625397 40.100000
v -3.259436 -41.616340 41.850000
v -3.259436 -41.616340 40.100000
v -3.259436 -41.616340 38.350000
v -3.062657 -41.642962 40.100000
v -3.130009 -41.634273 41.850000
v -3.130009 -41.634273 40.100000
v -3.130009 -41.634273 38.350000
v -2.922864 -41.659761 40.100000
v -2.993596 -41.651459 41.850000
v -2.993596 -41.651459 40.100000
v -2.993596 -41.651459 38.350000
v -2.776546 -41.675758 40.100000
v -2.850500 -41.667862 41.850000
v -2.850500 -41.667862 40.100000
v -2.850500 -41.667862 38.350000
v -2.624031 -41.690916 40.100000
v -2.701043 -41.683444 41.850000
v -2.701043 -41.683444 40.100000
v -2.701043 -41.683444 38.350000
v -2.465659 -41.705202 38.350000
v -2.465659 -41.705202 40.100000
v -2.465659 -41.705202 41.850000
v -2.545555 -41.698170 41.850000
v -2.545555 -41.698170 40.100000
v -2.545555 -41.698170 38.350000
v -2.301782 -41.718583 38.350000
v -2.301782 -41.718583 40.100000
v -2.301782 -41.718583 41.850000
v -2.384386 -41.712007 40.100000
v -2.132768 -41.731031 38.350000
v -2.132768 -41.731031 40.100000
v -2.132768 -41.731031 41.850000
v -2.217894 -41.724926 40.100000
v -1.958992 -41.742517 38.350000
v -1.958992 -41.742517 40.100000
v -1.958992 -41.742517 41.850000
v -2.046451 -41.736896 40.100000
v -1.598718 -41.762503 38.350000
v -1.598718 -41.762503 40.100000
v -1.598718 -41.762503 41.850000
v -1.690252 -41.757887 41.850000
v -1.690252 -41.757887 40.100000
v -1.690252 -41.757887 38.350000
v -1.128698 -41.781666 38.350000
v -1.128698 -41.781666 40.100000
v -1.128698 -41.781666 41.850000
v -1.224174 -41.778363 41.850000
v -1.224174 -41.778363 40.100000
v -1.224174 -41.778363 38.350000
v -0.741027 -41.792174 38.350000
v -0.741027 -41.792174 40.100000
v -0.741027 -41.792174 41.850000
v -0.838702 -41.789956 41.850000
v -0.838702 -41.789956 40.100000
v -0.838702 -41.789956 38.350000
v -0.346738 -41.798292 38.350000
v -0.346738 -41.798292 40.100000
v -0.346738 -41.798292 41.850000
v -0.445739 -41.797178 41.850000
v -0.445739 -41.797178 40.100000
v -0.445739 -41.797178 38.350000
v 0.050652 -41.799965 38.350000
v 0.050652 -41.799965 40.100000
v 0.050652 -41.799965 41.850000
v -0.048792 -41.799965 41.850000
v -0.048792 -41.799965 40.100000
v -0.048792 -41.799965 38.350000
v 0.447599 -41.797178 38.350000
v 0.447599 -41.797178 40.100000
v 0.447599 -41.797178 41.850000
v 0.348598 -41.798292 41.850000
v 0.348598 -41.798292 40.100000
v 0.348598 -41.798292 38.350000
v 0.840562 -41.789956 38.350000
v 0.840562 -41.789956 40.100000
v 0.840562 -41.789956 41.850000
v 0.742887 -41.792174 41.850000
v 0.742887 -41.792174 40.100000
v 0.742887 -41.792174 38.350000
v 1.226034 -41.778363 38.350000
v 1.226034 -41.778363 40.100000
v 1.226034 -41.778363 41.850000
v 1.130558 -41.781666 41.850000
v 1.130558 -41.781666 40.100000
v 1.130558 -41.781666 38.350000
v 1.692112 -41.757887 38.350000
v 1.692112 -41.757887 40.100000
v 1.692112 -41.757887 41.850000
v 1.600578 -41.762503 41.850000
v 1.600578 -41.762503 40.100000
v 1.600578 -41.762503 38.350000
v 2.048311 -41.736896 40.100000
v 1.960852 -41.742517 41.850000
v 1.960852 -41.742517 40.100000
v 1.960852 -41.742517 38.350000
v 2.219754 -41.724926 40.100000
v 2.134628 -41.731031 41.850000
v 2.134628 -41.731031 40.100000
v 2.134628 -41.731031 38.350000
v 2.386246 -41.712007 40.100000
v 2.303642 -41.718583 41.850000
v 2.303642 -41.718583 40.100000
v 2.303642 -41.718583 38.350000
v 2.547415 -41.698170 38.350000
v 2.547415 -41.698170 40.100000
v 2.547415 -41.698170 41.850000
v 2.467518 -41.705202 41.850000
v 2.467518 -41.705202 40.100000
v 2.467518 -41.705202 38.350000
v 2.702902 -41.683444 38.350000
v 2.702902 -41.683444 40.100000
v 2.702902 -41.683444 41.850000
v 2.625891 -41.690916 40.100000
v 2.852360 -41.667862 38.350000
v 2.852360 -41.667862 40.100000
v 2.852360 -41.667862 41.850000
v 2.778406 -41.675758 40.100000
v 2.995456 -41.651459 38.350000
v 2.995456 -41.651459 40.100000
v 2.995456 -41.651459 41.850000
v 2.924723 -41.659761 40.100000
v 3.131869 -41.634273 38.350000
v 3.131869 -41.634273 40.100000
v 3.131869 -41.634273 41.850000
v 3.064517 -41.642962 40.100000
v 3.261296 -41.616340 38.350000
v 3.261296 -41.616340 40.100000
v 3.261296 -41.616340 41.850000
v 3.197474 -41.625397 40.100000
v 3.383448 -41.597701 38.350000
v 3.383448 -41.597701 40.100000
v 3.383448 -41.597701 41.850000
v 3.323299 -41.607106 40.100000
v 3.552443 -41.568511 40.100000
v 3.498052 -41.578399 41.850000
v 3.498052 -41.578399 40.100000
v 3.498052 -41.578399 38.350000
v 3.655252 -41.548293 40.100000
v 3.604853 -41.558475 41.850000
v 3.604853 -41.558475 40.100000
v 3.604853 -41.558475 38.350000
v 3.749906 -41.527521 40.100000
v 3.703612 -41.537974 41.850000
v 3.703612 -41.537974 40.100000
v 3.703612 -41.537974 38.350000
v 3.836195 -41.506241 40.100000
v 3.794108 -41.516942 41.850000
v 3.794108 -41.516942 40.100000
v 3.794108 -41.516942 38.350000
v 3.913926 -41.484501 40.100000
v 3.876141 -41.495426 41.850000
v 3.876141 -41.495426 40.100000
v 3.876141 -41.495426 38.350000
v 3.982925 -41.462350 40.100000
v 3.982925 -41.462350 41.850000
v 3.949527 -41.473474 41.850000
v 3.949527 -41.473474 40.100000
v 3.949527 -41.473474 38.350000
v 4.043039 -41.439836 38.350000
v 4.043039 -41.439836 40.100000
v 4.043039 -41.439836 41.850000
v 4.014102 -41.451135 40.100000
v 4.014102 -41.451135 38.350000
v 4.094134 -41.417010 38.350000
v 4.094134 -41.417010 40.100000
v 4.094134 -41.417010 41.850000
v 4.069721 -41.428459 40.100000
v 4.136095 -41.393923 38.350000
v 4.136095 -41.393923 40.100000
v 4.136095 -41.393923 41.850000
v 4.116262 -41.405496 40.100000
v 4.168829 -41.370626 38.350000
v 4.168829 -41.370626 40.100000
v 4.168829 -41.370626 41.850000
v 4.153620 -41.382297 40.100000
v 4.192262 -41.347172 38.350000
v 4.192262 -41.347172 40.100000
v 4.192262 -41.347172 41.850000
v 4.181712 -41.358915 40.100000
v 4.200474 -41.335402 38.350000
v 4.200474 -41.335402 40.100000
v 4.200474 -41.335402 41.850000
v 4.206343 -41.323612 38.350000
v 4.206343 -41.323612 40.100000
v 4.206343 -41.323612 41.850000
v 4.209866 -41.311809 38.350000
v 4.209866 -41.311809 40.100000
v 4.209866 -41.311809 41.850000
v 3.441710 -41.588130 40.100000
v 1.872299 -41.747891 41.850000
v 1.872299 -41.747891 40.100000
v 1.782703 -41.753015 38.350000
v 1.782703 -41.753015 40.100000
v 1.508151 -41.766861 41.850000
v 1.508151 -41.766861 40.100000
v 1.414883 -41.770958 38.350000
v 1.414883 -41.770958 41.850000
v 1.414883 -41.770958 40.100000
v 1.320827 -41.774793 40.100000
v 1.320827 -41.774793 38.350000
v 1.034451 -41.784700 41.850000
v 1.034451 -41.784700 40.100000
v 0.937768 -41.787464 38.350000
v 0.937768 -41.787464 40.100000
v 0.644799 -41.794118 41.850000
v 0.644799 -41.794118 40.100000
v 0.546351 -41.795786 38.350000
v 0.546351 -41.795786 40.100000
v 0.249403 -41.799128 41.850000
v 0.249403 -41.799128 40.100000
v 0.150069 -41.799686 38.350000
v 0.150069 -41.799686 40.100000
v -0.148209 -41.799686 41.850000
v -0.148209 -41.799686 40.100000
v -0.247543 -41.799128 38.350000
v -0.247543 -41.799128 40.100000
v -0.544491 -41.795786 41.850000
v -0.544491 -41.795786 40.100000
v -0.642939 -41.794118 38.350000
v -0.642939 -41.794118 40.100000
v -0.935908 -41.787464 41.850000
v -0.935908 -41.787464 40.100000
v -1.032591 -41.784700 38.350000
v -1.032591 -41.784700 40.100000
v -1.318967 -41.774793 41.850000
v -1.318967 -41.774793 40.100000
v -1.413024 -41.770958 38.350000
v -1.413024 -41.770958 41.850000
v -1.413024 -41.770958 40.100000
v -1.506291 -41.766861 40.100000
v -1.506291 -41.766861 38.350000
v -1.780843 -41.753015 41.850000
v -1.780843 -41.753015 40.100000
v -1.870440 -41.747891 38.350000
v -1.870440 -41.747891 40.100000
v -3.439850 -41.588130 40.100000
v -4.209181 -40.500000 36.600000
v -4.209181 -40.500000 43.600000
vt 0.806184 0.727921 0.000000
vt 0.876160 0.736921 0.000000
vt 0.806184 0.748426 0.000000
vt 0.877882 0.742582 0.000000
vt 0.878468 0.748426 0.000000
vt 0.806184 0.707416 0.000000
vt 0.861581 0.719593 0.000000
vt 0.865879 0.722952 0.000000
vt 0.869917 0.726986 0.000000
vt 0.806184 0.686911 0.000000
vt 0.808460 0.688597 0.000000
vt 0.808460 0.707142 0.000000
vt 0.819187 0.707080 0.000000
vt 0.808460 0.670051 0.000000
vt 0.806184 0.666407 0.000000
vt 0.808460 0.651506 0.000000
vt 0.806184 0.645902 0.000000
vt 0.808460 0.632961 0.000000
vt 0.806184 0.625397 0.000000
vt 0.808460 0.614416 0.000000
vt 0.806184 0.604892 0.000000
vt 0.808460 0.595870 0.000000
vt 0.806184 0.584387 0.000000
vt 0.808460 0.577325 0.000000
vt 0.806184 0.563883 0.000000
vt 0.808460 0.558780 0.000000
vt 0.806184 0.543378 0.000000
vt 0.808460 0.540235 0.000000
vt 0.806184 0.522873 0.000000
vt 0.830248 0.539277 0.000000
vt 0.841358 0.536964 0.000000
vt 0.851981 0.533167 0.000000
vt 0.861581 0.527783 0.000000
vt 0.865879 0.524424 0.000000
vt 0.869917 0.520390 0.000000
vt 0.873436 0.515707 0.000000
vt 0.806184 0.502368 0.000000
vt 0.876160 0.510455 0.000000
vt 0.877882 0.504795 0.000000
vt 0.878468 0.498951 0.000000
vt 0.877882 0.493106 0.000000
vt 0.806184 0.481863 0.000000
vt 0.876160 0.487446 0.000000
vt 0.873436 0.482194 0.000000
vt 0.869917 0.477511 0.000000
vt 0.865879 0.473477 0.000000
vt 0.861581 0.470118 0.000000
vt 0.806184 0.461358 0.000000
vt 0.851981 0.464734 0.000000
vt 0.841358 0.460937 0.000000
vt 0.830248 0.458624 0.000000
vt 0.808460 0.457667 0.000000
vt 0.819187 0.457604 0.000000
vt 0.806184 0.440854 0.000000
vt 0.808460 0.439121 0.000000
vt 0.806184 0.420349 0.000000
vt 0.808460 0.420576 0.000000
vt 0.808460 0.402031 0.000000
vt 0.806184 0.399844 0.000000
vt 0.808460 0.383486 0.000000
vt 0.806184 0.379339 0.000000
vt 0.808460 0.364940 0.000000
vt 0.806184 0.358834 0.000000
vt 0.808460 0.346395 0.000000
vt 0.806184 0.338330 0.000000
vt 0.808460 0.327850 0.000000
vt 0.806184 0.317825 0.000000
vt 0.808460 0.309305 0.000000
vt 0.806184 0.297320 0.000000
vt 0.808460 0.290759 0.000000
vt 0.806184 0.276815 0.000000
vt 0.830248 0.289802 0.000000
vt 0.841358 0.287489 0.000000
vt 0.851981 0.283692 0.000000
vt 0.861581 0.278308 0.000000
vt 0.865879 0.274949 0.000000
vt 0.869917 0.270915 0.000000
vt 0.806184 0.256310 0.000000
vt 0.873436 0.266232 0.000000
vt 0.876160 0.260980 0.000000
vt 0.877882 0.255320 0.000000
vt 0.878468 0.249475 0.000000
vt 0.877882 0.243631 0.000000
vt 0.806184 0.235805 0.000000
vt 0.876160 0.237971 0.000000
vt 0.873436 0.232719 0.000000
vt 0.869917 0.228035 0.000000
vt 0.865879 0.224002 0.000000
vt 0.806184 0.215301 0.000000
vt 0.861581 0.220643 0.000000
vt 0.851981 0.215259 0.000000
vt 0.841358 0.211462 0.000000
vt 0.808460 0.208191 0.000000
vt 0.830248 0.209149 0.000000
vt 0.819187 0.208129 0.000000
vt 0.806184 0.194796 0.000000
vt 0.808460 0.189646 0.000000
vt 0.806184 0.174291 0.000000
vt 0.808460 0.171101 0.000000
vt 0.806184 0.153786 0.000000
vt 0.808460 0.152556 0.000000
vt 0.806184 0.133281 0.000000
vt 0.808460 0.134010 0.000000
vt 0.808460 0.115465 0.000000
vt 0.806184 0.112777 0.000000
vt 0.808460 0.096920 0.000000
vt 0.806184 0.092272 0.000000
vt 0.808460 0.078375 0.000000
vt 0.806184 0.071767 0.000000
vt 0.808460 0.059829 0.000000
vt 0.806184 0.051262 0.000000
vt 0.808460 0.041284 0.000000
vt 0.806184 0.030757 0.000000
vt 0.830248 0.040327 0.000000
vt 0.841358 0.038013 0.000000
vt 0.851981 0.034217 0.000000
vt 0.861581 0.028833 0.000000
vt 0.865879 0.025474 0.000000
vt 0.806184 0.010252 0.000000
vt 0.869917 0.021440 0.000000
vt 0.873436 0.016756 0.000000
vt 0.876160 0.011505 0.000000
vt 0.877882 0.005844 0.000000
vt 0.878468 -0.000000 0.000000
vt 0.806184 -0.010252 0.000000
vt 0.877882 -0.005844 0.000000
vt 0.876160 -0.011505 0.000000
vt 0.873436 -0.016756 0.000000
vt 0.869917 -0.021440 0.000000
vt 0.806184 -0.030757 0.000000
vt 0.865879 -0.025474 0.000000
vt 0.861581 -0.028833 0.000000
vt 0.851981 -0.034217 0.000000
vt 0.808460 -0.041284 0.000000
vt 0.841358 -0.038013 0.000000
vt 0.830248 -0.040327 0.000000
vt 0.819187 -0.041346 0.000000
vt 0.806184 -0.051262 0.000000
vt 0.808460 -0.059829 0.000000
vt 0.806184 -0.071767 0.000000
vt 0.808460 -0.078375 0.000000
vt 0.806184 -0.092272 0.000000
vt 0.808460 -0.096920 0.000000
vt 0.806184 -0.112777 0.000000
vt 0.808460 -0.115465 0.000000
vt 0.806184 -0.133281 0.000000
vt 0.808460 -0.134010 0.000000
vt 0.808460 -0.152556 0.000000
vt 0.806184 -0.153786 0.000000
vt 0.808460 -0.171101 0.000000
vt 0.806184 -0.174291 0.000000
vt 0.808460 -0.189646 0.000000
vt 0.806184 -0.194796 0.000000
vt 0.808460 -0.208191 0.000000
vt 0.806184 -0.215301 0.000000
vt 0.830248 -0.209149 0.000000
vt 0.841358 -0.211462 0.000000
vt 0.851981 -0.215259 0.000000
vt 0.861581 -0.220643 0.000000
vt 0.806184 -0.235805 0.000000
vt 0.865879 -0.224002 0.000000
vt 0.869917 -0.228035 0.000000
vt 0.873436 -0.232719 0.000000
vt 0.876160 -0.237971 0.000000
vt 0.877882 -0.243631 0.000000
vt 0.806184 -0.256310 0.000000
vt 0.878468 -0.249475 0.000000
vt 0.877882 -0.255320 0.000000
vt 0.876160 -0.260980 0.000000
vt 0.873436 -0.266232 0.000000
vt 0.806184 -0.276815 0.000000
vt 0.869917 -0.270915 0.000000
vt 0.865879 -0.274949 0.000000
vt 0.861581 -0.278308 0.000000
vt 0.851981 -0.283692 0.000000
vt 0.808460 -0.290759 0.000000
vt 0.841358 -0.287489 0.000000
vt 0.830248 -0.289802 0.000000
vt 0.819187 -0.290821 0.000000
vt 0.806184 -0.297320 0.000000
vt 0.808460 -0.309305 0.000000
vt 0.806184 -0.317825 0.000000
vt 0.808460 -0.327850 0.000000
vt 0.806184 -0.338330 0.000000
vt 0.808460 -0.346395 0.000000
vt 0.806184 -0.358834 0.000000
vt 0.808460 -0.364940 0.000000
vt 0.806184 -0.379339 0.000000
vt 0.808460 -0.383486 0.000000
vt 0.806184 -0.399844 0.000000
vt 0.808460 -0.402031 0.000000
vt 0.806184 -0.420349 0.000000
vt 0.808460 -0.420576 0.000000
vt 0.808460 -0.439121 0.000000
vt 0.806184 -0.440854 0.000000
vt 0.808460 -0.457667 0.000000
vt 0.806184 -0.461358 0.000000
vt 0.830248 -0.458624 0.000000
vt 0.841358 -0.460937 0.000000
vt 0.851981 -0.464734 0.000000
vt 0.806184 -0.481863 0.000000
vt 0.861581 -0.470118 0.000000
vt 0.865879 -0.473477 0.000000
vt 0.869917 -0.477511 0.000000
vt 0.873436 -0.482194 0.000000
vt 0.876160 -0.487446 0.000000
vt 0.877882 -0.493106 0.000000
vt 0.806184 -0.502368 0.000000
vt 0.878468 -0.498951 0.000000
vt 0.877882 -0.504795 0.000000
vt 0.876160 -0.510455 0.000000
vt 0.806184 -0.522873 0.000000
vt 0.873436 -0.515707 0.000000
vt 0.869917 -0.520390 0.000000
vt 0.865879 -0.524424 0.000000
vt 0.861581 -0.527783 0.000000
vt 0.851981 -0.533167 0.000000
vt 0.808460 -0.540235 0.000000
vt 0.841358 -0.536964 0.000000
vt 0.830248 -0.539277 0.000000
vt 0.819187 -0.540297 0.000000
vt 0.806184 -0.543378 0.000000
vt 0.808460 -0.558780 0.000000
vt 0.806184 -0.563883 0.000000
vt 0.808460 -0.577325 0.000000
vt 0.806184 -0.584387 0.000000
vt 0.808460 -0.595870 0.000000
vt 0.806184 -0.604892 0.000000
vt 0.808460 -0.614416 0.000000
vt 0.806184 -0.625397 0.000000
vt 0.808460 -0.632961 0.000000
vt 0.806184 -0.645902 0.000000
vt 0.808460 -0.651506 0.000000
vt 0.806184 -0.666407 0.000000
vt 0.808460 -0.670051 0.000000
vt 0.806184 -0.686911 0.000000
vt 0.808460 -0.688597 0.000000
vt 0.806184 -0.707416 0.000000
vt 0.808460 -0.707142 0.000000
vt 0.819187 -0.707080 0.000000
vt 0.830248 -0.708099 0.000000
vt 0.806184 -0.727921 0.000000
vt 0.841358 -0.710413 0.000000
vt 0.851981 -0.714209 0.000000
vt 0.861581 -0.719593 0.000000
vt 0.865879 -0.722952 0.000000
vt 0.869917 -0.726986 0.000000
vt 0.873436 -0.731669 0.000000
vt 0.876160 -0.736921 0.000000
vt 0.806184 -0.748426 0.000000
vt 0.877882 -0.742582 0.000000
vt 0.878468 -0.748426 0.000000
vt 0.819187 0.041346 0.000000
vt 0.819187 0.290821 0.000000
vt 0.819187 0.540297 0.000000
vt 0.830248 0.708099 0.000000
vt 0.841358 0.710413 0.000000
vt 0.851981 0.714209 0.000000
vt 0.873436 0.731669 0.000000
vt 0.819187 -0.457604 0.000000
vt 0.819187 -0.208129 0.000000
vt 0.698257 0.473703 0.000000
vt 0.349128 0.476233 0.000000
vt 0.698257 0.453463 0.000000
vt 0.000000 0.473703 0.000000
vt 0.000000 0.453463 0.000000
vt 0.698257 0.493943 0.000000
vt 0.349128 0.499003 0.000000
vt 0.000000 0.493943 0.000000
vt 0.000000 0.514183 0.000000
vt 0.349128 0.521773 0.000000
vt 0.000000 0.534423 0.000000
vt 0.349128 0.544543 0.000000
vt -0.000000 0.554663 0.000000
vt 0.349128 0.567313 0.000000
vt -0.000000 0.574903 0.000000
vt 0.349128 0.590082 0.000000
vt -0.000000 0.595142 0.000000
vt 0.349128 0.612852 0.000000
vt 0.000000 0.615382 0.000000
vt 0.000000 0.635622 0.000000
vt 0.698257 0.615382 0.000000
vt 0.698257 0.635622 0.000000
vt 0.698257 0.514183 0.000000
vt 0.698257 0.534423 0.000000
vt 0.698257 0.554663 0.000000
vt 0.698257 0.574903 0.000000
vt 0.698257 0.595142 0.000000
vt -0.690039 0.036323 0.000000
vt -0.523693 0.034320 0.000000
vt -0.698257 0.043225 0.000000
vt -0.349128 0.034320 0.000000
vt -0.000000 0.043225 0.000000
vt -0.174564 0.034320 0.000000
vt -0.000000 0.034320 0.000000
vt -0.000000 0.025415 0.000000
vt -0.174564 0.025415 0.000000
vt -0.000000 0.016510 0.000000
vt -0.174564 0.016510 0.000000
vt -0.000000 0.007605 0.000000
vt -0.174564 0.007605 0.000000
vt -0.000000 -0.001300 0.000000
vt -0.174564 -0.001300 0.000000
vt -0.000000 -0.010205 0.000000
vt -0.174564 -0.010205 0.000000
vt -0.000000 -0.019109 0.000000
vt -0.174564 -0.019109 0.000000
vt -0.000000 -0.028014 0.000000
vt -0.174564 -0.028014 0.000000
vt -0.000000 -0.036919 0.000000
vt -0.174564 -0.036919 0.000000
vt -0.000000 -0.045824 0.000000
vt -0.174564 -0.045824 0.000000
vt -0.000000 -0.054729 0.000000
vt -0.174564 -0.054729 0.000000
vt -0.000000 -0.063634 0.000000
vt -0.174564 -0.063634 0.000000
vt -0.000000 -0.072539 0.000000
vt -0.174564 -0.072539 0.000000
vt -0.000000 -0.081444 0.000000
vt -0.174564 -0.081444 0.000000
vt -0.000000 -0.090349 0.000000
vt -0.349128 -0.081444 0.000000
vt -0.523693 -0.081444 0.000000
vt -0.523693 -0.072539 0.000000
vt -0.681565 -0.076249 0.000000
vt -0.673055 -0.068719 0.000000
vt -0.523693 -0.063634 0.000000
vt -0.664917 -0.060920 0.000000
vt -0.523693 -0.054729 0.000000
vt -0.657564 -0.052856 0.000000
vt -0.654271 -0.048652 0.000000
vt -0.523693 -0.045824 0.000000
vt -0.651178 -0.044085 0.000000
vt -0.648482 -0.039213 0.000000
vt -0.523693 -0.036919 0.000000
vt -0.646395 -0.034109 0.000000
vt -0.523693 -0.028014 0.000000
vt -0.645077 -0.028857 0.000000
vt -0.644628 -0.023562 0.000000
vt -0.523693 -0.019109 0.000000
vt -0.645077 -0.018267 0.000000
vt -0.646395 -0.013015 0.000000
vt -0.523693 -0.010205 0.000000
vt -0.648482 -0.007911 0.000000
vt -0.523693 -0.001300 0.000000
vt -0.651178 -0.003039 0.000000
vt -0.654271 0.001528 0.000000
vt -0.523693 0.007605 0.000000
vt -0.657564 0.005732 0.000000
vt -0.664917 0.013796 0.000000
vt -0.523693 0.016510 0.000000
vt -0.673055 0.021596 0.000000
vt -0.523693 0.025415 0.000000
vt -0.681565 0.029125 0.000000
vt -0.690039 -0.083447 0.000000
vt -0.698257 -0.090349 0.000000
vt -0.349128 0.025415 0.000000
vt -0.349128 0.016510 0.000000
vt -0.349128 0.007605 0.000000
vt -0.349128 -0.001300 0.000000
vt -0.349128 -0.010205 0.000000
vt -0.349128 -0.019109 0.000000
vt -0.349128 -0.028014 0.000000
vt -0.349128 -0.036919 0.000000
vt -0.349128 -0.045824 0.000000
vt -0.349128 -0.054729 0.000000
vt -0.349128 -0.063634 0.000000
vt -0.349128 -0.072539 0.000000
vt 0.698257 0.745975 0.000000
vt 0.349128 0.748505 0.000000
vt 0.698257 0.725735 0.000000
vt 0.000000 0.745975 0.000000
vt -0.000000 0.725735 0.000000
vt 0.698257 0.766214 0.000000
vt 0.349128 0.771274 0.000000
vt 0.000000 0.766214 0.000000
vt 0.000000 0.786454 0.000000
vt 0.349128 0.794044 0.000000
vt 0.000000 0.806694 0.000000
vt 0.349128 0.816814 0.000000
vt 0.000000 0.826934 0.000000
vt 0.349128 0.839584 0.000000
vt 0.000000 0.847174 0.000000
vt 0.349128 0.862354 0.000000
vt 0.000000 0.867414 0.000000
vt 0.349128 0.885124 0.000000
vt 0.000000 0.887654 0.000000
vt 0.000000 0.907893 0.000000
vt 0.698257 0.887654 0.000000
vt 0.698257 0.907893 0.000000
vt 0.698257 0.786454 0.000000
vt 0.698257 0.806694 0.000000
vt 0.698257 0.826934 0.000000
vt 0.698257 0.847174 0.000000
vt 0.698257 0.867414 0.000000
vt -0.690039 0.083447 0.000000
vt -0.523693 0.081444 0.000000
vt -0.698257 0.090349 0.000000
vt -0.349128 0.081444 0.000000
vt -0.000000 0.090349 0.000000
vt -0.174564 0.081444 0.000000
vt -0.000000 0.081444 0.000000
vt -0.000000 0.072539 0.000000
vt -0.174564 0.072539 0.000000
vt -0.000000 0.063634 0.000000
vt -0.174564 0.063634 0.000000
vt -0.000000 0.054729 0.000000
vt -0.174564 0.054729 0.000000
vt -0.000000 0.045824 0.000000
vt -0.174564 0.045824 0.000000
vt -0.000000 0.036919 0.000000
vt -0.174564 0.036919 0.000000
vt -0.000000 0.028014 0.000000
vt -0.174564 0.028014 0.000000
vt -0.000000 0.019109 0.000000
vt -0.174564 0.019109 0.000000
vt -0.000000 0.010205 0.000000
vt -0.174564 0.010205 0.000000
vt -0.000000 0.001300 0.000000
vt -0.174564 0.001300 0.000000
vt -0.000000 -0.007605 0.000000
vt -0.174564 -0.007605 0.000000
vt -0.000000 -0.016510 0.000000
vt -0.174564 -0.016510 0.000000
vt -0.000000 -0.025415 0.000000
vt -0.174564 -0.025415 0.000000
vt -0.000000 -0.034320 0.000000
vt -0.174564 -0.034320 0.000000
vt -0.000000 -0.043225 0.000000
vt -0.349128 -0.034320 0.000000
vt -0.523693 -0.034320 0.000000
vt -0.523693 -0.025415 0.000000
vt -0.681565 -0.029125 0.000000
vt -0.673055 -0.021596 0.000000
vt -0.523693 -0.016510 0.000000
vt -0.664917 -0.013796 0.000000
vt -0.523693 -0.007605 0.000000
vt -0.657564 -0.005732 0.000000
vt -0.654271 -0.001528 0.000000
vt -0.523693 0.001300 0.000000
vt -0.651178 0.003039 0.000000
vt -0.648482 0.007911 0.000000
vt -0.523693 0.010205 0.000000
vt -0.646395 0.013015 0.000000
vt -0.523693 0.019109 0.000000
vt -0.645077 0.018267 0.000000
vt -0.644628 0.023562 0.000000
vt -0.523693 0.028014 0.000000
vt -0.645077 0.028857 0.000000
vt -0.646395 0.034109 0.000000
vt -0.523693 0.036919 0.000000
vt -0.648482 0.039213 0.000000
vt -0.523693 0.045824 0.000000
vt -0.651178 0.044085 0.000000
vt -0.654271 0.048652 0.000000
vt -0.523693 0.054729 0.000000
vt -0.657564 0.052856 0.000000
vt -0.664917 0.060920 0.000000
vt -0.523693 0.063634 0.000000
vt -0.673055 0.068719 0.000000
vt -0.523693 0.072539 0.000000
vt -0.681565 0.076249 0.000000
vt -0.690039 -0.036323 0.000000
vt -0.698257 -0.043225 0.000000
vt -0.349128 0.072539 0.000000
vt -0.349128 0.063634 0.000000
vt -0.349128 0.054729 0.000000
vt -0.349128 0.045824 0.000000
vt -0.349128 0.036919 0.000000
vt -0.349128 0.028014 0.000000
vt -0.349128 0.019109 0.000000
vt -0.349128 0.010205 0.000000
vt -0.349128 0.001300 0.000000
vt -0.349128 -0.007605 0.000000
vt -0.349128 -0.016510 0.000000
vt -0.349128 -0.025415 0.000000
vt 0.698257 -0.615382 0.000000
vt 0.349128 -0.612852 0.000000
vt 0.698257 -0.635622 0.000000
vt 0.000000 -0.615382 0.000000
vt -0.000000 -0.635622 0.000000
vt 0.698257 -0.595142 0.000000
vt 0.349128 -0.590082 0.000000
vt 0.000000 -0.595142 0.000000
vt 0.000000 -0.574903 0.000000
vt 0.349128 -0.567313 0.000000
vt 0.000000 -0.554663 0.000000
vt 0.349128 -0.544543 0.000000
vt 0.000000 -0.534423 0.000000
vt 0.349128 -0.521773 0.000000
vt -0.000000 -0.514183 0.000000
vt 0.349128 -0.499003 0.000000
vt 0.000000 -0.493943 0.000000
vt 0.349128 -0.476233 0.000000
vt 0.000000 -0.473703 0.000000
vt 0.000000 -0.453463 0.000000
vt 0.698257 -0.473703 0.000000
vt 0.698257 -0.453463 0.000000
vt 0.698257 -0.574903 0.000000
vt 0.698257 -0.554663 0.000000
vt 0.698257 -0.534423 0.000000
vt 0.698257 -0.514183 0.000000
vt 0.698257 -0.493943 0.000000
vt -0.690039 0.130571 0.000000
vt -0.523693 0.128568 0.000000
vt -0.698257 0.137473 0.000000
vt -0.349128 0.128568 0.000000
vt -0.000000 0.137473 0.000000
vt -0.174564 0.128568 0.000000
vt -0.000000 0.128568 0.000000
vt -0.000000 0.119663 0.000000
vt -0.174564 0.119663 0.000000
vt -0.000000 0.110758 0.000000
vt -0.174564 0.110758 0.000000
vt -0.000000 0.101853 0.000000
vt -0.174564 0.101853 0.000000
vt -0.000000 0.092948 0.000000
vt -0.174564 0.092948 0.000000
vt -0.000000 0.084043 0.000000
vt -0.174564 0.084043 0.000000
vt -0.000000 0.075138 0.000000
vt -0.174564 0.075138 0.000000
vt -0.000000 0.066233 0.000000
vt -0.174564 0.066233 0.000000
vt -0.000000 0.057328 0.000000
vt -0.174564 0.057328 0.000000
vt -0.000000 0.048424 0.000000
vt -0.174564 0.048424 0.000000
vt -0.000000 0.039519 0.000000
vt -0.174564 0.039519 0.000000
vt -0.000000 0.030614 0.000000
vt -0.174564 0.030614 0.000000
vt -0.000000 0.021709 0.000000
vt -0.174564 0.021709 0.000000
vt -0.000000 0.012804 0.000000
vt -0.174564 0.012804 0.000000
vt -0.000000 0.003899 0.000000
vt -0.349128 0.012804 0.000000
vt -0.523693 0.012804 0.000000
vt -0.523693 0.021709 0.000000
vt -0.681565 0.017998 0.000000
vt -0.673055 0.025528 0.000000
vt -0.523693 0.030614 0.000000
vt -0.664917 0.033328 0.000000
vt -0.523693 0.039519 0.000000
vt -0.657564 0.041392 0.000000
vt -0.654271 0.045595 0.000000
vt -0.523693 0.048424 0.000000
vt -0.651178 0.050162 0.000000
vt -0.648482 0.055035 0.000000
vt -0.523693 0.057328 0.000000
vt -0.646395 0.060139 0.000000
vt -0.523693 0.066233 0.000000
vt -0.645077 0.065391 0.000000
vt -0.644628 0.070686 0.000000
vt -0.523693 0.075138 0.000000
vt -0.645077 0.075981 0.000000
vt -0.646395 0.081233 0.000000
vt -0.523693 0.084043 0.000000
vt -0.648482 0.086337 0.000000
vt -0.523693 0.092948 0.000000
vt -0.651178 0.091209 0.000000
vt -0.654271 0.095776 0.000000
vt -0.523693 0.101853 0.000000
vt -0.657564 0.099979 0.000000
vt -0.664917 0.108043 0.000000
vt -0.523693 0.110758 0.000000
vt -0.673055 0.115843 0.000000
vt -0.523693 0.119663 0.000000
vt -0.681565 0.123373 0.000000
vt -0.690039 0.010801 0.000000
vt -0.698257 0.003899 0.000000
vt -0.349128 0.119663 0.000000
vt -0.349128 0.110758 0.000000
vt -0.349128 0.101853 0.000000
vt -0.349128 0.092948 0.000000
vt -0.349128 0.084043 0.000000
vt -0.349128 0.075138 0.000000
vt -0.349128 0.066233 0.000000
vt -0.349128 0.057328 0.000000
vt -0.349128 0.048424 0.000000
vt -0.349128 0.039519 0.000000
vt -0.349128 0.030614 0.000000
vt -0.349128 0.021709 0.000000
vt -0.690039 -0.105049 0.000000
vt -0.523693 -0.107052 0.000000
vt -0.698257 -0.098147 0.000000
vt -0.349128 -0.107052 0.000000
vt -0.000000 -0.098147 0.000000
vt -0.174564 -0.107052 0.000000
vt -0.000000 -0.107052 0.000000
vt -0.000000 -0.115957 0.000000
vt -0.174564 -0.115957 0.000000
vt -0.000000 -0.124862 0.000000
vt -0.174564 -0.124862 0.000000
vt -0.000000 -0.133766 0.000000
vt -0.174564 -0.133766 0.000000
vt -0.000000 -0.142671 0.000000
vt -0.174564 -0.142671 0.000000
vt -0.000000 -0.151576 0.000000
vt -0.174564 -0.151576 0.000000
vt -0.000000 -0.160481 0.000000
vt -0.174564 -0.160481 0.000000
vt -0.000000 -0.169386 0.000000
vt -0.174564 -0.169386 0.000000
vt -0.000000 -0.178291 0.000000
vt -0.174564 -0.178291 0.000000
vt -0.000000 -0.187196 0.000000
vt -0.174564 -0.187196 0.000000
vt -0.000000 -0.196101 0.000000
vt -0.174564 -0.196101 0.000000
vt -0.000000 -0.205006 0.000000
vt -0.174564 -0.205006 0.000000
vt -0.000000 -0.213911 0.000000
vt -0.174564 -0.213911 0.000000
vt -0.000000 -0.222815 0.000000
vt -0.174564 -0.222815 0.000000
vt -0.000000 -0.231720 0.000000
vt -0.349128 -0.222815 0.000000
vt -0.523693 -0.222815 0.000000
vt -0.523693 -0.213911 0.000000
vt -0.681565 -0.217621 0.000000
vt -0.673055 -0.210091 0.000000
vt -0.523693 -0.205006 0.000000
vt -0.664917 -0.202291 0.000000
vt -0.523693 -0.196101 0.000000
vt -0.657564 -0.194227 0.000000
vt -0.654271 -0.190024 0.000000
vt -0.523693 -0.187196 0.000000
vt -0.651178 -0.185457 0.000000
vt -0.648482 -0.180585 0.000000
vt -0.523693 -0.178291 0.000000
vt -0.646395 -0.175480 0.000000
vt -0.523693 -0.169386 0.000000
vt -0.645077 -0.170229 0.000000
vt -0.644628 -0.164934 0.000000
vt -0.523693 -0.160481 0.000000
vt -0.645077 -0.159638 0.000000
vt -0.646395 -0.154387 0.000000
vt -0.523693 -0.151576 0.000000
vt -0.648482 -0.149283 0.000000
vt -0.523693 -0.142671 0.000000
vt -0.651178 -0.144410 0.000000
vt -0.654271 -0.139843 0.000000
vt -0.523693 -0.133766 0.000000
vt -0.657564 -0.135640 0.000000
vt -0.664917 -0.127576 0.000000
vt -0.523693 -0.124862 0.000000
vt -0.673055 -0.119776 0.000000
vt -0.523693 -0.115957 0.000000
vt -0.681565 -0.112246 0.000000
vt -0.690039 -0.224818 0.000000
vt -0.698257 -0.231720 0.000000
vt -0.349128 -0.115957 0.000000
vt -0.349128 -0.124862 0.000000
vt -0.349128 -0.133766 0.000000
vt -0.349128 -0.142671 0.000000
vt -0.349128 -0.151576 0.000000
vt -0.349128 -0.160481 0.000000
vt -0.349128 -0.169386 0.000000
vt -0.349128 -0.178291 0.000000
vt -0.349128 -0.187196 0.000000
vt -0.349128 -0.196101 0.000000
vt -0.349128 -0.205006 0.000000
vt -0.349128 -0.213911 0.000000
vt -0.690039 -0.057925 0.000000
vt -0.523693 -0.059928 0.000000
vt -0.698257 -0.051023 0.000000
vt -0.349128 -0.059928 0.000000
vt -0.000000 -0.051023 0.000000
vt -0.174564 -0.059928 0.000000
vt -0.000000 -0.059928 0.000000
vt -0.000000 -0.068833 0.000000
vt -0.174564 -0.068833 0.000000
vt -0.000000 -0.077738 0.000000
vt -0.174564 -0.077738 0.000000
vt -0.000000 -0.086643 0.000000
vt -0.174564 -0.086643 0.000000
vt -0.000000 -0.095547 0.000000
vt -0.174564 -0.095547 0.000000
vt -0.000000 -0.104452 0.000000
vt -0.174564 -0.104452 0.000000
vt -0.000000 -0.113357 0.000000
vt -0.174564 -0.113357 0.000000
vt -0.000000 -0.122262 0.000000
vt -0.174564 -0.122262 0.000000
vt -0.000000 -0.131167 0.000000
vt -0.174564 -0.131167 0.000000
vt -0.000000 -0.140072 0.000000
vt -0.174564 -0.140072 0.000000
vt -0.000000 -0.148977 0.000000
vt -0.174564 -0.148977 0.000000
vt -0.000000 -0.157882 0.000000
vt -0.174564 -0.157882 0.000000
vt -0.000000 -0.166787 0.000000
vt -0.174564 -0.166787 0.000000
vt -0.000000 -0.175692 0.000000
vt -0.174564 -0.175692 0.000000
vt -0.000000 -0.184596 0.000000
vt -0.349128 -0.175692 0.000000
vt -0.523693 -0.175692 0.000000
vt -0.523693 -0.166787 0.000000
vt -0.681565 -0.170497 0.000000
vt -0.673055 -0.162967 0.000000
vt -0.523693 -0.157882 0.000000
vt -0.664917 -0.155167 0.000000
vt -0.523693 -0.148977 0.000000
vt -0.657564 -0.147103 0.000000
vt -0.654271 -0.142900 0.000000
vt -0.523693 -0.140072 0.000000
vt -0.651178 -0.138333 0.000000
vt -0.648482 -0.133461 0.000000
vt -0.523693 -0.131167 0.000000
vt -0.646395 -0.128357 0.000000
vt -0.523693 -0.122262 0.000000
vt -0.645077 -0.123105 0.000000
vt -0.644628 -0.117810 0.000000
vt -0.523693 -0.113357 0.000000
vt -0.645077 -0.112514 0.000000
vt -0.646395 -0.107263 0.000000
vt -0.523693 -0.104452 0.000000
vt -0.648482 -0.102159 0.000000
vt -0.523693 -0.095547 0.000000
vt -0.651178 -0.097286 0.000000
vt -0.654271 -0.092719 0.000000
vt -0.523693 -0.086643 0.000000
vt -0.657564 -0.088516 0.000000
vt -0.664917 -0.080452 0.000000
vt -0.523693 -0.077738 0.000000
vt -0.673055 -0.072652 0.000000
vt -0.523693 -0.068833 0.000000
vt -0.681565 -0.065122 0.000000
vt -0.690039 -0.177694 0.000000
vt -0.698257 -0.184596 0.000000
vt -0.349128 -0.068833 0.000000
vt -0.349128 -0.077738 0.000000
vt -0.349128 -0.086643 0.000000
vt -0.349128 -0.095547 0.000000
vt -0.349128 -0.104452 0.000000
vt -0.349128 -0.113357 0.000000
vt -0.349128 -0.122262 0.000000
vt -0.349128 -0.131167 0.000000
vt -0.349128 -0.140072 0.000000
vt -0.349128 -0.148977 0.000000
vt -0.349128 -0.157882 0.000000
vt -0.349128 -0.166787 0.000000
vt -0.690039 -0.010801 0.000000
vt -0.523693 -0.012804 0.000000
vt -0.698257 -0.003899 0.000000
vt -0.349128 -0.012804 0.000000
vt -0.000000 -0.003899 0.000000
vt -0.174564 -0.012804 0.000000
vt -0.000000 -0.012804 0.000000
vt -0.000000 -0.021709 0.000000
vt -0.174564 -0.021709 0.000000
vt -0.000000 -0.030614 0.000000
vt -0.174564 -0.030614 0.000000
vt -0.000000 -0.039519 0.000000
vt -0.174564 -0.039519 0.000000
vt -0.000000 -0.048424 0.000000
vt -0.174564 -0.048424 0.000000
vt -0.000000 -0.057328 0.000000
vt -0.174564 -0.057328 0.000000
vt -0.000000 -0.066233 0.000000
vt -0.174564 -0.066233 0.000000
vt -0.000000 -0.075138 0.000000
vt -0.174564 -0.075138 0.000000
vt -0.000000 -0.084043 0.000000
vt -0.174564 -0.084043 0.000000
vt -0.000000 -0.092948 0.000000
vt -0.174564 -0.092948 0.000000
vt -0.000000 -0.101853 0.000000
vt -0.174564 -0.101853 0.000000
vt -0.000000 -0.110758 0.000000
vt -0.174564 -0.110758 0.000000
vt -0.000000 -0.119663 0.000000
vt -0.174564 -0.119663 0.000000
vt -0.000000 -0.128568 0.000000
vt -0.174564 -0.128568 0.000000
vt -0.000000 -0.137473 0.000000
vt -0.349128 -0.128568 0.000000
vt -0.523693 -0.128568 0.000000
vt -0.523693 -0.119663 0.000000
vt -0.681565 -0.123373 0.000000
vt -0.673055 -0.115843 0.000000
vt -0.523693 -0.110758 0.000000
vt -0.664917 -0.108043 0.000000
vt -0.523693 -0.101853 0.000000
vt -0.657564 -0.099979 0.000000
vt -0.654271 -0.095776 0.000000
vt -0.523693 -0.092948 0.000000
vt -0.651178 -0.091209 0.000000
vt -0.648482 -0.086337 0.000000
vt -0.523693 -0.084043 0.000000
vt -0.646395 -0.081233 0.000000
vt -0.523693 -0.075138 0.000000
vt -0.645077 -0.075981 0.000000
vt -0.644628 -0.070686 0.000000
vt -0.523693 -0.066233 0.000000
vt -0.645077 -0.065391 0.000000
vt -0.646395 -0.060139 0.000000
vt -0.523693 -0.057328 0.000000
vt -0.648482 -0.055035 0.000000
vt -0.523693 -0.048424 0.000000
vt -0.651178 -0.050162 0.000000
vt -0.654271 -0.045595 0.000000
vt -0.523693 -0.039519 0.000000
vt -0.657564 -0.041392 0.000000
vt -0.664917 -0.033328 0.000000
vt -0.523693 -0.030614 0.000000
vt -0.673055 -0.025528 0.000000
vt -0.523693 -0.021709 0.000000
vt -0.681565 -0.017998 0.000000
vt -0.690039 -0.130571 0.000000
vt -0.698257 -0.137473 0.000000
vt -0.349128 -0.021709 0.000000
vt -0.349128 -0.030614 0.000000
vt -0.349128 -0.039519 0.000000
vt -0.349128 -0.048424 0.000000
vt -0.349128 -0.057328 0.000000
vt -0.349128 -0.066233 0.000000
vt -0.349128 -0.075138 0.000000
vt -0.349128 -0.084043 0.000000
vt -0.349128 -0.092948 0.000000
vt -0.349128 -0.101853 0.000000
vt -0.349128 -0.110758 0.000000
vt -0.349128 -0.119663 0.000000
vt 0.035355 0.151931 0.000000
vt -0.035355 0.145922 0.000000
vt 0.035355 0.128029 0.000000
vt -0.035355 0.119883 0.000000
vt 0.013783 0.111138 0.000000
vt -0.035355 0.093844 0.000000
vt 0.003526 0.101532 0.000000
vt -0.006116 0.091166 0.000000
vt -0.014945 0.080077 0.000000
vt -0.035355 0.067805 0.000000
vt -0.022852 0.068203 0.000000
vt -0.029733 0.055414 0.000000
vt -0.035355 0.041766 0.000000
vt -0.035355 0.171960 0.000000
vt 0.035355 0.175833 0.000000
vt -0.035355 0.197999 0.000000
vt 0.035355 0.199736 0.000000
vt -0.035355 0.224038 0.000000
vt 0.035355 0.223638 0.000000
vt 0.035355 0.247540 0.000000
vt -0.035355 0.250077 0.000000
vt 0.035355 0.271443 0.000000
vt -0.035355 0.276116 0.000000
vt 0.035355 0.295345 0.000000
vt -0.035355 0.302155 0.000000
vt 0.035355 0.319247 0.000000
vt -0.035355 0.328193 0.000000
vt 0.035355 0.343149 0.000000
vt -0.035355 0.354232 0.000000
vt 0.035355 0.367052 0.000000
vt -0.035355 0.380271 0.000000
vt 0.035355 0.390954 0.000000
vt -0.035355 0.406310 0.000000
vt 0.035355 0.414856 0.000000
vt -0.035355 0.432349 0.000000
vt 0.035355 0.438758 0.000000
vt -0.035355 0.458387 0.000000
vt 0.035355 0.462661 0.000000
vt -0.035355 0.484426 0.000000
vt 0.035355 0.486563 0.000000
vt -0.035355 0.510465 0.000000
vt 0.035355 0.510465 0.000000
vt -0.035355 -0.439954 0.000000
vt 0.035355 -0.439954 0.000000
vt -0.035355 0.010046 0.000000
vt 0.035355 0.010046 0.000000
vt 0.013769 0.319491 0.000000
vt 0.035355 0.335151 0.000000
vt -0.035355 0.333763 0.000000
vt 0.035355 0.349256 0.000000
vt -0.035355 0.351369 0.000000
vt 0.035355 0.363362 0.000000
vt -0.035355 0.368975 0.000000
vt 0.035355 0.377467 0.000000
vt -0.035355 0.386581 0.000000
vt 0.035355 0.391573 0.000000
vt -0.035355 0.404187 0.000000
vt 0.035355 0.405678 0.000000
vt 0.035355 0.419784 0.000000
vt -0.035355 0.421792 0.000000
vt 0.035355 0.433889 0.000000
vt -0.035355 0.439398 0.000000
vt 0.035355 0.447994 0.000000
vt -0.035355 0.457004 0.000000
vt 0.035355 0.462100 0.000000
vt -0.035355 0.474610 0.000000
vt 0.035355 0.476205 0.000000
vt 0.035355 0.490311 0.000000
vt -0.035355 0.492216 0.000000
vt 0.035355 0.504416 0.000000
vt -0.035355 0.509822 0.000000
vt 0.035355 0.518521 0.000000
vt -0.035355 0.527428 0.000000
vt 0.035355 0.532627 0.000000
vt -0.035355 0.545034 0.000000
vt 0.035355 0.546732 0.000000
vt 0.035355 0.560838 0.000000
vt -0.035355 0.562640 0.000000
vt 0.035355 0.574943 0.000000
vt -0.035355 0.580246 0.000000
vt 0.035355 0.589049 0.000000
vt -0.035355 0.597852 0.000000
vt 0.035355 0.603154 0.000000
vt -0.035355 0.615457 0.000000
vt 0.035355 0.617259 0.000000
vt -0.035355 0.633063 0.000000
vt 0.035355 0.631365 0.000000
vt 0.035355 0.645470 0.000000
vt -0.035355 0.650669 0.000000
vt 0.035355 0.659576 0.000000
vt -0.035355 0.668275 0.000000
vt 0.035355 0.673681 0.000000
vt -0.035355 0.685881 0.000000
vt 0.035355 0.687787 0.000000
vt -0.035355 0.703487 0.000000
vt 0.035355 0.701892 0.000000
vt 0.035355 0.715997 0.000000
vt -0.035355 0.721093 0.000000
vt 0.035355 0.730103 0.000000
vt -0.035355 0.738699 0.000000
vt 0.035355 0.744208 0.000000
vt -0.035355 0.756305 0.000000
vt 0.035355 0.758314 0.000000
vt -0.035355 0.773911 0.000000
vt 0.035355 0.772419 0.000000
vt 0.035355 0.786525 0.000000
vt -0.035355 0.791517 0.000000
vt 0.035355 0.800630 0.000000
vt -0.035355 0.809123 0.000000
vt 0.035355 0.814735 0.000000
vt -0.035355 0.826728 0.000000
vt 0.035355 0.828841 0.000000
vt -0.035355 0.844334 0.000000
vt 0.035355 0.842946 0.000000
vt 0.013782 0.858595 0.000000
vt -0.035355 0.861940 0.000000
vt 0.003524 0.867929 0.000000
vt -0.035355 0.879546 0.000000
vt -0.006117 0.878349 0.000000
vt -0.014945 0.889878 0.000000
vt -0.035355 0.897152 0.000000
vt -0.022852 0.902636 0.000000
vt -0.035355 0.914758 0.000000
vt -0.029733 0.916809 0.000000
vt -0.035355 0.932364 0.000000
vt -0.035355 0.316157 0.000000
vt 0.003571 0.310215 0.000000
vt -0.035355 0.298551 0.000000
vt -0.005982 0.299909 0.000000
vt -0.014777 0.288463 0.000000
vt -0.035355 0.280945 0.000000
vt -0.022761 0.275626 0.000000
vt -0.035355 0.263339 0.000000
vt -0.029700 0.261366 0.000000
vt -0.035355 0.245733 0.000000
vt -0.035355 -0.214954 0.000000
vt 0.035355 -0.214954 0.000000
vt -0.035355 0.235046 0.000000
vt 0.035355 0.235046 0.000000
vt -0.035355 0.468699 0.000000
vt -0.035355 0.442660 0.000000
vt -0.029699 0.454982 0.000000
vt -0.022760 0.442112 0.000000
vt -0.014777 0.430157 0.000000
vt -0.035355 0.416621 0.000000
vt -0.005982 0.419141 0.000000
vt 0.003572 0.408884 0.000000
vt -0.035355 0.390582 0.000000
vt 0.013769 0.399338 0.000000
vt 0.035355 0.382436 0.000000
vt -0.035355 0.364544 0.000000
vt 0.035355 0.358534 0.000000
vt -0.035355 0.338505 0.000000
vt 0.035355 0.334632 0.000000
vt -0.035355 0.312466 0.000000
vt 0.035355 0.310729 0.000000
vt -0.035355 0.286427 0.000000
vt 0.035355 0.286827 0.000000
vt 0.035355 0.262925 0.000000
vt -0.035355 0.260388 0.000000
vt 0.035355 0.239023 0.000000
vt -0.035355 0.234349 0.000000
vt 0.035355 0.215120 0.000000
vt -0.035355 0.208311 0.000000
vt 0.035355 0.191218 0.000000
vt -0.035355 0.182272 0.000000
vt 0.035355 0.167316 0.000000
vt -0.035355 0.156233 0.000000
vt 0.035355 0.143414 0.000000
vt -0.035355 0.130194 0.000000
vt 0.035355 0.119511 0.000000
vt -0.035355 0.104155 0.000000
vt 0.035355 0.095609 0.000000
vt -0.035355 0.078116 0.000000
vt 0.035355 0.071707 0.000000
vt -0.035355 0.052078 0.000000
vt 0.035355 0.047805 0.000000
vt -0.035355 0.026039 0.000000
vt 0.035355 0.023902 0.000000
vt -0.035355 0.000000 0.000000
vt 0.035355 0.000000 0.000000
vt 0.450000 0.650000 0.000000
vt 0.000000 0.650000 0.000000
vt 0.450000 0.050000 0.000000
vt 0.000000 0.050000 0.000000
vt -0.050000 0.549732 0.000000
vt -0.650000 0.549732 0.000000
vt -0.050000 0.523991 0.000000
vt -0.650000 0.523991 0.000000
vt -0.050000 0.498250 0.000000
vt -0.650000 0.498250 0.000000
vt -0.050000 0.472509 0.000000
vt -0.650000 0.472509 0.000000
vt -0.050000 0.446768 0.000000
vt -0.650000 0.446768 0.000000
vt -0.050000 0.421027 0.000000
vt -0.650000 0.421027 0.000000
vt -0.050000 0.395286 0.000000
vt -0.650000 0.395286 0.000000
vt -0.050000 0.369545 0.000000
vt -0.650000 0.369545 0.000000
vt -0.050000 0.343805 0.000000
vt -0.650000 0.343805 0.000000
vt -0.050000 0.318064 0.000000
vt -0.650000 0.318064 0.000000
vt -0.050000 0.292323 0.000000
vt -0.650000 0.292323 0.000000
vt -0.050000 0.266582 0.000000
vt -0.650000 0.266582 0.000000
vt -0.050000 0.240841 0.000000
vt -0.650000 0.240841 0.000000
vt -0.050000 0.215100 0.000000
vt -0.650000 0.215100 0.000000
vt -0.050000 0.189359 0.000000
vt -0.650000 0.189359 0.000000
vt -0.050000 0.163618 0.000000
vt -0.650000 0.163618 0.000000
vt -0.050000 0.137877 0.000000
vt -0.650000 0.137877 0.000000
vt -0.050000 0.069058 0.000000
vt -0.650000 0.069058 0.000000
vt -0.350000 0.052131 0.000000
vt -0.650000 0.052131 0.000000
vt -0.350000 0.035205 0.000000
vt -0.650000 0.035205 0.000000
vt -0.350000 0.018278 0.000000
vt -0.650000 0.018278 0.000000
vt -0.350000 0.001352 0.000000
vt -0.650000 0.001352 0.000000
vt -0.350000 -0.015575 0.000000
vt -0.650000 -0.015575 0.000000
vt -0.350000 -0.032501 0.000000
vt -0.650000 -0.032501 0.000000
vt -0.350000 -0.049428 0.000000
vt -0.650000 -0.049428 0.000000
vt -0.350000 -0.066354 0.000000
vt -0.650000 -0.066354 0.000000
vt -0.350000 -0.083281 0.000000
vt -0.650000 -0.083281 0.000000
vt -0.350000 -0.100207 0.000000
vt -0.650000 -0.100207 0.000000
vt -0.350000 -0.117134 0.000000
vt -0.650000 -0.117134 0.000000
vt -0.350000 -0.134060 0.000000
vt -0.650000 -0.134060 0.000000
vt -0.350000 -0.150987 0.000000
vt -0.650000 -0.150987 0.000000
vt -0.350000 -0.167913 0.000000
vt -0.650000 -0.167913 0.000000
vt -0.350000 -0.184840 0.000000
vt -0.650000 -0.184840 0.000000
vt -0.350000 -0.201766 0.000000
vt -0.650000 -0.201766 0.000000
vt -0.350000 -0.218693 0.000000
vt -0.650000 -0.218693 0.000000
vt -0.350000 -0.235619 0.000000
vt -0.650000 -0.235619 0.000000
vt -0.350000 -0.252546 0.000000
vt -0.650000 -0.252546 0.000000
vt -0.350000 -0.269472 0.000000
vt -0.650000 -0.269472 0.000000
vt -0.350000 -0.286399 0.000000
vt -0.650000 -0.286399 0.000000
vt -0.350000 -0.303325 0.000000
vt -0.650000 -0.303325 0.000000
vt -0.350000 -0.320252 0.000000
vt -0.650000 -0.320252 0.000000
vt -0.350000 -0.337179 0.000000
vt -0.650000 -0.337179 0.000000
vt -0.350000 -0.354105 0.000000
vt -0.650000 -0.354105 0.000000
vt -0.350000 -0.371032 0.000000
vt -0.650000 -0.371032 0.000000
vt -0.350000 -0.387958 0.000000
vt -0.650000 -0.387958 0.000000
vt -0.350000 -0.404885 0.000000
vt -0.650000 -0.404885 0.000000
vt -0.350000 -0.421811 0.000000
vt -0.650000 -0.421811 0.000000
vt -0.350000 -0.438738 0.000000
vt -0.650000 -0.438738 0.000000
vt -0.350000 -0.455664 0.000000
vt -0.650000 -0.455664 0.000000
vt -0.350000 -0.472591 0.000000
vt -0.650000 -0.472591 0.000000
vt -0.350000 -0.489517 0.000000
vt -0.650000 -0.489517 0.000000
vt -0.350000 -0.506444 0.000000
vt -0.650000 -0.506444 0.000000
vt -0.350000 -0.523370 0.000000
vt -0.650000 -0.523370 0.000000
vt -0.650000 -0.540297 0.000000
vt -0.050000 -0.540297 0.000000
vt -0.050000 -0.523370 0.000000
vt -0.050000 -0.506444 0.000000
vt -0.050000 -0.489517 0.000000
vt -0.050000 -0.472591 0.000000
vt -0.050000 -0.455664 0.000000
vt -0.050000 -0.438738 0.000000
vt -0.050000 -0.421811 0.000000
vt -0.050000 -0.404885 0.000000
vt -0.050000 -0.387958 0.000000
vt -0.050000 -0.371032 0.000000
vt -0.050000 -0.354105 0.000000
vt -0.050000 -0.337179 0.000000
vt -0.050000 -0.320252 0.000000
vt -0.050000 -0.303325 0.000000
vt -0.050000 -0.286399 0.000000
vt -0.050000 -0.269472 0.000000
vt -0.050000 -0.252546 0.000000
vt -0.050000 -0.235619 0.000000
vt -0.050000 -0.218693 0.000000
vt -0.050000 -0.201766 0.000000
vt -0.050000 -0.184840 0.000000
vt -0.050000 -0.167913 0.000000
vt -0.050000 -0.150987 0.000000
vt -0.050000 -0.134060 0.000000
vt -0.050000 -0.117134 0.000000
vt -0.050000 -0.100207 0.000000
vt -0.050000 -0.083281 0.000000
vt -0.050000 -0.066354 0.000000
vt -0.050000 -0.049428 0.000000
vt -0.050000 -0.032501 0.000000
vt -0.050000 -0.015575 0.000000
vt -0.050000 0.001352 0.000000
vt -0.050000 0.018278 0.000000
vt -0.050000 0.035205 0.000000
vt -0.050000 0.052131 0.000000
vt -0.050000 0.411854 0.000000
vt -0.650000 0.411854 0.000000
vt -0.050000 0.386113 0.000000
vt -0.650000 0.386113 0.000000
vt -0.050000 0.360373 0.000000
vt -0.650000 0.360373 0.000000
vt -0.050000 0.334632 0.000000
vt -0.650000 0.334632 0.000000
vt -0.050000 0.308891 0.000000
vt -0.650000 0.308891 0.000000
vt -0.050000 0.283150 0.000000
vt -0.650000 0.283150 0.000000
vt -0.050000 0.257409 0.000000
vt -0.650000 0.257409 0.000000
vt -0.050000 0.231668 0.000000
vt -0.650000 0.231668 0.000000
vt -0.050000 0.205927 0.000000
vt -0.650000 0.205927 0.000000
vt -0.050000 0.180186 0.000000
vt -0.650000 0.180186 0.000000
vt -0.050000 0.154445 0.000000
vt -0.650000 0.154445 0.000000
vt -0.050000 0.128704 0.000000
vt -0.650000 0.128704 0.000000
vt -0.050000 0.102964 0.000000
vt -0.650000 0.102964 0.000000
vt -0.050000 0.077223 0.000000
vt -0.650000 0.077223 0.000000
vt -0.050000 0.051482 0.000000
vt -0.650000 0.051482 0.000000
vt -0.050000 0.025741 0.000000
vt -0.650000 0.025741 0.000000
vt -0.050000 0.000000 0.000000
vt -0.650000 0.000000 0.000000
vt 0.450000 0.650000 0.000000
vt 0.000000 0.650000 0.000000
vt 0.450000 0.050000 0.000000
vt 0.000000 0.050000 0.000000
vt -0.035355 -0.245733 0.000000
vt -0.035355 -0.263339 0.000000
vt -0.029693 -0.261382 0.000000
vt -0.022741 -0.275662 0.000000
vt -0.035355 -0.280945 0.000000
vt -0.014738 -0.288519 0.000000
vt -0.035355 -0.298551 0.000000
vt -0.005926 -0.299975 0.000000
vt 0.003602 -0.310246 0.000000
vt -0.035355 -0.316157 0.000000
vt 0.013780 -0.319501 0.000000
vt -0.035355 -0.333763 0.000000
vt 0.035355 -0.335151 0.000000
vt 0.035355 -0.349256 0.000000
vt -0.035355 -0.351369 0.000000
vt 0.035355 -0.363362 0.000000
vt -0.035355 -0.368975 0.000000
vt 0.035355 -0.377467 0.000000
vt -0.035355 -0.386581 0.000000
vt 0.035355 -0.391573 0.000000
vt -0.035355 -0.404187 0.000000
vt 0.035355 -0.405678 0.000000
vt 0.035355 -0.419784 0.000000
vt -0.035355 -0.421792 0.000000
vt 0.035355 -0.433889 0.000000
vt -0.035355 -0.439398 0.000000
vt 0.035355 -0.447994 0.000000
vt -0.035355 -0.457004 0.000000
vt 0.035355 -0.462100 0.000000
vt -0.035355 -0.474610 0.000000
vt 0.035355 -0.476205 0.000000
vt 0.035355 -0.490311 0.000000
vt -0.035355 -0.492216 0.000000
vt 0.035355 -0.504416 0.000000
vt -0.035355 -0.509822 0.000000
vt 0.035355 -0.518521 0.000000
vt -0.035355 -0.527428 0.000000
vt 0.035355 -0.532627 0.000000
vt -0.035355 -0.545034 0.000000
vt 0.035355 -0.546732 0.000000
vt 0.035355 -0.560838 0.000000
vt -0.035355 -0.562640 0.000000
vt 0.035355 -0.574943 0.000000
vt -0.035355 -0.580246 0.000000
vt 0.035355 -0.589049 0.000000
vt -0.035355 -0.597852 0.000000
vt 0.035355 -0.603154 0.000000
vt -0.035355 -0.615457 0.000000
vt 0.035355 -0.617259 0.000000
vt -0.035355 -0.633063 0.000000
vt 0.035355 -0.631365 0.000000
vt 0.035355 -0.645470 0.000000
vt -0.035355 -0.650669 0.000000
vt 0.035355 -0.659576 0.000000
vt -0.035355 -0.668275 0.000000
vt 0.035355 -0.673681 0.000000
vt -0.035355 -0.685881 0.000000
vt 0.035355 -0.687787 0.000000
vt -0.035355 -0.703487 0.000000
vt 0.035355 -0.701892 0.000000
vt 0.035355 -0.715997 0.000000
vt -0.035355 -0.721093 0.000000
vt 0.035355 -0.730103 0.000000
vt -0.035355 -0.738699 0.000000
vt 0.035355 -0.744208 0.000000
vt -0.035355 -0.756305 0.000000
vt 0.035355 -0.758314 0.000000
vt -0.035355 -0.773911 0.000000
vt 0.035355 -0.772419 0.000000
vt 0.035355 -0.786525 0.000000
vt -0.035355 -0.791517 0.000000
vt 0.035355 -0.800630 0.000000
vt -0.035355 -0.809123 0.000000
vt 0.035355 -0.814735 0.000000
vt -0.035355 -0.826728 0.000000
vt 0.035355 -0.828841 0.000000
vt -0.035355 -0.844334 0.000000
vt 0.035355 -0.842946 0.000000
vt 0.013769 -0.858606 0.000000
vt -0.035355 -0.861940 0.000000
vt 0.003571 -0.867882 0.000000
vt -0.035355 -0.879546 0.000000
vt -0.005982 -0.878188 0.000000
vt -0.014777 -0.889635 0.000000
vt -0.035355 -0.897152 0.000000
vt -0.022761 -0.902471 0.000000
vt -0.035355 -0.914758 0.000000
vt -0.029700 -0.916731 0.000000
vt -0.035355 -0.932364 0.000000
vt -0.035355 -0.439954 0.000000
vt 0.035355 -0.439954 0.000000
vt -0.035355 0.010046 0.000000
vt 0.035355 0.010046 0.000000
vt -0.035355 -0.041766 0.000000
vt -0.035355 -0.067805 0.000000
vt -0.029699 -0.055483 0.000000
vt -0.022760 -0.068353 0.000000
vt -0.014777 -0.080308 0.000000
vt -0.035355 -0.093844 0.000000
vt -0.005982 -0.091325 0.000000
vt 0.003572 -0.101581 0.000000
vt -0.035355 -0.119883 0.000000
vt 0.013769 -0.111127 0.000000
vt 0.035355 -0.128029 0.000000
vt -0.035355 -0.145922 0.000000
vt 0.035355 -0.151931 0.000000
vt -0.035355 -0.171960 0.000000
vt 0.035355 -0.175833 0.000000
vt -0.035355 -0.197999 0.000000
vt 0.035355 -0.199736 0.000000
vt -0.035355 -0.224038 0.000000
vt 0.035355 -0.223638 0.000000
vt 0.035355 -0.247540 0.000000
vt -0.035355 -0.250077 0.000000
vt 0.035355 -0.271443 0.000000
vt -0.035355 -0.276116 0.000000
vt 0.035355 -0.295345 0.000000
vt -0.035355 -0.302155 0.000000
vt 0.035355 -0.319247 0.000000
vt -0.035355 -0.328193 0.000000
vt 0.035355 -0.343149 0.000000
vt -0.035355 -0.354232 0.000000
vt 0.035355 -0.367052 0.000000
vt -0.035355 -0.380271 0.000000
vt 0.035355 -0.390954 0.000000
vt -0.035355 -0.406310 0.000000
vt 0.035355 -0.414856 0.000000
vt -0.035355 -0.432349 0.000000
vt 0.035355 -0.438758 0.000000
vt -0.035355 -0.458387 0.000000
vt 0.035355 -0.462661 0.000000
vt -0.035355 -0.484426 0.000000
vt 0.035355 -0.486563 0.000000
vt -0.035355 -0.510465 0.000000
vt 0.035355 -0.510465 0.000000
vt 0.035355 -0.358534 0.000000
vt -0.035355 -0.364544 0.000000
vt 0.035355 -0.382436 0.000000
vt -0.035355 -0.390582 0.000000
vt 0.013780 -0.399328 0.000000
vt -0.035355 -0.416621 0.000000
vt 0.003603 -0.408853 0.000000
vt -0.005926 -0.419076 0.000000
vt -0.014737 -0.430104 0.000000
vt -0.035355 -0.442660 0.000000
vt -0.022740 -0.442080 0.000000
vt -0.029692 -0.454968 0.000000
vt -0.035355 -0.468699 0.000000
vt -0.035355 -0.338505 0.000000
vt 0.035355 -0.334632 0.000000
vt -0.035355 -0.312466 0.000000
vt 0.035355 -0.310729 0.000000
vt -0.035355 -0.286427 0.000000
vt 0.035355 -0.286827 0.000000
vt 0.035355 -0.262925 0.000000
vt -0.035355 -0.260388 0.000000
vt 0.035355 -0.239023 0.000000
vt -0.035355 -0.234349 0.000000
vt 0.035355 -0.215120 0.000000
vt -0.035355 -0.208311 0.000000
vt 0.035355 -0.191218 0.000000
vt -0.035355 -0.182272 0.000000
vt 0.035355 -0.167316 0.000000
vt -0.035355 -0.156233 0.000000
vt 0.035355 -0.143414 0.000000
vt -0.035355 -0.130194 0.000000
vt 0.035355 -0.119511 0.000000
vt -0.035355 -0.104155 0.000000
vt 0.035355 -0.095609 0.000000
vt -0.035355 -0.078116 0.000000
vt 0.035355 -0.071707 0.000000
vt -0.035355 -0.052078 0.000000
vt 0.035355 -0.047805 0.000000
vt -0.035355 -0.026039 0.000000
vt 0.035355 -0.023902 0.000000
vt -0.035355 0.000000 0.000000
vt 0.035355 0.000000 0.000000
vt -0.035355 -0.214954 0.000000
vt 0.035355 -0.214954 0.000000
vt -0.035355 0.235046 0.000000
vt 0.035355 0.235046 0.000000
vt 0.698257 -0.343111 0.000000
vt 0.349128 -0.340581 0.000000
vt 0.698257 -0.363351 0.000000
vt 0.000000 -0.343111 0.000000
vt 0.000000 -0.363351 0.000000
vt 0.698257 -0.322871 0.000000
vt 0.349128 -0.317811 0.000000
vt 0.000000 -0.322871 0.000000
vt -0.000000 -0.302631 0.000000
vt 0.349128 -0.295041 0.000000
vt 0.000000 -0.282391 0.000000
vt 0.349128 -0.272271 0.000000
vt 0.000000 -0.262151 0.000000
vt 0.349128 -0.249502 0.000000
vt 0.000000 -0.241912 0.000000
vt 0.349128 -0.226732 0.000000
vt 0.000000 -0.221672 0.000000
vt 0.349128 -0.203962 0.000000
vt 0.000000 -0.201432 0.000000
vt -0.000000 -0.181192 0.000000
vt 0.698257 -0.201432 0.000000
vt 0.698257 -0.181192 0.000000
vt 0.698257 -0.302631 0.000000
vt 0.698257 -0.282391 0.000000
vt 0.698257 -0.262151 0.000000
vt 0.698257 -0.241912 0.000000
vt 0.698257 -0.221672 0.000000
vt 0.698257 -0.070839 0.000000
vt 0.349128 -0.068309 0.000000
vt 0.698257 -0.091079 0.000000
vt -0.000000 -0.070839 0.000000
vt 0.000000 -0.091079 0.000000
vt 0.698257 -0.050600 0.000000
vt 0.349128 -0.045540 0.000000
vt -0.000000 -0.050600 0.000000
vt 0.000000 -0.030360 0.000000
vt 0.349128 -0.022770 0.000000
vt 0.000000 -0.010120 0.000000
vt 0.349128 -0.000000 0.000000
vt 0.000000 0.010120 0.000000
vt 0.349128 0.022770 0.000000
vt 0.000000 0.030360 0.000000
vt 0.349128 0.045540 0.000000
vt -0.000000 0.050600 0.000000
vt 0.349128 0.068309 0.000000
vt -0.000000 0.070839 0.000000
vt 0.000000 0.091079 0.000000
vt 0.698257 0.070839 0.000000
vt 0.698257 0.091079 0.000000
vt 0.698257 -0.030360 0.000000
vt 0.698257 -0.010120 0.000000
vt 0.698257 0.010120 0.000000
vt 0.698257 0.030360 0.000000
vt 0.698257 0.050600 0.000000
vt 0.698257 0.201432 0.000000
vt 0.349128 0.203962 0.000000
vt 0.698257 0.181192 0.000000
vt -0.000000 0.201432 0.000000
vt 0.000000 0.181192 0.000000
vt 0.698257 0.221672 0.000000
vt 0.349128 0.226732 0.000000
vt -0.000000 0.221672 0.000000
vt -0.000000 0.241912 0.000000
vt 0.349128 0.249502 0.000000
vt 0.000000 0.262151 0.000000
vt 0.349128 0.272271 0.000000
vt -0.000000 0.282391 0.000000
vt 0.349128 0.295041 0.000000
vt -0.000000 0.302631 0.000000
vt 0.349128 0.317811 0.000000
vt 0.000000 0.322871 0.000000
vt 0.349128 0.340581 0.000000
vt 0.000000 0.343111 0.000000
vt 0.000000 0.363351 0.000000
vt 0.698257 0.343111 0.000000
vt 0.698257 0.363351 0.000000
vt 0.698257 0.241912 0.000000
vt 0.698257 0.262151 0.000000
vt 0.698257 0.282391 0.000000
vt 0.698257 0.302631 0.000000
vt 0.698257 0.322871 0.000000
vt 0.121104 0.000000 0.000000
vt 0.071104 0.050000 0.000000
vt 0.000000 0.000000 0.000000
vt 0.071104 0.650000 0.000000
vt 0.000000 0.700000 0.000000
vt 0.121104 0.700000 0.000000
vt 0.000000 0.000000 0.000000
vt 0.080000 0.000000 0.000000
vt 0.000000 0.700000 0.000000
vt 0.080000 0.700000 0.000000
vt -0.000000 -1.312312 0.000000
vt -0.175000 -1.312701 0.000000
vt -0.000000 -1.322645 0.000000
vt -0.350000 -1.312701 0.000000
vt -0.700000 -1.322645 0.000000
vt -0.525000 -1.312701 0.000000
vt -0.700000 -1.312312 0.000000
vt -0.525000 -1.302756 0.000000
vt -0.700000 -1.301979 0.000000
vt -0.525000 -1.292811 0.000000
vt -0.700000 -1.291646 0.000000
vt -0.525000 -1.282866 0.000000
vt -0.700000 -1.281313 0.000000
vt -0.525000 -1.272922 0.000000
vt -0.700000 -1.260646 0.000000
vt -0.525000 -1.262977 0.000000
vt -0.525000 -1.253032 0.000000
vt -0.350000 -1.262977 0.000000
vt -0.350000 -1.253032 0.000000
vt -0.175000 -1.262977 0.000000
vt -0.175000 -1.253032 0.000000
vt -0.000000 -1.260646 0.000000
vt -0.000000 -1.239980 0.000000
vt -0.175000 -1.302756 0.000000
vt -0.000000 -1.301979 0.000000
vt -0.175000 -1.292811 0.000000
vt -0.000000 -1.291646 0.000000
vt -0.175000 -1.282866 0.000000
vt -0.000000 -1.281313 0.000000
vt -0.175000 -1.272922 0.000000
vt -0.000000 -1.219314 0.000000
vt -0.175000 -1.233143 0.000000
vt -0.175000 -1.243088 0.000000
vt -0.350000 -1.243088 0.000000
vt -0.525000 -1.243088 0.000000
vt -0.700000 -1.239980 0.000000
vt -0.000000 -1.198647 0.000000
vt -0.175000 -1.213254 0.000000
vt -0.175000 -1.223198 0.000000
vt -0.350000 -1.223198 0.000000
vt -0.350000 -1.233143 0.000000
vt -0.525000 -1.223198 0.000000
vt -0.525000 -1.233143 0.000000
vt -0.700000 -1.219314 0.000000
vt -0.000000 -1.177981 0.000000
vt -0.175000 -1.193364 0.000000
vt -0.175000 -1.203309 0.000000
vt -0.350000 -1.203309 0.000000
vt -0.350000 -1.213254 0.000000
vt -0.525000 -1.203309 0.000000
vt -0.525000 -1.213254 0.000000
vt -0.700000 -1.198647 0.000000
vt -0.000000 -1.157315 0.000000
vt -0.175000 -1.163530 0.000000
vt -0.175000 -1.173475 0.000000
vt -0.175000 -1.183419 0.000000
vt -0.350000 -1.173475 0.000000
vt -0.350000 -1.183419 0.000000
vt -0.525000 -1.173475 0.000000
vt -0.525000 -1.183419 0.000000
vt -0.700000 -1.177981 0.000000
vt -0.000000 -1.136648 0.000000
vt -0.175000 -1.143641 0.000000
vt -0.175000 -1.153585 0.000000
vt -0.350000 -1.153585 0.000000
vt -0.350000 -1.163530 0.000000
vt -0.525000 -1.153585 0.000000
vt -0.525000 -1.163530 0.000000
vt -0.700000 -1.157315 0.000000
vt -0.000000 -1.115982 0.000000
vt -0.175000 -1.123751 0.000000
vt -0.175000 -1.133696 0.000000
vt -0.350000 -1.133696 0.000000
vt -0.350000 -1.143641 0.000000
vt -0.525000 -1.133696 0.000000
vt -0.525000 -1.143641 0.000000
vt -0.700000 -1.136648 0.000000
vt -0.000000 -1.095316 0.000000
vt -0.175000 -1.103862 0.000000
vt -0.175000 -1.113807 0.000000
vt -0.350000 -1.113807 0.000000
vt -0.350000 -1.123751 0.000000
vt -0.525000 -1.113807 0.000000
vt -0.525000 -1.123751 0.000000
vt -0.700000 -1.115982 0.000000
vt -0.000000 -1.074649 0.000000
vt -0.175000 -1.083972 0.000000
vt -0.175000 -1.093917 0.000000
vt -0.350000 -1.093917 0.000000
vt -0.350000 -1.103862 0.000000
vt -0.525000 -1.093917 0.000000
vt -0.525000 -1.103862 0.000000
vt -0.700000 -1.095316 0.000000
vt -0.000000 -1.053983 0.000000
vt -0.175000 -1.064083 0.000000
vt -0.175000 -1.074028 0.000000
vt -0.350000 -1.074028 0.000000
vt -0.350000 -1.083972 0.000000
vt -0.525000 -1.074028 0.000000
vt -0.525000 -1.083972 0.000000
vt -0.700000 -1.074649 0.000000
vt -0.000000 -1.033317 0.000000
vt -0.175000 -1.044194 0.000000
vt -0.175000 -1.054138 0.000000
vt -0.350000 -1.054138 0.000000
vt -0.350000 -1.064083 0.000000
vt -0.525000 -1.054138 0.000000
vt -0.525000 -1.064083 0.000000
vt -0.700000 -1.053983 0.000000
vt -0.000000 -1.012650 0.000000
vt -0.175000 -1.024304 0.000000
vt -0.175000 -1.034249 0.000000
vt -0.350000 -1.034249 0.000000
vt -0.350000 -1.044194 0.000000
vt -0.525000 -1.034249 0.000000
vt -0.525000 -1.044194 0.000000
vt -0.700000 -1.033317 0.000000
vt -0.000000 -0.991984 0.000000
vt -0.175000 -1.004415 0.000000
vt -0.175000 -1.014360 0.000000
vt -0.350000 -1.014360 0.000000
vt -0.350000 -1.024304 0.000000
vt -0.525000 -1.014360 0.000000
vt -0.525000 -1.024304 0.000000
vt -0.700000 -1.012650 0.000000
vt -0.000000 -0.971318 0.000000
vt -0.175000 -0.984525 0.000000
vt -0.175000 -0.994470 0.000000
vt -0.350000 -0.994470 0.000000
vt -0.350000 -1.004415 0.000000
vt -0.525000 -0.994470 0.000000
vt -0.525000 -1.004415 0.000000
vt -0.700000 -0.991984 0.000000
vt -0.000000 -0.950651 0.000000
vt -0.175000 -0.964636 0.000000
vt -0.175000 -0.974581 0.000000
vt -0.350000 -0.974581 0.000000
vt -0.350000 -0.984525 0.000000
vt -0.525000 -0.974581 0.000000
vt -0.525000 -0.984525 0.000000
vt -0.700000 -0.971318 0.000000
vt -0.000000 -0.929985 0.000000
vt -0.175000 -0.944747 0.000000
vt -0.175000 -0.954691 0.000000
vt -0.350000 -0.954691 0.000000
vt -0.350000 -0.964636 0.000000
vt -0.525000 -0.954691 0.000000
vt -0.525000 -0.964636 0.000000
vt -0.700000 -0.950651 0.000000
vt -0.000000 -0.909319 0.000000
vt -0.175000 -0.914913 0.000000
vt -0.175000 -0.924857 0.000000
vt -0.175000 -0.934802 0.000000
vt -0.350000 -0.924857 0.000000
vt -0.350000 -0.934802 0.000000
vt -0.525000 -0.924857 0.000000
vt -0.525000 -0.934802 0.000000
vt -0.700000 -0.929985 0.000000
vt -0.525000 -0.944747 0.000000
vt -0.000000 -0.888652 0.000000
vt -0.175000 -0.895023 0.000000
vt -0.175000 -0.904968 0.000000
vt -0.350000 -0.904968 0.000000
vt -0.350000 -0.914913 0.000000
vt -0.525000 -0.904968 0.000000
vt -0.525000 -0.914913 0.000000
vt -0.700000 -0.909319 0.000000
vt -0.000000 -0.867986 0.000000
vt -0.175000 -0.875134 0.000000
vt -0.175000 -0.885078 0.000000
vt -0.350000 -0.885078 0.000000
vt -0.350000 -0.895023 0.000000
vt -0.525000 -0.885078 0.000000
vt -0.525000 -0.895023 0.000000
vt -0.700000 -0.888652 0.000000
vt -0.000000 -0.826653 0.000000
vt -0.175000 -0.845300 0.000000
vt -0.175000 -0.855244 0.000000
vt -0.175000 -0.865189 0.000000
vt -0.350000 -0.855244 0.000000
vt -0.350000 -0.865189 0.000000
vt -0.525000 -0.855244 0.000000
vt -0.525000 -0.865189 0.000000
vt -0.700000 -0.867986 0.000000
vt -0.525000 -0.875134 0.000000
vt -0.000000 -0.785321 0.000000
vt -0.175000 -0.805521 0.000000
vt -0.175000 -0.815465 0.000000
vt -0.175000 -0.825410 0.000000
vt -0.350000 -0.815465 0.000000
vt -0.350000 -0.825410 0.000000
vt -0.525000 -0.815465 0.000000
vt -0.525000 -0.825410 0.000000
vt -0.700000 -0.826653 0.000000
vt -0.525000 -0.835355 0.000000
vt -0.525000 -0.845300 0.000000
vt -0.350000 -0.845300 0.000000
vt -0.000000 -0.743988 0.000000
vt -0.175000 -0.765742 0.000000
vt -0.175000 -0.775687 0.000000
vt -0.175000 -0.785631 0.000000
vt -0.350000 -0.775687 0.000000
vt -0.350000 -0.785631 0.000000
vt -0.525000 -0.775687 0.000000
vt -0.525000 -0.785631 0.000000
vt -0.700000 -0.785321 0.000000
vt -0.525000 -0.795576 0.000000
vt -0.525000 -0.805521 0.000000
vt -0.350000 -0.805521 0.000000
vt -0.000000 -0.702655 0.000000
vt -0.175000 -0.725963 0.000000
vt -0.175000 -0.735908 0.000000
vt -0.175000 -0.745853 0.000000
vt -0.350000 -0.735908 0.000000
vt -0.350000 -0.745853 0.000000
vt -0.525000 -0.735908 0.000000
vt -0.525000 -0.745853 0.000000
vt -0.700000 -0.743988 0.000000
vt -0.525000 -0.755797 0.000000
vt -0.525000 -0.765742 0.000000
vt -0.350000 -0.765742 0.000000
vt -0.000000 -0.661323 0.000000
vt -0.175000 -0.686184 0.000000
vt -0.175000 -0.696129 0.000000
vt -0.175000 -0.706074 0.000000
vt -0.350000 -0.696129 0.000000
vt -0.350000 -0.706074 0.000000
vt -0.525000 -0.696129 0.000000
vt -0.525000 -0.706074 0.000000
vt -0.700000 -0.702655 0.000000
vt -0.525000 -0.716018 0.000000
vt -0.525000 -0.725963 0.000000
vt -0.350000 -0.725963 0.000000
vt -0.000000 -0.619990 0.000000
vt -0.175000 -0.636461 0.000000
vt -0.175000 -0.646406 0.000000
vt -0.175000 -0.656350 0.000000
vt -0.350000 -0.646406 0.000000
vt -0.350000 -0.656350 0.000000
vt -0.525000 -0.646406 0.000000
vt -0.525000 -0.656350 0.000000
vt -0.700000 -0.661323 0.000000
vt -0.525000 -0.666295 0.000000
vt -0.525000 -0.676240 0.000000
vt -0.350000 -0.676240 0.000000
vt -0.350000 -0.686184 0.000000
vt -0.000000 -0.578657 0.000000
vt -0.175000 -0.596682 0.000000
vt -0.175000 -0.606627 0.000000
vt -0.175000 -0.616571 0.000000
vt -0.350000 -0.606627 0.000000
vt -0.350000 -0.616571 0.000000
vt -0.525000 -0.606627 0.000000
vt -0.525000 -0.616571 0.000000
vt -0.700000 -0.619990 0.000000
vt -0.525000 -0.626516 0.000000
vt -0.525000 -0.636461 0.000000
vt -0.350000 -0.636461 0.000000
vt -0.000000 -0.537325 0.000000
vt -0.175000 -0.556903 0.000000
vt -0.175000 -0.566848 0.000000
vt -0.175000 -0.576793 0.000000
vt -0.350000 -0.566848 0.000000
vt -0.350000 -0.576793 0.000000
vt -0.525000 -0.566848 0.000000
vt -0.525000 -0.576793 0.000000
vt -0.700000 -0.578657 0.000000
vt -0.525000 -0.586737 0.000000
vt -0.525000 -0.596682 0.000000
vt -0.350000 -0.596682 0.000000
vt -0.000000 -0.495992 0.000000
vt -0.175000 -0.517124 0.000000
vt -0.175000 -0.527069 0.000000
vt -0.175000 -0.537014 0.000000
vt -0.350000 -0.527069 0.000000
vt -0.350000 -0.537014 0.000000
vt -0.525000 -0.527069 0.000000
vt -0.525000 -0.537014 0.000000
vt -0.700000 -0.537325 0.000000
vt -0.525000 -0.546959 0.000000
vt -0.525000 -0.556903 0.000000
vt -0.350000 -0.556903 0.000000
vt -0.000000 -0.454659 0.000000
vt -0.175000 -0.477346 0.000000
vt -0.175000 -0.487290 0.000000
vt -0.175000 -0.497235 0.000000
vt -0.350000 -0.487290 0.000000
vt -0.350000 -0.497235 0.000000
vt -0.525000 -0.487290 0.000000
vt -0.525000 -0.497235 0.000000
vt -0.700000 -0.495992 0.000000
vt -0.525000 -0.507180 0.000000
vt -0.525000 -0.517124 0.000000
vt -0.350000 -0.517124 0.000000
vt -0.000000 -0.433993 0.000000
vt -0.175000 -0.447512 0.000000
vt -0.175000 -0.457456 0.000000
vt -0.175000 -0.467401 0.000000
vt -0.350000 -0.457456 0.000000
vt -0.350000 -0.467401 0.000000
vt -0.525000 -0.457456 0.000000
vt -0.525000 -0.467401 0.000000
vt -0.700000 -0.454659 0.000000
vt -0.525000 -0.477346 0.000000
vt -0.000000 -0.413327 0.000000
vt -0.175000 -0.427622 0.000000
vt -0.175000 -0.437567 0.000000
vt -0.350000 -0.437567 0.000000
vt -0.350000 -0.447512 0.000000
vt -0.525000 -0.437567 0.000000
vt -0.525000 -0.447512 0.000000
vt -0.700000 -0.433993 0.000000
vt -0.000000 -0.392660 0.000000
vt -0.175000 -0.407733 0.000000
vt -0.175000 -0.417677 0.000000
vt -0.350000 -0.417677 0.000000
vt -0.350000 -0.427622 0.000000
vt -0.525000 -0.417677 0.000000
vt -0.525000 -0.427622 0.000000
vt -0.700000 -0.413327 0.000000
vt -0.000000 -0.371994 0.000000
vt -0.175000 -0.377899 0.000000
vt -0.175000 -0.387843 0.000000
vt -0.175000 -0.397788 0.000000
vt -0.350000 -0.387843 0.000000
vt -0.350000 -0.397788 0.000000
vt -0.525000 -0.387843 0.000000
vt -0.525000 -0.397788 0.000000
vt -0.700000 -0.392660 0.000000
vt -0.525000 -0.407733 0.000000
vt -0.000000 -0.351328 0.000000
vt -0.175000 -0.358009 0.000000
vt -0.175000 -0.367954 0.000000
vt -0.350000 -0.367954 0.000000
vt -0.350000 -0.377899 0.000000
vt -0.525000 -0.367954 0.000000
vt -0.525000 -0.377899 0.000000
vt -0.700000 -0.371994 0.000000
vt -0.000000 -0.330661 0.000000
vt -0.175000 -0.338120 0.000000
vt -0.175000 -0.348065 0.000000
vt -0.350000 -0.348065 0.000000
vt -0.350000 -0.358009 0.000000
vt -0.525000 -0.348065 0.000000
vt -0.525000 -0.358009 0.000000
vt -0.700000 -0.351328 0.000000
vt -0.000000 -0.309995 0.000000
vt -0.175000 -0.318230 0.000000
vt -0.175000 -0.328175 0.000000
vt -0.350000 -0.328175 0.000000
vt -0.350000 -0.338120 0.000000
vt -0.525000 -0.328175 0.000000
vt -0.525000 -0.338120 0.000000
vt -0.700000 -0.330661 0.000000
vt -0.000000 -0.289329 0.000000
vt -0.175000 -0.298341 0.000000
vt -0.175000 -0.308286 0.000000
vt -0.350000 -0.308286 0.000000
vt -0.350000 -0.318230 0.000000
vt -0.525000 -0.308286 0.000000
vt -0.525000 -0.318230 0.000000
vt -0.700000 -0.309995 0.000000
vt -0.000000 -0.268662 0.000000
vt -0.175000 -0.278452 0.000000
vt -0.175000 -0.288396 0.000000
vt -0.350000 -0.288396 0.000000
vt -0.350000 -0.298341 0.000000
vt -0.525000 -0.288396 0.000000
vt -0.525000 -0.298341 0.000000
vt -0.700000 -0.289329 0.000000
vt -0.000000 -0.247996 0.000000
vt -0.175000 -0.258562 0.000000
vt -0.175000 -0.268507 0.000000
vt -0.350000 -0.268507 0.000000
vt -0.350000 -0.278452 0.000000
vt -0.525000 -0.268507 0.000000
vt -0.525000 -0.278452 0.000000
vt -0.700000 -0.268662 0.000000
vt -0.000000 -0.227330 0.000000
vt -0.175000 -0.238673 0.000000
vt -0.175000 -0.248618 0.000000
vt -0.350000 -0.248618 0.000000
vt -0.350000 -0.258562 0.000000
vt -0.525000 -0.248618 0.000000
vt -0.525000 -0.258562 0.000000
vt -0.700000 -0.247996 0.000000
vt -0.000000 -0.206663 0.000000
vt -0.175000 -0.218783 0.000000
vt -0.175000 -0.228728 0.000000
vt -0.350000 -0.228728 0.000000
vt -0.350000 -0.238673 0.000000
vt -0.525000 -0.228728 0.000000
vt -0.525000 -0.238673 0.000000
vt -0.700000 -0.227330 0.000000
vt -0.000000 -0.185997 0.000000
vt -0.175000 -0.198894 0.000000
vt -0.175000 -0.208839 0.000000
vt -0.350000 -0.208839 0.000000
vt -0.350000 -0.218783 0.000000
vt -0.525000 -0.208839 0.000000
vt -0.525000 -0.218783 0.000000
vt -0.700000 -0.206663 0.000000
vt -0.000000 -0.165331 0.000000
vt -0.175000 -0.179005 0.000000
vt -0.175000 -0.188949 0.000000
vt -0.350000 -0.188949 0.000000
vt -0.350000 -0.198894 0.000000
vt -0.525000 -0.188949 0.000000
vt -0.525000 -0.198894 0.000000
vt -0.700000 -0.185997 0.000000
vt -0.000000 -0.144664 0.000000
vt -0.175000 -0.159115 0.000000
vt -0.175000 -0.169060 0.000000
vt -0.350000 -0.169060 0.000000
vt -0.350000 -0.179005 0.000000
vt -0.525000 -0.169060 0.000000
vt -0.525000 -0.179005 0.000000
vt -0.700000 -0.165331 0.000000
vt -0.000000 -0.123998 0.000000
vt -0.175000 -0.139226 0.000000
vt -0.175000 -0.149171 0.000000
vt -0.350000 -0.149171 0.000000
vt -0.350000 -0.159115 0.000000
vt -0.525000 -0.149171 0.000000
vt -0.525000 -0.159115 0.000000
vt -0.700000 -0.144664 0.000000
vt -0.000000 -0.103332 0.000000
vt -0.175000 -0.109392 0.000000
vt -0.175000 -0.119336 0.000000
vt -0.175000 -0.129281 0.000000
vt -0.350000 -0.119336 0.000000
vt -0.350000 -0.129281 0.000000
vt -0.525000 -0.119336 0.000000
vt -0.525000 -0.129281 0.000000
vt -0.700000 -0.123998 0.000000
vt -0.000000 -0.082665 0.000000
vt -0.175000 -0.089502 0.000000
vt -0.175000 -0.099447 0.000000
vt -0.350000 -0.099447 0.000000
vt -0.350000 -0.109392 0.000000
vt -0.525000 -0.099447 0.000000
vt -0.525000 -0.109392 0.000000
vt -0.700000 -0.103332 0.000000
vt -0.000000 -0.061999 0.000000
vt -0.175000 -0.069613 0.000000
vt -0.175000 -0.079558 0.000000
vt -0.350000 -0.079558 0.000000
vt -0.350000 -0.089502 0.000000
vt -0.525000 -0.079558 0.000000
vt -0.525000 -0.089502 0.000000
vt -0.700000 -0.082665 0.000000
vt -0.000000 -0.041333 0.000000
vt -0.175000 -0.049724 0.000000
vt -0.175000 -0.059668 0.000000
vt -0.350000 -0.059668 0.000000
vt -0.350000 -0.069613 0.000000
vt -0.525000 -0.059668 0.000000
vt -0.525000 -0.069613 0.000000
vt -0.700000 -0.061999 0.000000
vt -0.175000 -0.039779 0.000000
vt -0.000000 -0.030999 0.000000
vt -0.175000 -0.029834 0.000000
vt -0.000000 -0.020666 0.000000
vt -0.175000 -0.019889 0.000000
vt -0.000000 -0.010333 0.000000
vt -0.175000 -0.009945 0.000000
vt -0.000000 0.000000 0.000000
vt -0.350000 -0.009945 0.000000
vt -0.700000 0.000000 0.000000
vt -0.525000 -0.009945 0.000000
vt -0.700000 -0.010333 0.000000
vt -0.525000 -0.019889 0.000000
vt -0.700000 -0.020666 0.000000
vt -0.525000 -0.029834 0.000000
vt -0.700000 -0.030999 0.000000
vt -0.525000 -0.039779 0.000000
vt -0.700000 -0.041333 0.000000
vt -0.525000 -0.049724 0.000000
vt -0.525000 -0.686184 0.000000
vt -0.525000 -1.193364 0.000000
vt -0.350000 -1.193364 0.000000
vt -0.350000 -0.944747 0.000000
vt -0.175000 -0.835355 0.000000
vt -0.175000 -0.795576 0.000000
vt -0.350000 -0.795576 0.000000
vt -0.175000 -0.755797 0.000000
vt -0.350000 -0.755797 0.000000
vt -0.175000 -0.716018 0.000000
vt -0.350000 -0.716018 0.000000
vt -0.175000 -0.676240 0.000000
vt -0.175000 -0.666295 0.000000
vt -0.175000 -0.626516 0.000000
vt -0.175000 -0.586737 0.000000
vt -0.175000 -0.546959 0.000000
vt -0.175000 -0.507180 0.000000
vt -0.350000 -0.507180 0.000000
vt -0.350000 -0.407733 0.000000
vt -0.525000 -0.139226 0.000000
vt -0.350000 -0.139226 0.000000
vt -0.350000 -1.302756 0.000000
vt -0.350000 -1.292811 0.000000
vt -0.350000 -1.282866 0.000000
vt -0.350000 -1.272922 0.000000
vt -0.350000 -0.875134 0.000000
vt -0.350000 -0.835355 0.000000
vt -0.350000 -0.666295 0.000000
vt -0.350000 -0.626516 0.000000
vt -0.350000 -0.586737 0.000000
vt -0.350000 -0.546959 0.000000
vt -0.350000 -0.477346 0.000000
vt -0.350000 -0.049724 0.000000
vt -0.350000 -0.039779 0.000000
vt -0.350000 -0.029834 0.000000
vt -0.350000 -0.019889 0.000000
vt 0.000000 0.000000 0.000000
vt 0.080000 0.000000 0.000000
vt 0.000000 0.700000 0.000000
vt 0.080000 0.700000 0.000000
vt -0.050000 0.000000 0.000000
vt 0.070918 0.000000 0.000000
vt 0.000000 0.050000 0.000000
vt 0.000000 0.650000 0.000000
vt 0.070918 0.700000 0.000000
vt -0.050000 0.700000 0.000000
vt 0.022384 -0.240404 0.000000
vt -0.000093 -0.241372 0.000000
vt 0.000000 -0.559909 0.000000
vt -0.022570 -0.240404 0.000000
vt -0.041266 -0.559668 0.000000
vt -0.044880 -0.237507 0.000000
vt -0.082135 -0.558948 0.000000
vt -0.066858 -0.232704 0.000000
vt -0.122213 -0.557756 0.000000
vt -0.088343 -0.226028 0.000000
vt -0.161114 -0.556103 0.000000
vt -0.109174 -0.217531 0.000000
vt -0.300093 -0.429909 0.000000
vt -0.129197 -0.207274 0.000000
vt -0.148264 -0.195334 0.000000
vt -0.166235 -0.181799 0.000000
vt -0.182975 -0.166769 0.000000
vt -0.198362 -0.150356 0.000000
vt -0.212280 -0.132681 0.000000
vt -0.224628 -0.113875 0.000000
vt -0.235313 -0.094077 0.000000
vt -0.244257 -0.073434 0.000000
vt -0.300093 0.020091 0.000000
vt -0.251393 -0.052098 0.000000
vt -0.256668 -0.030228 0.000000
vt -0.260044 -0.007985 0.000000
vt -0.261495 0.014465 0.000000
vt -0.261011 0.036958 0.000000
vt -0.299131 0.044101 0.000000
vt -0.258595 0.059325 0.000000
vt -0.296250 0.067957 0.000000
vt -0.291469 0.091506 0.000000
vt -0.254266 0.081402 0.000000
vt -0.284818 0.114597 0.000000
vt -0.248054 0.103025 0.000000
vt -0.276341 0.137082 0.000000
vt -0.240007 0.124034 0.000000
vt -0.266092 0.158816 0.000000
vt -0.230183 0.144273 0.000000
vt -0.254136 0.179659 0.000000
vt -0.218656 0.163593 0.000000
vt -0.240550 0.199480 0.000000
vt -0.205511 0.181851 0.000000
vt -0.225422 0.218149 0.000000
vt -0.190845 0.198910 0.000000
vt -0.208848 0.235547 0.000000
vt -0.174767 0.214646 0.000000
vt -0.190934 0.251564 0.000000
vt -0.157395 0.228942 0.000000
vt -0.171796 0.266095 0.000000
vt -0.138859 0.241691 0.000000
vt -0.151557 0.279048 0.000000
vt -0.119296 0.252800 0.000000
vt -0.130346 0.290339 0.000000
vt -0.098850 0.262186 0.000000
vt -0.108299 0.299897 0.000000
vt -0.085558 0.307660 0.000000
vt -0.077672 0.269779 0.000000
vt -0.062269 0.313577 0.000000
vt -0.055921 0.275524 0.000000
vt -0.038580 0.317612 0.000000
vt -0.033756 0.279378 0.000000
vt -0.011342 0.281312 0.000000
vt 0.011156 0.281312 0.000000
vt 0.038394 0.317612 0.000000
vt -0.007130 0.509661 0.000000
vt 0.006944 0.509661 0.000000
vt 0.020877 0.507685 0.000000
vt 0.034396 0.503773 0.000000
vt 0.047231 0.498002 0.000000
vt 0.050970 0.323929 0.000000
vt 0.059129 0.490486 0.000000
vt 0.062534 0.331949 0.000000
vt 0.069854 0.481375 0.000000
vt 0.072858 0.341512 0.000000
vt 0.079194 0.470848 0.000000
vt 0.081738 0.352431 0.000000
vt 0.086964 0.459114 0.000000
vt 0.088996 0.364488 0.000000
vt 0.093009 0.446405 0.000000
vt 0.094490 0.377444 0.000000
vt 0.097211 0.432974 0.000000
vt 0.098111 0.391043 0.000000
vt 0.099485 0.419086 0.000000
vt 0.099787 0.405016 0.000000
vt 0.033570 0.279378 0.000000
vt 0.055735 0.275524 0.000000
vt 0.062083 0.313577 0.000000
vt 0.077486 0.269779 0.000000
vt 0.085372 0.307660 0.000000
vt 0.098664 0.262186 0.000000
vt 0.108113 0.299897 0.000000
vt 0.130160 0.290339 0.000000
vt 0.119110 0.252800 0.000000
vt 0.151371 0.279048 0.000000
vt 0.138673 0.241691 0.000000
vt 0.171610 0.266095 0.000000
vt 0.157209 0.228942 0.000000
vt 0.190748 0.251564 0.000000
vt 0.174581 0.214646 0.000000
vt 0.208662 0.235547 0.000000
vt 0.190659 0.198910 0.000000
vt 0.225236 0.218149 0.000000
vt 0.205325 0.181851 0.000000
vt 0.240364 0.199480 0.000000
vt 0.218470 0.163593 0.000000
vt 0.253950 0.179659 0.000000
vt 0.229997 0.144273 0.000000
vt 0.265906 0.158816 0.000000
vt 0.239821 0.124034 0.000000
vt 0.276155 0.137082 0.000000
vt 0.247868 0.103025 0.000000
vt 0.284633 0.114597 0.000000
vt 0.254080 0.081402 0.000000
vt 0.291283 0.091506 0.000000
vt 0.258409 0.059325 0.000000
vt 0.296064 0.067957 0.000000
vt 0.298945 0.044101 0.000000
vt 0.260825 0.036958 0.000000
vt 0.299907 0.020091 0.000000
vt 0.261309 0.014465 0.000000
vt 0.259858 -0.007985 0.000000
vt 0.256482 -0.030228 0.000000
vt 0.251207 -0.052098 0.000000
vt 0.244071 -0.073434 0.000000
vt 0.299907 -0.429909 0.000000
vt 0.235127 -0.094077 0.000000
vt 0.224442 -0.113875 0.000000
vt 0.212094 -0.132681 0.000000
vt 0.198176 -0.150356 0.000000
vt 0.182789 -0.166769 0.000000
vt 0.166049 -0.181799 0.000000
vt 0.148078 -0.195334 0.000000
vt 0.129011 -0.207274 0.000000
vt 0.108988 -0.217531 0.000000
vt 0.161114 -0.556103 0.000000
vt 0.198463 -0.554005 0.000000
vt 0.088157 -0.226028 0.000000
vt 0.122213 -0.557756 0.000000
vt 0.066672 -0.232704 0.000000
vt 0.082135 -0.558948 0.000000
vt 0.044694 -0.237507 0.000000
vt 0.041266 -0.559668 0.000000
vt -0.421011 -0.429909 0.000000
vt -0.371299 -0.533479 0.000000
vt -0.361113 -0.535614 0.000000
vt -0.350058 -0.537687 0.000000
vt -0.421011 -0.509909 0.000000
vt -0.402882 -0.524423 0.000000
vt -0.396400 -0.526753 0.000000
vt -0.388964 -0.529043 0.000000
vt -0.420884 -0.511136 0.000000
vt -0.420504 -0.512362 0.000000
vt -0.419870 -0.513587 0.000000
vt -0.418984 -0.514810 0.000000
vt -0.416454 -0.517245 0.000000
vt -0.412921 -0.519663 0.000000
vt -0.408394 -0.522058 0.000000
vt -0.380589 -0.531287 0.000000
vt -0.338159 -0.539694 0.000000
vt -0.325446 -0.541629 0.000000
vt -0.311949 -0.543487 0.000000
vt -0.297700 -0.545264 0.000000
vt -0.282734 -0.546957 0.000000
vt -0.267087 -0.548559 0.000000
vt -0.250796 -0.550069 0.000000
vt -0.233901 -0.551482 0.000000
vt -0.216443 -0.552795 0.000000
vt -0.198463 -0.554005 0.000000
vt 0.216443 -0.552795 0.000000
vt 0.233901 -0.551482 0.000000
vt 0.250796 -0.550069 0.000000
vt 0.267087 -0.548559 0.000000
vt 0.282734 -0.546957 0.000000
vt 0.297700 -0.545264 0.000000
vt 0.311949 -0.543487 0.000000
vt 0.325446 -0.541629 0.000000
vt 0.338159 -0.539694 0.000000
vt 0.350058 -0.537687 0.000000
vt 0.361113 -0.535614 0.000000
vt 0.371299 -0.533479 0.000000
vt 0.421011 -0.429909 0.000000
vt 0.380589 -0.531287 0.000000
vt 0.388964 -0.529043 0.000000
vt 0.396400 -0.526753 0.000000
vt 0.402882 -0.524423 0.000000
vt 0.421011 -0.509909 0.000000
vt 0.408394 -0.522058 0.000000
vt 0.412921 -0.519663 0.000000
vt 0.416454 -0.517245 0.000000
vt 0.418984 -0.514810 0.000000
vt 0.419870 -0.513587 0.000000
vt 0.420504 -0.512362 0.000000
vt 0.420884 -0.511136 0.000000
vt -0.021063 0.507685 0.000000
vt -0.034582 0.503773 0.000000
vt -0.047417 0.498002 0.000000
vt -0.051156 0.323929 0.000000
vt -0.059315 0.490486 0.000000
vt -0.062720 0.331949 0.000000
vt -0.070040 0.481375 0.000000
vt -0.073044 0.341512 0.000000
vt -0.079380 0.470848 0.000000
vt -0.081924 0.352431 0.000000
vt -0.087150 0.459114 0.000000
vt -0.089182 0.364488 0.000000
vt -0.093195 0.446405 0.000000
vt -0.094676 0.377444 0.000000
vt -0.097397 0.432974 0.000000
vt -0.098297 0.391043 0.000000
vt -0.099671 0.419086 0.000000
vt -0.099973 0.405016 0.000000
vt -0.421011 -0.429909 0.000000
vt -0.371299 -0.533479 0.000000
vt -0.299907 -0.429909 0.000000
vt -0.361113 -0.535614 0.000000
vt -0.350058 -0.537687 0.000000
vt -0.421011 -0.509909 0.000000
vt -0.402882 -0.524423 0.000000
vt -0.396400 -0.526753 0.000000
vt -0.388964 -0.529043 0.000000
vt -0.420884 -0.511136 0.000000
vt -0.420504 -0.512362 0.000000
vt -0.419870 -0.513587 0.000000
vt -0.418984 -0.514810 0.000000
vt -0.416454 -0.517245 0.000000
vt -0.412921 -0.519663 0.000000
vt -0.408394 -0.522058 0.000000
vt -0.380589 -0.531287 0.000000
vt -0.338159 -0.539694 0.000000
vt -0.325446 -0.541629 0.000000
vt -0.311949 -0.543487 0.000000
vt -0.297700 -0.545264 0.000000
vt -0.282734 -0.546957 0.000000
vt -0.267087 -0.548559 0.000000
vt -0.250796 -0.550069 0.000000
vt -0.233901 -0.551482 0.000000
vt -0.216443 -0.552795 0.000000
vt -0.198463 -0.554005 0.000000
vt -0.161114 -0.556103 0.000000
vt -0.121047 -0.209964 0.000000
vt -0.102789 -0.218688 0.000000
vt -0.122213 -0.557756 0.000000
vt -0.083908 -0.225965 0.000000
vt -0.064519 -0.231753 0.000000
vt -0.082135 -0.558948 0.000000
vt -0.044738 -0.236015 0.000000
vt -0.041266 -0.559668 0.000000
vt -0.000000 -0.559909 0.000000
vt 0.044924 -0.236015 0.000000
vt 0.041266 -0.559668 0.000000
vt 0.082135 -0.558948 0.000000
vt 0.064705 -0.231753 0.000000
vt 0.122213 -0.557756 0.000000
vt 0.084094 -0.225965 0.000000
vt 0.102975 -0.218688 0.000000
vt 0.161114 -0.556103 0.000000
vt 0.121233 -0.209964 0.000000
vt 0.300093 -0.429909 0.000000
vt 0.138756 -0.199846 0.000000
vt 0.155440 -0.188397 0.000000
vt 0.171183 -0.175685 0.000000
vt 0.185890 -0.161786 0.000000
vt 0.199471 -0.146787 0.000000
vt 0.244303 -0.069137 0.000000
vt 0.235915 -0.066189 0.000000
vt 0.198463 -0.554005 0.000000
vt 0.216443 -0.552795 0.000000
vt 0.233901 -0.551482 0.000000
vt 0.250796 -0.550069 0.000000
vt 0.267087 -0.548559 0.000000
vt 0.282734 -0.546957 0.000000
vt 0.297700 -0.545264 0.000000
vt 0.311949 -0.543487 0.000000
vt 0.325446 -0.541629 0.000000
vt 0.338159 -0.539694 0.000000
vt 0.350058 -0.537687 0.000000
vt 0.361113 -0.535614 0.000000
vt 0.371299 -0.533479 0.000000
vt 0.421011 -0.429909 0.000000
vt 0.380589 -0.531287 0.000000
vt 0.388964 -0.529043 0.000000
vt 0.396400 -0.526753 0.000000
vt 0.402882 -0.524423 0.000000
vt 0.421011 -0.509909 0.000000
vt 0.408394 -0.522058 0.000000
vt 0.412921 -0.519663 0.000000
vt 0.416454 -0.517245 0.000000
vt 0.418984 -0.514810 0.000000
vt 0.419870 -0.513587 0.000000
vt 0.420504 -0.512362 0.000000
vt 0.420884 -0.511136 0.000000
vt 0.300093 0.020091 0.000000
vt 0.250502 -0.049875 0.000000
vt 0.255185 -0.030190 0.000000
vt 0.258322 -0.010200 0.000000
vt 0.259896 0.009974 0.000000
vt 0.259896 0.030208 0.000000
vt 0.299131 0.044101 0.000000
vt 0.258322 0.050382 0.000000
vt 0.296250 0.067957 0.000000
vt 0.255185 0.070372 0.000000
vt 0.291469 0.091506 0.000000
vt 0.250502 0.090057 0.000000
vt 0.284818 0.114597 0.000000
vt 0.244303 0.109319 0.000000
vt 0.276341 0.137082 0.000000
vt 0.266092 0.158816 0.000000
vt 0.254136 0.179659 0.000000
vt 0.235915 0.106371 0.000000
vt 0.227112 0.105129 0.000000
vt 0.218237 0.105642 0.000000
vt 0.209635 0.107891 0.000000
vt 0.201644 0.111786 0.000000
vt 0.194574 0.117176 0.000000
vt 0.188702 0.123851 0.000000
vt 0.184256 0.131551 0.000000
vt 0.181412 0.139974 0.000000
vt 0.180278 0.148792 0.000000
vt 0.180901 0.157660 0.000000
vt 0.183254 0.166233 0.000000
vt 0.187248 0.174176 0.000000
vt 0.192725 0.181179 0.000000
vt 0.199471 0.186969 0.000000
vt 0.240550 0.199480 0.000000
vt 0.225422 0.218149 0.000000
vt 0.208848 0.235547 0.000000
vt 0.185890 0.201969 0.000000
vt 0.190934 0.251564 0.000000
vt 0.171183 0.215867 0.000000
vt 0.171796 0.266095 0.000000
vt 0.155440 0.228579 0.000000
vt 0.138756 0.240028 0.000000
vt 0.151557 0.279048 0.000000
vt 0.121233 0.250146 0.000000
vt 0.130346 0.290339 0.000000
vt 0.102975 0.258870 0.000000
vt 0.108299 0.299897 0.000000
vt 0.084094 0.266147 0.000000
vt 0.085558 0.307660 0.000000
vt 0.064705 0.271935 0.000000
vt 0.062269 0.313577 0.000000
vt 0.044924 0.276197 0.000000
vt 0.038580 0.317612 0.000000
vt -0.038394 0.317612 0.000000
vt -0.006944 0.509661 0.000000
vt -0.020877 0.507685 0.000000
vt 0.051156 0.323929 0.000000
vt 0.047417 0.498002 0.000000
vt 0.034582 0.503773 0.000000
vt 0.021063 0.507685 0.000000
vt 0.059315 0.490486 0.000000
vt 0.062720 0.331949 0.000000
vt 0.070040 0.481375 0.000000
vt 0.073044 0.341512 0.000000
vt 0.079380 0.470848 0.000000
vt 0.081924 0.352431 0.000000
vt 0.087150 0.459114 0.000000
vt 0.089182 0.364488 0.000000
vt 0.093195 0.446405 0.000000
vt 0.094676 0.377444 0.000000
vt 0.097397 0.432974 0.000000
vt 0.098297 0.391043 0.000000
vt 0.099671 0.419086 0.000000
vt 0.099973 0.405016 0.000000
vt 0.007130 0.509661 0.000000
vt -0.034396 0.503773 0.000000
vt -0.047231 0.498002 0.000000
vt -0.050970 0.323929 0.000000
vt -0.059129 0.490486 0.000000
vt -0.062534 0.331949 0.000000
vt -0.069854 0.481375 0.000000
vt -0.072858 0.341512 0.000000
vt -0.079194 0.470848 0.000000
vt -0.081738 0.352431 0.000000
vt -0.086964 0.459114 0.000000
vt -0.088996 0.364488 0.000000
vt -0.093009 0.446405 0.000000
vt -0.094490 0.377444 0.000000
vt -0.097211 0.432974 0.000000
vt -0.098111 0.391043 0.000000
vt -0.099485 0.419086 0.000000
vt -0.099787 0.405016 0.000000
vt -0.062083 0.313577 0.000000
vt -0.044738 0.276197 0.000000
vt -0.028641 0.245460 0.000000
vt -0.021272 0.240486 0.000000
vt -0.064519 0.271935 0.000000
vt -0.085372 0.307660 0.000000
vt -0.083908 0.266147 0.000000
vt -0.108113 0.299897 0.000000
vt -0.102789 0.258870 0.000000
vt -0.130160 0.290339 0.000000
vt -0.121047 0.250146 0.000000
vt -0.151371 0.279048 0.000000
vt -0.138570 0.240028 0.000000
vt -0.171610 0.266095 0.000000
vt -0.155254 0.228579 0.000000
vt -0.170997 0.215867 0.000000
vt -0.190748 0.251564 0.000000
vt -0.185704 0.201969 0.000000
vt -0.208662 0.235547 0.000000
vt -0.199286 0.186969 0.000000
vt -0.225236 0.218149 0.000000
vt -0.240364 0.199480 0.000000
vt -0.253950 0.179659 0.000000
vt -0.192539 0.181179 0.000000
vt -0.187062 0.174176 0.000000
vt -0.183068 0.166233 0.000000
vt -0.180715 0.157660 0.000000
vt -0.180092 0.148792 0.000000
vt -0.181226 0.139974 0.000000
vt -0.184070 0.131551 0.000000
vt -0.188516 0.123851 0.000000
vt -0.194388 0.117176 0.000000
vt -0.201458 0.111786 0.000000
vt -0.209449 0.107891 0.000000
vt -0.218051 0.105642 0.000000
vt -0.226926 0.105129 0.000000
vt -0.235729 0.106371 0.000000
vt -0.244117 0.109319 0.000000
vt -0.265906 0.158816 0.000000
vt -0.276155 0.137082 0.000000
vt -0.284633 0.114597 0.000000
vt -0.250316 0.090057 0.000000
vt -0.291283 0.091506 0.000000
vt -0.254999 0.070372 0.000000
vt -0.296064 0.067957 0.000000
vt -0.258136 0.050382 0.000000
vt -0.298945 0.044101 0.000000
vt -0.259710 0.030208 0.000000
vt -0.299907 0.020091 0.000000
vt -0.259710 0.009974 0.000000
vt -0.258136 -0.010200 0.000000
vt -0.254999 -0.030190 0.000000
vt -0.250316 -0.049875 0.000000
vt -0.244117 -0.069137 0.000000
vt -0.199286 -0.146787 0.000000
vt -0.185704 -0.161786 0.000000
vt -0.170997 -0.175685 0.000000
vt -0.155254 -0.188397 0.000000
vt -0.138570 -0.199846 0.000000
vt -0.043098 0.267459 0.000000
vt -0.039771 0.259214 0.000000
vt -0.034889 0.251785 0.000000
vt -0.013069 0.237059 0.000000
vt -0.004352 0.235311 0.000000
vt 0.004538 0.235311 0.000000
vt 0.013255 0.237059 0.000000
vt 0.021458 0.240486 0.000000
vt 0.028827 0.245460 0.000000
vt 0.035075 0.251785 0.000000
vt 0.039957 0.259214 0.000000
vt 0.043284 0.267459 0.000000
vt 0.227112 -0.064947 0.000000
vt 0.218237 -0.065460 0.000000
vt 0.209635 -0.067709 0.000000
vt 0.201644 -0.071604 0.000000
vt 0.194574 -0.076994 0.000000
vt 0.192725 -0.140997 0.000000
vt 0.188702 -0.083669 0.000000
vt 0.187248 -0.133994 0.000000
vt 0.184256 -0.091369 0.000000
vt 0.183254 -0.126051 0.000000
vt 0.181412 -0.099792 0.000000
vt 0.180901 -0.117478 0.000000
vt 0.180278 -0.108609 0.000000
vt 0.043284 -0.227277 0.000000
vt 0.039957 -0.219032 0.000000
vt 0.035075 -0.211603 0.000000
vt 0.028827 -0.205278 0.000000
vt 0.021458 -0.200304 0.000000
vt 0.013255 -0.196877 0.000000
vt 0.004538 -0.195129 0.000000
vt -0.004352 -0.195129 0.000000
vt -0.013069 -0.196877 0.000000
vt -0.021272 -0.200304 0.000000
vt -0.028641 -0.205278 0.000000
vt -0.034889 -0.211603 0.000000
vt -0.039771 -0.219032 0.000000
vt -0.043098 -0.227277 0.000000
vt -0.192539 -0.140997 0.000000
vt -0.194388 -0.076994 0.000000
vt -0.201458 -0.071604 0.000000
vt -0.209449 -0.067709 0.000000
vt -0.188516 -0.083669 0.000000
vt -0.187062 -0.133994 0.000000
vt -0.184070 -0.091369 0.000000
vt -0.183068 -0.126051 0.000000
vt -0.181226 -0.099792 0.000000
vt -0.180715 -0.117478 0.000000
vt -0.180092 -0.108609 0.000000
vt -0.218051 -0.065460 0.000000
vt -0.226926 -0.064947 0.000000
vt -0.235729 -0.066189 0.000000
vn -0.006585 0.076321 0.064279
vn -0.003698 0.076515 0.064279
vn -0.000000 0.076604 0.064279
vn -0.001879 0.076581 0.064279
vn -0.000000 0.076604 0.064279
vn -0.013122 0.075472 0.064279
vn -0.009249 0.076044 0.064279
vn -0.008176 0.076167 0.064279
vn -0.006885 0.076294 0.064279
vn -0.019561 0.074065 0.064279
vn -0.019037 0.074201 0.064279
vn -0.013209 0.075457 0.064279
vn -0.013228 0.075454 0.064279
vn -0.024750 0.072496 0.064279
vn -0.025856 0.072109 0.064279
vn -0.030312 0.070352 0.064279
vn -0.031959 0.069619 0.064279
vn -0.035692 0.067782 0.064279
vn -0.037825 0.066614 0.064279
vn -0.040855 0.064801 0.064279
vn -0.043412 0.063116 0.064279
vn -0.045770 0.061427 0.064279
vn -0.048677 0.059151 0.064279
vn -0.050409 0.057682 0.064279
vn -0.053582 0.054747 0.064279
vn -0.054742 0.053587 0.064279
vn -0.058090 0.049938 0.064279
vn -0.058743 0.049168 0.064279
vn -0.062167 0.044760 0.064279
vn -0.058940 0.048931 0.064279
vn -0.059413 0.048357 0.064279
vn -0.060176 0.047404 0.064279
vn -0.061232 0.046032 0.064279
vn -0.061875 0.045164 0.064279
vn -0.062631 0.044110 0.064279
vn -0.063486 0.042870 0.064279
vn -0.065785 0.039250 0.064279
vn -0.064415 0.041460 0.064279
vn -0.065382 0.039918 0.064279
vn -0.066341 0.038302 0.064279
vn -0.067261 0.036663 0.064279
vn -0.068916 0.033449 0.064279
vn -0.068113 0.035055 0.064279
vn -0.068869 0.033545 0.064279
vn -0.069515 0.032185 0.064279
vn -0.070050 0.031003 0.064279
vn -0.070480 0.030012 0.064279
vn -0.071536 0.027401 0.064279
vn -0.071141 0.028412 0.064279
vn -0.071584 0.027275 0.064279
vn -0.071846 0.026578 0.064279
vn -0.071952 0.026289 0.064279
vn -0.071959 0.026271 0.064279
vn -0.073627 0.021150 0.064279
vn -0.073779 0.020614 0.064279
vn -0.075172 0.014743 0.064279
vn -0.075158 0.014814 0.064279
vn -0.076083 0.008925 0.064279
vn -0.076162 0.008226 0.064279
vn -0.076546 0.002981 0.064279
vn -0.076587 0.001648 0.064279
vn -0.076546 -0.002981 0.064279
vn -0.076445 -0.004942 0.064279
vn -0.076083 -0.008925 0.064279
vn -0.075737 -0.011495 0.064279
vn -0.075158 -0.014814 0.064279
vn -0.074469 -0.017963 0.064279
vn -0.073779 -0.020614 0.064279
vn -0.072649 -0.024298 0.064279
vn -0.071952 -0.026289 0.064279
vn -0.070291 -0.030454 0.064279
vn -0.071846 -0.026578 0.064279
vn -0.071584 -0.027275 0.064279
vn -0.071141 -0.028412 0.064279
vn -0.070480 -0.030012 0.064279
vn -0.070050 -0.031003 0.064279
vn -0.069515 -0.032185 0.064279
vn -0.067413 -0.036383 0.064279
vn -0.068869 -0.033545 0.064279
vn -0.068113 -0.035055 0.064279
vn -0.067261 -0.036663 0.064279
vn -0.066341 -0.038302 0.064279
vn -0.065382 -0.039918 0.064279
vn -0.064036 -0.042044 0.064279
vn -0.064415 -0.041460 0.064279
vn -0.063486 -0.042870 0.064279
vn -0.062631 -0.044110 0.064279
vn -0.061875 -0.045164 0.064279
vn -0.060184 -0.047393 0.064279
vn -0.061232 -0.046032 0.064279
vn -0.060176 -0.047404 0.064279
vn -0.059413 -0.048357 0.064279
vn -0.058743 -0.049168 0.064279
vn -0.058940 -0.048931 0.064279
vn -0.058731 -0.049183 0.064279
vn -0.055887 -0.052391 0.064279
vn -0.054742 -0.053587 0.064279
vn -0.051177 -0.057002 0.064279
vn -0.050409 -0.057682 0.064279
vn -0.046087 -0.061190 0.064279
vn -0.045770 -0.061427 0.064279
vn -0.040656 -0.064925 0.064279
vn -0.040855 -0.064801 0.064279
vn -0.035692 -0.067782 0.064279
vn -0.034924 -0.068180 0.064279
vn -0.030312 -0.070352 0.064279
vn -0.028934 -0.070930 0.064279
vn -0.024750 -0.072496 0.064279
vn -0.022730 -0.073155 0.064279
vn -0.019037 -0.074201 0.064279
vn -0.016357 -0.074838 0.064279
vn -0.013209 -0.075457 0.064279
vn -0.009863 -0.075967 0.064279
vn -0.012905 -0.075510 0.064279
vn -0.012172 -0.075631 0.064279
vn -0.010965 -0.075816 0.064279
vn -0.009249 -0.076044 0.064279
vn -0.008176 -0.076167 0.064279
vn -0.003296 -0.076534 0.064279
vn -0.006885 -0.076294 0.064279
vn -0.005384 -0.076415 0.064279
vn -0.003698 -0.076515 0.064279
vn -0.001879 -0.076581 0.064279
vn 0.000000 -0.076604 0.064279
vn 0.003296 -0.076534 0.064279
vn 0.001879 -0.076581 0.064279
vn 0.003698 -0.076515 0.064279
vn 0.005384 -0.076415 0.064279
vn 0.006885 -0.076294 0.064279
vn 0.009863 -0.075967 0.064279
vn 0.008176 -0.076167 0.064279
vn 0.009249 -0.076044 0.064279
vn 0.010965 -0.075816 0.064279
vn 0.013209 -0.075457 0.064279
vn 0.012172 -0.075631 0.064279
vn 0.012905 -0.075510 0.064279
vn 0.013228 -0.075454 0.064279
vn 0.016357 -0.074838 0.064279
vn 0.019037 -0.074201 0.064279
vn 0.022730 -0.073155 0.064279
vn 0.024750 -0.072496 0.064279
vn 0.028934 -0.070930 0.064279
vn 0.030312 -0.070352 0.064279
vn 0.034924 -0.068180 0.064279
vn 0.035692 -0.067782 0.064279
vn 0.040656 -0.064925 0.064279
vn 0.040855 -0.064801 0.064279
vn 0.045770 -0.061427 0.064279
vn 0.046087 -0.061190 0.064279
vn 0.050409 -0.057682 0.064279
vn 0.051177 -0.057002 0.064279
vn 0.054742 -0.053587 0.064279
vn 0.055887 -0.052391 0.064279
vn 0.058743 -0.049168 0.064279
vn 0.060184 -0.047393 0.064279
vn 0.058940 -0.048931 0.064279
vn 0.059413 -0.048357 0.064279
vn 0.060176 -0.047404 0.064279
vn 0.061232 -0.046032 0.064279
vn 0.064036 -0.042044 0.064279
vn 0.061875 -0.045164 0.064279
vn 0.062631 -0.044110 0.064279
vn 0.063486 -0.042870 0.064279
vn 0.064415 -0.041460 0.064279
vn 0.065382 -0.039918 0.064279
vn 0.067413 -0.036383 0.064279
vn 0.066341 -0.038302 0.064279
vn 0.067261 -0.036663 0.064279
vn 0.068113 -0.035055 0.064279
vn 0.068869 -0.033545 0.064279
vn 0.070291 -0.030454 0.064279
vn 0.069515 -0.032185 0.064279
vn 0.070050 -0.031003 0.064279
vn 0.070480 -0.030012 0.064279
vn 0.071141 -0.028412 0.064279
vn 0.071952 -0.026289 0.064279
vn 0.071584 -0.027275 0.064279
vn 0.071846 -0.026578 0.064279
vn 0.071959 -0.026271 0.064279
vn 0.072649 -0.024298 0.064279
vn 0.073779 -0.020614 0.064279
vn 0.074469 -0.017963 0.064279
vn 0.075158 -0.014814 0.064279
vn 0.075737 -0.011495 0.064279
vn 0.076083 -0.008925 0.064279
vn 0.076445 -0.004942 0.064279
vn 0.076546 -0.002981 0.064279
vn 0.076587 0.001648 0.064279
vn 0.076546 0.002981 0.064279
vn 0.076162 0.008226 0.064279
vn 0.076083 0.008925 0.064279
vn 0.075172 0.014743 0.064279
vn 0.075158 0.014814 0.064279
vn 0.073779 0.020614 0.064279
vn 0.073627 0.021150 0.064279
vn 0.071952 0.026289 0.064279
vn 0.071536 0.027401 0.064279
vn 0.071846 0.026578 0.064279
vn 0.071584 0.027275 0.064279
vn 0.071141 0.028412 0.064279
vn 0.068916 0.033449 0.064279
vn 0.070480 0.030012 0.064279
vn 0.070050 0.031003 0.064279
vn 0.069515 0.032185 0.064279
vn 0.068869 0.033545 0.064279
vn 0.068113 0.035055 0.064279
vn 0.067261 0.036663 0.064279
vn 0.065785 0.039250 0.064279
vn 0.066341 0.038302 0.064279
vn 0.065382 0.039918 0.064279
vn 0.064415 0.041460 0.064279
vn 0.062167 0.044760 0.064279
vn 0.063486 0.042870 0.064279
vn 0.062631 0.044110 0.064279
vn 0.061875 0.045164 0.064279
vn 0.061232 0.046032 0.064279
vn 0.060176 0.047404 0.064279
vn 0.058743 0.049168 0.064279
vn 0.059413 0.048357 0.064279
vn 0.058940 0.048931 0.064279
vn 0.058731 0.049183 0.064279
vn 0.058090 0.049938 0.064279
vn 0.054742 0.053587 0.064279
vn 0.053582 0.054747 0.064279
vn 0.050409 0.057682 0.064279
vn 0.048677 0.059151 0.064279
vn 0.045770 0.061427 0.064279
vn 0.043412 0.063116 0.064279
vn 0.040855 0.064801 0.064279
vn 0.037825 0.066614 0.064279
vn 0.035692 0.067782 0.064279
vn 0.031959 0.069619 0.064279
vn 0.030312 0.070352 0.064279
vn 0.025856 0.072109 0.064279
vn 0.024750 0.072496 0.064279
vn 0.019561 0.074065 0.064279
vn 0.019037 0.074201 0.064279
vn 0.013122 0.075472 0.064279
vn 0.013209 0.075457 0.064279
vn 0.013228 0.075454 0.064279
vn 0.012905 0.075510 0.064279
vn 0.006585 0.076321 0.064279
vn 0.012172 0.075631 0.064279
vn 0.010965 0.075816 0.064279
vn 0.009249 0.076044 0.064279
vn 0.008176 0.076167 0.064279
vn 0.006885 0.076294 0.064279
vn 0.005384 0.076415 0.064279
vn 0.003698 0.076515 0.064279
vn 0.001879 0.076581 0.064279
vn -0.013228 -0.075454 0.064279
vn -0.071959 -0.026271 0.064279
vn -0.058731 0.049183 0.064279
vn -0.012905 0.075510 0.064279
vn -0.012172 0.075631 0.064279
vn -0.010965 0.075816 0.064279
vn -0.005384 0.076415 0.064279
vn 0.071959 0.026271 0.064279
vn 0.058731 -0.049183 0.064279
vn -0.024851 0.096863 0.000000
vn -0.025792 0.096617 0.000000
vn -0.017243 0.098502 0.000000
vn -0.024851 0.096863 0.000000
vn -0.017243 0.098502 0.000000
vn -0.032308 0.094637 0.000000
vn -0.034144 0.093990 0.000000
vn -0.032308 0.094637 0.000000
vn -0.039570 0.091838 0.000000
vn -0.042234 0.090644 0.000000
vn -0.046592 0.088483 0.000000
vn -0.050000 0.086603 0.000000
vn -0.053332 0.084591 0.000000
vn -0.057383 0.081897 0.000000
vn -0.059749 0.080188 0.000000
vn -0.064326 0.076565 0.000000
vn -0.065804 0.075298 0.000000
vn -0.070776 0.070645 0.000000
vn -0.071460 0.069953 0.000000
vn -0.076684 0.064184 0.000000
vn -0.071460 0.069953 0.000000
vn -0.076684 0.064184 0.000000
vn -0.039570 0.091838 0.000000
vn -0.046592 0.088483 0.000000
vn -0.053332 0.084591 0.000000
vn -0.059749 0.080188 0.000000
vn -0.065804 0.075298 0.000000
vn -0.069154 -0.072234 0.000000
vn -0.072300 -0.069085 0.000000
vn -0.057307 -0.081951 0.000000
vn -0.072300 -0.069085 0.000000
vn -0.057307 -0.081951 0.000000
vn -0.072300 -0.069085 0.000000
vn -0.072300 -0.069085 0.000000
vn -0.084471 -0.053523 0.000000
vn -0.084471 -0.053523 0.000000
vn -0.093345 -0.035872 0.000000
vn -0.093345 -0.035872 0.000000
vn -0.098575 -0.016820 0.000000
vn -0.098575 -0.016820 0.000000
vn -0.099958 0.002888 -0.000000
vn -0.099958 0.002888 -0.000000
vn -0.097440 0.022483 -0.000000
vn -0.097440 0.022483 -0.000000
vn -0.091118 0.041201 -0.000000
vn -0.091118 0.041201 -0.000000
vn -0.081240 0.058310 -0.000000
vn -0.081240 0.058310 -0.000000
vn -0.068191 0.073144 -0.000000
vn -0.068191 0.073144 -0.000000
vn -0.052480 0.085123 -0.000000
vn -0.052480 0.085123 -0.000000
vn -0.034721 0.093779 -0.000000
vn -0.034721 0.093779 -0.000000
vn -0.015607 0.098775 -0.000000
vn -0.015607 0.098775 -0.000000
vn 0.004117 0.099915 0.000000
vn 0.004117 0.099915 0.000000
vn 0.023679 0.097156 0.000000
vn 0.023679 0.097156 0.000000
vn 0.042318 0.090605 0.000000
vn 0.023679 0.097156 0.000000
vn 0.023679 0.097156 0.000000
vn 0.004117 0.099915 0.000000
vn 0.012332 0.099237 0.000000
vn -0.004368 0.099905 -0.000000
vn -0.015607 0.098775 -0.000000
vn -0.021533 0.097654 -0.000000
vn -0.034721 0.093779 -0.000000
vn -0.038594 0.092252 -0.000000
vn -0.047030 0.088251 -0.000000
vn -0.052480 0.085123 -0.000000
vn -0.055729 0.083032 -0.000000
vn -0.064376 0.076523 -0.000000
vn -0.068191 0.073144 -0.000000
vn -0.072623 0.068745 -0.000000
vn -0.081240 0.058310 -0.000000
vn -0.080134 0.059822 -0.000000
vn -0.086603 0.050000 -0.000000
vn -0.091118 0.041201 -0.000000
vn -0.091874 0.039487 -0.000000
vn -0.095847 0.028521 -0.000000
vn -0.097440 0.022483 -0.000000
vn -0.098459 0.017489 -0.000000
vn -0.099958 0.002888 -0.000000
vn -0.099772 0.006747 -0.000000
vn -0.099942 -0.003396 0.000000
vn -0.098575 -0.016820 0.000000
vn -0.099190 -0.012703 0.000000
vn -0.095337 -0.030179 0.000000
vn -0.093345 -0.035872 0.000000
vn -0.088704 -0.046169 0.000000
vn -0.084471 -0.053523 0.000000
vn -0.079776 -0.060298 0.000000
vn 0.027979 0.096006 0.000000
vn 0.042318 0.090605 0.000000
vn -0.084471 -0.053523 0.000000
vn -0.093345 -0.035872 0.000000
vn -0.098575 -0.016820 0.000000
vn -0.099958 0.002888 -0.000000
vn -0.097440 0.022483 -0.000000
vn -0.091118 0.041201 -0.000000
vn -0.081240 0.058310 -0.000000
vn -0.068191 0.073144 -0.000000
vn -0.052480 0.085123 -0.000000
vn -0.034721 0.093779 -0.000000
vn -0.015607 0.098775 -0.000000
vn 0.004117 0.099915 0.000000
vn -0.096311 0.026910 0.000000
vn -0.096568 0.025972 0.000000
vn -0.093927 0.034318 0.000000
vn -0.096311 0.026910 0.000000
vn -0.093927 0.034318 0.000000
vn -0.098112 0.019339 0.000000
vn -0.098470 0.017426 0.000000
vn -0.098112 0.019339 0.000000
vn -0.099319 0.011650 0.000000
vn -0.099617 0.008746 0.000000
vn -0.099924 0.003891 0.000000
vn -0.100000 0.000000 0.000000
vn -0.099924 -0.003891 0.000000
vn -0.099617 -0.008746 0.000000
vn -0.099319 -0.011650 0.000000
vn -0.098470 -0.017426 0.000000
vn -0.098112 -0.019339 0.000000
vn -0.096568 -0.025972 0.000000
vn -0.096311 -0.026910 0.000000
vn -0.093927 -0.034318 0.000000
vn -0.096311 -0.026910 0.000000
vn -0.093927 -0.034318 0.000000
vn -0.099319 0.011650 0.000000
vn -0.099924 0.003891 0.000000
vn -0.099924 -0.003891 0.000000
vn -0.099319 -0.011650 0.000000
vn -0.098112 -0.019339 0.000000
vn 0.027979 -0.096006 0.000000
vn 0.023679 -0.097156 0.000000
vn 0.042318 -0.090605 0.000000
vn 0.023679 -0.097156 0.000000
vn 0.042318 -0.090605 0.000000
vn 0.023679 -0.097156 0.000000
vn 0.023679 -0.097156 0.000000
vn 0.004117 -0.099915 0.000000
vn 0.004117 -0.099915 0.000000
vn -0.015607 -0.098775 0.000000
vn -0.015607 -0.098775 0.000000
vn -0.034721 -0.093779 0.000000
vn -0.034721 -0.093779 0.000000
vn -0.052480 -0.085123 0.000000
vn -0.052480 -0.085123 0.000000
vn -0.068191 -0.073144 0.000000
vn -0.068191 -0.073144 0.000000
vn -0.081240 -0.058310 0.000000
vn -0.081240 -0.058310 0.000000
vn -0.091118 -0.041201 0.000000
vn -0.091118 -0.041201 0.000000
vn -0.097440 -0.022483 0.000000
vn -0.097440 -0.022483 0.000000
vn -0.099958 -0.002888 0.000000
vn -0.099958 -0.002888 0.000000
vn -0.098575 0.016820 -0.000000
vn -0.098575 0.016820 -0.000000
vn -0.093345 0.035872 -0.000000
vn -0.093345 0.035872 -0.000000
vn -0.084471 0.053523 -0.000000
vn -0.084471 0.053523 -0.000000
vn -0.072300 0.069085 -0.000000
vn -0.072300 0.069085 -0.000000
vn -0.057307 0.081951 -0.000000
vn -0.072300 0.069085 -0.000000
vn -0.072300 0.069085 -0.000000
vn -0.084471 0.053523 -0.000000
vn -0.079776 0.060298 -0.000000
vn -0.088704 0.046169 -0.000000
vn -0.093345 0.035872 -0.000000
vn -0.095337 0.030179 -0.000000
vn -0.098575 0.016820 -0.000000
vn -0.099190 0.012703 -0.000000
vn -0.099942 0.003396 -0.000000
vn -0.099958 -0.002888 0.000000
vn -0.099772 -0.006747 0.000000
vn -0.098459 -0.017489 0.000000
vn -0.097440 -0.022483 0.000000
vn -0.095847 -0.028521 0.000000
vn -0.091118 -0.041201 0.000000
vn -0.091874 -0.039487 0.000000
vn -0.086603 -0.050000 0.000000
vn -0.081240 -0.058310 0.000000
vn -0.080134 -0.059822 0.000000
vn -0.072623 -0.068745 0.000000
vn -0.068191 -0.073144 0.000000
vn -0.064376 -0.076523 0.000000
vn -0.052480 -0.085123 0.000000
vn -0.055729 -0.083032 0.000000
vn -0.047030 -0.088251 0.000000
vn -0.034721 -0.093779 0.000000
vn -0.038594 -0.092252 0.000000
vn -0.021533 -0.097654 0.000000
vn -0.015607 -0.098775 0.000000
vn -0.004368 -0.099905 0.000000
vn 0.004117 -0.099915 0.000000
vn 0.012332 -0.099237 0.000000
vn -0.069154 0.072234 -0.000000
vn -0.057307 0.081951 -0.000000
vn 0.004117 -0.099915 0.000000
vn -0.015607 -0.098775 0.000000
vn -0.034721 -0.093779 0.000000
vn -0.052480 -0.085123 0.000000
vn -0.068191 -0.073144 0.000000
vn -0.081240 -0.058310 0.000000
vn -0.091118 -0.041201 0.000000
vn -0.097440 -0.022483 0.000000
vn -0.099958 -0.002888 0.000000
vn -0.098575 0.016820 -0.000000
vn -0.093345 0.035872 -0.000000
vn -0.084471 0.053523 -0.000000
vn -0.071460 -0.069953 0.000000
vn -0.070776 -0.070645 0.000000
vn -0.076684 -0.064184 0.000000
vn -0.071460 -0.069953 0.000000
vn -0.076684 -0.064184 0.000000
vn -0.065804 -0.075298 0.000000
vn -0.064326 -0.076565 0.000000
vn -0.065804 -0.075298 0.000000
vn -0.059749 -0.080188 0.000000
vn -0.057383 -0.081897 0.000000
vn -0.053332 -0.084591 0.000000
vn -0.050000 -0.086603 0.000000
vn -0.046592 -0.088483 0.000000
vn -0.042234 -0.090644 0.000000
vn -0.039570 -0.091838 0.000000
vn -0.034144 -0.093990 0.000000
vn -0.032308 -0.094637 0.000000
vn -0.025792 -0.096617 0.000000
vn -0.024851 -0.096863 0.000000
vn -0.017243 -0.098502 0.000000
vn -0.024851 -0.096863 0.000000
vn -0.017243 -0.098502 0.000000
vn -0.059749 -0.080188 0.000000
vn -0.053332 -0.084591 0.000000
vn -0.046592 -0.088483 0.000000
vn -0.039570 -0.091838 0.000000
vn -0.032308 -0.094637 0.000000
vn 0.097133 -0.023773 0.000000
vn 0.095979 -0.028071 0.000000
vn 0.099625 -0.008654 0.000000
vn 0.095979 -0.028071 0.000000
vn 0.099625 -0.008654 0.000000
vn 0.095979 -0.028071 0.000000
vn 0.095979 -0.028071 0.000000
vn 0.088587 -0.046392 0.000000
vn 0.088587 -0.046392 0.000000
vn 0.077738 -0.062903 0.000000
vn 0.077738 -0.062903 0.000000
vn 0.063854 -0.076959 0.000000
vn 0.063854 -0.076959 0.000000
vn 0.047478 -0.088010 0.000000
vn 0.047478 -0.088010 0.000000
vn 0.029249 -0.095627 0.000000
vn 0.029249 -0.095627 0.000000
vn 0.009878 -0.099511 0.000000
vn 0.009878 -0.099511 0.000000
vn -0.009878 -0.099511 0.000000
vn -0.009878 -0.099511 0.000000
vn -0.029249 -0.095627 0.000000
vn -0.029249 -0.095627 0.000000
vn -0.047478 -0.088010 0.000000
vn -0.047478 -0.088010 0.000000
vn -0.063854 -0.076959 0.000000
vn -0.063854 -0.076959 0.000000
vn -0.077738 -0.062903 0.000000
vn -0.077738 -0.062903 0.000000
vn -0.088587 -0.046392 0.000000
vn -0.088587 -0.046392 0.000000
vn -0.095979 -0.028071 0.000000
vn -0.095979 -0.028071 0.000000
vn -0.099625 -0.008654 0.000000
vn -0.095979 -0.028071 0.000000
vn -0.095979 -0.028071 0.000000
vn -0.088587 -0.046392 0.000000
vn -0.092107 -0.038939 0.000000
vn -0.084336 -0.053735 0.000000
vn -0.077738 -0.062903 0.000000
vn -0.073805 -0.067475 0.000000
vn -0.063854 -0.076959 0.000000
vn -0.060596 -0.079550 0.000000
vn -0.052912 -0.084855 0.000000
vn -0.047478 -0.088010 0.000000
vn -0.044043 -0.089779 0.000000
vn -0.034083 -0.094012 0.000000
vn -0.029249 -0.095627 0.000000
vn -0.023223 -0.097266 0.000000
vn -0.009878 -0.099511 0.000000
vn -0.011740 -0.099308 0.000000
vn -0.000000 -0.100000 0.000000
vn 0.009878 -0.099511 0.000000
vn 0.011740 -0.099308 0.000000
vn 0.023223 -0.097266 0.000000
vn 0.029249 -0.095627 0.000000
vn 0.034083 -0.094012 0.000000
vn 0.047478 -0.088010 0.000000
vn 0.044043 -0.089779 0.000000
vn 0.052912 -0.084855 0.000000
vn 0.063854 -0.076959 0.000000
vn 0.060596 -0.079550 0.000000
vn 0.073805 -0.067475 0.000000
vn 0.077738 -0.062903 0.000000
vn 0.084336 -0.053735 0.000000
vn 0.088587 -0.046392 0.000000
vn 0.092107 -0.038939 0.000000
vn -0.097133 -0.023773 0.000000
vn -0.099625 -0.008654 0.000000
vn 0.088587 -0.046392 0.000000
vn 0.077738 -0.062903 0.000000
vn 0.063854 -0.076959 0.000000
vn 0.047478 -0.088010 0.000000
vn 0.029249 -0.095627 0.000000
vn 0.009878 -0.099511 0.000000
vn -0.009878 -0.099511 0.000000
vn -0.029249 -0.095627 0.000000
vn -0.047478 -0.088010 0.000000
vn -0.063854 -0.076959 0.000000
vn -0.077738 -0.062903 0.000000
vn -0.088587 -0.046392 0.000000
vn 0.069154 0.072234 0.000000
vn 0.072300 0.069085 0.000000
vn 0.057307 0.081951 0.000000
vn 0.072300 0.069085 0.000000
vn 0.057307 0.081951 0.000000
vn 0.072300 0.069085 0.000000
vn 0.072300 0.069085 0.000000
vn 0.084471 0.053523 0.000000
vn 0.084471 0.053523 0.000000
vn 0.093345 0.035872 0.000000
vn 0.093345 0.035872 0.000000
vn 0.098575 0.016820 0.000000
vn 0.098575 0.016820 0.000000
vn 0.099958 -0.002888 0.000000
vn 0.099958 -0.002888 0.000000
vn 0.097440 -0.022483 0.000000
vn 0.097440 -0.022483 0.000000
vn 0.091118 -0.041201 0.000000
vn 0.091118 -0.041201 0.000000
vn 0.081240 -0.058310 0.000000
vn 0.081240 -0.058310 0.000000
vn 0.068191 -0.073144 0.000000
vn 0.068191 -0.073144 0.000000
vn 0.052480 -0.085123 0.000000
vn 0.052480 -0.085123 0.000000
vn 0.034721 -0.093779 0.000000
vn 0.034721 -0.093779 0.000000
vn 0.015607 -0.098775 0.000000
vn 0.015607 -0.098775 0.000000
vn -0.004117 -0.099915 0.000000
vn -0.004117 -0.099915 0.000000
vn -0.023679 -0.097156 0.000000
vn -0.023679 -0.097156 0.000000
vn -0.042318 -0.090605 0.000000
vn -0.023679 -0.097156 0.000000
vn -0.023679 -0.097156 0.000000
vn -0.004117 -0.099915 0.000000
vn -0.012332 -0.099237 0.000000
vn 0.004368 -0.099905 0.000000
vn 0.015607 -0.098775 0.000000
vn 0.021533 -0.097654 0.000000
vn 0.034721 -0.093779 0.000000
vn 0.038594 -0.092252 0.000000
vn 0.047030 -0.088251 0.000000
vn 0.052480 -0.085123 0.000000
vn 0.055729 -0.083032 0.000000
vn 0.064376 -0.076523 0.000000
vn 0.068191 -0.073144 0.000000
vn 0.072623 -0.068745 0.000000
vn 0.081240 -0.058310 0.000000
vn 0.080134 -0.059822 0.000000
vn 0.086603 -0.050000 0.000000
vn 0.091118 -0.041201 0.000000
vn 0.091874 -0.039487 0.000000
vn 0.095847 -0.028521 0.000000
vn 0.097440 -0.022483 0.000000
vn 0.098459 -0.017489 0.000000
vn 0.099958 -0.002888 0.000000
vn 0.099772 -0.006747 0.000000
vn 0.099942 0.003396 0.000000
vn 0.098575 0.016820 0.000000
vn 0.099190 0.012703 0.000000
vn 0.095337 0.030179 0.000000
vn 0.093345 0.035872 0.000000
vn 0.088704 0.046169 0.000000
vn 0.084471 0.053523 0.000000
vn 0.079776 0.060298 0.000000
vn -0.027979 -0.096006 0.000000
vn -0.042318 -0.090605 0.000000
vn 0.084471 0.053523 0.000000
vn 0.093345 0.035872 0.000000
vn 0.098575 0.016820 0.000000
vn 0.099958 -0.002888 0.000000
vn 0.097440 -0.022483 0.000000
vn 0.091118 -0.041201 0.000000
vn 0.081240 -0.058310 0.000000
vn 0.068191 -0.073144 0.000000
vn 0.052480 -0.085123 0.000000
vn 0.034721 -0.093779 0.000000
vn 0.015607 -0.098775 0.000000
vn -0.004117 -0.099915 0.000000
vn -0.027979 0.096006 -0.000000
vn -0.023679 0.097156 -0.000000
vn -0.042318 0.090605 -0.000000
vn -0.023679 0.097156 -0.000000
vn -0.042318 0.090605 -0.000000
vn -0.023679 0.097156 -0.000000
vn -0.023679 0.097156 -0.000000
vn -0.004117 0.099915 -0.000000
vn -0.004117 0.099915 -0.000000
vn 0.015607 0.098775 0.000000
vn 0.015607 0.098775 0.000000
vn 0.034721 0.093779 0.000000
vn 0.034721 0.093779 0.000000
vn 0.052480 0.085123 0.000000
vn 0.052480 0.085123 0.000000
vn 0.068191 0.073144 0.000000
vn 0.068191 0.073144 0.000000
vn 0.081240 0.058310 0.000000
vn 0.081240 0.058310 0.000000
vn 0.091118 0.041201 0.000000
vn 0.091118 0.041201 0.000000
vn 0.097440 0.022483 0.000000
vn 0.097440 0.022483 0.000000
vn 0.099958 0.002888 0.000000
vn 0.099958 0.002888 0.000000
vn 0.098575 -0.016820 0.000000
vn 0.098575 -0.016820 0.000000
vn 0.093345 -0.035872 0.000000
vn 0.093345 -0.035872 0.000000
vn 0.084471 -0.053523 0.000000
vn 0.084471 -0.053523 0.000000
vn 0.072300 -0.069085 0.000000
vn 0.072300 -0.069085 0.000000
vn 0.057307 -0.081951 0.000000
vn 0.072300 -0.069085 0.000000
vn 0.072300 -0.069085 0.000000
vn 0.084471 -0.053523 0.000000
vn 0.079776 -0.060298 0.000000
vn 0.088704 -0.046169 0.000000
vn 0.093345 -0.035872 0.000000
vn 0.095337 -0.030179 0.000000
vn 0.098575 -0.016820 0.000000
vn 0.099190 -0.012703 0.000000
vn 0.099942 -0.003396 0.000000
vn 0.099958 0.002888 0.000000
vn 0.099772 0.006747 0.000000
vn 0.098459 0.017489 0.000000
vn 0.097440 0.022483 0.000000
vn 0.095847 0.028521 0.000000
vn 0.091118 0.041201 0.000000
vn 0.091874 0.039487 0.000000
vn 0.086603 0.050000 0.000000
vn 0.081240 0.058310 0.000000
vn 0.080134 0.059822 0.000000
vn 0.072623 0.068745 0.000000
vn 0.068191 0.073144 0.000000
vn 0.064376 0.076523 0.000000
vn 0.052480 0.085123 0.000000
vn 0.055729 0.083032 0.000000
vn 0.047030 0.088251 0.000000
vn 0.034721 0.093779 0.000000
vn 0.038594 0.092252 0.000000
vn 0.021533 0.097654 0.000000
vn 0.015607 0.098775 0.000000
vn 0.004368 0.099905 0.000000
vn -0.004117 0.099915 -0.000000
vn -0.012332 0.099237 -0.000000
vn 0.069154 -0.072234 0.000000
vn 0.057307 -0.081951 0.000000
vn -0.004117 0.099915 -0.000000
vn 0.015607 0.098775 0.000000
vn 0.034721 0.093779 0.000000
vn 0.052480 0.085123 0.000000
vn 0.068191 0.073144 0.000000
vn 0.081240 0.058310 0.000000
vn 0.091118 0.041201 0.000000
vn 0.097440 0.022483 0.000000
vn 0.099958 0.002888 0.000000
vn 0.098575 -0.016820 0.000000
vn 0.093345 -0.035872 0.000000
vn 0.084471 -0.053523 0.000000
vn -0.097133 0.023773 -0.000000
vn -0.095979 0.028071 -0.000000
vn -0.099625 0.008654 -0.000000
vn -0.095979 0.028071 -0.000000
vn -0.099625 0.008654 -0.000000
vn -0.095979 0.028071 -0.000000
vn -0.095979 0.028071 -0.000000
vn -0.088587 0.046392 -0.000000
vn -0.088587 0.046392 -0.000000
vn -0.077738 0.062903 -0.000000
vn -0.077738 0.062903 -0.000000
vn -0.063854 0.076959 -0.000000
vn -0.063854 0.076959 -0.000000
vn -0.047478 0.088010 -0.000000
vn -0.047478 0.088010 -0.000000
vn -0.029249 0.095627 -0.000000
vn -0.029249 0.095627 -0.000000
vn -0.009878 0.099511 -0.000000
vn -0.009878 0.099511 -0.000000
vn 0.009878 0.099511 0.000000
vn 0.009878 0.099511 0.000000
vn 0.029249 0.095627 0.000000
vn 0.029249 0.095627 0.000000
vn 0.047478 0.088010 0.000000
vn 0.047478 0.088010 0.000000
vn 0.063854 0.076959 0.000000
vn 0.063854 0.076959 0.000000
vn 0.077738 0.062903 0.000000
vn 0.077738 0.062903 0.000000
vn 0.088587 0.046392 0.000000
vn 0.088587 0.046392 0.000000
vn 0.095979 0.028071 0.000000
vn 0.095979 0.028071 0.000000
vn 0.099625 0.008654 0.000000
vn 0.095979 0.028071 0.000000
vn 0.095979 0.028071 0.000000
vn 0.088587 0.046392 0.000000
vn 0.092107 0.038939 0.000000
vn 0.084336 0.053735 0.000000
vn 0.077738 0.062903 0.000000
vn 0.073805 0.067475 0.000000
vn 0.063854 0.076959 0.000000
vn 0.060596 0.079550 0.000000
vn 0.052912 0.084855 0.000000
vn 0.047478 0.088010 0.000000
vn 0.044043 0.089779 0.000000
vn 0.034083 0.094012 0.000000
vn 0.029249 0.095627 0.000000
vn 0.023223 0.097266 0.000000
vn 0.009878 0.099511 0.000000
vn 0.011740 0.099308 0.000000
vn 0.000000 0.100000 0.000000
vn -0.009878 0.099511 -0.000000
vn -0.011740 0.099308 -0.000000
vn -0.023223 0.097266 -0.000000
vn -0.029249 0.095627 -0.000000
vn -0.034083 0.094012 -0.000000
vn -0.047478 0.088010 -0.000000
vn -0.044043 0.089779 -0.000000
vn -0.052912 0.084855 -0.000000
vn -0.063854 0.076959 -0.000000
vn -0.060596 0.079550 -0.000000
vn -0.073805 0.067475 -0.000000
vn -0.077738 0.062903 -0.000000
vn -0.084336 0.053735 -0.000000
vn -0.088587 0.046392 -0.000000
vn -0.092107 0.038939 -0.000000
vn 0.097133 0.023773 0.000000
vn 0.099625 0.008654 0.000000
vn -0.088587 0.046392 -0.000000
vn -0.077738 0.062903 -0.000000
vn -0.063854 0.076959 -0.000000
vn -0.047478 0.088010 -0.000000
vn -0.029249 0.095627 -0.000000
vn -0.009878 0.099511 -0.000000
vn 0.009878 0.099511 0.000000
vn 0.029249 0.095627 0.000000
vn 0.047478 0.088010 0.000000
vn 0.063854 0.076959 0.000000
vn 0.077738 0.062903 0.000000
vn 0.088587 0.046392 0.000000
vn -0.031873 0.063120 0.070711
vn -0.030701 0.063698 0.070711
vn -0.027149 0.065291 0.070711
vn -0.025504 0.065951 0.070711
vn -0.023721 0.066613 0.070711
vn -0.020144 0.067781 0.070711
vn -0.021742 0.067285 0.070711
vn -0.019585 0.067944 0.070711
vn -0.017256 0.068573 0.070711
vn -0.014655 0.069175 0.070711
vn -0.014740 0.069157 0.070711
vn -0.012008 0.069684 0.070711
vn -0.009072 0.070126 0.070711
vn -0.035700 0.061037 0.070711
vn -0.036425 0.060607 0.070711
vn -0.040471 0.057984 0.070711
vn -0.040780 0.057767 0.070711
vn -0.044982 0.054559 0.070711
vn -0.044915 0.054614 0.070711
vn -0.048806 0.051166 0.070711
vn -0.049204 0.050784 0.070711
vn -0.052434 0.047441 0.070711
vn -0.053111 0.046683 0.070711
vn -0.055778 0.043460 0.070711
vn -0.056676 0.042282 0.070711
vn -0.058821 0.039244 0.070711
vn -0.059879 0.037611 0.070711
vn -0.061545 0.034816 0.070711
vn -0.062697 0.032698 0.070711
vn -0.063937 0.030200 0.070711
vn -0.065112 0.027575 0.070711
vn -0.065983 0.025420 0.070711
vn -0.067110 0.022275 0.070711
vn -0.067673 0.020503 0.070711
vn -0.068678 0.016833 0.070711
vn -0.068997 0.015475 0.070711
vn -0.069805 0.011282 0.070711
vn -0.069947 0.010363 0.070711
vn -0.070484 0.005659 0.070711
vn -0.070520 0.005196 0.070711
vn -0.070711 0.000000 0.070711
vn -0.070711 0.000000 0.070711
vn -0.070711 0.000000 0.070711
vn -0.070711 0.000000 0.070711
vn 0.058926 -0.039085 0.070711
vn 0.063348 -0.031416 0.070711
vn 0.062996 -0.032118 0.070711
vn 0.066483 -0.024083 0.070711
vn 0.066881 -0.022956 0.070711
vn 0.068772 -0.016444 0.070711
vn 0.069441 -0.013340 0.070711
vn 0.070186 -0.008595 0.070711
vn 0.070626 -0.003460 0.070711
vn 0.070708 -0.000637 0.070711
vn 0.070412 0.006489 0.070711
vn 0.070330 0.007329 0.070711
vn 0.069057 0.015202 0.070711
vn 0.068804 0.016310 0.070711
vn 0.066906 0.022881 0.070711
vn 0.065833 0.025807 0.070711
vn 0.063904 0.030270 0.070711
vn 0.061558 0.034793 0.070711
vn 0.060089 0.037273 0.070711
vn 0.056065 0.043090 0.070711
vn 0.055510 0.043802 0.070711
vn 0.050225 0.049774 0.070711
vn 0.049460 0.050534 0.070711
vn 0.044301 0.055113 0.070711
vn 0.041876 0.056977 0.070711
vn 0.037813 0.059751 0.070711
vn 0.033463 0.062291 0.070711
vn 0.030844 0.063629 0.070711
vn 0.024387 0.066372 0.070711
vn 0.023483 0.066697 0.070711
vn 0.015823 0.068918 0.070711
vn 0.014828 0.069138 0.070711
vn 0.007962 0.070261 0.070711
vn 0.004976 0.070535 0.070711
vn -0.000000 0.070711 0.070711
vn -0.004976 0.070535 0.070711
vn -0.007962 0.070261 0.070711
vn -0.014828 0.069138 0.070711
vn -0.015823 0.068918 0.070711
vn -0.024387 0.066372 0.070711
vn -0.023483 0.066697 0.070711
vn -0.030844 0.063629 0.070711
vn -0.033463 0.062291 0.070711
vn -0.037813 0.059751 0.070711
vn -0.041876 0.056977 0.070711
vn -0.044301 0.055113 0.070711
vn -0.049460 0.050534 0.070711
vn -0.050225 0.049774 0.070711
vn -0.056065 0.043090 0.070711
vn -0.055510 0.043802 0.070711
vn -0.060089 0.037273 0.070711
vn -0.061558 0.034793 0.070711
vn -0.063904 0.030270 0.070711
vn -0.065833 0.025807 0.070711
vn -0.066906 0.022881 0.070711
vn -0.068804 0.016310 0.070711
vn -0.069057 0.015202 0.070711
vn -0.070412 0.006489 0.070711
vn -0.070330 0.007329 0.070711
vn -0.070708 -0.000637 0.070711
vn -0.070626 -0.003460 0.070711
vn -0.070186 -0.008595 0.070711
vn -0.069441 -0.013340 0.070711
vn -0.068772 -0.016444 0.070711
vn -0.066881 -0.022956 0.070711
vn -0.066483 -0.024083 0.070711
vn -0.062996 -0.032118 0.070711
vn -0.063348 -0.031416 0.070711
vn -0.058930 -0.039080 0.070711
vn -0.057863 -0.040643 0.070711
vn -0.055850 -0.043368 0.070711
vn -0.051584 -0.048364 0.070711
vn -0.052045 -0.047867 0.070711
vn -0.047415 -0.052457 0.070711
vn -0.044284 -0.055126 0.070711
vn -0.041824 -0.057015 0.070711
vn -0.036107 -0.060797 0.070711
vn -0.035105 -0.061381 0.070711
vn -0.027215 -0.065264 0.070711
vn 0.057863 -0.040643 0.070711
vn 0.055867 -0.043347 0.070711
vn 0.051584 -0.048364 0.070711
vn 0.052107 -0.047800 0.070711
vn 0.047517 -0.052365 0.070711
vn 0.044284 -0.055126 0.070711
vn 0.041899 -0.056960 0.070711
vn 0.036107 -0.060797 0.070711
vn 0.035143 -0.061359 0.070711
vn 0.027215 -0.065264 0.070711
vn 0.070711 0.000000 0.070711
vn 0.070711 0.000000 0.070711
vn 0.070711 0.000000 0.070711
vn 0.070711 0.000000 0.070711
vn 0.009072 0.070126 0.070711
vn 0.014655 0.069175 0.070711
vn 0.012022 0.069681 0.070711
vn 0.014772 0.069151 0.070711
vn 0.017305 0.068561 0.070711
vn 0.020144 0.067781 0.070711
vn 0.019618 0.067935 0.070711
vn 0.021752 0.067282 0.070711
vn 0.025504 0.065951 0.070711
vn 0.023719 0.066614 0.070711
vn 0.027149 0.065291 0.070711
vn 0.030701 0.063698 0.070711
vn 0.031873 0.063120 0.070711
vn 0.035700 0.061037 0.070711
vn 0.036425 0.060607 0.070711
vn 0.040471 0.057984 0.070711
vn 0.040780 0.057767 0.070711
vn 0.044982 0.054559 0.070711
vn 0.044915 0.054614 0.070711
vn 0.048806 0.051166 0.070711
vn 0.049204 0.050784 0.070711
vn 0.052434 0.047441 0.070711
vn 0.053111 0.046683 0.070711
vn 0.055778 0.043460 0.070711
vn 0.056676 0.042282 0.070711
vn 0.058821 0.039244 0.070711
vn 0.059879 0.037611 0.070711
vn 0.061545 0.034816 0.070711
vn 0.062697 0.032698 0.070711
vn 0.063937 0.030200 0.070711
vn 0.065112 0.027575 0.070711
vn 0.065983 0.025420 0.070711
vn 0.067110 0.022275 0.070711
vn 0.067673 0.020503 0.070711
vn 0.068678 0.016833 0.070711
vn 0.068997 0.015475 0.070711
vn 0.069805 0.011282 0.070711
vn 0.069947 0.010363 0.070711
vn 0.070484 0.005659 0.070711
vn 0.070520 0.005196 0.070711
vn -0.100000 0.000000 0.000000
vn -0.100000 0.000000 0.000000
vn -0.100000 0.000000 0.000000
vn -0.100000 0.000000 0.000000
vn -0.099730 0.007348 -0.000000
vn -0.099730 0.007348 -0.000000
vn -0.098920 0.014656 -0.000000
vn -0.098920 0.014656 -0.000000
vn -0.097576 0.021885 -0.000000
vn -0.097576 0.021885 -0.000000
vn -0.095704 0.028996 -0.000000
vn -0.095704 0.028996 -0.000000
vn -0.093315 0.035950 -0.000000
vn -0.093315 0.035950 -0.000000
vn -0.090421 0.042709 -0.000000
vn -0.090421 0.042709 -0.000000
vn -0.087038 0.049238 -0.000000
vn -0.087038 0.049238 -0.000000
vn -0.083185 0.055500 -0.000000
vn -0.083185 0.055500 -0.000000
vn -0.078882 0.061462 -0.000000
vn -0.078882 0.061462 -0.000000
vn -0.074153 0.067092 -0.000000
vn -0.074153 0.067092 -0.000000
vn -0.069022 0.072360 -0.000000
vn -0.069022 0.072360 -0.000000
vn -0.063519 0.077236 -0.000000
vn -0.063519 0.077236 -0.000000
vn -0.057672 0.081694 -0.000000
vn -0.057672 0.081694 -0.000000
vn -0.051513 0.085711 -0.000000
vn -0.051513 0.085711 -0.000000
vn -0.045076 0.089265 -0.000000
vn -0.045076 0.089265 -0.000000
vn -0.038395 0.092335 -0.000000
vn -0.038395 0.092335 -0.000000
vn -0.089588 -0.044429 0.000000
vn -0.089588 -0.044429 0.000000
vn -0.094021 -0.034059 0.000000
vn -0.094021 -0.034059 0.000000
vn -0.097258 -0.023255 0.000000
vn -0.097258 -0.023255 0.000000
vn -0.099258 -0.012155 0.000000
vn -0.099258 -0.012155 0.000000
vn -0.099996 -0.000901 0.000000
vn -0.099996 -0.000901 0.000000
vn -0.099461 0.010365 -0.000000
vn -0.099461 0.010365 -0.000000
vn -0.097662 0.021498 -0.000000
vn -0.097662 0.021498 -0.000000
vn -0.094620 0.032359 -0.000000
vn -0.094620 0.032359 -0.000000
vn -0.090374 0.042808 -0.000000
vn -0.090374 0.042808 -0.000000
vn -0.084979 0.052712 -0.000000
vn -0.084979 0.052712 -0.000000
vn -0.078503 0.061946 -0.000000
vn -0.078503 0.061946 -0.000000
vn -0.071029 0.070391 -0.000000
vn -0.071029 0.070391 -0.000000
vn -0.062650 0.077942 -0.000000
vn -0.062650 0.077942 -0.000000
vn -0.053475 0.084501 -0.000000
vn -0.053475 0.084501 -0.000000
vn -0.043620 0.089985 -0.000000
vn -0.043620 0.089985 -0.000000
vn -0.033210 0.094324 -0.000000
vn -0.033210 0.094324 -0.000000
vn -0.022378 0.097464 -0.000000
vn -0.022378 0.097464 -0.000000
vn -0.011260 0.099364 -0.000000
vn -0.011260 0.099364 -0.000000
vn -0.000000 0.100000 -0.000000
vn -0.000000 0.100000 -0.000000
vn 0.011260 0.099364 0.000000
vn 0.011260 0.099364 0.000000
vn 0.022378 0.097464 0.000000
vn 0.022378 0.097464 0.000000
vn 0.033210 0.094324 0.000000
vn 0.033210 0.094324 0.000000
vn 0.043620 0.089985 0.000000
vn 0.043620 0.089985 0.000000
vn 0.053475 0.084501 0.000000
vn 0.053475 0.084501 0.000000
vn 0.062650 0.077942 0.000000
vn 0.062650 0.077942 0.000000
vn 0.071029 0.070391 0.000000
vn 0.071029 0.070391 0.000000
vn 0.078503 0.061946 0.000000
vn 0.078503 0.061946 0.000000
vn 0.084979 0.052712 0.000000
vn 0.084979 0.052712 0.000000
vn 0.090374 0.042808 0.000000
vn 0.090374 0.042808 0.000000
vn 0.094620 0.032359 0.000000
vn 0.094620 0.032359 0.000000
vn 0.097662 0.021498 0.000000
vn 0.097662 0.021498 0.000000
vn 0.099461 0.010365 0.000000
vn 0.099461 0.010365 0.000000
vn 0.099996 -0.000901 0.000000
vn 0.099996 -0.000901 0.000000
vn 0.099258 -0.012155 0.000000
vn 0.099258 -0.012155 0.000000
vn 0.097258 -0.023255 0.000000
vn 0.097258 -0.023255 0.000000
vn 0.094021 -0.034059 0.000000
vn 0.094021 -0.034059 0.000000
vn 0.089588 -0.044429 0.000000
vn 0.089588 -0.044429 0.000000
vn 0.094021 -0.034059 0.000000
vn 0.097258 -0.023255 0.000000
vn 0.099258 -0.012155 0.000000
vn 0.099996 -0.000901 0.000000
vn 0.099461 0.010365 0.000000
vn 0.097662 0.021498 0.000000
vn 0.094620 0.032359 0.000000
vn 0.090374 0.042808 0.000000
vn 0.084979 0.052712 0.000000
vn 0.078503 0.061946 0.000000
vn 0.071029 0.070391 0.000000
vn 0.062650 0.077942 0.000000
vn 0.053475 0.084501 0.000000
vn 0.043620 0.089985 0.000000
vn 0.033210 0.094324 0.000000
vn 0.022378 0.097464 0.000000
vn 0.011260 0.099364 0.000000
vn -0.000000 0.100000 -0.000000
vn -0.011260 0.099364 -0.000000
vn -0.022378 0.097464 -0.000000
vn -0.033210 0.094324 -0.000000
vn -0.043620 0.089985 -0.000000
vn -0.053475 0.084501 -0.000000
vn -0.062650 0.077942 -0.000000
vn -0.071029 0.070391 -0.000000
vn -0.078503 0.061946 -0.000000
vn -0.084979 0.052712 -0.000000
vn -0.090374 0.042808 -0.000000
vn -0.094620 0.032359 -0.000000
vn -0.097662 0.021498 -0.000000
vn -0.099461 0.010365 -0.000000
vn -0.099996 -0.000901 0.000000
vn -0.099258 -0.012155 0.000000
vn -0.097258 -0.023255 0.000000
vn -0.094021 -0.034059 0.000000
vn 0.038395 0.092335 0.000000
vn 0.038395 0.092335 0.000000
vn 0.045076 0.089265 0.000000
vn 0.045076 0.089265 0.000000
vn 0.051513 0.085711 0.000000
vn 0.051513 0.085711 0.000000
vn 0.057672 0.081694 0.000000
vn 0.057672 0.081694 0.000000
vn 0.063519 0.077236 0.000000
vn 0.063519 0.077236 0.000000
vn 0.069022 0.072360 0.000000
vn 0.069022 0.072360 0.000000
vn 0.074153 0.067092 0.000000
vn 0.074153 0.067092 0.000000
vn 0.078882 0.061462 0.000000
vn 0.078882 0.061462 0.000000
vn 0.083185 0.055500 0.000000
vn 0.083185 0.055500 0.000000
vn 0.087038 0.049238 0.000000
vn 0.087038 0.049238 0.000000
vn 0.090421 0.042709 0.000000
vn 0.090421 0.042709 0.000000
vn 0.093315 0.035950 0.000000
vn 0.093315 0.035950 0.000000
vn 0.095704 0.028996 0.000000
vn 0.095704 0.028996 0.000000
vn 0.097576 0.021885 0.000000
vn 0.097576 0.021885 0.000000
vn 0.098920 0.014656 0.000000
vn 0.098920 0.014656 0.000000
vn 0.099730 0.007348 0.000000
vn 0.099730 0.007348 0.000000
vn 0.100000 0.000000 0.000000
vn 0.100000 0.000000 0.000000
vn 0.100000 0.000000 0.000000
vn 0.100000 0.000000 0.000000
vn 0.027215 -0.065264 -0.070711
vn 0.036107 -0.060797 -0.070711
vn 0.035150 -0.061355 -0.070711
vn 0.041915 -0.056948 -0.070711
vn 0.044284 -0.055126 -0.070711
vn 0.047541 -0.052344 -0.070711
vn 0.051584 -0.048364 -0.070711
vn 0.052132 -0.047773 -0.070711
vn 0.055877 -0.043333 -0.070711
vn 0.057863 -0.040643 -0.070711
vn 0.058929 -0.039081 -0.070711
vn 0.062996 -0.032118 -0.070711
vn 0.063348 -0.031416 -0.070711
vn 0.066483 -0.024083 -0.070711
vn 0.066881 -0.022956 -0.070711
vn 0.068772 -0.016444 -0.070711
vn 0.069441 -0.013340 -0.070711
vn 0.070186 -0.008595 -0.070711
vn 0.070626 -0.003460 -0.070711
vn 0.070708 -0.000637 -0.070711
vn 0.070412 0.006489 -0.070711
vn 0.070330 0.007329 -0.070711
vn 0.069057 0.015202 -0.070711
vn 0.068804 0.016310 -0.070711
vn 0.066906 0.022881 -0.070711
vn 0.065833 0.025807 -0.070711
vn 0.063904 0.030270 -0.070711
vn 0.061558 0.034793 -0.070711
vn 0.060089 0.037273 -0.070711
vn 0.056065 0.043090 -0.070711
vn 0.055510 0.043802 -0.070711
vn 0.050225 0.049774 -0.070711
vn 0.049460 0.050534 -0.070711
vn 0.044301 0.055113 -0.070711
vn 0.041876 0.056977 -0.070711
vn 0.037813 0.059751 -0.070711
vn 0.033463 0.062291 -0.070711
vn 0.030844 0.063629 -0.070711
vn 0.024387 0.066372 -0.070711
vn 0.023483 0.066697 -0.070711
vn 0.015823 0.068918 -0.070711
vn 0.014828 0.069138 -0.070711
vn 0.007962 0.070261 -0.070711
vn 0.004976 0.070535 -0.070711
vn -0.000000 0.070711 -0.070711
vn -0.004976 0.070535 -0.070711
vn -0.007962 0.070261 -0.070711
vn -0.014828 0.069138 -0.070711
vn -0.015823 0.068918 -0.070711
vn -0.024387 0.066372 -0.070711
vn -0.023483 0.066697 -0.070711
vn -0.030844 0.063629 -0.070711
vn -0.033463 0.062291 -0.070711
vn -0.037813 0.059751 -0.070711
vn -0.041876 0.056977 -0.070711
vn -0.044301 0.055113 -0.070711
vn -0.049460 0.050534 -0.070711
vn -0.050225 0.049774 -0.070711
vn -0.056065 0.043090 -0.070711
vn -0.055510 0.043802 -0.070711
vn -0.060089 0.037273 -0.070711
vn -0.061558 0.034793 -0.070711
vn -0.063904 0.030270 -0.070711
vn -0.065833 0.025807 -0.070711
vn -0.066906 0.022881 -0.070711
vn -0.068804 0.016310 -0.070711
vn -0.069057 0.015202 -0.070711
vn -0.070412 0.006489 -0.070711
vn -0.070330 0.007329 -0.070711
vn -0.070708 -0.000637 -0.070711
vn -0.070626 -0.003460 -0.070711
vn -0.070186 -0.008595 -0.070711
vn -0.069441 -0.013340 -0.070711
vn -0.068772 -0.016444 -0.070711
vn -0.066881 -0.022956 -0.070711
vn -0.066483 -0.024083 -0.070711
vn -0.062996 -0.032118 -0.070711
vn -0.063348 -0.031416 -0.070711
vn -0.058926 -0.039085 -0.070711
vn -0.057863 -0.040643 -0.070711
vn -0.055867 -0.043347 -0.070711
vn -0.051584 -0.048364 -0.070711
vn -0.052107 -0.047800 -0.070711
vn -0.047517 -0.052365 -0.070711
vn -0.044284 -0.055126 -0.070711
vn -0.041899 -0.056960 -0.070711
vn -0.036107 -0.060797 -0.070711
vn -0.035143 -0.061359 -0.070711
vn -0.027215 -0.065264 -0.070711
vn -0.070711 0.000000 -0.070711
vn -0.070711 0.000000 -0.070711
vn -0.070711 0.000000 -0.070711
vn -0.070711 0.000000 -0.070711
vn -0.009072 0.070126 -0.070711
vn -0.014655 0.069175 -0.070711
vn -0.012022 0.069681 -0.070711
vn -0.014772 0.069151 -0.070711
vn -0.017305 0.068561 -0.070711
vn -0.020144 0.067781 -0.070711
vn -0.019618 0.067935 -0.070711
vn -0.021752 0.067282 -0.070711
vn -0.025504 0.065951 -0.070711
vn -0.023719 0.066614 -0.070711
vn -0.027149 0.065291 -0.070711
vn -0.030701 0.063698 -0.070711
vn -0.031873 0.063120 -0.070711
vn -0.035700 0.061037 -0.070711
vn -0.036425 0.060607 -0.070711
vn -0.040471 0.057984 -0.070711
vn -0.040780 0.057767 -0.070711
vn -0.044982 0.054559 -0.070711
vn -0.044915 0.054614 -0.070711
vn -0.048806 0.051166 -0.070711
vn -0.049204 0.050784 -0.070711
vn -0.052434 0.047441 -0.070711
vn -0.053111 0.046683 -0.070711
vn -0.055778 0.043460 -0.070711
vn -0.056676 0.042282 -0.070711
vn -0.058821 0.039244 -0.070711
vn -0.059879 0.037611 -0.070711
vn -0.061545 0.034816 -0.070711
vn -0.062697 0.032698 -0.070711
vn -0.063937 0.030200 -0.070711
vn -0.065112 0.027575 -0.070711
vn -0.065983 0.025420 -0.070711
vn -0.067110 0.022275 -0.070711
vn -0.067673 0.020503 -0.070711
vn -0.068678 0.016833 -0.070711
vn -0.068997 0.015475 -0.070711
vn -0.069805 0.011282 -0.070711
vn -0.069947 0.010363 -0.070711
vn -0.070484 0.005659 -0.070711
vn -0.070520 0.005196 -0.070711
vn 0.031873 0.063120 -0.070711
vn 0.030701 0.063698 -0.070711
vn 0.027149 0.065291 -0.070711
vn 0.025504 0.065951 -0.070711
vn 0.023721 0.066613 -0.070711
vn 0.020144 0.067781 -0.070711
vn 0.021759 0.067280 -0.070711
vn 0.019632 0.067931 -0.070711
vn 0.017316 0.068558 -0.070711
vn 0.014655 0.069175 -0.070711
vn 0.014778 0.069149 -0.070711
vn 0.012025 0.069681 -0.070711
vn 0.009072 0.070126 -0.070711
vn 0.035700 0.061037 -0.070711
vn 0.036425 0.060607 -0.070711
vn 0.040471 0.057984 -0.070711
vn 0.040780 0.057767 -0.070711
vn 0.044982 0.054559 -0.070711
vn 0.044915 0.054614 -0.070711
vn 0.048806 0.051166 -0.070711
vn 0.049204 0.050784 -0.070711
vn 0.052434 0.047441 -0.070711
vn 0.053111 0.046683 -0.070711
vn 0.055778 0.043460 -0.070711
vn 0.056676 0.042282 -0.070711
vn 0.058821 0.039244 -0.070711
vn 0.059879 0.037611 -0.070711
vn 0.061545 0.034816 -0.070711
vn 0.062697 0.032698 -0.070711
vn 0.063937 0.030200 -0.070711
vn 0.065112 0.027575 -0.070711
vn 0.065983 0.025420 -0.070711
vn 0.067110 0.022275 -0.070711
vn 0.067673 0.020503 -0.070711
vn 0.068678 0.016833 -0.070711
vn 0.068997 0.015475 -0.070711
vn 0.069805 0.011282 -0.070711
vn 0.069947 0.010363 -0.070711
vn 0.070484 0.005659 -0.070711
vn 0.070520 0.005196 -0.070711
vn 0.070711 0.000000 -0.070711
vn 0.070711 0.000000 -0.070711
vn 0.070711 0.000000 -0.070711
vn 0.070711 0.000000 -0.070711
vn 0.024851 -0.096863 0.000000
vn 0.025792 -0.096617 0.000000
vn 0.017243 -0.098502 0.000000
vn 0.024851 -0.096863 0.000000
vn 0.017243 -0.098502 0.000000
vn 0.032308 -0.094637 0.000000
vn 0.034144 -0.093990 0.000000
vn 0.032308 -0.094637 0.000000
vn 0.039570 -0.091838 0.000000
vn 0.042234 -0.090644 0.000000
vn 0.046592 -0.088483 0.000000
vn 0.050000 -0.086603 0.000000
vn 0.053332 -0.084591 0.000000
vn 0.057383 -0.081897 0.000000
vn 0.059749 -0.080188 0.000000
vn 0.064326 -0.076565 0.000000
vn 0.065804 -0.075298 0.000000
vn 0.070776 -0.070645 0.000000
vn 0.071460 -0.069953 0.000000
vn 0.076684 -0.064184 0.000000
vn 0.071460 -0.069953 0.000000
vn 0.076684 -0.064184 0.000000
vn 0.039570 -0.091838 0.000000
vn 0.046592 -0.088483 0.000000
vn 0.053332 -0.084591 0.000000
vn 0.059749 -0.080188 0.000000
vn 0.065804 -0.075298 0.000000
vn 0.096311 -0.026910 0.000000
vn 0.096568 -0.025972 0.000000
vn 0.093927 -0.034318 0.000000
vn 0.096311 -0.026910 0.000000
vn 0.093927 -0.034318 0.000000
vn 0.098112 -0.019339 0.000000
vn 0.098470 -0.017426 0.000000
vn 0.098112 -0.019339 0.000000
vn 0.099319 -0.011650 0.000000
vn 0.099617 -0.008746 0.000000
vn 0.099924 -0.003891 0.000000
vn 0.100000 -0.000000 0.000000
vn 0.099924 0.003891 0.000000
vn 0.099617 0.008746 0.000000
vn 0.099319 0.011650 0.000000
vn 0.098470 0.017426 0.000000
vn 0.098112 0.019339 0.000000
vn 0.096568 0.025972 0.000000
vn 0.096311 0.026910 0.000000
vn 0.093927 0.034318 0.000000
vn 0.096311 0.026910 0.000000
vn 0.093927 0.034318 0.000000
vn 0.099319 -0.011650 0.000000
vn 0.099924 -0.003891 0.000000
vn 0.099924 0.003891 0.000000
vn 0.099319 0.011650 0.000000
vn 0.098112 0.019339 0.000000
vn 0.071460 0.069953 0.000000
vn 0.070776 0.070645 0.000000
vn 0.076684 0.064184 0.000000
vn 0.071460 0.069953 0.000000
vn 0.076684 0.064184 0.000000
vn 0.065804 0.075298 0.000000
vn 0.064326 0.076565 0.000000
vn 0.065804 0.075298 0.000000
vn 0.059749 0.080188 0.000000
vn 0.057383 0.081897 0.000000
vn 0.053332 0.084591 0.000000
vn 0.050000 0.086603 0.000000
vn 0.046592 0.088483 0.000000
vn 0.042234 0.090644 0.000000
vn 0.039570 0.091838 0.000000
vn 0.034144 0.093990 0.000000
vn 0.032308 0.094637 0.000000
vn 0.025792 0.096617 0.000000
vn 0.024851 0.096863 0.000000
vn 0.017243 0.098502 0.000000
vn 0.024851 0.096863 0.000000
vn 0.017243 0.098502 0.000000
vn 0.059749 0.080188 0.000000
vn 0.053332 0.084591 0.000000
vn 0.046592 0.088483 0.000000
vn 0.039570 0.091838 0.000000
vn 0.032308 0.094637 0.000000
vn 0.000000 0.100000 0.000000
vn 0.000000 0.100000 0.000000
vn 0.000000 0.100000 0.000000
vn 0.000000 0.100000 0.000000
vn 0.000000 0.100000 0.000000
vn 0.000000 0.100000 0.000000
vn 0.100000 0.000000 0.000000
vn 0.100000 0.000000 0.000000
vn 0.100000 0.000000 0.000000
vn 0.100000 0.000000 0.000000
vn -0.097930 -0.020243 0.000000
vn -0.098078 -0.019511 0.000000
vn -0.100000 -0.000000 0.000000
vn -0.098078 -0.019511 0.000000
vn -0.100000 -0.000000 0.000000
vn -0.098078 -0.019511 0.000000
vn -0.097930 -0.020243 0.000000
vn -0.092909 -0.036986 0.000000
vn -0.092406 -0.038225 0.000000
vn -0.085837 -0.051303 0.000000
vn -0.084948 -0.052762 0.000000
vn -0.078165 -0.062372 0.000000
vn -0.076974 -0.063836 0.000000
vn -0.070742 -0.070680 0.000000
vn -0.062499 -0.078063 0.000000
vn -0.063974 -0.076859 0.000000
vn -0.057984 -0.081473 0.000000
vn -0.063974 -0.076859 0.000000
vn -0.057984 -0.081473 0.000000
vn -0.063974 -0.076859 0.000000
vn -0.057984 -0.081473 0.000000
vn -0.062499 -0.078063 0.000000
vn -0.051264 -0.085861 0.000000
vn -0.092909 -0.036986 0.000000
vn -0.092406 -0.038225 0.000000
vn -0.085837 -0.051303 0.000000
vn -0.084948 -0.052762 0.000000
vn -0.078165 -0.062372 0.000000
vn -0.076974 -0.063836 0.000000
vn -0.070742 -0.070680 0.000000
vn -0.042841 -0.090358 0.000000
vn -0.048206 -0.087614 0.000000
vn -0.052754 -0.084953 0.000000
vn -0.052754 -0.084953 0.000000
vn -0.052754 -0.084953 0.000000
vn -0.051264 -0.085861 0.000000
vn -0.036456 -0.093118 0.000000
vn -0.040789 -0.091303 0.000000
vn -0.044247 -0.089678 0.000000
vn -0.044247 -0.089678 0.000000
vn -0.048206 -0.087614 0.000000
vn -0.044247 -0.089678 0.000000
vn -0.048206 -0.087614 0.000000
vn -0.042841 -0.090358 0.000000
vn -0.031502 -0.094909 0.000000
vn -0.035073 -0.093648 0.000000
vn -0.037753 -0.092600 0.000000
vn -0.037753 -0.092600 0.000000
vn -0.040789 -0.091303 0.000000
vn -0.037753 -0.092600 0.000000
vn -0.040789 -0.091303 0.000000
vn -0.036456 -0.093118 0.000000
vn -0.027561 -0.096127 0.000000
vn -0.028658 -0.095805 0.000000
vn -0.030568 -0.095214 0.000000
vn -0.032693 -0.094505 0.000000
vn -0.030568 -0.095214 0.000000
vn -0.032693 -0.094505 0.000000
vn -0.030568 -0.095214 0.000000
vn -0.032693 -0.094505 0.000000
vn -0.031502 -0.094909 0.000000
vn -0.024354 -0.096989 0.000000
vn -0.025370 -0.096728 0.000000
vn -0.026935 -0.096304 0.000000
vn -0.026935 -0.096304 0.000000
vn -0.028658 -0.095805 0.000000
vn -0.026935 -0.096304 0.000000
vn -0.028658 -0.095805 0.000000
vn -0.027561 -0.096127 0.000000
vn -0.021690 -0.097619 0.000000
vn -0.022637 -0.097404 0.000000
vn -0.023944 -0.097091 0.000000
vn -0.023944 -0.097091 0.000000
vn -0.025370 -0.096728 0.000000
vn -0.023944 -0.097091 0.000000
vn -0.025370 -0.096728 0.000000
vn -0.024354 -0.096989 0.000000
vn -0.019436 -0.098093 0.000000
vn -0.020325 -0.097913 0.000000
vn -0.021435 -0.097676 0.000000
vn -0.021435 -0.097676 0.000000
vn -0.022637 -0.097404 0.000000
vn -0.021435 -0.097676 0.000000
vn -0.022637 -0.097404 0.000000
vn -0.021690 -0.097619 0.000000
vn -0.017500 -0.098457 0.000000
vn -0.018339 -0.098304 0.000000
vn -0.019296 -0.098121 0.000000
vn -0.019296 -0.098121 0.000000
vn -0.020325 -0.097913 0.000000
vn -0.019296 -0.098121 0.000000
vn -0.020325 -0.097913 0.000000
vn -0.019436 -0.098093 0.000000
vn -0.015812 -0.098742 0.000000
vn -0.016609 -0.098611 0.000000
vn -0.017446 -0.098467 0.000000
vn -0.017446 -0.098467 0.000000
vn -0.018339 -0.098304 0.000000
vn -0.017446 -0.098467 0.000000
vn -0.018339 -0.098304 0.000000
vn -0.017500 -0.098457 0.000000
vn -0.014322 -0.098969 0.000000
vn -0.015084 -0.098856 0.000000
vn -0.015824 -0.098740 0.000000
vn -0.015824 -0.098740 0.000000
vn -0.016609 -0.098611 0.000000
vn -0.015824 -0.098740 0.000000
vn -0.016609 -0.098611 0.000000
vn -0.015812 -0.098742 0.000000
vn -0.012992 -0.099152 0.000000
vn -0.013724 -0.099054 0.000000
vn -0.014385 -0.098960 0.000000
vn -0.014385 -0.098960 0.000000
vn -0.015084 -0.098856 0.000000
vn -0.014385 -0.098960 0.000000
vn -0.015084 -0.098856 0.000000
vn -0.014322 -0.098969 0.000000
vn -0.011793 -0.099302 0.000000
vn -0.012500 -0.099216 0.000000
vn -0.013097 -0.099139 0.000000
vn -0.013097 -0.099139 0.000000
vn -0.013724 -0.099054 0.000000
vn -0.013097 -0.099139 0.000000
vn -0.013724 -0.099054 0.000000
vn -0.012992 -0.099152 0.000000
vn -0.010702 -0.099426 0.000000
vn -0.011388 -0.099349 0.000000
vn -0.011931 -0.099286 0.000000
vn -0.011931 -0.099286 0.000000
vn -0.012500 -0.099216 0.000000
vn -0.011931 -0.099286 0.000000
vn -0.012500 -0.099216 0.000000
vn -0.011793 -0.099302 0.000000
vn -0.009701 -0.099528 0.000000
vn -0.010369 -0.099461 0.000000
vn -0.010868 -0.099408 0.000000
vn -0.010868 -0.099408 0.000000
vn -0.011388 -0.099349 0.000000
vn -0.010868 -0.099408 0.000000
vn -0.011388 -0.099349 0.000000
vn -0.010702 -0.099426 0.000000
vn -0.008774 -0.099614 0.000000
vn -0.009429 -0.099555 0.000000
vn -0.009890 -0.099510 0.000000
vn -0.009890 -0.099510 0.000000
vn -0.010369 -0.099461 0.000000
vn -0.009890 -0.099510 0.000000
vn -0.010369 -0.099461 0.000000
vn -0.009701 -0.099528 0.000000
vn -0.007911 -0.099687 0.000000
vn -0.008139 -0.099668 0.000000
vn -0.008554 -0.099633 0.000000
vn -0.008984 -0.099596 0.000000
vn -0.008554 -0.099633 0.000000
vn -0.008984 -0.099596 0.000000
vn -0.008554 -0.099633 0.000000
vn -0.008984 -0.099596 0.000000
vn -0.008774 -0.099614 0.000000
vn -0.009429 -0.099555 0.000000
vn -0.007100 -0.099748 0.000000
vn -0.007345 -0.099730 0.000000
vn -0.007736 -0.099700 0.000000
vn -0.007736 -0.099700 0.000000
vn -0.008139 -0.099668 0.000000
vn -0.007736 -0.099700 0.000000
vn -0.008139 -0.099668 0.000000
vn -0.007911 -0.099687 0.000000
vn -0.006335 -0.099799 0.000000
vn -0.006595 -0.099782 0.000000
vn -0.006965 -0.099757 0.000000
vn -0.006965 -0.099757 0.000000
vn -0.007345 -0.099730 0.000000
vn -0.006965 -0.099757 0.000000
vn -0.007345 -0.099730 0.000000
vn -0.007100 -0.099748 0.000000
vn -0.004913 -0.099879 0.000000
vn -0.005539 -0.099846 0.000000
vn -0.005883 -0.099827 0.000000
vn -0.006235 -0.099805 0.000000
vn -0.005883 -0.099827 0.000000
vn -0.006235 -0.099805 0.000000
vn -0.005883 -0.099827 0.000000
vn -0.006235 -0.099805 0.000000
vn -0.006335 -0.099799 0.000000
vn -0.006595 -0.099782 0.000000
vn -0.003600 -0.099935 0.000000
vn -0.004231 -0.099910 0.000000
vn -0.004549 -0.099896 0.000000
vn -0.004872 -0.099881 0.000000
vn -0.004549 -0.099896 0.000000
vn -0.004872 -0.099881 0.000000
vn -0.004549 -0.099896 0.000000
vn -0.004872 -0.099881 0.000000
vn -0.004913 -0.099879 0.000000
vn -0.005202 -0.099865 0.000000
vn -0.005539 -0.099846 0.000000
vn -0.005539 -0.099846 0.000000
vn -0.002362 -0.099972 0.000000
vn -0.003006 -0.099955 0.000000
vn -0.003306 -0.099945 0.000000
vn -0.003610 -0.099935 0.000000
vn -0.003306 -0.099945 0.000000
vn -0.003610 -0.099935 0.000000
vn -0.003306 -0.099945 0.000000
vn -0.003610 -0.099935 0.000000
vn -0.003600 -0.099935 0.000000
vn -0.003918 -0.099923 0.000000
vn -0.004231 -0.099910 0.000000
vn -0.004231 -0.099910 0.000000
vn -0.001170 -0.099993 0.000000
vn -0.001838 -0.099983 0.000000
vn -0.002126 -0.099977 0.000000
vn -0.002416 -0.099971 0.000000
vn -0.002126 -0.099977 0.000000
vn -0.002416 -0.099971 0.000000
vn -0.002126 -0.099977 0.000000
vn -0.002416 -0.099971 0.000000
vn -0.002362 -0.099972 0.000000
vn -0.002710 -0.099963 0.000000
vn -0.003006 -0.099955 0.000000
vn -0.003006 -0.099955 0.000000
vn 0.000000 -0.100000 0.000000
vn -0.000702 -0.099998 0.000000
vn -0.000984 -0.099995 0.000000
vn -0.001267 -0.099992 0.000000
vn -0.000984 -0.099995 0.000000
vn -0.001267 -0.099992 0.000000
vn -0.000984 -0.099995 0.000000
vn -0.001267 -0.099992 0.000000
vn -0.001170 -0.099993 0.000000
vn -0.001551 -0.099988 0.000000
vn -0.001838 -0.099983 0.000000
vn -0.001838 -0.099983 0.000000
vn 0.001170 -0.099993 0.000000
vn 0.000702 -0.099998 0.000000
vn 0.000421 -0.099999 0.000000
vn 0.000140 -0.100000 0.000000
vn 0.000421 -0.099999 0.000000
vn 0.000140 -0.100000 0.000000
vn 0.000421 -0.099999 0.000000
vn 0.000140 -0.100000 0.000000
vn 0.000000 -0.100000 0.000000
vn -0.000140 -0.100000 0.000000
vn -0.000421 -0.099999 0.000000
vn -0.000421 -0.099999 0.000000
vn -0.000702 -0.099998 0.000000
vn 0.002362 -0.099972 0.000000
vn 0.001838 -0.099983 0.000000
vn 0.001551 -0.099988 0.000000
vn 0.001267 -0.099992 0.000000
vn 0.001551 -0.099988 0.000000
vn 0.001267 -0.099992 0.000000
vn 0.001551 -0.099988 0.000000
vn 0.001267 -0.099992 0.000000
vn 0.001170 -0.099993 0.000000
vn 0.000984 -0.099995 0.000000
vn 0.000702 -0.099998 0.000000
vn 0.000702 -0.099998 0.000000
vn 0.003600 -0.099935 0.000000
vn 0.003006 -0.099955 0.000000
vn 0.002710 -0.099963 0.000000
vn 0.002416 -0.099971 0.000000
vn 0.002710 -0.099963 0.000000
vn 0.002416 -0.099971 0.000000
vn 0.002710 -0.099963 0.000000
vn 0.002416 -0.099971 0.000000
vn 0.002362 -0.099972 0.000000
vn 0.002126 -0.099977 0.000000
vn 0.001838 -0.099983 0.000000
vn 0.001838 -0.099983 0.000000
vn 0.004913 -0.099879 0.000000
vn 0.004231 -0.099910 0.000000
vn 0.003918 -0.099923 0.000000
vn 0.003610 -0.099935 0.000000
vn 0.003918 -0.099923 0.000000
vn 0.003610 -0.099935 0.000000
vn 0.003918 -0.099923 0.000000
vn 0.003610 -0.099935 0.000000
vn 0.003600 -0.099935 0.000000
vn 0.003306 -0.099945 0.000000
vn 0.003006 -0.099955 0.000000
vn 0.003006 -0.099955 0.000000
vn 0.006335 -0.099799 0.000000
vn 0.005539 -0.099846 0.000000
vn 0.005202 -0.099865 0.000000
vn 0.004872 -0.099881 0.000000
vn 0.005202 -0.099865 0.000000
vn 0.004872 -0.099881 0.000000
vn 0.005202 -0.099865 0.000000
vn 0.004872 -0.099881 0.000000
vn 0.004913 -0.099879 0.000000
vn 0.004549 -0.099896 0.000000
vn 0.004231 -0.099910 0.000000
vn 0.004231 -0.099910 0.000000
vn 0.007100 -0.099748 0.000000
vn 0.006595 -0.099782 0.000000
vn 0.006235 -0.099805 0.000000
vn 0.005883 -0.099827 0.000000
vn 0.006235 -0.099805 0.000000
vn 0.005883 -0.099827 0.000000
vn 0.006235 -0.099805 0.000000
vn 0.005883 -0.099827 0.000000
vn 0.006335 -0.099799 0.000000
vn 0.005539 -0.099846 0.000000
vn 0.007911 -0.099687 0.000000
vn 0.007345 -0.099730 0.000000
vn 0.006965 -0.099757 0.000000
vn 0.006965 -0.099757 0.000000
vn 0.006595 -0.099782 0.000000
vn 0.006965 -0.099757 0.000000
vn 0.006595 -0.099782 0.000000
vn 0.007100 -0.099748 0.000000
vn 0.008774 -0.099614 0.000000
vn 0.008139 -0.099668 0.000000
vn 0.007736 -0.099700 0.000000
vn 0.007736 -0.099700 0.000000
vn 0.007345 -0.099730 0.000000
vn 0.007736 -0.099700 0.000000
vn 0.007345 -0.099730 0.000000
vn 0.007911 -0.099687 0.000000
vn 0.009701 -0.099528 0.000000
vn 0.009429 -0.099555 0.000000
vn 0.008984 -0.099596 0.000000
vn 0.008554 -0.099633 0.000000
vn 0.008984 -0.099596 0.000000
vn 0.008554 -0.099633 0.000000
vn 0.008984 -0.099596 0.000000
vn 0.008554 -0.099633 0.000000
vn 0.008774 -0.099614 0.000000
vn 0.008139 -0.099668 0.000000
vn 0.010702 -0.099426 0.000000
vn 0.010369 -0.099461 0.000000
vn 0.009890 -0.099510 0.000000
vn 0.009890 -0.099510 0.000000
vn 0.009429 -0.099555 0.000000
vn 0.009890 -0.099510 0.000000
vn 0.009429 -0.099555 0.000000
vn 0.009701 -0.099528 0.000000
vn 0.011793 -0.099302 0.000000
vn 0.011388 -0.099349 0.000000
vn 0.010868 -0.099408 0.000000
vn 0.010868 -0.099408 0.000000
vn 0.010369 -0.099461 0.000000
vn 0.010868 -0.099408 0.000000
vn 0.010369 -0.099461 0.000000
vn 0.010702 -0.099426 0.000000
vn 0.012992 -0.099152 0.000000
vn 0.012500 -0.099216 0.000000
vn 0.011931 -0.099286 0.000000
vn 0.011931 -0.099286 0.000000
vn 0.011388 -0.099349 0.000000
vn 0.011931 -0.099286 0.000000
vn 0.011388 -0.099349 0.000000
vn 0.011793 -0.099302 0.000000
vn 0.014322 -0.098969 0.000000
vn 0.013724 -0.099054 0.000000
vn 0.013097 -0.099139 0.000000
vn 0.013097 -0.099139 0.000000
vn 0.012500 -0.099216 0.000000
vn 0.013097 -0.099139 0.000000
vn 0.012500 -0.099216 0.000000
vn 0.012992 -0.099152 0.000000
vn 0.015812 -0.098742 0.000000
vn 0.015084 -0.098856 0.000000
vn 0.014385 -0.098960 0.000000
vn 0.014385 -0.098960 0.000000
vn 0.013724 -0.099054 0.000000
vn 0.014385 -0.098960 0.000000
vn 0.013724 -0.099054 0.000000
vn 0.014322 -0.098969 0.000000
vn 0.017500 -0.098457 0.000000
vn 0.016609 -0.098611 0.000000
vn 0.015824 -0.098740 0.000000
vn 0.015824 -0.098740 0.000000
vn 0.015084 -0.098856 0.000000
vn 0.015824 -0.098740 0.000000
vn 0.015084 -0.098856 0.000000
vn 0.015812 -0.098742 0.000000
vn 0.019436 -0.098093 0.000000
vn 0.018339 -0.098304 0.000000
vn 0.017446 -0.098467 0.000000
vn 0.017446 -0.098467 0.000000
vn 0.016609 -0.098611 0.000000
vn 0.017446 -0.098467 0.000000
vn 0.016609 -0.098611 0.000000
vn 0.017500 -0.098457 0.000000
vn 0.021690 -0.097619 0.000000
vn 0.020325 -0.097913 0.000000
vn 0.019296 -0.098121 0.000000
vn 0.019296 -0.098121 0.000000
vn 0.018339 -0.098304 0.000000
vn 0.019296 -0.098121 0.000000
vn 0.018339 -0.098304 0.000000
vn 0.019436 -0.098093 0.000000
vn 0.024354 -0.096989 0.000000
vn 0.022637 -0.097404 0.000000
vn 0.021435 -0.097676 0.000000
vn 0.021435 -0.097676 0.000000
vn 0.020325 -0.097913 0.000000
vn 0.021435 -0.097676 0.000000
vn 0.020325 -0.097913 0.000000
vn 0.021690 -0.097619 0.000000
vn 0.027561 -0.096127 0.000000
vn 0.025370 -0.096728 0.000000
vn 0.023944 -0.097091 0.000000
vn 0.023944 -0.097091 0.000000
vn 0.022637 -0.097404 0.000000
vn 0.023944 -0.097091 0.000000
vn 0.022637 -0.097404 0.000000
vn 0.024354 -0.096989 0.000000
vn 0.031502 -0.094909 0.000000
vn 0.028658 -0.095805 0.000000
vn 0.026935 -0.096304 0.000000
vn 0.026935 -0.096304 0.000000
vn 0.025370 -0.096728 0.000000
vn 0.026935 -0.096304 0.000000
vn 0.025370 -0.096728 0.000000
vn 0.027561 -0.096127 0.000000
vn 0.036456 -0.093118 0.000000
vn 0.032693 -0.094505 0.000000
vn 0.030568 -0.095214 0.000000
vn 0.030568 -0.095214 0.000000
vn 0.028658 -0.095805 0.000000
vn 0.030568 -0.095214 0.000000
vn 0.028658 -0.095805 0.000000
vn 0.031502 -0.094909 0.000000
vn 0.042841 -0.090358 0.000000
vn 0.040789 -0.091303 0.000000
vn 0.037753 -0.092600 0.000000
vn 0.035073 -0.093648 0.000000
vn 0.037753 -0.092600 0.000000
vn 0.035073 -0.093648 0.000000
vn 0.037753 -0.092600 0.000000
vn 0.035073 -0.093648 0.000000
vn 0.036456 -0.093118 0.000000
vn 0.051264 -0.085861 0.000000
vn 0.048206 -0.087614 0.000000
vn 0.044247 -0.089678 0.000000
vn 0.044247 -0.089678 0.000000
vn 0.040789 -0.091303 0.000000
vn 0.044247 -0.089678 0.000000
vn 0.040789 -0.091303 0.000000
vn 0.042841 -0.090358 0.000000
vn 0.062499 -0.078063 0.000000
vn 0.057984 -0.081473 0.000000
vn 0.052754 -0.084953 0.000000
vn 0.052754 -0.084953 0.000000
vn 0.048206 -0.087614 0.000000
vn 0.052754 -0.084953 0.000000
vn 0.048206 -0.087614 0.000000
vn 0.051264 -0.085861 0.000000
vn 0.076974 -0.063836 0.000000
vn 0.070742 -0.070680 0.000000
vn 0.063974 -0.076859 0.000000
vn 0.063974 -0.076859 0.000000
vn 0.057984 -0.081473 0.000000
vn 0.063974 -0.076859 0.000000
vn 0.057984 -0.081473 0.000000
vn 0.062499 -0.078063 0.000000
vn 0.078165 -0.062372 0.000000
vn 0.084948 -0.052762 0.000000
vn 0.085837 -0.051303 0.000000
vn 0.092406 -0.038225 0.000000
vn 0.092909 -0.036986 0.000000
vn 0.097930 -0.020243 0.000000
vn 0.098078 -0.019511 0.000000
vn 0.098078 -0.019511 0.000000
vn 0.098078 -0.019511 0.000000
vn 0.097930 -0.020243 0.000000
vn 0.092909 -0.036986 0.000000
vn 0.092406 -0.038225 0.000000
vn 0.085837 -0.051303 0.000000
vn 0.084948 -0.052762 0.000000
vn 0.078165 -0.062372 0.000000
vn 0.076974 -0.063836 0.000000
vn 0.070742 -0.070680 0.000000
vn -0.000702 -0.099998 0.000000
vn -0.035073 -0.093648 0.000000
vn -0.035073 -0.093648 0.000000
vn -0.009429 -0.099555 0.000000
vn -0.005202 -0.099865 0.000000
vn -0.003918 -0.099923 0.000000
vn -0.003918 -0.099923 0.000000
vn -0.002710 -0.099963 0.000000
vn -0.002710 -0.099963 0.000000
vn -0.001551 -0.099988 0.000000
vn -0.001551 -0.099988 0.000000
vn -0.000421 -0.099999 0.000000
vn -0.000140 -0.100000 0.000000
vn 0.000984 -0.099995 0.000000
vn 0.002126 -0.099977 0.000000
vn 0.003306 -0.099945 0.000000
vn 0.004549 -0.099896 0.000000
vn 0.004549 -0.099896 0.000000
vn 0.008139 -0.099668 0.000000
vn 0.032693 -0.094505 0.000000
vn 0.032693 -0.094505 0.000000
vn -0.092909 -0.036986 0.000000
vn -0.085837 -0.051303 0.000000
vn -0.078165 -0.062372 0.000000
vn -0.070742 -0.070680 0.000000
vn -0.006595 -0.099782 0.000000
vn -0.005202 -0.099865 0.000000
vn -0.000140 -0.100000 0.000000
vn 0.000984 -0.099995 0.000000
vn 0.002126 -0.099977 0.000000
vn 0.003306 -0.099945 0.000000
vn 0.005539 -0.099846 0.000000
vn 0.070742 -0.070680 0.000000
vn 0.078165 -0.062372 0.000000
vn 0.085837 -0.051303 0.000000
vn 0.092909 -0.036986 0.000000
vn -0.100000 0.000000 0.000000
vn -0.100000 0.000000 0.000000
vn 0.000000 0.100000 0.000000
vn 0.000000 0.100000 0.000000
vn 0.000000 0.100000 0.000000
vn 0.000000 0.100000 0.000000
vn 0.000000 0.100000 0.000000
vn 0.000000 0.100000 0.000000
vn 0.000000 0.000000 0.100000
vn 0.000000 0.000000 0.100000
vn 0.000000 0.000000 0.100000
vn 0.000000 0.000000 0.100000
vn 0.000000 0.000000 0.100000
vn 0.000000 0.000000 0.100000
vn 0.000000 0.000000 0.100000
vn 0.000000 0.000000 0.100000
vn 0.000000 0.000000 0.100000
vn 0.000000 0.000000 0.100000
vn 0.000000 0.000000 0.100000
vn 0.000000 0.000000 0.100000
vn 0.000000 0.000000 0.100000
vn 0.000000 0.000000 0.100000
vn 0.000000 0.000000 0.100000
vn 0.000000 0.000000 0.100000
vn 0.000000 0.000000 0.100000
vn 0.000000 0.000000 0.100000
vn 0.000000 0.000000 0.100000
vn 0.000000 0.000000 0.100000
vn 0.000000 0.000000 0.100000
vn 0.000000 0.000000 0.100000
vn 0.000000 0.000000 0.100000
vn 0.000000 0.000000 0.100000
vn 0.000000 0.000000 0.100000
vn 0.000000 0.000000 0.100000
vn 0.000000 0.000000 0.100000
vn 0.000000 0.000000 0.100000
vn 0.000000 0.000000 0.100000
vn 0.000000 0.000000 0.100000
vn 0.000000 0.000000 0.100000
vn 0.000000 0.000000 0.100000
vn 0.000000 0.000000 0.100000
vn 0.000000 0.000000 0.100000
vn 0.000000 0.000000 0.100000
vn 0.000000 0.000000 0.100000
vn 0.000000 0.000000 0.100000
vn 0.000000 0.000000 0.100000
vn 0.000000 0.000000 0.100000
vn 0.000000 0.000000 0.100000
vn 0.000000 0.000000 0.100000
vn 0.000000 0.000000 0.100000
vn 0.000000 0.000000 0.100000
vn 0.000000 0.000000 0.100000
vn 0.000000 0.000000 0.100000
vn 0.000000 0.000000 0.100000
vn 0.000000 0.000000 0.100000
vn 0.000000 0.000000 0.100000
vn 0.000000 0.000000 0.100000
vn 0.000000 0.000000 0.100000
vn 0.000000 0.000000 0.100000
vn 0.000000 0.000000 0.100000
vn 0.000000 0.000000 0.100000
vn 0.000000 0.000000 0.100000
vn 0.000000 0.000000 0.100000
vn 0.000000 0.000000 0.100000
vn 0.000000 0.000000 0.100000
vn 0.000000 0.000000 0.100000
vn 0.000000 0.000000 0.100000
vn 0.000000 0.000000 0.100000
vn 0.000000 0.000000 0.100000
vn 0.000000 0.000000 0.100000
vn 0.000000 0.000000 0.100000
vn 0.000000 0.000000 0.100000
vn 0.000000 0.000000 0.100000
vn 0.000000 0.000000 0.100000
vn 0.000000 0.000000 0.100000
vn 0.000000 0.000000 0.100000
vn 0.000000 0.000000 0.100000
vn 0.000000 0.000000 0.100000
vn 0.000000 0.000000 0.100000
vn 0.000000 0.000000 0.100000
vn 0.000000 0.000000 0.100000
vn 0.000000 0.000000 0.100000
vn 0.000000 0.000000 0.100000
vn 0.000000 0.000000 0.100000
vn 0.000000 0.000000 0.100000
vn 0.000000 0.000000 0.100000
vn 0.000000 0.000000 0.100000
vn 0.000000 0.000000 0.100000
vn 0.000000 0.000000 0.100000
vn 0.000000 0.000000 0.100000
vn 0.000000 0.000000 0.100000
vn 0.000000 0.000000 0.100000
vn 0.000000 0.000000 0.100000
vn 0.000000 0.000000 0.100000
vn 0.000000 0.000000 0.100000
vn 0.000000 0.000000 0.100000
vn 0.000000 0.000000 0.100000
vn 0.000000 0.000000 0.100000
vn 0.000000 0.000000 0.100000
vn 0.000000 0.000000 0.100000
vn 0.000000 0.000000 0.100000
vn 0.000000 0.000000 0.100000
vn 0.000000 0.000000 0.100000
vn 0.000000 0.000000 0.100000
vn 0.000000 0.000000 0.100000
vn 0.000000 0.000000 0.100000
vn 0.000000 0.000000 0.100000
vn 0.000000 0.000000 0.100000
vn 0.000000 0.000000 0.100000
vn 0.000000 0.000000 0.100000
vn 0.000000 0.000000 0.100000
vn 0.000000 0.000000 0.100000
vn 0.000000 0.000000 0.100000
vn 0.000000 0.000000 0.100000
vn 0.000000 0.000000 0.100000
vn 0.000000 0.000000 0.100000
vn 0.000000 0.000000 0.100000
vn 0.000000 0.000000 0.100000
vn 0.000000 0.000000 0.100000
vn 0.000000 0.000000 0.100000
vn 0.000000 0.000000 0.100000
vn 0.000000 0.000000 0.100000
vn 0.000000 0.000000 0.100000
vn 0.000000 0.000000 0.100000
vn 0.000000 0.000000 0.100000
vn 0.000000 0.000000 0.100000
vn 0.000000 0.000000 0.100000
vn 0.000000 0.000000 0.100000
vn 0.000000 0.000000 0.100000
vn 0.000000 0.000000 0.100000
vn 0.000000 0.000000 0.100000
vn 0.000000 0.000000 0.100000
vn 0.000000 0.000000 0.100000
vn 0.000000 0.000000 0.100000
vn 0.000000 0.000000 0.100000
vn 0.000000 0.000000 0.100000
vn 0.000000 0.000000 0.100000
vn 0.000000 0.000000 0.100000
vn 0.000000 0.000000 0.100000
vn 0.000000 0.000000 0.100000
vn 0.000000 0.000000 0.100000
vn 0.000000 0.000000 0.100000
vn 0.000000 0.000000 0.100000
vn 0.000000 0.000000 0.100000
vn 0.000000 0.000000 0.100000
vn 0.000000 0.000000 0.100000
vn 0.000000 0.000000 0.100000
vn 0.000000 0.000000 0.100000
vn 0.000000 0.000000 0.100000
vn 0.000000 0.000000 0.100000
vn 0.000000 0.000000 0.100000
vn 0.000000 0.000000 0.100000
vn 0.000000 0.000000 0.100000
vn 0.000000 0.000000 0.100000
vn 0.000000 0.000000 0.100000
vn 0.000000 0.000000 0.100000
vn 0.000000 0.000000 0.100000
vn 0.000000 0.000000 0.100000
vn 0.000000 0.000000 0.100000
vn 0.000000 0.000000 0.100000
vn 0.000000 0.000000 0.100000
vn 0.000000 0.000000 0.100000
vn 0.000000 0.000000 0.100000
vn 0.000000 0.000000 0.100000
vn 0.000000 0.000000 0.100000
vn 0.000000 0.000000 0.100000
vn 0.000000 0.000000 0.100000
vn 0.000000 0.000000 0.100000
vn 0.000000 0.000000 0.100000
vn 0.000000 0.000000 0.100000
vn 0.000000 0.000000 0.100000
vn 0.000000 0.000000 0.100000
vn 0.000000 0.000000 0.100000
vn 0.000000 0.000000 0.100000
vn 0.000000 0.000000 0.100000
vn 0.000000 0.000000 0.100000
vn 0.000000 0.000000 0.100000
vn 0.000000 0.000000 0.100000
vn 0.000000 0.000000 0.100000
vn 0.000000 0.000000 0.100000
vn 0.000000 0.000000 0.100000
vn 0.000000 0.000000 0.100000
vn 0.000000 0.000000 0.100000
vn 0.000000 0.000000 0.100000
vn 0.000000 0.000000 0.100000
vn 0.000000 0.000000 0.100000
vn 0.000000 0.000000 0.100000
vn 0.000000 0.000000 0.100000
vn 0.000000 0.000000 0.100000
vn 0.000000 0.000000 0.100000
vn 0.000000 0.000000 0.100000
vn 0.000000 0.000000 0.100000
vn 0.000000 0.000000 0.100000
vn 0.000000 0.000000 0.100000
vn 0.000000 0.000000 0.100000
vn 0.000000 0.000000 0.100000
vn 0.000000 0.000000 0.100000
vn 0.000000 0.000000 0.100000
vn 0.000000 0.000000 0.100000
vn 0.000000 0.000000 0.100000
vn 0.000000 0.000000 0.100000
vn 0.000000 0.000000 0.100000
vn 0.000000 0.000000 0.100000
vn 0.000000 0.000000 0.100000
vn 0.000000 0.000000 0.100000
vn 0.000000 0.000000 0.100000
vn 0.000000 0.000000 0.100000
vn 0.000000 0.000000 0.100000
vn 0.000000 0.000000 0.100000
vn 0.000000 0.000000 0.100000
vn 0.000000 0.000000 0.100000
vn 0.000000 0.000000 0.100000
vn 0.000000 0.000000 0.100000
vn 0.000000 0.000000 0.100000
vn 0.000000 0.000000 0.100000
vn 0.000000 0.000000 0.100000
vn 0.000000 0.000000 0.100000
vn 0.000000 0.000000 0.100000
vn 0.000000 0.000000 0.100000
vn 0.000000 0.000000 0.100000
vn 0.000000 0.000000 -0.100000
vn 0.000000 0.000000 -0.100000
vn 0.000000 0.000000 -0.100000
vn 0.000000 0.000000 -0.100000
vn 0.000000 0.000000 -0.100000
vn 0.000000 0.000000 -0.100000
vn 0.000000 0.000000 -0.100000
vn 0.000000 0.000000 -0.100000
vn 0.000000 0.000000 -0.100000
vn 0.000000 0.000000 -0.100000
vn 0.000000 0.000000 -0.100000
vn 0.000000 0.000000 -0.100000
vn 0.000000 0.000000 -0.100000
vn 0.000000 0.000000 -0.100000
vn 0.000000 0.000000 -0.100000
vn 0.000000 0.000000 -0.100000
vn 0.000000 0.000000 -0.100000
vn 0.000000 0.000000 -0.100000
vn 0.000000 0.000000 -0.100000
vn 0.000000 0.000000 -0.100000
vn 0.000000 0.000000 -0.100000
vn 0.000000 0.000000 -0.100000
vn 0.000000 0.000000 -0.100000
vn 0.000000 0.000000 -0.100000
vn 0.000000 0.000000 -0.100000
vn 0.000000 0.000000 -0.100000
vn 0.000000 0.000000 -0.100000
vn 0.000000 0.000000 -0.100000
vn 0.000000 0.000000 -0.100000
vn 0.000000 0.000000 -0.100000
vn 0.000000 0.000000 -0.100000
vn 0.000000 0.000000 -0.100000
vn 0.000000 0.000000 -0.100000
vn 0.000000 0.000000 -0.100000
vn 0.000000 0.000000 -0.100000
vn 0.000000 0.000000 -0.100000
vn 0.000000 0.000000 -0.100000
vn 0.000000 0.000000 -0.100000
vn 0.000000 0.000000 -0.100000
vn 0.000000 0.000000 -0.100000
vn 0.000000 0.000000 -0.100000
vn 0.000000 0.000000 -0.100000
vn 0.000000 0.000000 -0.100000
vn 0.000000 0.000000 -0.100000
vn 0.000000 0.000000 -0.100000
vn 0.000000 0.000000 -0.100000
vn 0.000000 0.000000 -0.100000
vn 0.000000 0.000000 -0.100000
vn 0.000000 0.000000 -0.100000
vn 0.000000 0.000000 -0.100000
vn 0.000000 0.000000 -0.100000
vn 0.000000 0.000000 -0.100000
vn 0.000000 0.000000 -0.100000
vn 0.000000 0.000000 -0.100000
vn 0.000000 0.000000 -0.100000
vn 0.000000 0.000000 -0.100000
vn 0.000000 0.000000 -0.100000
vn 0.000000 0.000000 -0.100000
vn 0.000000 0.000000 -0.100000
vn 0.000000 0.000000 -0.100000
vn 0.000000 0.000000 -0.100000
vn 0.000000 0.000000 -0.100000
vn 0.000000 0.000000 -0.100000
vn 0.000000 0.000000 -0.100000
vn 0.000000 0.000000 -0.100000
vn 0.000000 0.000000 -0.100000
vn 0.000000 0.000000 -0.100000
vn 0.000000 0.000000 -0.100000
vn 0.000000 0.000000 -0.100000
vn 0.000000 0.000000 -0.100000
vn 0.000000 0.000000 -0.100000
vn 0.000000 0.000000 -0.100000
vn 0.000000 0.000000 -0.100000
vn 0.000000 0.000000 -0.100000
vn 0.000000 0.000000 -0.100000
vn 0.000000 0.000000 -0.100000
vn 0.000000 0.000000 -0.100000
vn 0.000000 0.000000 -0.100000
vn 0.000000 0.000000 -0.100000
vn 0.000000 0.000000 -0.100000
vn 0.000000 0.000000 -0.100000
vn 0.000000 0.000000 -0.100000
vn 0.000000 0.000000 -0.100000
vn 0.000000 0.000000 -0.100000
vn 0.000000 0.000000 -0.100000
vn 0.000000 0.000000 -0.100000
vn 0.000000 0.000000 -0.100000
vn 0.000000 0.000000 -0.100000
vn 0.000000 0.000000 -0.100000
vn 0.000000 0.000000 -0.100000
vn 0.000000 0.000000 -0.100000
vn 0.000000 0.000000 -0.100000
vn 0.000000 0.000000 -0.100000
vn 0.000000 0.000000 -0.100000
vn 0.000000 0.000000 -0.100000
vn 0.000000 0.000000 -0.100000
vn 0.000000 0.000000 -0.100000
vn 0.000000 0.000000 -0.100000
vn 0.000000 0.000000 -0.100000
vn 0.000000 0.000000 -0.100000
vn 0.000000 0.000000 -0.100000
vn 0.000000 0.000000 -0.100000
vn 0.000000 0.000000 -0.100000
vn 0.000000 0.000000 -0.100000
vn 0.000000 0.000000 -0.100000
vn 0.000000 0.000000 -0.100000
vn 0.000000 0.000000 -0.100000
vn 0.000000 0.000000 -0.100000
vn 0.000000 0.000000 -0.100000
vn 0.000000 0.000000 -0.100000
vn 0.000000 0.000000 -0.100000
vn 0.000000 0.000000 -0.100000
vn 0.000000 0.000000 -0.100000
vn 0.000000 0.000000 -0.100000
vn 0.000000 0.000000 -0.100000
vn 0.000000 0.000000 -0.100000
vn 0.000000 0.000000 -0.100000
vn 0.000000 0.000000 -0.100000
vn 0.000000 0.000000 -0.100000
vn 0.000000 0.000000 -0.100000
vn 0.000000 0.000000 -0.100000
vn 0.000000 0.000000 -0.100000
vn 0.000000 0.000000 -0.100000
vn 0.000000 0.000000 -0.100000
vn 0.000000 0.000000 -0.100000
vn 0.000000 0.000000 -0.100000
vn 0.000000 0.000000 -0.100000
vn 0.000000 0.000000 -0.100000
vn 0.000000 0.000000 -0.100000
vn 0.000000 0.000000 -0.100000
vn 0.000000 0.000000 -0.100000
vn 0.000000 0.000000 -0.100000
vn 0.000000 0.000000 -0.100000
vn 0.000000 0.000000 -0.100000
vn 0.000000 0.000000 -0.100000
vn 0.000000 0.000000 -0.100000
vn 0.000000 0.000000 -0.100000
vn 0.000000 0.000000 -0.100000
vn 0.000000 0.000000 -0.100000
vn 0.000000 0.000000 -0.100000
vn 0.000000 0.000000 -0.100000
vn 0.000000 0.000000 -0.100000
vn 0.000000 0.000000 -0.100000
vn 0.000000 0.000000 -0.100000
vn 0.000000 0.000000 -0.100000
vn 0.000000 0.000000 -0.100000
vn 0.000000 0.000000 -0.100000
vn 0.000000 0.000000 -0.100000
vn 0.000000 0.000000 -0.100000
vn 0.000000 0.000000 -0.100000
vn 0.000000 0.000000 -0.100000
vn 0.000000 0.000000 -0.100000
vn 0.000000 0.000000 -0.100000
vn 0.000000 0.000000 -0.100000
vn 0.000000 0.000000 -0.100000
vn 0.000000 0.000000 -0.100000
vn 0.000000 0.000000 -0.100000
vn 0.000000 0.000000 -0.100000
vn 0.000000 0.000000 -0.100000
vn 0.000000 0.000000 -0.100000
vn 0.000000 0.000000 -0.100000
vn 0.000000 0.000000 -0.100000
vn 0.000000 0.000000 -0.100000
vn 0.000000 0.000000 -0.100000
vn 0.000000 0.000000 -0.100000
vn 0.000000 0.000000 -0.100000
vn 0.000000 0.000000 -0.100000
vn 0.000000 0.000000 -0.100000
vn 0.000000 0.000000 -0.100000
vn 0.000000 0.000000 -0.100000
vn 0.000000 0.000000 -0.100000
vn 0.000000 0.000000 -0.100000
vn 0.000000 0.000000 -0.100000
vn 0.000000 0.000000 -0.100000
vn 0.000000 0.000000 -0.100000
vn 0.000000 0.000000 -0.100000
vn 0.000000 0.000000 -0.100000
vn 0.000000 0.000000 -0.100000
vn 0.000000 0.000000 -0.100000
vn 0.000000 0.000000 -0.100000
vn 0.000000 0.000000 -0.100000
vn 0.000000 0.000000 -0.100000
vn 0.000000 0.000000 -0.100000
vn 0.000000 0.000000 -0.100000
vn 0.000000 0.000000 -0.100000
vn 0.000000 0.000000 -0.100000
vn 0.000000 0.000000 -0.100000
vn 0.000000 0.000000 -0.100000
vn 0.000000 0.000000 -0.100000
vn 0.000000 0.000000 -0.100000
vn 0.000000 0.000000 -0.100000
vn 0.000000 0.000000 -0.100000
vn 0.000000 0.000000 -0.100000
vn 0.000000 0.000000 -0.100000
vn 0.000000 0.000000 -0.100000
vn 0.000000 0.000000 -0.100000
vn 0.000000 0.000000 -0.100000
vn 0.000000 0.000000 -0.100000
vn 0.000000 0.000000 -0.100000
vn 0.000000 0.000000 -0.100000
vn 0.000000 0.000000 -0.100000
vn 0.000000 0.000000 -0.100000
vn 0.000000 0.000000 -0.100000
vn 0.000000 0.000000 -0.100000
vn 0.000000 0.000000 -0.100000
vn 0.000000 0.000000 -0.100000
vn 0.000000 0.000000 -0.100000
vn 0.000000 0.000000 -0.100000
vn 0.000000 0.000000 -0.100000
vn 0.000000 0.000000 -0.100000
vn 0.000000 0.000000 -0.100000
vn 0.000000 0.000000 -0.100000
vn 0.000000 0.000000 -0.100000
vn 0.000000 0.000000 -0.100000
vn 0.000000 0.000000 -0.100000
vn 0.000000 0.000000 -0.100000
vn 0.000000 0.000000 -0.100000
vn 0.000000 0.000000 -0.100000
vn 0.000000 0.000000 -0.100000
vn 0.000000 0.000000 -0.100000
vn 0.000000 0.000000 -0.100000
vn 0.000000 0.000000 -0.100000
vn 0.000000 0.000000 -0.100000
vn 0.000000 0.000000 -0.100000
vn 0.000000 0.000000 -0.100000
vn 0.000000 0.000000 -0.100000
vn 0.000000 0.000000 -0.100000
vn 0.000000 0.000000 -0.100000
vn 0.000000 0.000000 -0.100000
vn 0.000000 0.000000 -0.100000
vn 0.000000 0.000000 -0.100000
vn 0.000000 0.000000 -0.100000
vn 0.000000 0.000000 -0.100000
vn 0.000000 0.000000 -0.100000
vn 0.000000 0.000000 -0.100000
vn 0.000000 0.000000 -0.100000
vn 0.000000 0.000000 -0.100000
vn 0.000000 0.000000 -0.100000
vn 0.000000 0.000000 -0.100000
vn 0.000000 0.000000 -0.100000
vn 0.000000 0.000000 -0.100000
vn 0.000000 0.000000 -0.100000
vn 0.000000 0.000000 -0.100000
vn 0.000000 0.000000 -0.100000
vn 0.000000 0.000000 -0.100000
vn 0.000000 0.000000 -0.100000
vn 0.000000 0.000000 -0.100000
vn 0.000000 0.000000 -0.100000
vn 0.000000 0.000000 -0.100000
vn 0.000000 0.000000 -0.100000
vn 0.000000 0.000000 -0.100000
vn 0.000000 0.000000 -0.100000
vn 0.000000 0.000000 -0.100000
vn 0.000000 0.000000 -0.100000
vn 0.000000 0.000000 -0.100000
vn 0.000000 0.000000 -0.100000
vn 0.000000 0.000000 -0.100000
vn 0.000000 0.000000 -0.100000
vn 0.000000 0.000000 -0.100000
vn 0.000000 0.000000 -0.100000
vn 0.000000 0.000000 -0.100000
vn 0.000000 0.000000 -0.100000
vn 0.000000 0.000000 -0.100000
vn 0.000000 0.000000 -0.100000
vn 0.000000 0.000000 -0.100000
vn 0.000000 0.000000 -0.100000
vn 0.000000 0.000000 -0.100000
vn 0.000000 0.000000 -0.100000
vn 0.000000 0.000000 -0.100000
vn 0.000000 0.000000 -0.100000
vn 0.000000 0.000000 -0.100000
vn 0.000000 0.000000 -0.100000
vn 0.000000 0.000000 -0.100000
vn 0.000000 0.000000 -0.100000
vn 0.000000 0.000000 -0.100000
vn 0.000000 0.000000 -0.100000
vn 0.000000 0.000000 -0.100000
vn 0.000000 0.000000 -0.100000
vn 0.000000 0.000000 -0.100000
vn 0.000000 0.000000 -0.100000
vn 0.000000 0.000000 -0.100000
vn 0.000000 0.000000 -0.100000
vn 0.000000 0.000000 -0.100000
usemtl ABS_(White)
f 2/1/1 176/2/2 1/3/3
f 1/3/3 176/2/2 177/4/4
f 1/3/3 177/4/4 178/5/5
f 3/6/6 172/7/7 2/1/1
f 2/1/1 172/7/7 173/8/8
f 2/1/1 173/8/8 174/9/9
f 4/10/10 166/11/11 3/6/6
f 3/6/6 166/11/11 167/12/12
f 3/6/6 167/12/12 168/13/13
f 166/11/11 4/10/10 165/14/14
f 165/14/14 4/10/10 5/15/15
f 165/14/14 5/15/15 164/16/16
f 164/16/16 5/15/15 6/17/17
f 164/16/16 6/17/17 163/18/18
f 163/18/18 6/17/17 7/19/19
f 163/18/18 7/19/19 162/20/20
f 162/20/20 7/19/19 8/21/21
f 162/20/20 8/21/21 161/22/22
f 161/22/22 8/21/21 9/23/23
f 161/22/22 9/23/23 160/24/24
f 160/24/24 9/23/23 10/25/25
f 160/24/24 10/25/25 159/26/26
f 159/26/26 10/25/25 11/27/27
f 159/26/26 11/27/27 158/28/28
f 158/28/28 11/27/27 12/29/29
f 158/28/28 12/29/29 156/30/30
f 156/30/30 12/29/29 155/31/31
f 155/31/31 12/29/29 154/32/32
f 154/32/32 12/29/29 153/33/33
f 153/33/33 12/29/29 152/34/34
f 152/34/34 12/29/29 151/35/35
f 151/35/35 12/29/29 150/36/36
f 150/36/36 12/29/29 13/37/37
f 150/36/36 13/37/37 149/38/38
f 149/38/38 13/37/37 148/39/39
f 148/39/39 13/37/37 147/40/40
f 147/40/40 13/37/37 146/41/41
f 146/41/41 13/37/37 14/42/42
f 146/41/41 14/42/42 145/43/43
f 145/43/43 14/42/42 144/44/44
f 144/44/44 14/42/42 143/45/45
f 143/45/45 14/42/42 142/46/46
f 142/46/46 14/42/42 141/47/47
f 141/47/47 14/42/42 15/48/48
f 141/47/47 15/48/48 140/49/49
f 140/49/49 15/48/48 139/50/50
f 139/50/50 15/48/48 138/51/51
f 138/51/51 15/48/48 136/52/52
f 138/51/51 136/52/52 137/53/53
f 15/48/48 16/54/54 136/52/52
f 136/52/52 16/54/54 135/55/55
f 135/55/55 16/54/54 17/56/56
f 135/55/55 17/56/56 134/57/57
f 134/57/57 17/56/56 133/58/58
f 133/58/58 17/56/56 18/59/59
f 133/58/58 18/59/59 132/60/60
f 132/60/60 18/59/59 19/61/61
f 132/60/60 19/61/61 131/62/62
f 131/62/62 19/61/61 20/63/63
f 131/62/62 20/63/63 130/64/64
f 130/64/64 20/63/63 21/65/65
f 130/64/64 21/65/65 129/66/66
f 129/66/66 21/65/65 22/67/67
f 129/66/66 22/67/67 128/68/68
f 128/68/68 22/67/67 23/69/69
f 128/68/68 23/69/69 127/70/70
f 127/70/70 23/69/69 24/71/71
f 127/70/70 24/71/71 125/72/72
f 125/72/72 24/71/71 124/73/73
f 124/73/73 24/71/71 123/74/74
f 123/74/74 24/71/71 122/75/75
f 122/75/75 24/71/71 121/76/76
f 121/76/76 24/71/71 120/77/77
f 120/77/77 24/71/71 25/78/78
f 120/77/77 25/78/78 119/79/79
f 119/79/79 25/78/78 118/80/80
f 118/80/80 25/78/78 117/81/81
f 117/81/81 25/78/78 116/82/82
f 116/82/82 25/78/78 115/83/83
f 115/83/83 25/78/78 26/84/84
f 115/83/83 26/84/84 114/85/85
f 114/85/85 26/84/84 113/86/86
f 113/86/86 26/84/84 112/87/87
f 112/87/87 26/84/84 111/88/88
f 111/88/88 26/84/84 27/89/89
f 111/88/88 27/89/89 110/90/90
f 110/90/90 27/89/89 109/91/91
f 109/91/91 27/89/89 108/92/92
f 108/92/92 27/89/89 105/93/93
f 108/92/92 105/93/93 107/94/94
f 107/94/94 105/93/93 106/95/95
f 27/89/89 28/96/96 105/93/93
f 105/93/93 28/96/96 104/97/97
f 104/97/97 28/96/96 29/98/98
f 104/97/97 29/98/98 103/99/99
f 103/99/99 29/98/98 30/100/100
f 103/99/99 30/100/100 102/101/101
f 102/101/101 30/100/100 31/102/102
f 102/101/101 31/102/102 101/103/103
f 101/103/103 31/102/102 100/104/104
f 100/104/104 31/102/102 32/105/105
f 100/104/104 32/105/105 99/106/106
f 99/106/106 32/105/105 33/107/107
f 99/106/106 33/107/107 98/108/108
f 98/108/108 33/107/107 34/109/109
f 98/108/108 34/109/109 97/110/110
f 97/110/110 34/109/109 35/111/111
f 97/110/110 35/111/111 96/112/112
f 96/112/112 35/111/111 36/113/113
f 96/112/112 36/113/113 94/114/114
f 94/114/114 36/113/113 93/115/115
f 93/115/115 36/113/113 92/116/116
f 92/116/116 36/113/113 91/117/117
f 91/117/117 36/113/113 90/118/118
f 90/118/118 36/113/113 37/119/119
f 90/118/118 37/119/119 89/120/120
f 89/120/120 37/119/119 88/121/121
f 88/121/121 37/119/119 87/122/122
f 87/122/122 37/119/119 86/123/123
f 86/123/123 37/119/119 85/124/124
f 85/124/124 37/119/119 38/125/125
f 85/124/124 38/125/125 84/126/126
f 84/126/126 38/125/125 83/127/127
f 83/127/127 38/125/125 82/128/128
f 82/128/128 38/125/125 81/129/129
f 81/129/129 38/125/125 39/130/130
f 81/129/129 39/130/130 80/131/131
f 80/131/131 39/130/130 79/132/132
f 79/132/132 39/130/130 78/133/133
f 78/133/133 39/130/130 74/134/134
f 78/133/133 74/134/134 77/135/135
f 77/135/135 74/134/134 76/136/136
f 76/136/136 74/134/134 75/137/137
f 39/130/130 40/138/138 74/134/134
f 74/134/134 40/138/138 259/139/139
f 259/139/139 40/138/138 41/140/140
f 259/139/139 41/140/140 258/141/141
f 258/141/141 41/140/140 42/142/142
f 258/141/141 42/142/142 257/143/143
f 257/143/143 42/142/142 43/144/144
f 257/143/143 43/144/144 256/145/145
f 256/145/145 43/144/144 44/146/146
f 256/145/145 44/146/146 255/147/147
f 255/147/147 44/146/146 254/148/148
f 254/148/148 44/146/146 45/149/149
f 254/148/148 45/149/149 253/150/150
f 253/150/150 45/149/149 46/151/151
f 253/150/150 46/151/151 252/152/152
f 252/152/152 46/151/151 47/153/153
f 252/152/152 47/153/153 251/154/154
f 251/154/154 47/153/153 48/155/155
f 251/154/154 48/155/155 249/156/156
f 249/156/156 48/155/155 248/157/157
f 248/157/157 48/155/155 247/158/158
f 247/158/158 48/155/155 246/159/159
f 246/159/159 48/155/155 49/160/160
f 246/159/159 49/160/160 245/161/161
f 245/161/161 49/160/160 244/162/162
f 244/162/162 49/160/160 243/163/163
f 243/163/163 49/160/160 242/164/164
f 242/164/164 49/160/160 241/165/165
f 241/165/165 49/160/160 50/166/166
f 241/165/165 50/166/166 240/167/167
f 240/167/167 50/166/166 239/168/168
f 239/168/168 50/166/166 238/169/169
f 238/169/169 50/166/166 237/170/170
f 237/170/170 50/166/166 51/171/171
f 237/170/170 51/171/171 236/172/172
f 236/172/172 51/171/171 235/173/173
f 235/173/173 51/171/171 234/174/174
f 234/174/174 51/171/171 233/175/175
f 233/175/175 51/171/171 229/176/176
f 233/175/175 229/176/176 232/177/177
f 232/177/177 229/176/176 231/178/178
f 231/178/178 229/176/176 230/179/179
f 51/171/171 52/180/180 229/176/176
f 229/176/176 52/180/180 228/181/181
f 228/181/181 52/180/180 53/182/182
f 228/181/181 53/182/182 227/183/183
f 227/183/183 53/182/182 54/184/184
f 227/183/183 54/184/184 226/185/185
f 226/185/185 54/184/184 55/186/186
f 226/185/185 55/186/186 225/187/187
f 225/187/187 55/186/186 56/188/188
f 225/187/187 56/188/188 224/189/189
f 224/189/189 56/188/188 57/190/190
f 224/189/189 57/190/190 223/191/191
f 223/191/191 57/190/190 58/192/192
f 223/191/191 58/192/192 222/193/193
f 222/193/193 58/192/192 221/194/194
f 221/194/194 58/192/192 59/195/195
f 221/194/194 59/195/195 220/196/196
f 220/196/196 59/195/195 60/197/197
f 220/196/196 60/197/197 218/198/198
f 218/198/198 60/197/197 217/199/199
f 217/199/199 60/197/197 216/200/200
f 216/200/200 60/197/197 61/201/201
f 216/200/200 61/201/201 215/202/202
f 215/202/202 61/201/201 214/203/203
f 214/203/203 61/201/201 213/204/204
f 213/204/204 61/201/201 212/205/205
f 212/205/205 61/201/201 211/206/206
f 211/206/206 61/201/201 210/207/207
f 210/207/207 61/201/201 62/208/208
f 210/207/207 62/208/208 209/209/209
f 209/209/209 62/208/208 208/210/210
f 208/210/210 62/208/208 207/211/211
f 207/211/211 62/208/208 63/212/212
f 207/211/211 63/212/212 206/213/213
f 206/213/213 63/212/212 205/214/214
f 205/214/214 63/212/212 204/215/215
f 204/215/215 63/212/212 203/216/216
f 203/216/216 63/212/212 202/217/217
f 202/217/217 63/212/212 198/218/218
f 202/217/217 198/218/218 201/219/219
f 201/219/219 198/218/218 200/220/220
f 200/220/220 198/218/218 199/221/221
f 63/212/212 64/222/222 198/218/218
f 198/218/218 64/222/222 197/223/223
f 197/223/223 64/222/222 65/224/224
f 197/223/223 65/224/224 196/225/225
f 196/225/225 65/224/224 66/226/226
f 196/225/225 66/226/226 195/227/227
f 195/227/227 66/226/226 67/228/228
f 195/227/227 67/228/228 194/229/229
f 194/229/229 67/228/228 68/230/230
f 194/229/229 68/230/230 193/231/231
f 193/231/231 68/230/230 69/232/232
f 193/231/231 69/232/232 192/233/233
f 192/233/233 69/232/232 70/234/234
f 192/233/233 70/234/234 191/235/235
f 191/235/235 70/234/234 71/236/236
f 191/235/235 71/236/236 190/237/237
f 190/237/237 71/236/236 72/238/238
f 190/237/237 72/238/238 189/239/239
f 189/239/239 72/238/238 188/240/240
f 188/240/240 72/238/238 187/241/241
f 187/241/241 72/238/238 73/242/242
f 187/241/241 73/242/242 186/243/243
f 186/243/243 73/242/242 185/244/244
f 185/244/244 73/242/242 184/245/245
f 184/245/245 73/242/242 183/246/246
f 183/246/246 73/242/242 182/247/247
f 182/247/247 73/242/242 181/248/248
f 181/248/248 73/242/242 180/249/249
f 180/249/249 73/242/242 1/250/3
f 180/249/249 1/250/3 179/251/250
f 179/251/250 1/250/3 178/252/5
f 94/114/114 95/253/251 96/112/112
f 125/72/72 126/254/252 127/70/70
f 156/30/30 157/255/253 158/28/28
f 168/13/13 169/256/254 3/6/6
f 3/6/6 169/256/254 170/257/255
f 3/6/6 170/257/255 171/258/256
f 171/258/256 172/7/7 3/6/6
f 174/9/9 175/259/257 2/1/1
f 2/1/1 175/259/257 176/2/2
f 218/198/198 219/260/258 220/196/196
f 249/156/156 250/261/259 251/154/154
f 166/262/260 271/263/261 167/264/262
f 167/264/262 271/263/261 268/265/263
f 167/264/262 268/265/263 269/266/264
f 166/262/260 165/267/265 271/263/261
f 271/263/261 165/267/265 270/268/266
f 271/263/261 270/268/266 267/269/267
f 267/269/267 270/268/266 266/270/268
f 266/270/268 270/268/266 272/271/269
f 266/270/268 272/271/269 265/272/270
f 265/272/270 272/271/269 273/273/271
f 265/272/270 273/273/271 264/274/272
f 264/274/272 273/273/271 274/275/273
f 264/274/272 274/275/273 263/276/274
f 263/276/274 274/275/273 275/277/275
f 263/276/274 275/277/275 262/278/276
f 262/278/276 275/277/275 276/279/277
f 262/278/276 276/279/277 261/280/278
f 261/280/278 276/279/277 260/281/279
f 260/281/279 276/279/277 159/282/280
f 260/281/279 159/282/280 158/283/281
f 165/267/265 164/284/282 270/268/266
f 270/268/266 164/284/282 272/271/269
f 164/284/282 163/285/283 272/271/269
f 272/271/269 163/285/283 273/273/271
f 163/285/283 162/286/284 273/273/271
f 273/273/271 162/286/284 274/275/273
f 162/286/284 161/287/285 274/275/273
f 274/275/273 161/287/285 275/277/275
f 161/287/285 160/288/286 275/277/275
f 275/277/275 160/288/286 276/279/277
f 160/288/286 159/282/280 276/279/277
f 267/269/267 268/265/263 271/263/261
f 157/289/287 292/290/288 158/291/289
f 158/291/289 292/290/288 293/292/290
f 158/291/289 293/292/290 260/293/291
f 260/293/291 293/292/290 294/294/292
f 260/293/291 294/294/292 291/295/293
f 291/295/293 294/294/292 290/296/294
f 290/296/294 294/294/292 297/297/295
f 290/296/294 297/297/295 289/298/296
f 289/298/296 297/297/295 300/299/297
f 289/298/296 300/299/297 288/300/298
f 288/300/298 300/299/297 303/301/299
f 288/300/298 303/301/299 287/302/300
f 287/302/300 303/301/299 306/303/301
f 287/302/300 306/303/301 286/304/302
f 286/304/302 306/303/301 309/305/303
f 286/304/302 309/305/303 285/306/304
f 285/306/304 309/305/303 312/307/305
f 285/306/304 312/307/305 284/308/306
f 284/308/306 312/307/305 315/309/307
f 284/308/306 315/309/307 283/310/308
f 283/310/308 315/309/307 318/311/309
f 283/310/308 318/311/309 282/312/310
f 282/312/310 318/311/309 321/313/311
f 282/312/310 321/313/311 281/314/312
f 281/314/312 321/313/311 324/315/313
f 281/314/312 324/315/313 280/316/314
f 280/316/314 324/315/313 327/317/315
f 280/316/314 327/317/315 279/318/316
f 279/318/316 327/317/315 330/319/317
f 279/318/316 330/319/317 278/320/318
f 278/320/318 330/319/317 333/321/319
f 278/320/318 333/321/319 277/322/320
f 277/322/320 333/321/319 332/323/321
f 277/322/320 332/323/321 331/324/322
f 331/324/322 332/323/321 328/325/323
f 331/324/322 328/325/323 138/326/324
f 138/326/324 328/325/323 139/327/325
f 139/327/325 328/325/323 325/328/326
f 139/327/325 325/328/326 140/329/327
f 140/329/327 325/328/326 322/330/328
f 140/329/327 322/330/328 141/331/329
f 141/331/329 322/330/328 142/332/330
f 142/332/330 322/330/328 319/333/331
f 142/332/330 319/333/331 143/334/332
f 143/334/332 319/333/331 144/335/333
f 144/335/333 319/333/331 316/336/334
f 144/335/333 316/336/334 145/337/335
f 145/337/335 316/336/334 313/338/336
f 145/337/335 313/338/336 146/339/337
f 146/339/337 313/338/336 147/340/338
f 147/340/338 313/338/336 310/341/339
f 147/340/338 310/341/339 148/342/340
f 148/342/340 310/341/339 149/343/341
f 149/343/341 310/341/339 307/344/342
f 149/343/341 307/344/342 150/345/343
f 150/345/343 307/344/342 304/346/344
f 150/345/343 304/346/344 151/347/345
f 151/347/345 304/346/344 152/348/346
f 152/348/346 304/346/344 301/349/347
f 152/348/346 301/349/347 153/350/348
f 153/350/348 301/349/347 154/351/349
f 154/351/349 301/349/347 298/352/350
f 154/351/349 298/352/350 155/353/351
f 155/353/351 298/352/350 295/354/352
f 155/353/351 295/354/352 156/355/353
f 156/355/353 295/354/352 292/290/288
f 156/355/353 292/290/288 157/289/287
f 138/326/324 137/356/354 331/324/322
f 331/324/322 137/356/354 277/322/320
f 137/356/354 136/357/355 277/322/320
f 297/297/295 294/294/292 293/292/290
f 293/292/290 292/290/288 296/358/356
f 296/358/356 292/290/288 295/354/352
f 296/358/356 295/354/352 299/359/357
f 299/359/357 295/354/352 298/352/350
f 299/359/357 298/352/350 302/360/358
f 302/360/358 298/352/350 301/349/347
f 302/360/358 301/349/347 305/361/359
f 305/361/359 301/349/347 304/346/344
f 305/361/359 304/346/344 308/362/360
f 308/362/360 304/346/344 307/344/342
f 308/362/360 307/344/342 311/363/361
f 311/363/361 307/344/342 310/341/339
f 311/363/361 310/341/339 314/364/362
f 314/364/362 310/341/339 313/338/336
f 314/364/362 313/338/336 317/365/363
f 317/365/363 313/338/336 316/336/334
f 317/365/363 316/336/334 320/366/364
f 320/366/364 316/336/334 319/333/331
f 320/366/364 319/333/331 323/367/365
f 323/367/365 319/333/331 322/330/328
f 323/367/365 322/330/328 326/368/366
f 326/368/366 322/330/328 325/328/326
f 326/368/366 325/328/326 329/369/367
f 329/369/367 325/328/326 328/325/323
f 329/369/367 328/325/323 332/323/321
f 300/299/297 297/297/295 296/358/356
f 296/358/356 297/297/295 293/292/290
f 300/299/297 296/358/356 299/359/357
f 303/301/299 300/299/297 299/359/357
f 303/301/299 299/359/357 302/360/358
f 306/303/301 303/301/299 302/360/358
f 306/303/301 302/360/358 305/361/359
f 309/305/303 306/303/301 305/361/359
f 309/305/303 305/361/359 308/362/360
f 312/307/305 309/305/303 308/362/360
f 312/307/305 308/362/360 311/363/361
f 315/309/307 312/307/305 311/363/361
f 315/309/307 311/363/361 314/364/362
f 318/311/309 315/309/307 314/364/362
f 318/311/309 314/364/362 317/365/363
f 321/313/311 318/311/309 317/365/363
f 321/313/311 317/365/363 320/366/364
f 324/315/313 321/313/311 320/366/364
f 324/315/313 320/366/364 323/367/365
f 327/317/315 324/315/313 323/367/365
f 327/317/315 323/367/365 326/368/366
f 330/319/317 327/317/315 326/368/366
f 330/319/317 326/368/366 329/369/367
f 333/321/319 330/319/317 329/369/367
f 333/321/319 329/369/367 332/323/321
f 135/370/368 344/371/369 136/372/370
f 136/372/370 344/371/369 342/373/371
f 136/372/370 342/373/371 277/374/372
f 135/370/368 134/375/373 344/371/369
f 344/371/369 134/375/373 343/376/374
f 344/371/369 343/376/374 341/377/375
f 341/377/375 343/376/374 340/378/376
f 340/378/376 343/376/374 345/379/377
f 340/378/376 345/379/377 339/380/378
f 339/380/378 345/379/377 346/381/379
f 339/380/378 346/381/379 338/382/380
f 338/382/380 346/381/379 347/383/381
f 338/382/380 347/383/381 337/384/382
f 337/384/382 347/383/381 348/385/383
f 337/384/382 348/385/383 336/386/384
f 336/386/384 348/385/383 349/387/385
f 336/386/384 349/387/385 335/388/386
f 335/388/386 349/387/385 334/389/387
f 334/389/387 349/387/385 128/390/388
f 334/389/387 128/390/388 127/391/389
f 134/375/373 133/392/390 343/376/374
f 343/376/374 133/392/390 345/379/377
f 133/392/390 132/393/391 345/379/377
f 345/379/377 132/393/391 346/381/379
f 132/393/391 131/394/392 346/381/379
f 346/381/379 131/394/392 347/383/381
f 131/394/392 130/395/393 347/383/381
f 347/383/381 130/395/393 348/385/383
f 130/395/393 129/396/394 348/385/383
f 348/385/383 129/396/394 349/387/385
f 129/396/394 128/390/388 349/387/385
f 341/377/375 342/373/371 344/371/369
f 126/397/395 365/398/396 127/399/397
f 127/399/397 365/398/396 366/400/398
f 127/399/397 366/400/398 334/401/399
f 334/401/399 366/400/398 367/402/400
f 334/401/399 367/402/400 364/403/401
f 364/403/401 367/402/400 363/404/402
f 363/404/402 367/402/400 370/405/403
f 363/404/402 370/405/403 362/406/404
f 362/406/404 370/405/403 373/407/405
f 362/406/404 373/407/405 361/408/406
f 361/408/406 373/407/405 376/409/407
f 361/408/406 376/409/407 360/410/408
f 360/410/408 376/409/407 379/411/409
f 360/410/408 379/411/409 359/412/410
f 359/412/410 379/411/409 382/413/411
f 359/412/410 382/413/411 358/414/412
f 358/414/412 382/413/411 385/415/413
f 358/414/412 385/415/413 357/416/414
f 357/416/414 385/415/413 388/417/415
f 357/416/414 388/417/415 356/418/416
f 356/418/416 388/417/415 391/419/417
f 356/418/416 391/419/417 355/420/418
f 355/420/418 391/419/417 394/421/419
f 355/420/418 394/421/419 354/422/420
f 354/422/420 394/421/419 397/423/421
f 354/422/420 397/423/421 353/424/422
f 353/424/422 397/423/421 400/425/423
f 353/424/422 400/425/423 352/426/424
f 352/426/424 400/425/423 403/427/425
f 352/426/424 403/427/425 351/428/426
f 351/428/426 403/427/425 406/429/427
f 351/428/426 406/429/427 350/430/428
f 350/430/428 406/429/427 405/431/429
f 350/430/428 405/431/429 404/432/430
f 404/432/430 405/431/429 401/433/431
f 404/432/430 401/433/431 107/434/432
f 107/434/432 401/433/431 108/435/433
f 108/435/433 401/433/431 398/436/434
f 108/435/433 398/436/434 109/437/435
f 109/437/435 398/436/434 395/438/436
f 109/437/435 395/438/436 110/439/437
f 110/439/437 395/438/436 111/440/438
f 111/440/438 395/438/436 392/441/439
f 111/440/438 392/441/439 112/442/440
f 112/442/440 392/441/439 113/443/441
f 113/443/441 392/441/439 389/444/442
f 113/443/441 389/444/442 114/445/443
f 114/445/443 389/444/442 386/446/444
f 114/445/443 386/446/444 115/447/445
f 115/447/445 386/446/444 116/448/446
f 116/448/446 386/446/444 383/449/447
f 116/448/446 383/449/447 117/450/448
f 117/450/448 383/449/447 118/451/449
f 118/451/449 383/449/447 380/452/450
f 118/451/449 380/452/450 119/453/451
f 119/453/451 380/452/450 377/454/452
f 119/453/451 377/454/452 120/455/453
f 120/455/453 377/454/452 121/456/454
f 121/456/454 377/454/452 374/457/455
f 121/456/454 374/457/455 122/458/456
f 122/458/456 374/457/455 123/459/457
f 123/459/457 374/457/455 371/460/458
f 123/459/457 371/460/458 124/461/459
f 124/461/459 371/460/458 368/462/460
f 124/461/459 368/462/460 125/463/461
f 125/463/461 368/462/460 365/398/396
f 125/463/461 365/398/396 126/397/395
f 107/434/432 106/464/462 404/432/430
f 404/432/430 106/464/462 350/430/428
f 106/464/462 105/465/463 350/430/428
f 370/405/403 367/402/400 366/400/398
f 366/400/398 365/398/396 369/466/464
f 369/466/464 365/398/396 368/462/460
f 369/466/464 368/462/460 372/467/465
f 372/467/465 368/462/460 371/460/458
f 372/467/465 371/460/458 375/468/466
f 375/468/466 371/460/458 374/457/455
f 375/468/466 374/457/455 378/469/467
f 378/469/467 374/457/455 377/454/452
f 378/469/467 377/454/452 381/470/468
f 381/470/468 377/454/452 380/452/450
f 381/470/468 380/452/450 384/471/469
f 384/471/469 380/452/450 383/449/447
f 384/471/469 383/449/447 387/472/470
f 387/472/470 383/449/447 386/446/444
f 387/472/470 386/446/444 390/473/471
f 390/473/471 386/446/444 389/444/442
f 390/473/471 389/444/442 393/474/472
f 393/474/472 389/444/442 392/441/439
f 393/474/472 392/441/439 396/475/473
f 396/475/473 392/441/439 395/438/436
f 396/475/473 395/438/436 399/476/474
f 399/476/474 395/438/436 398/436/434
f 399/476/474 398/436/434 402/477/475
f 402/477/475 398/436/434 401/433/431
f 402/477/475 401/433/431 405/431/429
f 373/407/405 370/405/403 369/466/464
f 369/466/464 370/405/403 366/400/398
f 373/407/405 369/466/464 372/467/465
f 376/409/407 373/407/405 372/467/465
f 376/409/407 372/467/465 375/468/466
f 379/411/409 376/409/407 375/468/466
f 379/411/409 375/468/466 378/469/467
f 382/413/411 379/411/409 378/469/467
f 382/413/411 378/469/467 381/470/468
f 385/415/413 382/413/411 381/470/468
f 385/415/413 381/470/468 384/471/469
f 388/417/415 385/415/413 384/471/469
f 388/417/415 384/471/469 387/472/470
f 391/419/417 388/417/415 387/472/470
f 391/419/417 387/472/470 390/473/471
f 394/421/419 391/419/417 390/473/471
f 394/421/419 390/473/471 393/474/472
f 397/423/421 394/421/419 393/474/472
f 397/423/421 393/474/472 396/475/473
f 400/425/423 397/423/421 396/475/473
f 400/425/423 396/475/473 399/476/474
f 403/427/425 400/425/423 399/476/474
f 403/427/425 399/476/474 402/477/475
f 406/429/427 403/427/425 402/477/475
f 406/429/427 402/477/475 405/431/429
f 104/478/476 417/479/477 105/480/478
f 105/480/478 417/479/477 415/481/479
f 105/480/478 415/481/479 350/482/480
f 104/478/476 103/483/481 417/479/477
f 417/479/477 103/483/481 416/484/482
f 417/479/477 416/484/482 414/485/483
f 414/485/483 416/484/482 413/486/484
f 413/486/484 416/484/482 418/487/485
f 413/486/484 418/487/485 412/488/486
f 412/488/486 418/487/485 419/489/487
f 412/488/486 419/489/487 411/490/488
f 411/490/488 419/489/487 420/491/489
f 411/490/488 420/491/489 410/492/490
f 410/492/490 420/491/489 421/493/491
f 410/492/490 421/493/491 409/494/492
f 409/494/492 421/493/491 422/495/493
f 409/494/492 422/495/493 408/496/494
f 408/496/494 422/495/493 407/497/495
f 407/497/495 422/495/493 97/498/496
f 407/497/495 97/498/496 96/499/497
f 103/483/481 102/500/498 416/484/482
f 416/484/482 102/500/498 418/487/485
f 102/500/498 101/501/499 418/487/485
f 418/487/485 101/501/499 419/489/487
f 101/501/499 100/502/500 419/489/487
f 419/489/487 100/502/500 420/491/489
f 100/502/500 99/503/501 420/491/489
f 420/491/489 99/503/501 421/493/491
f 99/503/501 98/504/502 421/493/491
f 421/493/491 98/504/502 422/495/493
f 98/504/502 97/498/496 422/495/493
f 414/485/483 415/481/479 417/479/477
f 95/505/503 438/506/504 96/507/505
f 96/507/505 438/506/504 439/508/506
f 96/507/505 439/508/506 407/509/507
f 407/509/507 439/508/506 440/510/508
f 407/509/507 440/510/508 437/511/509
f 437/511/509 440/510/508 436/512/510
f 436/512/510 440/510/508 443/513/511
f 436/512/510 443/513/511 435/514/512
f 435/514/512 443/513/511 446/515/513
f 435/514/512 446/515/513 434/516/514
f 434/516/514 446/515/513 449/517/515
f 434/516/514 449/517/515 433/518/516
f 433/518/516 449/517/515 452/519/517
f 433/518/516 452/519/517 432/520/518
f 432/520/518 452/519/517 455/521/519
f 432/520/518 455/521/519 431/522/520
f 431/522/520 455/521/519 458/523/521
f 431/522/520 458/523/521 430/524/522
f 430/524/522 458/523/521 461/525/523
f 430/524/522 461/525/523 429/526/524
f 429/526/524 461/525/523 464/527/525
f 429/526/524 464/527/525 428/528/526
f 428/528/526 464/527/525 467/529/527
f 428/528/526 467/529/527 427/530/528
f 427/530/528 467/529/527 470/531/529
f 427/530/528 470/531/529 426/532/530
f 426/532/530 470/531/529 473/533/531
f 426/532/530 473/533/531 425/534/532
f 425/534/532 473/533/531 476/535/533
f 425/534/532 476/535/533 424/536/534
f 424/536/534 476/535/533 479/537/535
f 424/536/534 479/537/535 423/538/536
f 423/538/536 479/537/535 478/539/537
f 423/538/536 478/539/537 477/540/538
f 477/540/538 478/539/537 474/541/539
f 477/540/538 474/541/539 76/542/540
f 76/542/540 474/541/539 77/543/541
f 77/543/541 474/541/539 471/544/542
f 77/543/541 471/544/542 78/545/543
f 78/545/543 471/544/542 468/546/544
f 78/545/543 468/546/544 79/547/545
f 79/547/545 468/546/544 80/548/546
f 80/548/546 468/546/544 465/549/547
f 80/548/546 465/549/547 81/550/548
f 81/550/548 465/549/547 82/551/549
f 82/551/549 465/549/547 462/552/550
f 82/551/549 462/552/550 83/553/551
f 83/553/551 462/552/550 459/554/552
f 83/553/551 459/554/552 84/555/553
f 84/555/553 459/554/552 85/556/554
f 85/556/554 459/554/552 456/557/555
f 85/556/554 456/557/555 86/558/556
f 86/558/556 456/557/555 87/559/557
f 87/559/557 456/557/555 453/560/558
f 87/559/557 453/560/558 88/561/559
f 88/561/559 453/560/558 450/562/560
f 88/561/559 450/562/560 89/563/561
f 89/563/561 450/562/560 90/564/562
f 90/564/562 450/562/560 447/565/563
f 90/564/562 447/565/563 91/566/564
f 91/566/564 447/565/563 92/567/565
f 92/567/565 447/565/563 444/568/566
f 92/567/565 444/568/566 93/569/567
f 93/569/567 444/568/566 441/570/568
f 93/569/567 441/570/568 94/571/569
f 94/571/569 441/570/568 438/506/504
f 94/571/569 438/506/504 95/505/503
f 76/542/540 75/572/570 477/540/538
f 477/540/538 75/572/570 423/538/536
f 75/572/570 74/573/571 423/538/536
f 443/513/511 440/510/508 439/508/506
f 439/508/506 438/506/504 442/574/572
f 442/574/572 438/506/504 441/570/568
f 442/574/572 441/570/568 445/575/573
f 445/575/573 441/570/568 444/568/566
f 445/575/573 444/568/566 448/576/574
f 448/576/574 444/568/566 447/565/563
f 448/576/574 447/565/563 451/577/575
f 451/577/575 447/565/563 450/562/560
f 451/577/575 450/562/560 454/578/576
f 454/578/576 450/562/560 453/560/558
f 454/578/576 453/560/558 457/579/577
f 457/579/577 453/560/558 456/557/555
f 457/579/577 456/557/555 460/580/578
f 460/580/578 456/557/555 459/554/552
f 460/580/578 459/554/552 463/581/579
f 463/581/579 459/554/552 462/552/550
f 463/581/579 462/552/550 466/582/580
f 466/582/580 462/552/550 465/549/547
f 466/582/580 465/549/547 469/583/581
f 469/583/581 465/549/547 468/546/544
f 469/583/581 468/546/544 472/584/582
f 472/584/582 468/546/544 471/544/542
f 472/584/582 471/544/542 475/585/583
f 475/585/583 471/544/542 474/541/539
f 475/585/583 474/541/539 478/539/537
f 446/515/513 443/513/511 442/574/572
f 442/574/572 443/513/511 439/508/506
f 446/515/513 442/574/572 445/575/573
f 449/517/515 446/515/513 445/575/573
f 449/517/515 445/575/573 448/576/574
f 452/519/517 449/517/515 448/576/574
f 452/519/517 448/576/574 451/577/575
f 455/521/519 452/519/517 451/577/575
f 455/521/519 451/577/575 454/578/576
f 458/523/521 455/521/519 454/578/576
f 458/523/521 454/578/576 457/579/577
f 461/525/523 458/523/521 457/579/577
f 461/525/523 457/579/577 460/580/578
f 464/527/525 461/525/523 460/580/578
f 464/527/525 460/580/578 463/581/579
f 467/529/527 464/527/525 463/581/579
f 467/529/527 463/581/579 466/582/580
f 470/531/529 467/529/527 466/582/580
f 470/531/529 466/582/580 469/583/581
f 473/533/531 470/531/529 469/583/581
f 473/533/531 469/583/581 472/584/582
f 476/535/533 473/533/531 472/584/582
f 476/535/533 472/584/582 475/585/583
f 479/537/535 476/535/533 475/585/583
f 479/537/535 475/585/583 478/539/537
f 250/586/584 496/587/585 251/588/586
f 251/588/586 496/587/585 497/589/587
f 251/588/586 497/589/587 495/590/588
f 495/590/588 497/589/587 498/591/589
f 495/590/588 498/591/589 494/592/590
f 494/592/590 498/591/589 493/593/591
f 493/593/591 498/591/589 501/594/592
f 493/593/591 501/594/592 492/595/593
f 492/595/593 501/594/592 504/596/594
f 492/595/593 504/596/594 491/597/595
f 491/597/595 504/596/594 507/598/596
f 491/597/595 507/598/596 490/599/597
f 490/599/597 507/598/596 510/600/598
f 490/599/597 510/600/598 489/601/599
f 489/601/599 510/600/598 513/602/600
f 489/601/599 513/602/600 488/603/601
f 488/603/601 513/602/600 516/604/602
f 488/603/601 516/604/602 487/605/603
f 487/605/603 516/604/602 519/606/604
f 487/605/603 519/606/604 486/607/605
f 486/607/605 519/606/604 522/608/606
f 486/607/605 522/608/606 485/609/607
f 485/609/607 522/608/606 525/610/608
f 485/609/607 525/610/608 484/611/609
f 484/611/609 525/610/608 528/612/610
f 484/611/609 528/612/610 483/613/611
f 483/613/611 528/612/610 531/614/612
f 483/613/611 531/614/612 482/615/613
f 482/615/613 531/614/612 534/616/614
f 482/615/613 534/616/614 481/617/615
f 481/617/615 534/616/614 537/618/616
f 481/617/615 537/618/616 480/619/617
f 480/619/617 537/618/616 536/620/618
f 480/619/617 536/620/618 535/621/619
f 535/621/619 536/620/618 532/622/620
f 535/621/619 532/622/620 231/623/621
f 231/623/621 532/622/620 232/624/622
f 232/624/622 532/622/620 529/625/623
f 232/624/622 529/625/623 233/626/624
f 233/626/624 529/625/623 526/627/625
f 233/626/624 526/627/625 234/628/626
f 234/628/626 526/627/625 235/629/627
f 235/629/627 526/627/625 523/630/628
f 235/629/627 523/630/628 236/631/629
f 236/631/629 523/630/628 237/632/630
f 237/632/630 523/630/628 520/633/631
f 237/632/630 520/633/631 238/634/632
f 238/634/632 520/633/631 517/635/633
f 238/634/632 517/635/633 239/636/634
f 239/636/634 517/635/633 240/637/635
f 240/637/635 517/635/633 514/638/636
f 240/637/635 514/638/636 241/639/637
f 241/639/637 514/638/636 242/640/638
f 242/640/638 514/638/636 511/641/639
f 242/640/638 511/641/639 243/642/640
f 243/642/640 511/641/639 508/643/641
f 243/642/640 508/643/641 244/644/642
f 244/644/642 508/643/641 245/645/643
f 245/645/643 508/643/641 505/646/644
f 245/645/643 505/646/644 246/647/645
f 246/647/645 505/646/644 247/648/646
f 247/648/646 505/646/644 502/649/647
f 247/648/646 502/649/647 248/650/648
f 248/650/648 502/649/647 499/651/649
f 248/650/648 499/651/649 249/652/650
f 249/652/650 499/651/649 496/587/585
f 249/652/650 496/587/585 250/586/584
f 231/623/621 230/653/651 535/621/619
f 535/621/619 230/653/651 480/619/617
f 230/653/651 229/654/652 480/619/617
f 501/594/592 498/591/589 497/589/587
f 497/589/587 496/587/585 500/655/653
f 500/655/653 496/587/585 499/651/649
f 500/655/653 499/651/649 503/656/654
f 503/656/654 499/651/649 502/649/647
f 503/656/654 502/649/647 506/657/655
f 506/657/655 502/649/647 505/646/644
f 506/657/655 505/646/644 509/658/656
f 509/658/656 505/646/644 508/643/641
f 509/658/656 508/643/641 512/659/657
f 512/659/657 508/643/641 511/641/639
f 512/659/657 511/641/639 515/660/658
f 515/660/658 511/641/639 514/638/636
f 515/660/658 514/638/636 518/661/659
f 518/661/659 514/638/636 517/635/633
f 518/661/659 517/635/633 521/662/660
f 521/662/660 517/635/633 520/633/631
f 521/662/660 520/633/631 524/663/661
f 524/663/661 520/633/631 523/630/628
f 524/663/661 523/630/628 527/664/662
f 527/664/662 523/630/628 526/627/625
f 527/664/662 526/627/625 530/665/663
f 530/665/663 526/627/625 529/625/623
f 530/665/663 529/625/623 533/666/664
f 533/666/664 529/625/623 532/622/620
f 533/666/664 532/622/620 536/620/618
f 504/596/594 501/594/592 500/655/653
f 500/655/653 501/594/592 497/589/587
f 504/596/594 500/655/653 503/656/654
f 507/598/596 504/596/594 503/656/654
f 507/598/596 503/656/654 506/657/655
f 510/600/598 507/598/596 506/657/655
f 510/600/598 506/657/655 509/658/656
f 513/602/600 510/600/598 509/658/656
f 513/602/600 509/658/656 512/659/657
f 516/604/602 513/602/600 512/659/657
f 516/604/602 512/659/657 515/660/658
f 519/606/604 516/604/602 515/660/658
f 519/606/604 515/660/658 518/661/659
f 522/608/606 519/606/604 518/661/659
f 522/608/606 518/661/659 521/662/660
f 525/610/608 522/608/606 521/662/660
f 525/610/608 521/662/660 524/663/661
f 528/612/610 525/610/608 524/663/661
f 528/612/610 524/663/661 527/664/662
f 531/614/612 528/612/610 527/664/662
f 531/614/612 527/664/662 530/665/663
f 534/616/614 531/614/612 530/665/663
f 534/616/614 530/665/663 533/666/664
f 537/618/616 534/616/614 533/666/664
f 537/618/616 533/666/664 536/620/618
f 219/667/665 554/668/666 220/669/667
f 220/669/667 554/668/666 555/670/668
f 220/669/667 555/670/668 553/671/669
f 553/671/669 555/670/668 556/672/670
f 553/671/669 556/672/670 552/673/671
f 552/673/671 556/672/670 551/674/672
f 551/674/672 556/672/670 559/675/673
f 551/674/672 559/675/673 550/676/674
f 550/676/674 559/675/673 562/677/675
f 550/676/674 562/677/675 549/678/676
f 549/678/676 562/677/675 565/679/677
f 549/678/676 565/679/677 548/680/678
f 548/680/678 565/679/677 568/681/679
f 548/680/678 568/681/679 547/682/680
f 547/682/680 568/681/679 571/683/681
f 547/682/680 571/683/681 546/684/682
f 546/684/682 571/683/681 574/685/683
f 546/684/682 574/685/683 545/686/684
f 545/686/684 574/685/683 577/687/685
f 545/686/684 577/687/685 544/688/686
f 544/688/686 577/687/685 580/689/687
f 544/688/686 580/689/687 543/690/688
f 543/690/688 580/689/687 583/691/689
f 543/690/688 583/691/689 542/692/690
f 542/692/690 583/691/689 586/693/691
f 542/692/690 586/693/691 541/694/692
f 541/694/692 586/693/691 589/695/693
f 541/694/692 589/695/693 540/696/694
f 540/696/694 589/695/693 592/697/695
f 540/696/694 592/697/695 539/698/696
f 539/698/696 592/697/695 595/699/697
f 539/698/696 595/699/697 538/700/698
f 538/700/698 595/699/697 594/701/699
f 538/700/698 594/701/699 593/702/700
f 593/702/700 594/701/699 590/703/701
f 593/702/700 590/703/701 200/704/702
f 200/704/702 590/703/701 201/705/703
f 201/705/703 590/703/701 587/706/704
f 201/705/703 587/706/704 202/707/705
f 202/707/705 587/706/704 584/708/706
f 202/707/705 584/708/706 203/709/707
f 203/709/707 584/708/706 204/710/708
f 204/710/708 584/708/706 581/711/709
f 204/710/708 581/711/709 205/712/710
f 205/712/710 581/711/709 206/713/711
f 206/713/711 581/711/709 578/714/712
f 206/713/711 578/714/712 207/715/713
f 207/715/713 578/714/712 575/716/714
f 207/715/713 575/716/714 208/717/715
f 208/717/715 575/716/714 209/718/716
f 209/718/716 575/716/714 572/719/717
f 209/718/716 572/719/717 210/720/718
f 210/720/718 572/719/717 211/721/719
f 211/721/719 572/719/717 569/722/720
f 211/721/719 569/722/720 212/723/721
f 212/723/721 569/722/720 566/724/722
f 212/723/721 566/724/722 213/725/723
f 213/725/723 566/724/722 214/726/724
f 214/726/724 566/724/722 563/727/725
f 214/726/724 563/727/725 215/728/726
f 215/728/726 563/727/725 216/729/727
f 216/729/727 563/727/725 560/730/728
f 216/729/727 560/730/728 217/731/729
f 217/731/729 560/730/728 557/732/730
f 217/731/729 557/732/730 218/733/731
f 218/733/731 557/732/730 554/668/666
f 218/733/731 554/668/666 219/667/665
f 200/704/702 199/734/732 593/702/700
f 593/702/700 199/734/732 538/700/698
f 199/734/732 198/735/733 538/700/698
f 559/675/673 556/672/670 555/670/668
f 555/670/668 554/668/666 558/736/734
f 558/736/734 554/668/666 557/732/730
f 558/736/734 557/732/730 561/737/735
f 561/737/735 557/732/730 560/730/728
f 561/737/735 560/730/728 564/738/736
f 564/738/736 560/730/728 563/727/725
f 564/738/736 563/727/725 567/739/737
f 567/739/737 563/727/725 566/724/722
f 567/739/737 566/724/722 570/740/738
f 570/740/738 566/724/722 569/722/720
f 570/740/738 569/722/720 573/741/739
f 573/741/739 569/722/720 572/719/717
f 573/741/739 572/719/717 576/742/740
f 576/742/740 572/719/717 575/716/714
f 576/742/740 575/716/714 579/743/741
f 579/743/741 575/716/714 578/714/712
f 579/743/741 578/714/712 582/744/742
f 582/744/742 578/714/712 581/711/709
f 582/744/742 581/711/709 585/745/743
f 585/745/743 581/711/709 584/708/706
f 585/745/743 584/708/706 588/746/744
f 588/746/744 584/708/706 587/706/704
f 588/746/744 587/706/704 591/747/745
f 591/747/745 587/706/704 590/703/701
f 591/747/745 590/703/701 594/701/699
f 562/677/675 559/675/673 558/736/734
f 558/736/734 559/675/673 555/670/668
f 562/677/675 558/736/734 561/737/735
f 565/679/677 562/677/675 561/737/735
f 565/679/677 561/737/735 564/738/736
f 568/681/679 565/679/677 564/738/736
f 568/681/679 564/738/736 567/739/737
f 571/683/681 568/681/679 567/739/737
f 571/683/681 567/739/737 570/740/738
f 574/685/683 571/683/681 570/740/738
f 574/685/683 570/740/738 573/741/739
f 577/687/685 574/685/683 573/741/739
f 577/687/685 573/741/739 576/742/740
f 580/689/687 577/687/685 576/742/740
f 580/689/687 576/742/740 579/743/741
f 583/691/689 580/689/687 579/743/741
f 583/691/689 579/743/741 582/744/742
f 586/693/691 583/691/689 582/744/742
f 586/693/691 582/744/742 585/745/743
f 589/695/693 586/693/691 585/745/743
f 589/695/693 585/745/743 588/746/744
f 592/697/695 589/695/693 588/746/744
f 592/697/695 588/746/744 591/747/745
f 595/699/697 592/697/695 591/747/745
f 595/699/697 591/747/745 594/701/699
f 188/748/746 611/749/747 189/750/748
f 189/750/748 611/749/747 612/751/749
f 189/750/748 612/751/749 610/752/750
f 610/752/750 612/751/749 613/753/751
f 610/752/750 613/753/751 609/754/752
f 609/754/752 613/753/751 608/755/753
f 608/755/753 613/753/751 616/756/754
f 608/755/753 616/756/754 607/757/755
f 607/757/755 616/756/754 619/758/756
f 607/757/755 619/758/756 606/759/757
f 606/759/757 619/758/756 622/760/758
f 606/759/757 622/760/758 605/761/759
f 605/761/759 622/760/758 625/762/760
f 605/761/759 625/762/760 604/763/761
f 604/763/761 625/762/760 628/764/762
f 604/763/761 628/764/762 603/765/763
f 603/765/763 628/764/762 631/766/764
f 603/765/763 631/766/764 602/767/765
f 602/767/765 631/766/764 634/768/766
f 602/767/765 634/768/766 601/769/767
f 601/769/767 634/768/766 637/770/768
f 601/769/767 637/770/768 600/771/769
f 600/771/769 637/770/768 640/772/770
f 600/771/769 640/772/770 599/773/771
f 599/773/771 640/772/770 643/774/772
f 599/773/771 643/774/772 598/775/773
f 598/775/773 643/774/772 646/776/774
f 598/775/773 646/776/774 597/777/775
f 597/777/775 646/776/774 649/778/776
f 597/777/775 649/778/776 596/779/777
f 596/779/777 649/778/776 652/780/778
f 596/779/777 652/780/778 269/781/779
f 269/781/779 652/780/778 651/782/780
f 269/781/779 651/782/780 650/783/781
f 650/783/781 651/782/780 647/784/782
f 650/783/781 647/784/782 169/785/783
f 169/785/783 647/784/782 170/786/784
f 170/786/784 647/784/782 644/787/785
f 170/786/784 644/787/785 171/788/786
f 171/788/786 644/787/785 641/789/787
f 171/788/786 641/789/787 172/790/788
f 172/790/788 641/789/787 173/791/789
f 173/791/789 641/789/787 638/792/790
f 173/791/789 638/792/790 174/793/791
f 174/793/791 638/792/790 175/794/792
f 175/794/792 638/792/790 635/795/793
f 175/794/792 635/795/793 176/796/794
f 176/796/794 635/795/793 632/797/795
f 176/796/794 632/797/795 177/798/796
f 177/798/796 632/797/795 178/799/797
f 178/799/797 632/797/795 629/800/798
f 178/799/797 629/800/798 179/801/799
f 179/801/799 629/800/798 180/802/800
f 180/802/800 629/800/798 626/803/801
f 180/802/800 626/803/801 181/804/802
f 181/804/802 626/803/801 623/805/803
f 181/804/802 623/805/803 182/806/804
f 182/806/804 623/805/803 183/807/805
f 183/807/805 623/805/803 620/808/806
f 183/807/805 620/808/806 184/809/807
f 184/809/807 620/808/806 185/810/808
f 185/810/808 620/808/806 617/811/809
f 185/810/808 617/811/809 186/812/810
f 186/812/810 617/811/809 614/813/811
f 186/812/810 614/813/811 187/814/812
f 187/814/812 614/813/811 611/749/747
f 187/814/812 611/749/747 188/748/746
f 169/785/783 168/815/813 650/783/781
f 650/783/781 168/815/813 269/781/779
f 168/815/813 167/816/814 269/781/779
f 616/756/754 613/753/751 612/751/749
f 612/751/749 611/749/747 615/817/815
f 615/817/815 611/749/747 614/813/811
f 615/817/815 614/813/811 618/818/816
f 618/818/816 614/813/811 617/811/809
f 618/818/816 617/811/809 621/819/817
f 621/819/817 617/811/809 620/808/806
f 621/819/817 620/808/806 624/820/818
f 624/820/818 620/808/806 623/805/803
f 624/820/818 623/805/803 627/821/819
f 627/821/819 623/805/803 626/803/801
f 627/821/819 626/803/801 630/822/820
f 630/822/820 626/803/801 629/800/798
f 630/822/820 629/800/798 633/823/821
f 633/823/821 629/800/798 632/797/795
f 633/823/821 632/797/795 636/824/822
f 636/824/822 632/797/795 635/795/793
f 636/824/822 635/795/793 639/825/823
f 639/825/823 635/795/793 638/792/790
f 639/825/823 638/792/790 642/826/824
f 642/826/824 638/792/790 641/789/787
f 642/826/824 641/789/787 645/827/825
f 645/827/825 641/789/787 644/787/785
f 645/827/825 644/787/785 648/828/826
f 648/828/826 644/787/785 647/784/782
f 648/828/826 647/784/782 651/782/780
f 619/758/756 616/756/754 615/817/815
f 615/817/815 616/756/754 612/751/749
f 619/758/756 615/817/815 618/818/816
f 622/760/758 619/758/756 618/818/816
f 622/760/758 618/818/816 621/819/817
f 625/762/760 622/760/758 621/819/817
f 625/762/760 621/819/817 624/820/818
f 628/764/762 625/762/760 624/820/818
f 628/764/762 624/820/818 627/821/819
f 631/766/764 628/764/762 627/821/819
f 631/766/764 627/821/819 630/822/820
f 634/768/766 631/766/764 630/822/820
f 634/768/766 630/822/820 633/823/821
f 637/770/768 634/768/766 633/823/821
f 637/770/768 633/823/821 636/824/822
f 640/772/770 637/770/768 636/824/822
f 640/772/770 636/824/822 639/825/823
f 643/774/772 640/772/770 639/825/823
f 643/774/772 639/825/823 642/826/824
f 646/776/774 643/774/772 642/826/824
f 646/776/774 642/826/824 645/827/825
f 649/778/776 646/776/774 645/827/825
f 649/778/776 645/827/825 648/828/826
f 652/780/778 649/778/776 648/828/826
f 652/780/778 648/828/826 651/782/780
f 654/829/827 684/830/828 653/831/829
f 653/831/829 684/830/828 685/832/830
f 653/831/829 685/832/830 694/833/831
f 694/833/831 685/832/830 686/834/832
f 694/833/831 686/834/832 693/835/833
f 693/835/833 686/834/832 692/836/834
f 692/836/834 686/834/832 691/837/835
f 691/837/835 686/834/832 687/838/836
f 691/837/835 687/838/836 690/839/837
f 690/839/837 687/838/836 689/840/838
f 689/840/838 687/838/836 688/841/839
f 684/830/828 654/829/827 683/842/840
f 683/842/840 654/829/827 655/843/841
f 683/842/840 655/843/841 682/844/842
f 682/844/842 655/843/841 656/845/843
f 682/844/842 656/845/843 681/846/844
f 681/846/844 656/845/843 657/847/845
f 681/846/844 657/847/845 658/848/846
f 681/846/844 658/848/846 680/849/847
f 680/849/847 658/848/846 659/850/848
f 680/849/847 659/850/848 679/851/849
f 679/851/849 659/850/848 660/852/850
f 679/851/849 660/852/850 678/853/851
f 678/853/851 660/852/850 661/854/852
f 678/853/851 661/854/852 677/855/853
f 677/855/853 661/854/852 662/856/854
f 677/855/853 662/856/854 676/857/855
f 676/857/855 662/856/854 663/858/856
f 676/857/855 663/858/856 675/859/857
f 675/859/857 663/858/856 664/860/858
f 675/859/857 664/860/858 674/861/859
f 674/861/859 664/860/858 665/862/860
f 674/861/859 665/862/860 673/863/861
f 673/863/861 665/862/860 666/864/862
f 673/863/861 666/864/862 672/865/863
f 672/865/863 666/864/862 667/866/864
f 672/865/863 667/866/864 671/867/865
f 671/867/865 667/866/864 668/868/866
f 671/867/865 668/868/866 670/869/867
f 670/869/867 668/868/866 669/870/868
f 695/871/869 696/872/870 669/873/868
f 669/873/868 696/872/870 670/874/867
f 777/875/871 697/876/872 766/877/873
f 766/877/873 697/876/872 698/878/874
f 766/877/873 698/878/874 765/879/875
f 765/879/875 698/878/874 699/880/876
f 765/879/875 699/880/876 764/881/877
f 764/881/877 699/880/876 700/882/878
f 764/881/877 700/882/878 763/883/879
f 763/883/879 700/882/878 701/884/880
f 763/883/879 701/884/880 762/885/881
f 762/885/881 701/884/880 702/886/882
f 762/885/881 702/886/882 703/887/883
f 762/885/881 703/887/883 761/888/884
f 761/888/884 703/887/883 704/889/885
f 761/888/884 704/889/885 760/890/886
f 760/890/886 704/889/885 705/891/887
f 760/890/886 705/891/887 759/892/888
f 759/892/888 705/891/887 706/893/889
f 759/892/888 706/893/889 758/894/890
f 758/894/890 706/893/889 707/895/891
f 758/894/890 707/895/891 708/896/892
f 758/894/890 708/896/892 757/897/893
f 757/897/893 708/896/892 709/898/894
f 757/897/893 709/898/894 756/899/895
f 756/899/895 709/898/894 710/900/896
f 756/899/895 710/900/896 755/901/897
f 755/901/897 710/900/896 711/902/898
f 755/901/897 711/902/898 754/903/899
f 754/903/899 711/902/898 712/904/900
f 754/903/899 712/904/900 713/905/901
f 754/903/899 713/905/901 753/906/902
f 753/906/902 713/905/901 714/907/903
f 753/906/902 714/907/903 752/908/904
f 752/908/904 714/907/903 715/909/905
f 752/908/904 715/909/905 751/910/906
f 751/910/906 715/909/905 716/911/907
f 751/910/906 716/911/907 750/912/908
f 750/912/908 716/911/907 717/913/909
f 750/912/908 717/913/909 749/914/910
f 749/914/910 717/913/909 718/915/911
f 749/914/910 718/915/911 719/916/912
f 749/914/910 719/916/912 748/917/913
f 748/917/913 719/916/912 720/918/914
f 748/917/913 720/918/914 747/919/915
f 747/919/915 720/918/914 721/920/916
f 747/919/915 721/920/916 746/921/917
f 746/921/917 721/920/916 722/922/918
f 746/921/917 722/922/918 745/923/919
f 745/923/919 722/922/918 723/924/920
f 745/923/919 723/924/920 724/925/921
f 745/923/919 724/925/921 744/926/922
f 744/926/922 724/925/921 725/927/923
f 744/926/922 725/927/923 743/928/924
f 743/928/924 725/927/923 726/929/925
f 743/928/924 726/929/925 742/930/926
f 742/930/926 726/929/925 727/931/927
f 742/930/926 727/931/927 741/932/928
f 741/932/928 727/931/927 728/933/929
f 741/932/928 728/933/929 729/934/930
f 741/932/928 729/934/930 740/935/931
f 740/935/931 729/934/930 730/936/932
f 740/935/931 730/936/932 739/937/933
f 739/937/933 730/936/932 731/938/934
f 739/937/933 731/938/934 738/939/935
f 738/939/935 731/938/934 732/940/936
f 738/939/935 732/940/936 737/941/937
f 737/941/937 732/940/936 653/942/938
f 737/941/937 653/942/938 694/943/939
f 737/941/937 694/943/939 736/944/940
f 736/944/940 694/943/939 693/945/941
f 736/944/940 693/945/941 735/946/942
f 735/946/942 693/945/941 692/947/943
f 735/946/942 692/947/943 691/948/944
f 735/946/942 691/948/944 734/949/945
f 734/949/945 691/948/944 690/950/946
f 734/949/945 690/950/946 733/951/947
f 733/951/947 690/950/946 689/952/948
f 733/951/947 689/952/948 688/953/949
f 766/877/873 767/954/950 777/875/871
f 777/875/871 767/954/950 776/955/951
f 776/955/951 767/954/950 768/956/952
f 776/955/951 768/956/952 775/957/953
f 775/957/953 768/956/952 774/958/954
f 774/958/954 768/956/952 769/959/955
f 774/958/954 769/959/955 773/960/956
f 773/960/956 769/959/955 770/961/957
f 773/960/956 770/961/957 772/962/958
f 772/962/958 770/961/957 771/963/959
f 778/964/960 779/965/961 781/966/962
f 781/966/962 779/965/961 780/967/963
f 771/968/964 782/969/965 772/970/966
f 772/970/966 782/969/965 773/971/967
f 773/971/967 782/969/965 774/972/968
f 774/972/968 782/969/965 783/973/969
f 774/972/968 783/973/969 775/974/970
f 775/974/970 783/973/969 776/975/971
f 776/975/971 783/973/969 784/976/972
f 776/975/971 784/976/972 777/977/973
f 777/977/973 784/976/972 697/978/974
f 697/978/974 784/976/972 785/979/975
f 697/978/974 785/979/975 813/980/976
f 813/980/976 785/979/975 786/981/977
f 813/980/976 786/981/977 812/982/978
f 812/982/978 786/981/977 787/983/979
f 812/982/978 787/983/979 811/984/980
f 811/984/980 787/983/979 788/985/981
f 811/984/980 788/985/981 810/986/982
f 810/986/982 788/985/981 809/987/983
f 809/987/983 788/985/981 789/988/984
f 809/987/983 789/988/984 808/989/985
f 808/989/985 789/988/984 790/990/986
f 808/989/985 790/990/986 807/991/987
f 807/991/987 790/990/986 791/992/988
f 807/991/987 791/992/988 806/993/989
f 806/993/989 791/992/988 792/994/990
f 806/993/989 792/994/990 805/995/991
f 805/995/991 792/994/990 793/996/992
f 805/995/991 793/996/992 804/997/993
f 804/997/993 793/996/992 794/998/994
f 804/997/993 794/998/994 803/999/995
f 803/999/995 794/998/994 795/1000/996
f 803/999/995 795/1000/996 802/1001/997
f 802/1001/997 795/1000/996 796/1002/998
f 802/1001/997 796/1002/998 801/1003/999
f 801/1003/999 796/1002/998 797/1004/1000
f 801/1003/999 797/1004/1000 800/1005/1001
f 800/1005/1001 797/1004/1000 798/1006/1002
f 800/1005/1001 798/1006/1002 799/1007/1003
f 799/1007/1003 798/1006/1002 781/1008/962
f 799/1007/1003 781/1008/962 780/1009/963
f 695/1010/1004 669/1011/1005 815/1012/1006
f 815/1012/1006 669/1011/1005 814/1013/1007
f 814/1014/1007 669/1015/1005 831/1016/1008
f 831/1016/1008 669/1015/1005 668/1017/1009
f 831/1016/1008 668/1017/1009 830/1018/1010
f 830/1018/1010 668/1017/1009 667/1019/1011
f 830/1018/1010 667/1019/1011 829/1020/1012
f 829/1020/1012 667/1019/1011 666/1021/1013
f 829/1020/1012 666/1021/1013 828/1022/1014
f 828/1022/1014 666/1021/1013 665/1023/1015
f 828/1022/1014 665/1023/1015 827/1024/1016
f 827/1024/1016 665/1023/1015 664/1025/1017
f 827/1024/1016 664/1025/1017 826/1026/1018
f 826/1026/1018 664/1025/1017 663/1027/1019
f 826/1026/1018 663/1027/1019 825/1028/1020
f 825/1028/1020 663/1027/1019 662/1029/1021
f 825/1028/1020 662/1029/1021 824/1030/1022
f 824/1030/1022 662/1029/1021 661/1031/1023
f 824/1030/1022 661/1031/1023 823/1032/1024
f 823/1032/1024 661/1031/1023 660/1033/1025
f 823/1032/1024 660/1033/1025 822/1034/1026
f 822/1034/1026 660/1033/1025 659/1035/1027
f 822/1034/1026 659/1035/1027 821/1036/1028
f 821/1036/1028 659/1035/1027 658/1037/1029
f 821/1036/1028 658/1037/1029 820/1038/1030
f 820/1038/1030 658/1037/1029 657/1039/1031
f 820/1038/1030 657/1039/1031 819/1040/1032
f 819/1040/1032 657/1039/1031 656/1041/1033
f 819/1040/1032 656/1041/1033 818/1042/1034
f 818/1042/1034 656/1041/1033 655/1043/1035
f 818/1042/1034 655/1043/1035 817/1044/1036
f 817/1044/1036 655/1043/1035 654/1045/1037
f 817/1044/1036 654/1045/1037 816/1046/1038
f 816/1046/1038 654/1045/1037 653/1047/1039
f 816/1048/1040 653/1049/1041 868/1050/1042
f 868/1050/1042 653/1049/1041 732/1051/1043
f 868/1050/1042 732/1051/1043 869/1052/1044
f 869/1052/1044 732/1051/1043 731/1053/1045
f 869/1052/1044 731/1053/1045 870/1054/1046
f 870/1054/1046 731/1053/1045 730/1055/1047
f 870/1054/1046 730/1055/1047 871/1056/1048
f 871/1056/1048 730/1055/1047 729/1057/1049
f 871/1056/1048 729/1057/1049 872/1058/1050
f 872/1058/1050 729/1057/1049 728/1059/1051
f 872/1058/1050 728/1059/1051 873/1060/1052
f 873/1060/1052 728/1059/1051 727/1061/1053
f 873/1060/1052 727/1061/1053 874/1062/1054
f 874/1062/1054 727/1061/1053 726/1063/1055
f 874/1062/1054 726/1063/1055 875/1064/1056
f 875/1064/1056 726/1063/1055 725/1065/1057
f 875/1064/1056 725/1065/1057 876/1066/1058
f 876/1066/1058 725/1065/1057 724/1067/1059
f 876/1066/1058 724/1067/1059 877/1068/1060
f 877/1068/1060 724/1067/1059 723/1069/1061
f 877/1068/1060 723/1069/1061 878/1070/1062
f 878/1070/1062 723/1069/1061 722/1071/1063
f 878/1070/1062 722/1071/1063 879/1072/1064
f 879/1072/1064 722/1071/1063 721/1073/1065
f 879/1072/1064 721/1073/1065 880/1074/1066
f 880/1074/1066 721/1073/1065 720/1075/1067
f 880/1074/1066 720/1075/1067 881/1076/1068
f 881/1076/1068 720/1075/1067 719/1077/1069
f 881/1076/1068 719/1077/1069 882/1078/1070
f 882/1078/1070 719/1077/1069 718/1079/1071
f 882/1078/1070 718/1079/1071 883/1080/1072
f 883/1080/1072 718/1079/1071 717/1081/1073
f 883/1080/1072 717/1081/1073 884/1082/1074
f 884/1082/1074 717/1081/1073 716/1083/1075
f 884/1082/1074 716/1083/1075 885/1084/1076
f 885/1084/1076 716/1083/1075 715/1085/1077
f 885/1084/1076 715/1085/1077 886/1086/1078
f 886/1086/1078 715/1085/1077 714/1087/1079
f 886/1086/1078 714/1087/1079 887/1088/1080
f 887/1088/1080 714/1087/1079 713/1089/1081
f 887/1088/1080 713/1089/1081 888/1090/1082
f 888/1090/1082 713/1089/1081 712/1091/1083
f 888/1090/1082 712/1091/1083 889/1092/1084
f 889/1092/1084 712/1091/1083 711/1093/1085
f 889/1092/1084 711/1093/1085 890/1094/1086
f 890/1094/1086 711/1093/1085 710/1095/1087
f 890/1094/1086 710/1095/1087 891/1096/1088
f 891/1096/1088 710/1095/1087 709/1097/1089
f 891/1096/1088 709/1097/1089 892/1098/1090
f 892/1098/1090 709/1097/1089 708/1099/1091
f 892/1098/1090 708/1099/1091 893/1100/1092
f 893/1100/1092 708/1099/1091 707/1101/1093
f 893/1100/1092 707/1101/1093 894/1102/1094
f 894/1102/1094 707/1101/1093 706/1103/1095
f 894/1102/1094 706/1103/1095 895/1104/1096
f 895/1104/1096 706/1103/1095 705/1105/1097
f 895/1104/1096 705/1105/1097 896/1106/1098
f 896/1106/1098 705/1105/1097 704/1107/1099
f 896/1106/1098 704/1107/1099 897/1108/1100
f 897/1108/1100 704/1107/1099 703/1109/1101
f 897/1108/1100 703/1109/1101 898/1110/1102
f 898/1110/1102 703/1109/1101 702/1111/1103
f 898/1110/1102 702/1111/1103 899/1112/1104
f 899/1112/1104 702/1111/1103 701/1113/1105
f 899/1112/1104 701/1113/1105 900/1114/1106
f 900/1114/1106 701/1113/1105 700/1115/1107
f 900/1114/1106 700/1115/1107 901/1116/1108
f 901/1116/1108 700/1115/1107 699/1117/1109
f 901/1116/1108 699/1117/1109 902/1118/1110
f 902/1118/1110 699/1117/1109 698/1119/1111
f 902/1118/1110 698/1119/1111 697/1120/1112
f 697/1120/1112 832/1121/1113 902/1118/1110
f 902/1118/1110 832/1121/1113 833/1122/1114
f 902/1118/1110 833/1122/1114 901/1116/1108
f 901/1116/1108 833/1122/1114 834/1123/1115
f 901/1116/1108 834/1123/1115 900/1114/1106
f 900/1114/1106 834/1123/1115 835/1124/1116
f 900/1114/1106 835/1124/1116 899/1112/1104
f 899/1112/1104 835/1124/1116 836/1125/1117
f 899/1112/1104 836/1125/1117 898/1110/1102
f 898/1110/1102 836/1125/1117 837/1126/1118
f 898/1110/1102 837/1126/1118 897/1108/1100
f 897/1108/1100 837/1126/1118 838/1127/1119
f 897/1108/1100 838/1127/1119 896/1106/1098
f 896/1106/1098 838/1127/1119 839/1128/1120
f 896/1106/1098 839/1128/1120 895/1104/1096
f 895/1104/1096 839/1128/1120 840/1129/1121
f 895/1104/1096 840/1129/1121 894/1102/1094
f 894/1102/1094 840/1129/1121 841/1130/1122
f 894/1102/1094 841/1130/1122 893/1100/1092
f 893/1100/1092 841/1130/1122 842/1131/1123
f 893/1100/1092 842/1131/1123 892/1098/1090
f 892/1098/1090 842/1131/1123 843/1132/1124
f 892/1098/1090 843/1132/1124 891/1096/1088
f 891/1096/1088 843/1132/1124 844/1133/1125
f 891/1096/1088 844/1133/1125 890/1094/1086
f 890/1094/1086 844/1133/1125 845/1134/1126
f 890/1094/1086 845/1134/1126 889/1092/1084
f 889/1092/1084 845/1134/1126 846/1135/1127
f 889/1092/1084 846/1135/1127 888/1090/1082
f 888/1090/1082 846/1135/1127 847/1136/1128
f 888/1090/1082 847/1136/1128 887/1088/1080
f 887/1088/1080 847/1136/1128 848/1137/1129
f 887/1088/1080 848/1137/1129 886/1086/1078
f 886/1086/1078 848/1137/1129 849/1138/1130
f 886/1086/1078 849/1138/1130 885/1084/1076
f 885/1084/1076 849/1138/1130 850/1139/1131
f 885/1084/1076 850/1139/1131 884/1082/1074
f 884/1082/1074 850/1139/1131 851/1140/1132
f 884/1082/1074 851/1140/1132 883/1080/1072
f 883/1080/1072 851/1140/1132 852/1141/1133
f 883/1080/1072 852/1141/1133 882/1078/1070
f 882/1078/1070 852/1141/1133 853/1142/1134
f 882/1078/1070 853/1142/1134 881/1076/1068
f 881/1076/1068 853/1142/1134 854/1143/1135
f 881/1076/1068 854/1143/1135 880/1074/1066
f 880/1074/1066 854/1143/1135 855/1144/1136
f 880/1074/1066 855/1144/1136 879/1072/1064
f 879/1072/1064 855/1144/1136 856/1145/1137
f 879/1072/1064 856/1145/1137 878/1070/1062
f 878/1070/1062 856/1145/1137 857/1146/1138
f 878/1070/1062 857/1146/1138 877/1068/1060
f 877/1068/1060 857/1146/1138 858/1147/1139
f 877/1068/1060 858/1147/1139 876/1066/1058
f 876/1066/1058 858/1147/1139 859/1148/1140
f 876/1066/1058 859/1148/1140 875/1064/1056
f 875/1064/1056 859/1148/1140 860/1149/1141
f 875/1064/1056 860/1149/1141 874/1062/1054
f 874/1062/1054 860/1149/1141 861/1150/1142
f 874/1062/1054 861/1150/1142 873/1060/1052
f 873/1060/1052 861/1150/1142 862/1151/1143
f 873/1060/1052 862/1151/1143 872/1058/1050
f 872/1058/1050 862/1151/1143 863/1152/1144
f 872/1058/1050 863/1152/1144 871/1056/1048
f 871/1056/1048 863/1152/1144 864/1153/1145
f 871/1056/1048 864/1153/1145 870/1054/1046
f 870/1054/1046 864/1153/1145 865/1154/1146
f 870/1054/1046 865/1154/1146 869/1052/1044
f 869/1052/1044 865/1154/1146 866/1155/1147
f 869/1052/1044 866/1155/1147 868/1050/1042
f 868/1050/1042 866/1155/1147 867/1156/1148
f 868/1050/1042 867/1156/1148 816/1048/1040
f 832/1157/1149 697/1158/1150 918/1159/1151
f 918/1159/1151 697/1158/1150 813/1160/1152
f 918/1159/1151 813/1160/1152 917/1161/1153
f 917/1161/1153 813/1160/1152 812/1162/1154
f 917/1161/1153 812/1162/1154 916/1163/1155
f 916/1163/1155 812/1162/1154 811/1164/1156
f 916/1163/1155 811/1164/1156 915/1165/1157
f 915/1165/1157 811/1164/1156 810/1166/1158
f 915/1165/1157 810/1166/1158 914/1167/1159
f 914/1167/1159 810/1166/1158 809/1168/1160
f 914/1167/1159 809/1168/1160 913/1169/1161
f 913/1169/1161 809/1168/1160 808/1170/1162
f 913/1169/1161 808/1170/1162 912/1171/1163
f 912/1171/1163 808/1170/1162 807/1172/1164
f 912/1171/1163 807/1172/1164 911/1173/1165
f 911/1173/1165 807/1172/1164 806/1174/1166
f 911/1173/1165 806/1174/1166 910/1175/1167
f 910/1175/1167 806/1174/1166 805/1176/1168
f 910/1175/1167 805/1176/1168 909/1177/1169
f 909/1177/1169 805/1176/1168 804/1178/1170
f 909/1177/1169 804/1178/1170 908/1179/1171
f 908/1179/1171 804/1178/1170 803/1180/1172
f 908/1179/1171 803/1180/1172 907/1181/1173
f 907/1181/1173 803/1180/1172 802/1182/1174
f 907/1181/1173 802/1182/1174 906/1183/1175
f 906/1183/1175 802/1182/1174 801/1184/1176
f 906/1183/1175 801/1184/1176 905/1185/1177
f 905/1185/1177 801/1184/1176 800/1186/1178
f 905/1185/1177 800/1186/1178 904/1187/1179
f 904/1187/1179 800/1186/1178 799/1188/1180
f 904/1187/1179 799/1188/1180 903/1189/1181
f 903/1189/1181 799/1188/1180 780/1190/1182
f 780/1191/1182 779/1192/1183 903/1193/1181
f 903/1193/1181 779/1192/1183 919/1194/1184
f 920/1195/1185 921/1196/1186 971/1197/1187
f 971/1197/1187 921/1196/1186 970/1198/1188
f 970/1198/1188 921/1196/1186 922/1199/1189
f 970/1198/1188 922/1199/1189 969/1200/1190
f 969/1200/1190 922/1199/1189 923/1201/1191
f 969/1200/1190 923/1201/1191 968/1202/1192
f 968/1202/1192 923/1201/1191 967/1203/1193
f 967/1203/1193 923/1201/1191 924/1204/1194
f 967/1203/1193 924/1204/1194 966/1205/1195
f 966/1205/1195 924/1204/1194 925/1206/1196
f 966/1205/1195 925/1206/1196 832/1207/1197
f 832/1207/1197 925/1206/1196 833/1208/1198
f 833/1208/1198 925/1206/1196 926/1209/1199
f 833/1208/1198 926/1209/1199 834/1210/1200
f 834/1210/1200 926/1209/1199 927/1211/1201
f 834/1210/1200 927/1211/1201 835/1212/1202
f 835/1212/1202 927/1211/1201 928/1213/1203
f 835/1212/1202 928/1213/1203 836/1214/1204
f 836/1214/1204 928/1213/1203 929/1215/1205
f 836/1214/1204 929/1215/1205 837/1216/1206
f 837/1216/1206 929/1215/1205 838/1217/1207
f 838/1217/1207 929/1215/1205 930/1218/1208
f 838/1217/1207 930/1218/1208 839/1219/1209
f 839/1219/1209 930/1218/1208 931/1220/1210
f 839/1219/1209 931/1220/1210 840/1221/1211
f 840/1221/1211 931/1220/1210 932/1222/1212
f 840/1221/1211 932/1222/1212 841/1223/1213
f 841/1223/1213 932/1222/1212 933/1224/1214
f 841/1223/1213 933/1224/1214 842/1225/1215
f 842/1225/1215 933/1224/1214 843/1226/1216
f 843/1226/1216 933/1224/1214 934/1227/1217
f 843/1226/1216 934/1227/1217 844/1228/1218
f 844/1228/1218 934/1227/1217 935/1229/1219
f 844/1228/1218 935/1229/1219 845/1230/1220
f 845/1230/1220 935/1229/1219 936/1231/1221
f 845/1230/1220 936/1231/1221 846/1232/1222
f 846/1232/1222 936/1231/1221 937/1233/1223
f 846/1232/1222 937/1233/1223 847/1234/1224
f 847/1234/1224 937/1233/1223 848/1235/1225
f 848/1235/1225 937/1233/1223 938/1236/1226
f 848/1235/1225 938/1236/1226 849/1237/1227
f 849/1237/1227 938/1236/1226 939/1238/1228
f 849/1237/1227 939/1238/1228 850/1239/1229
f 850/1239/1229 939/1238/1228 940/1240/1230
f 850/1239/1229 940/1240/1230 851/1241/1231
f 851/1241/1231 940/1240/1230 941/1242/1232
f 851/1241/1231 941/1242/1232 852/1243/1233
f 852/1243/1233 941/1242/1232 942/1244/1234
f 852/1243/1233 942/1244/1234 853/1245/1235
f 853/1245/1235 942/1244/1234 854/1246/1236
f 854/1246/1236 942/1244/1234 943/1247/1237
f 854/1246/1236 943/1247/1237 855/1248/1238
f 855/1248/1238 943/1247/1237 944/1249/1239
f 855/1248/1238 944/1249/1239 856/1250/1240
f 856/1250/1240 944/1249/1239 945/1251/1241
f 856/1250/1240 945/1251/1241 857/1252/1242
f 857/1252/1242 945/1251/1241 946/1253/1243
f 857/1252/1242 946/1253/1243 858/1254/1244
f 858/1254/1244 946/1253/1243 859/1255/1245
f 859/1255/1245 946/1253/1243 947/1256/1246
f 859/1255/1245 947/1256/1246 860/1257/1247
f 860/1257/1247 947/1256/1246 948/1258/1248
f 860/1257/1247 948/1258/1248 861/1259/1249
f 861/1259/1249 948/1258/1248 949/1260/1250
f 861/1259/1249 949/1260/1250 862/1261/1251
f 862/1261/1251 949/1260/1250 950/1262/1252
f 862/1261/1251 950/1262/1252 863/1263/1253
f 863/1263/1253 950/1262/1252 864/1264/1254
f 864/1264/1254 950/1262/1252 951/1265/1255
f 864/1264/1254 951/1265/1255 865/1266/1256
f 865/1266/1256 951/1265/1255 952/1267/1257
f 865/1266/1256 952/1267/1257 866/1268/1258
f 866/1268/1258 952/1267/1257 953/1269/1259
f 866/1268/1258 953/1269/1259 867/1270/1260
f 867/1270/1260 953/1269/1259 954/1271/1261
f 867/1270/1260 954/1271/1261 816/1272/1262
f 816/1272/1262 954/1271/1261 965/1273/1263
f 965/1273/1263 954/1271/1261 955/1274/1264
f 965/1273/1263 955/1274/1264 964/1275/1265
f 964/1275/1265 955/1274/1264 956/1276/1266
f 964/1275/1265 956/1276/1266 963/1277/1267
f 963/1277/1267 956/1276/1266 962/1278/1268
f 962/1278/1268 956/1276/1266 957/1279/1269
f 962/1278/1268 957/1279/1269 961/1280/1270
f 961/1280/1270 957/1279/1269 958/1281/1271
f 961/1280/1270 958/1281/1271 960/1282/1272
f 960/1282/1272 958/1281/1271 959/1283/1273
f 972/1284/1274 815/1285/1275 973/1286/1276
f 973/1286/1276 815/1285/1275 814/1287/1277
f 959/1288/1278 974/1289/1279 960/1290/1280
f 960/1290/1280 974/1289/1279 961/1291/1281
f 961/1291/1281 974/1289/1279 962/1292/1282
f 962/1292/1282 974/1289/1279 975/1293/1283
f 962/1292/1282 975/1293/1283 963/1294/1284
f 963/1294/1284 975/1293/1283 964/1295/1285
f 964/1295/1285 975/1293/1283 976/1296/1286
f 964/1295/1285 976/1296/1286 965/1297/1287
f 965/1297/1287 976/1296/1286 816/1298/1288
f 816/1298/1288 976/1296/1286 977/1299/1289
f 816/1298/1288 977/1299/1289 817/1300/1290
f 817/1300/1290 977/1299/1289 978/1301/1291
f 817/1300/1290 978/1301/1291 818/1302/1292
f 818/1302/1292 978/1301/1291 979/1303/1293
f 818/1302/1292 979/1303/1293 819/1304/1294
f 819/1304/1294 979/1303/1293 980/1305/1295
f 819/1304/1294 980/1305/1295 820/1306/1296
f 820/1306/1296 980/1305/1295 821/1307/1297
f 821/1307/1297 980/1305/1295 981/1308/1298
f 821/1307/1297 981/1308/1298 822/1309/1299
f 822/1309/1299 981/1308/1298 982/1310/1300
f 822/1309/1299 982/1310/1300 823/1311/1301
f 823/1311/1301 982/1310/1300 983/1312/1302
f 823/1311/1301 983/1312/1302 824/1313/1303
f 824/1313/1303 983/1312/1302 984/1314/1304
f 824/1313/1303 984/1314/1304 825/1315/1305
f 825/1315/1305 984/1314/1304 985/1316/1306
f 825/1315/1305 985/1316/1306 826/1317/1307
f 826/1317/1307 985/1316/1306 986/1318/1308
f 826/1317/1307 986/1318/1308 827/1319/1309
f 827/1319/1309 986/1318/1308 987/1320/1310
f 827/1319/1309 987/1320/1310 828/1321/1311
f 828/1321/1311 987/1320/1310 988/1322/1312
f 828/1321/1311 988/1322/1312 829/1323/1313
f 829/1323/1313 988/1322/1312 989/1324/1314
f 829/1323/1313 989/1324/1314 830/1325/1315
f 830/1325/1315 989/1324/1314 990/1326/1316
f 830/1325/1315 990/1326/1316 831/1327/1317
f 831/1327/1317 990/1326/1316 973/1328/1276
f 831/1327/1317 973/1328/1276 814/1329/1277
f 918/1330/1318 1005/1331/1319 832/1332/1320
f 832/1332/1320 1005/1331/1319 1006/1333/1321
f 832/1332/1320 1006/1333/1321 966/1334/1322
f 966/1334/1322 1006/1333/1321 1007/1335/1323
f 966/1334/1322 1007/1335/1323 967/1336/1324
f 967/1336/1324 1007/1335/1323 968/1337/1325
f 968/1337/1325 1007/1335/1323 969/1338/1326
f 969/1338/1326 1007/1335/1323 1008/1339/1327
f 969/1338/1326 1008/1339/1327 970/1340/1328
f 970/1340/1328 1008/1339/1327 971/1341/1329
f 971/1341/1329 1008/1339/1327 920/1342/1330
f 1005/1331/1319 918/1330/1318 1004/1343/1331
f 1004/1343/1331 918/1330/1318 917/1344/1332
f 1004/1343/1331 917/1344/1332 1003/1345/1333
f 1003/1345/1333 917/1344/1332 916/1346/1334
f 1003/1345/1333 916/1346/1334 1002/1347/1335
f 1002/1347/1335 916/1346/1334 915/1348/1336
f 1002/1347/1335 915/1348/1336 914/1349/1337
f 1002/1347/1335 914/1349/1337 1001/1350/1338
f 1001/1350/1338 914/1349/1337 913/1351/1339
f 1001/1350/1338 913/1351/1339 1000/1352/1340
f 1000/1352/1340 913/1351/1339 912/1353/1341
f 1000/1352/1340 912/1353/1341 999/1354/1342
f 999/1354/1342 912/1353/1341 911/1355/1343
f 999/1354/1342 911/1355/1343 998/1356/1344
f 998/1356/1344 911/1355/1343 910/1357/1345
f 998/1356/1344 910/1357/1345 997/1358/1346
f 997/1358/1346 910/1357/1345 909/1359/1347
f 997/1358/1346 909/1359/1347 996/1360/1348
f 996/1360/1348 909/1359/1347 908/1361/1349
f 996/1360/1348 908/1361/1349 995/1362/1350
f 995/1362/1350 908/1361/1349 907/1363/1351
f 995/1362/1350 907/1363/1351 994/1364/1352
f 994/1364/1352 907/1363/1351 906/1365/1353
f 994/1364/1352 906/1365/1353 993/1366/1354
f 993/1366/1354 906/1365/1353 905/1367/1355
f 993/1366/1354 905/1367/1355 992/1368/1356
f 992/1368/1356 905/1367/1355 904/1369/1357
f 992/1368/1356 904/1369/1357 991/1370/1358
f 991/1370/1358 904/1369/1357 903/1371/1359
f 919/1372/1360 1009/1373/1361 903/1374/1359
f 903/1374/1359 1009/1373/1361 991/1375/1358
f 259/1376/1362 1019/1377/1363 74/1378/1364
f 74/1378/1364 1019/1377/1363 1017/1379/1365
f 74/1378/1364 1017/1379/1365 423/1380/1366
f 259/1376/1362 258/1381/1367 1019/1377/1363
f 1019/1377/1363 258/1381/1367 1018/1382/1368
f 1019/1377/1363 1018/1382/1368 1016/1383/1369
f 1016/1383/1369 1018/1382/1368 1015/1384/1370
f 1015/1384/1370 1018/1382/1368 1020/1385/1371
f 1015/1384/1370 1020/1385/1371 1014/1386/1372
f 1014/1386/1372 1020/1385/1371 1021/1387/1373
f 1014/1386/1372 1021/1387/1373 1013/1388/1374
f 1013/1388/1374 1021/1387/1373 1022/1389/1375
f 1013/1388/1374 1022/1389/1375 1012/1390/1376
f 1012/1390/1376 1022/1389/1375 1023/1391/1377
f 1012/1390/1376 1023/1391/1377 1011/1392/1378
f 1011/1392/1378 1023/1391/1377 1024/1393/1379
f 1011/1392/1378 1024/1393/1379 1010/1394/1380
f 1010/1394/1380 1024/1393/1379 495/1395/1381
f 495/1395/1381 1024/1393/1379 252/1396/1382
f 495/1395/1381 252/1396/1382 251/1397/1383
f 258/1381/1367 257/1398/1384 1018/1382/1368
f 1018/1382/1368 257/1398/1384 1020/1385/1371
f 257/1398/1384 256/1399/1385 1020/1385/1371
f 1020/1385/1371 256/1399/1385 1021/1387/1373
f 256/1399/1385 255/1400/1386 1021/1387/1373
f 1021/1387/1373 255/1400/1386 1022/1389/1375
f 255/1400/1386 254/1401/1387 1022/1389/1375
f 1022/1389/1375 254/1401/1387 1023/1391/1377
f 254/1401/1387 253/1402/1388 1023/1391/1377
f 1023/1391/1377 253/1402/1388 1024/1393/1379
f 253/1402/1388 252/1396/1382 1024/1393/1379
f 1016/1383/1369 1017/1379/1365 1019/1377/1363
f 228/1403/1389 1034/1404/1390 229/1405/1391
f 229/1405/1391 1034/1404/1390 1032/1406/1392
f 229/1405/1391 1032/1406/1392 480/1407/1393
f 228/1403/1389 227/1408/1394 1034/1404/1390
f 1034/1404/1390 227/1408/1394 1033/1409/1395
f 1034/1404/1390 1033/1409/1395 1031/1410/1396
f 1031/1410/1396 1033/1409/1395 1030/1411/1397
f 1030/1411/1397 1033/1409/1395 1035/1412/1398
f 1030/1411/1397 1035/1412/1398 1029/1413/1399
f 1029/1413/1399 1035/1412/1398 1036/1414/1400
f 1029/1413/1399 1036/1414/1400 1028/1415/1401
f 1028/1415/1401 1036/1414/1400 1037/1416/1402
f 1028/1415/1401 1037/1416/1402 1027/1417/1403
f 1027/1417/1403 1037/1416/1402 1038/1418/1404
f 1027/1417/1403 1038/1418/1404 1026/1419/1405
f 1026/1419/1405 1038/1418/1404 1039/1420/1406
f 1026/1419/1405 1039/1420/1406 1025/1421/1407
f 1025/1421/1407 1039/1420/1406 553/1422/1408
f 553/1422/1408 1039/1420/1406 221/1423/1409
f 553/1422/1408 221/1423/1409 220/1424/1410
f 227/1408/1394 226/1425/1411 1033/1409/1395
f 1033/1409/1395 226/1425/1411 1035/1412/1398
f 226/1425/1411 225/1426/1412 1035/1412/1398
f 1035/1412/1398 225/1426/1412 1036/1414/1400
f 225/1426/1412 224/1427/1413 1036/1414/1400
f 1036/1414/1400 224/1427/1413 1037/1416/1402
f 224/1427/1413 223/1428/1414 1037/1416/1402
f 1037/1416/1402 223/1428/1414 1038/1418/1404
f 223/1428/1414 222/1429/1415 1038/1418/1404
f 1038/1418/1404 222/1429/1415 1039/1420/1406
f 222/1429/1415 221/1423/1409 1039/1420/1406
f 1031/1410/1396 1032/1406/1392 1034/1404/1390
f 197/1430/1416 1049/1431/1417 198/1432/1418
f 198/1432/1418 1049/1431/1417 1047/1433/1419
f 198/1432/1418 1047/1433/1419 538/1434/1420
f 197/1430/1416 196/1435/1421 1049/1431/1417
f 1049/1431/1417 196/1435/1421 1048/1436/1422
f 1049/1431/1417 1048/1436/1422 1046/1437/1423
f 1046/1437/1423 1048/1436/1422 1045/1438/1424
f 1045/1438/1424 1048/1436/1422 1050/1439/1425
f 1045/1438/1424 1050/1439/1425 1044/1440/1426
f 1044/1440/1426 1050/1439/1425 1051/1441/1427
f 1044/1440/1426 1051/1441/1427 1043/1442/1428
f 1043/1442/1428 1051/1441/1427 1052/1443/1429
f 1043/1442/1428 1052/1443/1429 1042/1444/1430
f 1042/1444/1430 1052/1443/1429 1053/1445/1431
f 1042/1444/1430 1053/1445/1431 1041/1446/1432
f 1041/1446/1432 1053/1445/1431 1054/1447/1433
f 1041/1446/1432 1054/1447/1433 1040/1448/1434
f 1040/1448/1434 1054/1447/1433 610/1449/1435
f 610/1449/1435 1054/1447/1433 190/1450/1436
f 610/1449/1435 190/1450/1436 189/1451/1437
f 196/1435/1421 195/1452/1438 1048/1436/1422
f 1048/1436/1422 195/1452/1438 1050/1439/1425
f 195/1452/1438 194/1453/1439 1050/1439/1425
f 1050/1439/1425 194/1453/1439 1051/1441/1427
f 194/1453/1439 193/1454/1440 1051/1441/1427
f 1051/1441/1427 193/1454/1440 1052/1443/1429
f 193/1454/1440 192/1455/1441 1052/1443/1429
f 1052/1443/1429 192/1455/1441 1053/1445/1431
f 192/1455/1441 191/1456/1442 1053/1445/1431
f 1053/1445/1431 191/1456/1442 1054/1447/1433
f 191/1456/1442 190/1450/1436 1054/1447/1433
f 1046/1437/1423 1047/1433/1419 1049/1431/1417
f 1009/1457/1443 919/1458/1444 1055/1459/1445
f 1055/1459/1445 919/1458/1444 779/1460/1446
f 1055/1459/1445 779/1460/1446 1056/1461/1447
f 1056/1461/1447 779/1460/1446 778/1462/1448
f 1057/1463/1449 1055/1464/1450 1058/1465/1451
f 1058/1465/1451 1055/1464/1450 1056/1466/1452
f 1060/1467/1453 1275/1468/1454 1059/1469/1455
f 1059/1469/1455 1275/1468/1454 1276/1470/1456
f 1059/1469/1455 1276/1470/1456 1174/1471/1457
f 1174/1471/1457 1276/1470/1456 1277/1472/1458
f 1174/1471/1457 1277/1472/1458 1173/1473/1459
f 1173/1473/1459 1277/1472/1458 1280/1474/1460
f 1173/1473/1459 1280/1474/1460 1172/1475/1461
f 1172/1475/1461 1280/1474/1460 1283/1476/1462
f 1172/1475/1461 1283/1476/1462 1171/1477/1463
f 1171/1477/1463 1283/1476/1462 1286/1478/1464
f 1171/1477/1463 1286/1478/1464 1170/1479/1465
f 1170/1479/1465 1286/1478/1464 1175/1480/1466
f 1170/1479/1465 1175/1480/1466 1169/1481/1467
f 1169/1481/1467 1175/1480/1466 1289/1482/1468
f 1169/1481/1467 1289/1482/1468 1177/1483/1469
f 1177/1483/1469 1289/1482/1468 1290/1484/1470
f 1177/1483/1469 1290/1484/1470 1288/1485/1471
f 1288/1485/1471 1290/1484/1470 1291/1486/1472
f 1288/1485/1471 1291/1486/1472 1178/1487/1473
f 1178/1487/1473 1291/1486/1472 1064/1488/1474
f 1178/1487/1473 1064/1488/1474 1065/1489/1475
f 1275/1468/1454 1060/1467/1453 1278/1490/1476
f 1278/1490/1476 1060/1467/1453 1061/1491/1477
f 1278/1490/1476 1061/1491/1477 1281/1492/1478
f 1281/1492/1478 1061/1491/1477 1062/1493/1479
f 1281/1492/1478 1062/1493/1479 1284/1494/1480
f 1284/1494/1480 1062/1493/1479 1063/1495/1481
f 1284/1494/1480 1063/1495/1481 1176/1496/1482
f 1176/1496/1482 1063/1495/1481 1064/1488/1474
f 1176/1496/1482 1064/1488/1474 1291/1486/1472
f 1066/1497/1483 1180/1498/1484 1065/1489/1475
f 1065/1489/1475 1180/1498/1484 1295/1499/1485
f 1065/1489/1475 1295/1499/1485 1178/1487/1473
f 1178/1487/1473 1295/1499/1485 1294/1500/1486
f 1178/1487/1473 1294/1500/1486 1288/1485/1471
f 1288/1485/1471 1294/1500/1486 1293/1501/1487
f 1288/1485/1471 1293/1501/1487 1177/1483/1469
f 1177/1483/1469 1293/1501/1487 1168/1502/1488
f 1177/1483/1469 1168/1502/1488 1169/1481/1467
f 1067/1503/1489 1182/1504/1490 1066/1497/1483
f 1066/1497/1483 1182/1504/1490 1299/1505/1491
f 1066/1497/1483 1299/1505/1491 1180/1498/1484
f 1180/1498/1484 1299/1505/1491 1298/1506/1492
f 1180/1498/1484 1298/1506/1492 1292/1507/1493
f 1292/1507/1493 1298/1506/1492 1297/1508/1494
f 1292/1507/1493 1297/1508/1494 1179/1509/1495
f 1179/1509/1495 1297/1508/1494 1167/1510/1496
f 1179/1509/1495 1167/1510/1496 1168/1502/1488
f 1068/1511/1497 1184/1512/1498 1067/1503/1489
f 1067/1503/1489 1184/1512/1498 1304/1513/1499
f 1067/1503/1489 1304/1513/1499 1182/1504/1490
f 1182/1504/1490 1304/1513/1499 1303/1514/1500
f 1182/1504/1490 1303/1514/1500 1296/1515/1501
f 1296/1515/1501 1303/1514/1500 1302/1516/1502
f 1296/1515/1501 1302/1516/1502 1181/1517/1503
f 1181/1517/1503 1302/1516/1502 1166/1518/1504
f 1181/1517/1503 1166/1518/1504 1167/1510/1496
f 1069/1519/1505 1186/1520/1506 1068/1511/1497
f 1068/1511/1497 1186/1520/1506 1305/1521/1507
f 1068/1511/1497 1305/1521/1507 1309/1522/1508
f 1309/1522/1508 1305/1521/1507 1306/1523/1509
f 1309/1522/1508 1306/1523/1509 1308/1524/1510
f 1308/1524/1510 1306/1523/1509 1307/1525/1511
f 1308/1524/1510 1307/1525/1511 1183/1526/1512
f 1183/1526/1512 1307/1525/1511 1165/1527/1513
f 1183/1526/1512 1165/1527/1513 1166/1518/1504
f 1070/1528/1514 1188/1529/1515 1069/1519/1505
f 1069/1519/1505 1188/1529/1515 1310/1530/1516
f 1069/1519/1505 1310/1530/1516 1186/1520/1506
f 1186/1520/1506 1310/1530/1516 1311/1531/1517
f 1186/1520/1506 1311/1531/1517 1313/1532/1518
f 1313/1532/1518 1311/1531/1517 1312/1533/1519
f 1313/1532/1518 1312/1533/1519 1185/1534/1520
f 1185/1534/1520 1312/1533/1519 1164/1535/1521
f 1185/1534/1520 1164/1535/1521 1165/1527/1513
f 1071/1536/1522 1190/1537/1523 1070/1528/1514
f 1070/1528/1514 1190/1537/1523 1314/1538/1524
f 1070/1528/1514 1314/1538/1524 1188/1529/1515
f 1188/1529/1515 1314/1538/1524 1315/1539/1525
f 1188/1529/1515 1315/1539/1525 1317/1540/1526
f 1317/1540/1526 1315/1539/1525 1316/1541/1527
f 1317/1540/1526 1316/1541/1527 1187/1542/1528
f 1187/1542/1528 1316/1541/1527 1163/1543/1529
f 1187/1542/1528 1163/1543/1529 1164/1535/1521
f 1072/1544/1530 1192/1545/1531 1071/1536/1522
f 1071/1536/1522 1192/1545/1531 1318/1546/1532
f 1071/1536/1522 1318/1546/1532 1190/1537/1523
f 1190/1537/1523 1318/1546/1532 1319/1547/1533
f 1190/1537/1523 1319/1547/1533 1321/1548/1534
f 1321/1548/1534 1319/1547/1533 1320/1549/1535
f 1321/1548/1534 1320/1549/1535 1189/1550/1536
f 1189/1550/1536 1320/1549/1535 1162/1551/1537
f 1189/1550/1536 1162/1551/1537 1163/1543/1529
f 1073/1552/1538 1194/1553/1539 1072/1544/1530
f 1072/1544/1530 1194/1553/1539 1322/1554/1540
f 1072/1544/1530 1322/1554/1540 1192/1545/1531
f 1192/1545/1531 1322/1554/1540 1323/1555/1541
f 1192/1545/1531 1323/1555/1541 1325/1556/1542
f 1325/1556/1542 1323/1555/1541 1324/1557/1543
f 1325/1556/1542 1324/1557/1543 1191/1558/1544
f 1191/1558/1544 1324/1557/1543 1161/1559/1545
f 1191/1558/1544 1161/1559/1545 1162/1551/1537
f 1074/1560/1546 1196/1561/1547 1073/1552/1538
f 1073/1552/1538 1196/1561/1547 1326/1562/1548
f 1073/1552/1538 1326/1562/1548 1194/1553/1539
f 1194/1553/1539 1326/1562/1548 1327/1563/1549
f 1194/1553/1539 1327/1563/1549 1329/1564/1550
f 1329/1564/1550 1327/1563/1549 1328/1565/1551
f 1329/1564/1550 1328/1565/1551 1193/1566/1552
f 1193/1566/1552 1328/1565/1551 1160/1567/1553
f 1193/1566/1552 1160/1567/1553 1161/1559/1545
f 1075/1568/1554 1198/1569/1555 1074/1560/1546
f 1074/1560/1546 1198/1569/1555 1333/1570/1556
f 1074/1560/1546 1333/1570/1556 1196/1561/1547
f 1196/1561/1547 1333/1570/1556 1332/1571/1557
f 1196/1561/1547 1332/1571/1557 1570/1572/1558
f 1570/1572/1558 1332/1571/1557 1331/1573/1559
f 1570/1572/1558 1331/1573/1559 1195/1574/1560
f 1195/1574/1560 1331/1573/1559 1159/1575/1561
f 1195/1574/1560 1159/1575/1561 1160/1567/1553
f 1076/1576/1562 1200/1577/1563 1075/1568/1554
f 1075/1568/1554 1200/1577/1563 1337/1578/1564
f 1075/1568/1554 1337/1578/1564 1198/1569/1555
f 1198/1569/1555 1337/1578/1564 1336/1579/1565
f 1198/1569/1555 1336/1579/1565 1330/1580/1566
f 1330/1580/1566 1336/1579/1565 1335/1581/1567
f 1330/1580/1566 1335/1581/1567 1197/1582/1568
f 1197/1582/1568 1335/1581/1567 1158/1583/1569
f 1197/1582/1568 1158/1583/1569 1159/1575/1561
f 1077/1584/1570 1202/1585/1571 1076/1576/1562
f 1076/1576/1562 1202/1585/1571 1341/1586/1572
f 1076/1576/1562 1341/1586/1572 1200/1577/1563
f 1200/1577/1563 1341/1586/1572 1340/1587/1573
f 1200/1577/1563 1340/1587/1573 1334/1588/1574
f 1334/1588/1574 1340/1587/1573 1339/1589/1575
f 1334/1588/1574 1339/1589/1575 1199/1590/1576
f 1199/1590/1576 1339/1589/1575 1157/1591/1577
f 1199/1590/1576 1157/1591/1577 1158/1583/1569
f 1078/1592/1578 1204/1593/1579 1077/1584/1570
f 1077/1584/1570 1204/1593/1579 1345/1594/1580
f 1077/1584/1570 1345/1594/1580 1202/1585/1571
f 1202/1585/1571 1345/1594/1580 1344/1595/1581
f 1202/1585/1571 1344/1595/1581 1338/1596/1582
f 1338/1596/1582 1344/1595/1581 1343/1597/1583
f 1338/1596/1582 1343/1597/1583 1201/1598/1584
f 1201/1598/1584 1343/1597/1583 1156/1599/1585
f 1201/1598/1584 1156/1599/1585 1157/1591/1577
f 1079/1600/1586 1206/1601/1587 1078/1592/1578
f 1078/1592/1578 1206/1601/1587 1349/1602/1588
f 1078/1592/1578 1349/1602/1588 1204/1593/1579
f 1204/1593/1579 1349/1602/1588 1348/1603/1589
f 1204/1593/1579 1348/1603/1589 1342/1604/1590
f 1342/1604/1590 1348/1603/1589 1347/1605/1591
f 1342/1604/1590 1347/1605/1591 1203/1606/1592
f 1203/1606/1592 1347/1605/1591 1155/1607/1593
f 1203/1606/1592 1155/1607/1593 1156/1599/1585
f 1080/1608/1594 1208/1609/1595 1079/1600/1586
f 1079/1600/1586 1208/1609/1595 1353/1610/1596
f 1079/1600/1586 1353/1610/1596 1206/1601/1587
f 1206/1601/1587 1353/1610/1596 1352/1611/1597
f 1206/1601/1587 1352/1611/1597 1346/1612/1598
f 1346/1612/1598 1352/1611/1597 1351/1613/1599
f 1346/1612/1598 1351/1613/1599 1205/1614/1600
f 1205/1614/1600 1351/1613/1599 1154/1615/1601
f 1205/1614/1600 1154/1615/1601 1155/1607/1593
f 1081/1616/1602 1210/1617/1603 1080/1608/1594
f 1080/1608/1594 1210/1617/1603 1354/1618/1604
f 1080/1608/1594 1354/1618/1604 1359/1619/1605
f 1359/1619/1605 1354/1618/1604 1355/1620/1606
f 1359/1619/1605 1355/1620/1606 1358/1621/1607
f 1358/1621/1607 1355/1620/1606 1356/1622/1608
f 1358/1621/1607 1356/1622/1608 1357/1623/1609
f 1357/1623/1609 1356/1622/1608 1153/1624/1610
f 1357/1623/1609 1153/1624/1610 1207/1625/1611
f 1207/1625/1611 1153/1624/1610 1154/1615/1601
f 1207/1625/1611 1154/1615/1601 1351/1613/1599
f 1082/1626/1612 1212/1627/1613 1081/1616/1602
f 1081/1616/1602 1212/1627/1613 1360/1628/1614
f 1081/1616/1602 1360/1628/1614 1210/1617/1603
f 1210/1617/1603 1360/1628/1614 1361/1629/1615
f 1210/1617/1603 1361/1629/1615 1363/1630/1616
f 1363/1630/1616 1361/1629/1615 1362/1631/1617
f 1363/1630/1616 1362/1631/1617 1209/1632/1618
f 1209/1632/1618 1362/1631/1617 1152/1633/1619
f 1209/1632/1618 1152/1633/1619 1153/1624/1610
f 1083/1634/1620 1214/1635/1621 1082/1626/1612
f 1082/1626/1612 1214/1635/1621 1364/1636/1622
f 1082/1626/1612 1364/1636/1622 1212/1627/1613
f 1212/1627/1613 1364/1636/1622 1365/1637/1623
f 1212/1627/1613 1365/1637/1623 1367/1638/1624
f 1367/1638/1624 1365/1637/1623 1366/1639/1625
f 1367/1638/1624 1366/1639/1625 1211/1640/1626
f 1211/1640/1626 1366/1639/1625 1151/1641/1627
f 1211/1640/1626 1151/1641/1627 1152/1633/1619
f 1084/1642/1628 1216/1643/1629 1083/1634/1620
f 1083/1634/1620 1216/1643/1629 1568/1644/1630
f 1083/1634/1620 1568/1644/1630 1368/1645/1631
f 1368/1645/1631 1568/1644/1630 1569/1646/1632
f 1368/1645/1631 1569/1646/1632 1369/1647/1633
f 1369/1647/1633 1569/1646/1632 1215/1648/1634
f 1369/1647/1633 1215/1648/1634 1370/1649/1635
f 1370/1649/1635 1215/1648/1634 1150/1650/1636
f 1370/1649/1635 1150/1650/1636 1213/1651/1637
f 1213/1651/1637 1150/1650/1636 1151/1641/1627
f 1213/1651/1637 1151/1641/1627 1366/1639/1625
f 1085/1652/1638 1561/1653/1639 1084/1642/1628
f 1084/1642/1628 1561/1653/1639 1565/1654/1640
f 1084/1642/1628 1565/1654/1640 1372/1655/1641
f 1372/1655/1641 1565/1654/1640 1564/1656/1642
f 1372/1655/1641 1564/1656/1642 1373/1657/1643
f 1373/1657/1643 1564/1656/1642 1217/1658/1644
f 1373/1657/1643 1217/1658/1644 1374/1659/1645
f 1374/1659/1645 1217/1658/1644 1149/1660/1646
f 1374/1659/1645 1149/1660/1646 1375/1661/1647
f 1375/1661/1647 1149/1660/1646 1566/1662/1648
f 1375/1661/1647 1566/1662/1648 1567/1663/1649
f 1567/1663/1649 1566/1662/1648 1569/1646/1632
f 1567/1663/1649 1569/1646/1632 1568/1644/1630
f 1086/1664/1650 1557/1665/1651 1085/1652/1638
f 1085/1652/1638 1557/1665/1651 1378/1666/1652
f 1085/1652/1638 1378/1666/1652 1383/1667/1653
f 1383/1667/1653 1378/1666/1652 1379/1668/1654
f 1383/1667/1653 1379/1668/1654 1382/1669/1655
f 1382/1669/1655 1379/1668/1654 1380/1670/1656
f 1382/1669/1655 1380/1670/1656 1381/1671/1657
f 1381/1671/1657 1380/1670/1656 1148/1672/1658
f 1381/1671/1657 1148/1672/1658 1559/1673/1659
f 1559/1673/1659 1148/1672/1658 1562/1674/1660
f 1559/1673/1659 1562/1674/1660 1563/1675/1661
f 1563/1675/1661 1562/1674/1660 1564/1656/1642
f 1563/1675/1661 1564/1656/1642 1565/1654/1640
f 1087/1676/1662 1553/1677/1663 1086/1664/1650
f 1086/1664/1650 1553/1677/1663 1384/1678/1664
f 1086/1664/1650 1384/1678/1664 1389/1679/1665
f 1389/1679/1665 1384/1678/1664 1385/1680/1666
f 1389/1679/1665 1385/1680/1666 1388/1681/1667
f 1388/1681/1667 1385/1680/1666 1386/1682/1668
f 1388/1681/1667 1386/1682/1668 1387/1683/1669
f 1387/1683/1669 1386/1682/1668 1147/1684/1670
f 1387/1683/1669 1147/1684/1670 1555/1685/1671
f 1555/1685/1671 1147/1684/1670 1219/1686/1672
f 1555/1685/1671 1219/1686/1672 1558/1687/1673
f 1558/1687/1673 1219/1686/1672 1379/1668/1654
f 1558/1687/1673 1379/1668/1654 1378/1666/1652
f 1088/1688/1674 1549/1689/1675 1087/1676/1662
f 1087/1676/1662 1549/1689/1675 1390/1690/1676
f 1087/1676/1662 1390/1690/1676 1395/1691/1677
f 1395/1691/1677 1390/1690/1676 1391/1692/1678
f 1395/1691/1677 1391/1692/1678 1394/1693/1679
f 1394/1693/1679 1391/1692/1678 1392/1694/1680
f 1394/1693/1679 1392/1694/1680 1393/1695/1681
f 1393/1695/1681 1392/1694/1680 1146/1696/1682
f 1393/1695/1681 1146/1696/1682 1551/1697/1683
f 1551/1697/1683 1146/1696/1682 1221/1698/1684
f 1551/1697/1683 1221/1698/1684 1554/1699/1685
f 1554/1699/1685 1221/1698/1684 1385/1680/1666
f 1554/1699/1685 1385/1680/1666 1384/1678/1664
f 1089/1700/1686 1226/1701/1687 1088/1688/1674
f 1088/1688/1674 1226/1701/1687 1545/1702/1688
f 1088/1688/1674 1545/1702/1688 1396/1703/1689
f 1396/1703/1689 1545/1702/1688 1546/1704/1690
f 1396/1703/1689 1546/1704/1690 1397/1705/1691
f 1397/1705/1691 1546/1704/1690 1225/1706/1692
f 1397/1705/1691 1225/1706/1692 1398/1707/1693
f 1398/1707/1693 1225/1706/1692 1145/1708/1694
f 1398/1707/1693 1145/1708/1694 1399/1709/1695
f 1399/1709/1695 1145/1708/1694 1547/1710/1696
f 1399/1709/1695 1547/1710/1696 1548/1711/1697
f 1548/1711/1697 1547/1710/1696 1550/1712/1698
f 1548/1711/1697 1550/1712/1698 1549/1689/1675
f 1549/1689/1675 1550/1712/1698 1390/1690/1676
f 1090/1713/1699 1228/1714/1700 1089/1700/1686
f 1089/1700/1686 1228/1714/1700 1541/1715/1701
f 1089/1700/1686 1541/1715/1701 1402/1716/1702
f 1402/1716/1702 1541/1715/1701 1542/1717/1703
f 1402/1716/1702 1542/1717/1703 1403/1718/1704
f 1403/1718/1704 1542/1717/1703 1227/1719/1705
f 1403/1718/1704 1227/1719/1705 1404/1720/1706
f 1404/1720/1706 1227/1719/1705 1144/1721/1707
f 1404/1720/1706 1144/1721/1707 1405/1722/1708
f 1405/1722/1708 1144/1721/1707 1543/1723/1709
f 1405/1722/1708 1543/1723/1709 1544/1724/1710
f 1544/1724/1710 1543/1723/1709 1546/1704/1690
f 1544/1724/1710 1546/1704/1690 1545/1702/1688
f 1091/1725/1711 1230/1726/1712 1090/1713/1699
f 1090/1713/1699 1230/1726/1712 1537/1727/1713
f 1090/1713/1699 1537/1727/1713 1408/1728/1714
f 1408/1728/1714 1537/1727/1713 1538/1729/1715
f 1408/1728/1714 1538/1729/1715 1409/1730/1716
f 1409/1730/1716 1538/1729/1715 1229/1731/1717
f 1409/1730/1716 1229/1731/1717 1410/1732/1718
f 1410/1732/1718 1229/1731/1717 1143/1733/1719
f 1410/1732/1718 1143/1733/1719 1411/1734/1720
f 1411/1734/1720 1143/1733/1719 1539/1735/1721
f 1411/1734/1720 1539/1735/1721 1540/1736/1722
f 1540/1736/1722 1539/1735/1721 1542/1717/1703
f 1540/1736/1722 1542/1717/1703 1541/1715/1701
f 1092/1737/1723 1530/1738/1724 1091/1725/1711
f 1091/1725/1711 1530/1738/1724 1534/1739/1725
f 1091/1725/1711 1534/1739/1725 1414/1740/1726
f 1414/1740/1726 1534/1739/1725 1533/1741/1727
f 1414/1740/1726 1533/1741/1727 1415/1742/1728
f 1415/1742/1728 1533/1741/1727 1231/1743/1729
f 1415/1742/1728 1231/1743/1729 1416/1744/1730
f 1416/1744/1730 1231/1743/1729 1142/1745/1731
f 1416/1744/1730 1142/1745/1731 1417/1746/1732
f 1417/1746/1732 1142/1745/1731 1535/1747/1733
f 1417/1746/1732 1535/1747/1733 1536/1748/1734
f 1536/1748/1734 1535/1747/1733 1538/1729/1715
f 1536/1748/1734 1538/1729/1715 1537/1727/1713
f 1093/1749/1735 1526/1750/1736 1092/1737/1723
f 1092/1737/1723 1526/1750/1736 1420/1751/1737
f 1092/1737/1723 1420/1751/1737 1425/1752/1738
f 1425/1752/1738 1420/1751/1737 1421/1753/1739
f 1425/1752/1738 1421/1753/1739 1424/1754/1740
f 1424/1754/1740 1421/1753/1739 1422/1755/1741
f 1424/1754/1740 1422/1755/1741 1423/1756/1742
f 1423/1756/1742 1422/1755/1741 1141/1757/1743
f 1423/1756/1742 1141/1757/1743 1528/1758/1744
f 1528/1758/1744 1141/1757/1743 1531/1759/1745
f 1528/1758/1744 1531/1759/1745 1532/1760/1746
f 1532/1760/1746 1531/1759/1745 1533/1741/1727
f 1532/1760/1746 1533/1741/1727 1534/1739/1725
f 1094/1761/1747 1236/1762/1748 1093/1749/1735
f 1093/1749/1735 1236/1762/1748 1429/1763/1749
f 1093/1749/1735 1429/1763/1749 1234/1764/1750
f 1234/1764/1750 1429/1763/1749 1428/1765/1751
f 1234/1764/1750 1428/1765/1751 1525/1766/1752
f 1525/1766/1752 1428/1765/1751 1427/1767/1753
f 1525/1766/1752 1427/1767/1753 1524/1768/1754
f 1524/1768/1754 1427/1767/1753 1140/1769/1755
f 1524/1768/1754 1140/1769/1755 1233/1770/1756
f 1233/1770/1756 1140/1769/1755 1141/1757/1743
f 1233/1770/1756 1141/1757/1743 1422/1755/1741
f 1095/1771/1757 1238/1772/1758 1094/1761/1747
f 1094/1761/1747 1238/1772/1758 1433/1773/1759
f 1094/1761/1747 1433/1773/1759 1236/1762/1748
f 1236/1762/1748 1433/1773/1759 1432/1774/1760
f 1236/1762/1748 1432/1774/1760 1426/1775/1761
f 1426/1775/1761 1432/1774/1760 1431/1776/1762
f 1426/1775/1761 1431/1776/1762 1235/1777/1763
f 1235/1777/1763 1431/1776/1762 1139/1778/1764
f 1235/1777/1763 1139/1778/1764 1140/1769/1755
f 1096/1779/1765 1240/1780/1766 1095/1771/1757
f 1095/1771/1757 1240/1780/1766 1437/1781/1767
f 1095/1771/1757 1437/1781/1767 1238/1772/1758
f 1238/1772/1758 1437/1781/1767 1436/1782/1768
f 1238/1772/1758 1436/1782/1768 1430/1783/1769
f 1430/1783/1769 1436/1782/1768 1435/1784/1770
f 1430/1783/1769 1435/1784/1770 1237/1785/1771
f 1237/1785/1771 1435/1784/1770 1138/1786/1772
f 1237/1785/1771 1138/1786/1772 1139/1778/1764
f 1097/1787/1773 1242/1788/1774 1096/1779/1765
f 1096/1779/1765 1242/1788/1774 1438/1789/1775
f 1096/1779/1765 1438/1789/1775 1443/1790/1776
f 1443/1790/1776 1438/1789/1775 1439/1791/1777
f 1443/1790/1776 1439/1791/1777 1442/1792/1778
f 1442/1792/1778 1439/1791/1777 1440/1793/1779
f 1442/1792/1778 1440/1793/1779 1441/1794/1780
f 1441/1794/1780 1440/1793/1779 1137/1795/1781
f 1441/1794/1780 1137/1795/1781 1239/1796/1782
f 1239/1796/1782 1137/1795/1781 1138/1786/1772
f 1239/1796/1782 1138/1786/1772 1435/1784/1770
f 1098/1797/1783 1244/1798/1784 1097/1787/1773
f 1097/1787/1773 1244/1798/1784 1444/1799/1785
f 1097/1787/1773 1444/1799/1785 1242/1788/1774
f 1242/1788/1774 1444/1799/1785 1445/1800/1786
f 1242/1788/1774 1445/1800/1786 1447/1801/1787
f 1447/1801/1787 1445/1800/1786 1446/1802/1788
f 1447/1801/1787 1446/1802/1788 1241/1803/1789
f 1241/1803/1789 1446/1802/1788 1136/1804/1790
f 1241/1803/1789 1136/1804/1790 1137/1795/1781
f 1099/1805/1791 1246/1806/1792 1098/1797/1783
f 1098/1797/1783 1246/1806/1792 1448/1807/1793
f 1098/1797/1783 1448/1807/1793 1244/1798/1784
f 1244/1798/1784 1448/1807/1793 1449/1808/1794
f 1244/1798/1784 1449/1808/1794 1451/1809/1795
f 1451/1809/1795 1449/1808/1794 1450/1810/1796
f 1451/1809/1795 1450/1810/1796 1243/1811/1797
f 1243/1811/1797 1450/1810/1796 1135/1812/1798
f 1243/1811/1797 1135/1812/1798 1136/1804/1790
f 1100/1813/1799 1248/1814/1800 1099/1805/1791
f 1099/1805/1791 1248/1814/1800 1452/1815/1801
f 1099/1805/1791 1452/1815/1801 1246/1806/1792
f 1246/1806/1792 1452/1815/1801 1453/1816/1802
f 1246/1806/1792 1453/1816/1802 1455/1817/1803
f 1455/1817/1803 1453/1816/1802 1454/1818/1804
f 1455/1817/1803 1454/1818/1804 1245/1819/1805
f 1245/1819/1805 1454/1818/1804 1134/1820/1806
f 1245/1819/1805 1134/1820/1806 1135/1812/1798
f 1101/1821/1807 1250/1822/1808 1100/1813/1799
f 1100/1813/1799 1250/1822/1808 1456/1823/1809
f 1100/1813/1799 1456/1823/1809 1248/1814/1800
f 1248/1814/1800 1456/1823/1809 1457/1824/1810
f 1248/1814/1800 1457/1824/1810 1459/1825/1811
f 1459/1825/1811 1457/1824/1810 1458/1826/1812
f 1459/1825/1811 1458/1826/1812 1247/1827/1813
f 1247/1827/1813 1458/1826/1812 1133/1828/1814
f 1247/1827/1813 1133/1828/1814 1134/1820/1806
f 1102/1829/1815 1252/1830/1816 1101/1821/1807
f 1101/1821/1807 1252/1830/1816 1460/1831/1817
f 1101/1821/1807 1460/1831/1817 1250/1822/1808
f 1250/1822/1808 1460/1831/1817 1461/1832/1818
f 1250/1822/1808 1461/1832/1818 1463/1833/1819
f 1463/1833/1819 1461/1832/1818 1462/1834/1820
f 1463/1833/1819 1462/1834/1820 1249/1835/1821
f 1249/1835/1821 1462/1834/1820 1132/1836/1822
f 1249/1835/1821 1132/1836/1822 1133/1828/1814
f 1103/1837/1823 1254/1838/1824 1102/1829/1815
f 1102/1829/1815 1254/1838/1824 1464/1839/1825
f 1102/1829/1815 1464/1839/1825 1252/1830/1816
f 1252/1830/1816 1464/1839/1825 1465/1840/1826
f 1252/1830/1816 1465/1840/1826 1467/1841/1827
f 1467/1841/1827 1465/1840/1826 1466/1842/1828
f 1467/1841/1827 1466/1842/1828 1251/1843/1829
f 1251/1843/1829 1466/1842/1828 1131/1844/1830
f 1251/1843/1829 1131/1844/1830 1132/1836/1822
f 1104/1845/1831 1256/1846/1832 1103/1837/1823
f 1103/1837/1823 1256/1846/1832 1471/1847/1833
f 1103/1837/1823 1471/1847/1833 1254/1838/1824
f 1254/1838/1824 1471/1847/1833 1470/1848/1834
f 1254/1838/1824 1470/1848/1834 1523/1849/1835
f 1523/1849/1835 1470/1848/1834 1469/1850/1836
f 1523/1849/1835 1469/1850/1836 1253/1851/1837
f 1253/1851/1837 1469/1850/1836 1130/1852/1838
f 1253/1851/1837 1130/1852/1838 1131/1844/1830
f 1105/1853/1839 1258/1854/1840 1104/1845/1831
f 1104/1845/1831 1258/1854/1840 1475/1855/1841
f 1104/1845/1831 1475/1855/1841 1256/1846/1832
f 1256/1846/1832 1475/1855/1841 1474/1856/1842
f 1256/1846/1832 1474/1856/1842 1468/1857/1843
f 1468/1857/1843 1474/1856/1842 1473/1858/1844
f 1468/1857/1843 1473/1858/1844 1255/1859/1845
f 1255/1859/1845 1473/1858/1844 1129/1860/1846
f 1255/1859/1845 1129/1860/1846 1130/1852/1838
f 1106/1861/1847 1260/1862/1848 1105/1853/1839
f 1105/1853/1839 1260/1862/1848 1479/1863/1849
f 1105/1853/1839 1479/1863/1849 1258/1854/1840
f 1258/1854/1840 1479/1863/1849 1478/1864/1850
f 1258/1854/1840 1478/1864/1850 1472/1865/1851
f 1472/1865/1851 1478/1864/1850 1477/1866/1852
f 1472/1865/1851 1477/1866/1852 1257/1867/1853
f 1257/1867/1853 1477/1866/1852 1128/1868/1854
f 1257/1867/1853 1128/1868/1854 1129/1860/1846
f 1107/1869/1855 1262/1870/1856 1106/1861/1847
f 1106/1861/1847 1262/1870/1856 1483/1871/1857
f 1106/1861/1847 1483/1871/1857 1260/1862/1848
f 1260/1862/1848 1483/1871/1857 1482/1872/1858
f 1260/1862/1848 1482/1872/1858 1476/1873/1859
f 1476/1873/1859 1482/1872/1858 1481/1874/1860
f 1476/1873/1859 1481/1874/1860 1259/1875/1861
f 1259/1875/1861 1481/1874/1860 1127/1876/1862
f 1259/1875/1861 1127/1876/1862 1128/1868/1854
f 1108/1877/1863 1264/1878/1864 1107/1869/1855
f 1107/1869/1855 1264/1878/1864 1487/1879/1865
f 1107/1869/1855 1487/1879/1865 1262/1870/1856
f 1262/1870/1856 1487/1879/1865 1486/1880/1866
f 1262/1870/1856 1486/1880/1866 1480/1881/1867
f 1480/1881/1867 1486/1880/1866 1485/1882/1868
f 1480/1881/1867 1485/1882/1868 1261/1883/1869
f 1261/1883/1869 1485/1882/1868 1126/1884/1870
f 1261/1883/1869 1126/1884/1870 1127/1876/1862
f 1109/1885/1871 1266/1886/1872 1108/1877/1863
f 1108/1877/1863 1266/1886/1872 1492/1887/1873
f 1108/1877/1863 1492/1887/1873 1264/1878/1864
f 1264/1878/1864 1492/1887/1873 1491/1888/1874
f 1264/1878/1864 1491/1888/1874 1484/1889/1875
f 1484/1889/1875 1491/1888/1874 1490/1890/1876
f 1484/1889/1875 1490/1890/1876 1263/1891/1877
f 1263/1891/1877 1490/1890/1876 1125/1892/1878
f 1263/1891/1877 1125/1892/1878 1126/1884/1870
f 1110/1893/1879 1268/1894/1880 1109/1885/1871
f 1109/1885/1871 1268/1894/1880 1493/1895/1881
f 1109/1885/1871 1493/1895/1881 1497/1896/1882
f 1497/1896/1882 1493/1895/1881 1494/1897/1883
f 1497/1896/1882 1494/1897/1883 1496/1898/1884
f 1496/1898/1884 1494/1897/1883 1495/1899/1885
f 1496/1898/1884 1495/1899/1885 1265/1900/1886
f 1265/1900/1886 1495/1899/1885 1124/1901/1887
f 1265/1900/1886 1124/1901/1887 1125/1892/1878
f 1111/1902/1888 1270/1903/1889 1110/1893/1879
f 1110/1893/1879 1270/1903/1889 1498/1904/1890
f 1110/1893/1879 1498/1904/1890 1268/1894/1880
f 1268/1894/1880 1498/1904/1890 1499/1905/1891
f 1268/1894/1880 1499/1905/1891 1501/1906/1892
f 1501/1906/1892 1499/1905/1891 1500/1907/1893
f 1501/1906/1892 1500/1907/1893 1267/1908/1894
f 1267/1908/1894 1500/1907/1893 1123/1909/1895
f 1267/1908/1894 1123/1909/1895 1124/1901/1887
f 1112/1910/1896 1272/1911/1897 1111/1902/1888
f 1111/1902/1888 1272/1911/1897 1502/1912/1898
f 1111/1902/1888 1502/1912/1898 1270/1903/1889
f 1270/1903/1889 1502/1912/1898 1503/1913/1899
f 1270/1903/1889 1503/1913/1899 1505/1914/1900
f 1505/1914/1900 1503/1913/1899 1504/1915/1901
f 1505/1914/1900 1504/1915/1901 1269/1916/1902
f 1269/1916/1902 1504/1915/1901 1122/1917/1903
f 1269/1916/1902 1122/1917/1903 1123/1909/1895
f 1113/1918/1904 1274/1919/1905 1112/1910/1896
f 1112/1910/1896 1274/1919/1905 1506/1920/1906
f 1112/1910/1896 1506/1920/1906 1272/1911/1897
f 1272/1911/1897 1506/1920/1906 1507/1921/1907
f 1272/1911/1897 1507/1921/1907 1509/1922/1908
f 1509/1922/1908 1507/1921/1907 1508/1923/1909
f 1509/1922/1908 1508/1923/1909 1271/1924/1910
f 1271/1924/1910 1508/1923/1909 1121/1925/1911
f 1271/1924/1910 1121/1925/1911 1122/1917/1903
f 1274/1919/1905 1113/1918/1904 1510/1926/1912
f 1510/1926/1912 1113/1918/1904 1114/1927/1913
f 1510/1926/1912 1114/1927/1913 1514/1928/1914
f 1514/1928/1914 1114/1927/1913 1115/1929/1915
f 1514/1928/1914 1115/1929/1915 1517/1930/1916
f 1517/1930/1916 1115/1929/1915 1116/1931/1917
f 1517/1930/1916 1116/1931/1917 1520/1932/1918
f 1520/1932/1918 1116/1931/1917 1057/1933/1449
f 1520/1932/1918 1057/1933/1449 1521/1934/1919
f 1521/1934/1919 1057/1933/1449 1058/1935/1451
f 1521/1934/1919 1058/1935/1451 1522/1936/1920
f 1522/1936/1920 1058/1935/1451 1117/1937/1921
f 1522/1936/1920 1117/1937/1921 1519/1938/1922
f 1519/1938/1922 1117/1937/1921 1118/1939/1923
f 1519/1938/1922 1118/1939/1923 1516/1940/1924
f 1516/1940/1924 1118/1939/1923 1119/1941/1925
f 1516/1940/1924 1119/1941/1925 1512/1942/1926
f 1512/1942/1926 1119/1941/1925 1120/1943/1927
f 1512/1942/1926 1120/1943/1927 1273/1944/1928
f 1273/1944/1928 1120/1943/1927 1121/1925/1911
f 1273/1944/1928 1121/1925/1911 1508/1923/1909
f 1141/1757/1743 1142/1745/1731 1531/1759/1745
f 1531/1759/1745 1142/1745/1731 1231/1743/1729
f 1531/1759/1745 1231/1743/1729 1533/1741/1727
f 1142/1745/1731 1143/1733/1719 1535/1747/1733
f 1535/1747/1733 1143/1733/1719 1229/1731/1717
f 1535/1747/1733 1229/1731/1717 1538/1729/1715
f 1143/1733/1719 1144/1721/1707 1539/1735/1721
f 1539/1735/1721 1144/1721/1707 1227/1719/1705
f 1539/1735/1721 1227/1719/1705 1542/1717/1703
f 1144/1721/1707 1145/1708/1694 1543/1723/1709
f 1543/1723/1709 1145/1708/1694 1225/1706/1692
f 1543/1723/1709 1225/1706/1692 1546/1704/1690
f 1547/1710/1696 1145/1708/1694 1223/1945/1929
f 1223/1945/1929 1145/1708/1694 1146/1696/1682
f 1223/1945/1929 1146/1696/1682 1392/1694/1680
f 1146/1696/1682 1147/1684/1670 1221/1698/1684
f 1221/1698/1684 1147/1684/1670 1386/1682/1668
f 1221/1698/1684 1386/1682/1668 1385/1680/1666
f 1147/1684/1670 1148/1672/1658 1219/1686/1672
f 1219/1686/1672 1148/1672/1658 1380/1670/1656
f 1219/1686/1672 1380/1670/1656 1379/1668/1654
f 1148/1672/1658 1149/1660/1646 1562/1674/1660
f 1562/1674/1660 1149/1660/1646 1217/1658/1644
f 1562/1674/1660 1217/1658/1644 1564/1656/1642
f 1149/1660/1646 1150/1650/1636 1566/1662/1648
f 1566/1662/1648 1150/1650/1636 1215/1648/1634
f 1566/1662/1648 1215/1648/1634 1569/1646/1632
f 1183/1526/1512 1166/1518/1504 1301/1946/1930
f 1301/1946/1930 1166/1518/1504 1302/1516/1502
f 1301/1946/1930 1302/1516/1502 1303/1514/1500
f 1068/1511/1497 1309/1522/1508 1184/1512/1498
f 1184/1512/1498 1309/1522/1508 1308/1524/1510
f 1184/1512/1498 1308/1524/1510 1300/1947/1931
f 1300/1947/1931 1308/1524/1510 1183/1526/1512
f 1300/1947/1931 1183/1526/1512 1301/1946/1930
f 1165/1527/1513 1307/1525/1511 1185/1534/1520
f 1185/1534/1520 1307/1525/1511 1306/1523/1509
f 1185/1534/1520 1306/1523/1509 1313/1532/1518
f 1313/1532/1518 1306/1523/1509 1305/1521/1507
f 1313/1532/1518 1305/1521/1507 1186/1520/1506
f 1164/1535/1521 1312/1533/1519 1187/1542/1528
f 1187/1542/1528 1312/1533/1519 1311/1531/1517
f 1187/1542/1528 1311/1531/1517 1317/1540/1526
f 1317/1540/1526 1311/1531/1517 1310/1530/1516
f 1317/1540/1526 1310/1530/1516 1188/1529/1515
f 1163/1543/1529 1316/1541/1527 1189/1550/1536
f 1189/1550/1536 1316/1541/1527 1315/1539/1525
f 1189/1550/1536 1315/1539/1525 1321/1548/1534
f 1321/1548/1534 1315/1539/1525 1314/1538/1524
f 1321/1548/1534 1314/1538/1524 1190/1537/1523
f 1162/1551/1537 1320/1549/1535 1191/1558/1544
f 1191/1558/1544 1320/1549/1535 1319/1547/1533
f 1191/1558/1544 1319/1547/1533 1325/1556/1542
f 1325/1556/1542 1319/1547/1533 1318/1546/1532
f 1325/1556/1542 1318/1546/1532 1192/1545/1531
f 1161/1559/1545 1324/1557/1543 1193/1566/1552
f 1193/1566/1552 1324/1557/1543 1323/1555/1541
f 1193/1566/1552 1323/1555/1541 1329/1564/1550
f 1329/1564/1550 1323/1555/1541 1322/1554/1540
f 1329/1564/1550 1322/1554/1540 1194/1553/1539
f 1160/1567/1553 1328/1565/1551 1195/1574/1560
f 1195/1574/1560 1328/1565/1551 1327/1563/1549
f 1195/1574/1560 1327/1563/1549 1570/1572/1558
f 1570/1572/1558 1327/1563/1549 1326/1562/1548
f 1570/1572/1558 1326/1562/1548 1196/1561/1547
f 1080/1608/1594 1359/1619/1605 1208/1609/1595
f 1208/1609/1595 1359/1619/1605 1358/1621/1607
f 1208/1609/1595 1358/1621/1607 1350/1948/1932
f 1350/1948/1932 1358/1621/1607 1357/1623/1609
f 1350/1948/1932 1357/1623/1609 1207/1625/1611
f 1153/1624/1610 1356/1622/1608 1209/1632/1618
f 1209/1632/1618 1356/1622/1608 1355/1620/1606
f 1209/1632/1618 1355/1620/1606 1363/1630/1616
f 1363/1630/1616 1355/1620/1606 1354/1618/1604
f 1363/1630/1616 1354/1618/1604 1210/1617/1603
f 1152/1633/1619 1362/1631/1617 1211/1640/1626
f 1211/1640/1626 1362/1631/1617 1361/1629/1615
f 1211/1640/1626 1361/1629/1615 1367/1638/1624
f 1367/1638/1624 1361/1629/1615 1360/1628/1614
f 1367/1638/1624 1360/1628/1614 1212/1627/1613
f 1214/1635/1621 1083/1634/1620 1368/1645/1631
f 1216/1643/1629 1084/1642/1628 1377/1949/1933
f 1377/1949/1933 1084/1642/1628 1372/1655/1641
f 1377/1949/1933 1372/1655/1641 1373/1657/1643
f 1563/1675/1661 1565/1654/1640 1561/1653/1639
f 1085/1652/1638 1383/1667/1653 1218/1950/1934
f 1218/1950/1934 1383/1667/1653 1382/1669/1655
f 1218/1950/1934 1382/1669/1655 1560/1951/1935
f 1560/1951/1935 1382/1669/1655 1381/1671/1657
f 1560/1951/1935 1381/1671/1657 1559/1673/1659
f 1558/1687/1673 1378/1666/1652 1557/1665/1651
f 1086/1664/1650 1389/1679/1665 1220/1952/1936
f 1220/1952/1936 1389/1679/1665 1388/1681/1667
f 1220/1952/1936 1388/1681/1667 1556/1953/1937
f 1556/1953/1937 1388/1681/1667 1387/1683/1669
f 1556/1953/1937 1387/1683/1669 1555/1685/1671
f 1554/1699/1685 1384/1678/1664 1553/1677/1663
f 1087/1676/1662 1395/1691/1677 1222/1954/1938
f 1222/1954/1938 1395/1691/1677 1394/1693/1679
f 1222/1954/1938 1394/1693/1679 1552/1955/1939
f 1552/1955/1939 1394/1693/1679 1393/1695/1681
f 1552/1955/1939 1393/1695/1681 1551/1697/1683
f 1224/1956/1940 1088/1688/1674 1401/1957/1941
f 1401/1957/1941 1088/1688/1674 1396/1703/1689
f 1401/1957/1941 1396/1703/1689 1397/1705/1691
f 1226/1701/1687 1089/1700/1686 1407/1958/1942
f 1407/1958/1942 1089/1700/1686 1402/1716/1702
f 1407/1958/1942 1402/1716/1702 1403/1718/1704
f 1228/1714/1700 1090/1713/1699 1413/1959/1943
f 1413/1959/1943 1090/1713/1699 1408/1728/1714
f 1413/1959/1943 1408/1728/1714 1409/1730/1716
f 1230/1726/1712 1091/1725/1711 1419/1960/1944
f 1419/1960/1944 1091/1725/1711 1414/1740/1726
f 1419/1960/1944 1414/1740/1726 1415/1742/1728
f 1532/1760/1746 1534/1739/1725 1530/1738/1724
f 1092/1737/1723 1425/1752/1738 1232/1961/1945
f 1232/1961/1945 1425/1752/1738 1424/1754/1740
f 1232/1961/1945 1424/1754/1740 1529/1962/1946
f 1529/1962/1946 1424/1754/1740 1423/1756/1742
f 1529/1962/1946 1423/1756/1742 1528/1758/1744
f 1235/1777/1763 1140/1769/1755 1427/1767/1753
f 1526/1750/1736 1093/1749/1735 1234/1764/1750
f 1096/1779/1765 1443/1790/1776 1240/1780/1766
f 1240/1780/1766 1443/1790/1776 1442/1792/1778
f 1240/1780/1766 1442/1792/1778 1434/1963/1947
f 1434/1963/1947 1442/1792/1778 1441/1794/1780
f 1434/1963/1947 1441/1794/1780 1239/1796/1782
f 1137/1795/1781 1440/1793/1779 1241/1803/1789
f 1241/1803/1789 1440/1793/1779 1439/1791/1777
f 1241/1803/1789 1439/1791/1777 1447/1801/1787
f 1447/1801/1787 1439/1791/1777 1438/1789/1775
f 1447/1801/1787 1438/1789/1775 1242/1788/1774
f 1136/1804/1790 1446/1802/1788 1243/1811/1797
f 1243/1811/1797 1446/1802/1788 1445/1800/1786
f 1243/1811/1797 1445/1800/1786 1451/1809/1795
f 1451/1809/1795 1445/1800/1786 1444/1799/1785
f 1451/1809/1795 1444/1799/1785 1244/1798/1784
f 1135/1812/1798 1450/1810/1796 1245/1819/1805
f 1245/1819/1805 1450/1810/1796 1449/1808/1794
f 1245/1819/1805 1449/1808/1794 1455/1817/1803
f 1455/1817/1803 1449/1808/1794 1448/1807/1793
f 1455/1817/1803 1448/1807/1793 1246/1806/1792
f 1134/1820/1806 1454/1818/1804 1247/1827/1813
f 1247/1827/1813 1454/1818/1804 1453/1816/1802
f 1247/1827/1813 1453/1816/1802 1459/1825/1811
f 1459/1825/1811 1453/1816/1802 1452/1815/1801
f 1459/1825/1811 1452/1815/1801 1248/1814/1800
f 1133/1828/1814 1458/1826/1812 1249/1835/1821
f 1249/1835/1821 1458/1826/1812 1457/1824/1810
f 1249/1835/1821 1457/1824/1810 1463/1833/1819
f 1463/1833/1819 1457/1824/1810 1456/1823/1809
f 1463/1833/1819 1456/1823/1809 1250/1822/1808
f 1132/1836/1822 1462/1834/1820 1251/1843/1829
f 1251/1843/1829 1462/1834/1820 1461/1832/1818
f 1251/1843/1829 1461/1832/1818 1467/1841/1827
f 1467/1841/1827 1461/1832/1818 1460/1831/1817
f 1467/1841/1827 1460/1831/1817 1252/1830/1816
f 1131/1844/1830 1466/1842/1828 1253/1851/1837
f 1253/1851/1837 1466/1842/1828 1465/1840/1826
f 1253/1851/1837 1465/1840/1826 1523/1849/1835
f 1523/1849/1835 1465/1840/1826 1464/1839/1825
f 1523/1849/1835 1464/1839/1825 1254/1838/1824
f 1265/1900/1886 1125/1892/1878 1489/1964/1948
f 1489/1964/1948 1125/1892/1878 1490/1890/1876
f 1489/1964/1948 1490/1890/1876 1491/1888/1874
f 1109/1885/1871 1497/1896/1882 1266/1886/1872
f 1266/1886/1872 1497/1896/1882 1496/1898/1884
f 1266/1886/1872 1496/1898/1884 1488/1965/1949
f 1488/1965/1949 1496/1898/1884 1265/1900/1886
f 1488/1965/1949 1265/1900/1886 1489/1964/1948
f 1124/1901/1887 1495/1899/1885 1267/1908/1894
f 1267/1908/1894 1495/1899/1885 1494/1897/1883
f 1267/1908/1894 1494/1897/1883 1501/1906/1892
f 1501/1906/1892 1494/1897/1883 1493/1895/1881
f 1501/1906/1892 1493/1895/1881 1268/1894/1880
f 1123/1909/1895 1500/1907/1893 1269/1916/1902
f 1269/1916/1902 1500/1907/1893 1499/1905/1891
f 1269/1916/1902 1499/1905/1891 1505/1914/1900
f 1505/1914/1900 1499/1905/1891 1498/1904/1890
f 1505/1914/1900 1498/1904/1890 1270/1903/1889
f 1122/1917/1903 1504/1915/1901 1271/1924/1910
f 1271/1924/1910 1504/1915/1901 1503/1913/1899
f 1271/1924/1910 1503/1913/1899 1509/1922/1908
f 1509/1922/1908 1503/1913/1899 1502/1912/1898
f 1509/1922/1908 1502/1912/1898 1272/1911/1897
f 1280/1474/1460 1277/1472/1458 1276/1470/1456
f 1276/1470/1456 1275/1468/1454 1279/1966/1950
f 1279/1966/1950 1275/1468/1454 1278/1490/1476
f 1279/1966/1950 1278/1490/1476 1282/1967/1951
f 1282/1967/1951 1278/1490/1476 1281/1492/1478
f 1282/1967/1951 1281/1492/1478 1285/1968/1952
f 1285/1968/1952 1281/1492/1478 1284/1494/1480
f 1285/1968/1952 1284/1494/1480 1287/1969/1953
f 1287/1969/1953 1284/1494/1480 1176/1496/1482
f 1287/1969/1953 1176/1496/1482 1290/1484/1470
f 1290/1484/1470 1176/1496/1482 1291/1486/1472
f 1283/1476/1462 1280/1474/1460 1279/1966/1950
f 1279/1966/1950 1280/1474/1460 1276/1470/1456
f 1283/1476/1462 1279/1966/1950 1282/1967/1951
f 1286/1478/1464 1283/1476/1462 1282/1967/1951
f 1286/1478/1464 1282/1967/1951 1285/1968/1952
f 1175/1480/1466 1286/1478/1464 1285/1968/1952
f 1175/1480/1466 1285/1968/1952 1287/1969/1953
f 1289/1482/1468 1175/1480/1466 1287/1969/1953
f 1289/1482/1468 1287/1969/1953 1290/1484/1470
f 1179/1509/1495 1168/1502/1488 1293/1501/1487
f 1294/1500/1486 1295/1499/1485 1292/1507/1493
f 1292/1507/1493 1295/1499/1485 1180/1498/1484
f 1293/1501/1487 1294/1500/1486 1179/1509/1495
f 1179/1509/1495 1294/1500/1486 1292/1507/1493
f 1181/1517/1503 1167/1510/1496 1297/1508/1494
f 1298/1506/1492 1299/1505/1491 1296/1515/1501
f 1296/1515/1501 1299/1505/1491 1182/1504/1490
f 1297/1508/1494 1298/1506/1492 1181/1517/1503
f 1181/1517/1503 1298/1506/1492 1296/1515/1501
f 1303/1514/1500 1304/1513/1499 1300/1947/1931
f 1300/1947/1931 1304/1513/1499 1184/1512/1498
f 1300/1947/1931 1301/1946/1930 1303/1514/1500
f 1332/1571/1557 1333/1570/1556 1330/1580/1566
f 1330/1580/1566 1333/1570/1556 1198/1569/1555
f 1331/1573/1559 1332/1571/1557 1197/1582/1568
f 1197/1582/1568 1332/1571/1557 1330/1580/1566
f 1199/1590/1576 1158/1583/1569 1335/1581/1567
f 1159/1575/1561 1331/1573/1559 1197/1582/1568
f 1336/1579/1565 1337/1578/1564 1334/1588/1574
f 1334/1588/1574 1337/1578/1564 1200/1577/1563
f 1335/1581/1567 1336/1579/1565 1199/1590/1576
f 1199/1590/1576 1336/1579/1565 1334/1588/1574
f 1201/1598/1584 1157/1591/1577 1339/1589/1575
f 1340/1587/1573 1341/1586/1572 1338/1596/1582
f 1338/1596/1582 1341/1586/1572 1202/1585/1571
f 1339/1589/1575 1340/1587/1573 1201/1598/1584
f 1201/1598/1584 1340/1587/1573 1338/1596/1582
f 1203/1606/1592 1156/1599/1585 1343/1597/1583
f 1344/1595/1581 1345/1594/1580 1342/1604/1590
f 1342/1604/1590 1345/1594/1580 1204/1593/1579
f 1343/1597/1583 1344/1595/1581 1203/1606/1592
f 1203/1606/1592 1344/1595/1581 1342/1604/1590
f 1205/1614/1600 1155/1607/1593 1347/1605/1591
f 1348/1603/1589 1349/1602/1588 1346/1612/1598
f 1346/1612/1598 1349/1602/1588 1206/1601/1587
f 1347/1605/1591 1348/1603/1589 1205/1614/1600
f 1205/1614/1600 1348/1603/1589 1346/1612/1598
f 1352/1611/1597 1353/1610/1596 1350/1948/1932
f 1350/1948/1932 1353/1610/1596 1208/1609/1595
f 1351/1613/1599 1352/1611/1597 1207/1625/1611
f 1207/1625/1611 1352/1611/1597 1350/1948/1932
f 1213/1651/1637 1366/1639/1625 1365/1637/1623
f 1365/1637/1623 1364/1636/1622 1371/1970/1954
f 1371/1970/1954 1364/1636/1622 1214/1635/1621
f 1371/1970/1954 1214/1635/1621 1369/1647/1633
f 1369/1647/1633 1214/1635/1621 1368/1645/1631
f 1369/1647/1633 1370/1649/1635 1371/1970/1954
f 1371/1970/1954 1370/1649/1635 1213/1651/1637
f 1371/1970/1954 1213/1651/1637 1365/1637/1623
f 1373/1657/1643 1374/1659/1645 1376/1971/1955
f 1376/1971/1955 1374/1659/1645 1375/1661/1647
f 1376/1971/1955 1375/1661/1647 1567/1663/1649
f 1216/1643/1629 1377/1949/1933 1376/1971/1955
f 1376/1971/1955 1377/1949/1933 1373/1657/1643
f 1216/1643/1629 1376/1971/1955 1567/1663/1649
f 1085/1652/1638 1218/1950/1934 1561/1653/1639
f 1561/1653/1639 1218/1950/1934 1560/1951/1935
f 1561/1653/1639 1560/1951/1935 1563/1675/1661
f 1563/1675/1661 1560/1951/1935 1559/1673/1659
f 1086/1664/1650 1220/1952/1936 1557/1665/1651
f 1557/1665/1651 1220/1952/1936 1556/1953/1937
f 1557/1665/1651 1556/1953/1937 1558/1687/1673
f 1558/1687/1673 1556/1953/1937 1555/1685/1671
f 1223/1945/1929 1392/1694/1680 1391/1692/1678
f 1223/1945/1929 1391/1692/1678 1550/1712/1698
f 1550/1712/1698 1391/1692/1678 1390/1690/1676
f 1087/1676/1662 1222/1954/1938 1553/1677/1663
f 1553/1677/1663 1222/1954/1938 1552/1955/1939
f 1553/1677/1663 1552/1955/1939 1554/1699/1685
f 1554/1699/1685 1552/1955/1939 1551/1697/1683
f 1397/1705/1691 1398/1707/1693 1400/1972/1956
f 1400/1972/1956 1398/1707/1693 1399/1709/1695
f 1400/1972/1956 1399/1709/1695 1548/1711/1697
f 1224/1956/1940 1401/1957/1941 1400/1972/1956
f 1400/1972/1956 1401/1957/1941 1397/1705/1691
f 1224/1956/1940 1400/1972/1956 1548/1711/1697
f 1548/1711/1697 1549/1689/1675 1224/1956/1940
f 1224/1956/1940 1549/1689/1675 1088/1688/1674
f 1403/1718/1704 1404/1720/1706 1406/1973/1957
f 1406/1973/1957 1404/1720/1706 1405/1722/1708
f 1406/1973/1957 1405/1722/1708 1544/1724/1710
f 1226/1701/1687 1407/1958/1942 1406/1973/1957
f 1406/1973/1957 1407/1958/1942 1403/1718/1704
f 1226/1701/1687 1406/1973/1957 1544/1724/1710
f 1409/1730/1716 1410/1732/1718 1412/1974/1958
f 1412/1974/1958 1410/1732/1718 1411/1734/1720
f 1412/1974/1958 1411/1734/1720 1540/1736/1722
f 1228/1714/1700 1413/1959/1943 1412/1974/1958
f 1412/1974/1958 1413/1959/1943 1409/1730/1716
f 1228/1714/1700 1412/1974/1958 1540/1736/1722
f 1415/1742/1728 1416/1744/1730 1418/1975/1959
f 1418/1975/1959 1416/1744/1730 1417/1746/1732
f 1418/1975/1959 1417/1746/1732 1536/1748/1734
f 1230/1726/1712 1419/1960/1944 1418/1975/1959
f 1418/1975/1959 1419/1960/1944 1415/1742/1728
f 1230/1726/1712 1418/1975/1959 1536/1748/1734
f 1233/1770/1756 1422/1755/1741 1421/1753/1739
f 1421/1753/1739 1420/1751/1737 1527/1976/1960
f 1527/1976/1960 1420/1751/1737 1526/1750/1736
f 1527/1976/1960 1526/1750/1736 1525/1766/1752
f 1525/1766/1752 1526/1750/1736 1234/1764/1750
f 1092/1737/1723 1232/1961/1945 1530/1738/1724
f 1530/1738/1724 1232/1961/1945 1529/1962/1946
f 1530/1738/1724 1529/1962/1946 1532/1760/1746
f 1532/1760/1746 1529/1962/1946 1528/1758/1744
f 1428/1765/1751 1429/1763/1749 1426/1775/1761
f 1426/1775/1761 1429/1763/1749 1236/1762/1748
f 1427/1767/1753 1428/1765/1751 1235/1777/1763
f 1235/1777/1763 1428/1765/1751 1426/1775/1761
f 1237/1785/1771 1139/1778/1764 1431/1776/1762
f 1432/1774/1760 1433/1773/1759 1430/1783/1769
f 1430/1783/1769 1433/1773/1759 1238/1772/1758
f 1431/1776/1762 1432/1774/1760 1237/1785/1771
f 1237/1785/1771 1432/1774/1760 1430/1783/1769
f 1436/1782/1768 1437/1781/1767 1434/1963/1947
f 1434/1963/1947 1437/1781/1767 1240/1780/1766
f 1435/1784/1770 1436/1782/1768 1239/1796/1782
f 1239/1796/1782 1436/1782/1768 1434/1963/1947
f 1470/1848/1834 1471/1847/1833 1468/1857/1843
f 1468/1857/1843 1471/1847/1833 1256/1846/1832
f 1469/1850/1836 1470/1848/1834 1255/1859/1845
f 1255/1859/1845 1470/1848/1834 1468/1857/1843
f 1257/1867/1853 1129/1860/1846 1473/1858/1844
f 1130/1852/1838 1469/1850/1836 1255/1859/1845
f 1474/1856/1842 1475/1855/1841 1472/1865/1851
f 1472/1865/1851 1475/1855/1841 1258/1854/1840
f 1473/1858/1844 1474/1856/1842 1257/1867/1853
f 1257/1867/1853 1474/1856/1842 1472/1865/1851
f 1259/1875/1861 1128/1868/1854 1477/1866/1852
f 1478/1864/1850 1479/1863/1849 1476/1873/1859
f 1476/1873/1859 1479/1863/1849 1260/1862/1848
f 1477/1866/1852 1478/1864/1850 1259/1875/1861
f 1259/1875/1861 1478/1864/1850 1476/1873/1859
f 1261/1883/1869 1127/1876/1862 1481/1874/1860
f 1482/1872/1858 1483/1871/1857 1480/1881/1867
f 1480/1881/1867 1483/1871/1857 1262/1870/1856
f 1481/1874/1860 1482/1872/1858 1261/1883/1869
f 1261/1883/1869 1482/1872/1858 1480/1881/1867
f 1263/1891/1877 1126/1884/1870 1485/1882/1868
f 1486/1880/1866 1487/1879/1865 1484/1889/1875
f 1484/1889/1875 1487/1879/1865 1264/1878/1864
f 1485/1882/1868 1486/1880/1866 1263/1891/1877
f 1263/1891/1877 1486/1880/1866 1484/1889/1875
f 1491/1888/1874 1492/1887/1873 1488/1965/1949
f 1488/1965/1949 1492/1887/1873 1266/1886/1872
f 1488/1965/1949 1489/1964/1948 1491/1888/1874
f 1273/1944/1928 1508/1923/1909 1507/1921/1907
f 1507/1921/1907 1506/1920/1906 1513/1977/1961
f 1513/1977/1961 1506/1920/1906 1274/1919/1905
f 1513/1977/1961 1274/1919/1905 1511/1978/1962
f 1511/1978/1962 1274/1919/1905 1510/1926/1912
f 1511/1978/1962 1510/1926/1912 1515/1979/1963
f 1515/1979/1963 1510/1926/1912 1514/1928/1914
f 1515/1979/1963 1514/1928/1914 1518/1980/1964
f 1518/1980/1964 1514/1928/1914 1517/1930/1916
f 1518/1980/1964 1517/1930/1916 1521/1934/1919
f 1521/1934/1919 1517/1930/1916 1520/1932/1918
f 1511/1978/1962 1512/1942/1926 1513/1977/1961
f 1513/1977/1961 1512/1942/1926 1273/1944/1928
f 1513/1977/1961 1273/1944/1928 1507/1921/1907
f 1512/1942/1926 1511/1978/1962 1516/1940/1924
f 1516/1940/1924 1511/1978/1962 1515/1979/1963
f 1516/1940/1924 1515/1979/1963 1519/1938/1922
f 1519/1938/1922 1515/1979/1963 1518/1980/1964
f 1519/1938/1922 1518/1980/1964 1522/1936/1920
f 1522/1936/1920 1518/1980/1964 1521/1934/1919
f 1527/1976/1960 1525/1766/1752 1524/1768/1754
f 1421/1753/1739 1527/1976/1960 1233/1770/1756
f 1233/1770/1756 1527/1976/1960 1524/1768/1754
f 1537/1727/1713 1230/1726/1712 1536/1748/1734
f 1541/1715/1701 1228/1714/1700 1540/1736/1722
f 1545/1702/1688 1226/1701/1687 1544/1724/1710
f 1223/1945/1929 1550/1712/1698 1547/1710/1696
f 1568/1644/1630 1216/1643/1629 1567/1663/1649
f 1571/1981/1965 1059/1982/1455 1572/1983/1966
f 1572/1983/1966 1059/1982/1455 1174/1984/1457
f 972/1985/1967 1571/1986/1968 815/1987/1969
f 815/1987/1969 1571/1986/1968 695/1988/1970
f 695/1988/1970 1571/1986/1968 1572/1989/1971
f 695/1988/1970 1572/1989/1971 696/1990/1972
f 2/1991/1973 1/1992/1974 1145/1993/1975
f 1145/1993/1975 1/1992/1974 73/1994/1976
f 1145/1993/1975 73/1994/1976 1146/1995/1977
f 1146/1995/1977 73/1994/1976 72/1996/1978
f 1146/1995/1977 72/1996/1978 1147/1997/1979
f 1147/1997/1979 72/1996/1978 71/1998/1980
f 1147/1997/1979 71/1998/1980 1148/1999/1981
f 1148/1999/1981 71/1998/1980 70/2000/1982
f 1148/1999/1981 70/2000/1982 1149/2001/1983
f 1149/2001/1983 70/2000/1982 69/2002/1984
f 1149/2001/1983 69/2002/1984 696/2003/1985
f 696/2003/1985 69/2002/1984 68/2004/1986
f 696/2003/1985 68/2004/1986 67/2005/1987
f 67/2005/1987 66/2006/1988 696/2003/1985
f 696/2003/1985 66/2006/1988 65/2007/1989
f 696/2003/1985 65/2007/1989 64/2008/1990
f 64/2008/1990 63/2009/1991 696/2003/1985
f 696/2003/1985 63/2009/1991 62/2010/1992
f 696/2003/1985 62/2010/1992 61/2011/1993
f 61/2011/1993 60/2012/1994 696/2003/1985
f 696/2003/1985 60/2012/1994 670/2013/1995
f 670/2013/1995 60/2012/1994 59/2014/1996
f 670/2013/1995 59/2014/1996 58/2015/1997
f 58/2015/1997 57/2016/1998 670/2013/1995
f 670/2013/1995 57/2016/1998 56/2017/1999
f 670/2013/1995 56/2017/1999 55/2018/2000
f 670/2013/1995 55/2018/2000 671/2019/2001
f 671/2019/2001 55/2018/2000 54/2020/2002
f 671/2019/2001 54/2020/2002 672/2021/2003
f 672/2021/2003 54/2020/2002 673/2022/2004
f 673/2022/2004 54/2020/2002 53/2023/2005
f 673/2022/2004 53/2023/2005 674/2024/2006
f 674/2024/2006 53/2023/2005 52/2025/2007
f 674/2024/2006 52/2025/2007 675/2026/2008
f 675/2026/2008 52/2025/2007 51/2027/2009
f 675/2026/2008 51/2027/2009 676/2028/2010
f 676/2028/2010 51/2027/2009 50/2029/2011
f 676/2028/2010 50/2029/2011 677/2030/2012
f 677/2030/2012 50/2029/2011 49/2031/2013
f 677/2030/2012 49/2031/2013 678/2032/2014
f 678/2032/2014 49/2031/2013 48/2033/2015
f 678/2032/2014 48/2033/2015 679/2034/2016
f 679/2034/2016 48/2033/2015 47/2035/2017
f 679/2034/2016 47/2035/2017 680/2036/2018
f 680/2036/2018 47/2035/2017 46/2037/2019
f 680/2036/2018 46/2037/2019 681/2038/2020
f 681/2038/2020 46/2037/2019 45/2039/2021
f 681/2038/2020 45/2039/2021 682/2040/2022
f 682/2040/2022 45/2039/2021 44/2041/2023
f 682/2040/2022 44/2041/2023 683/2042/2024
f 683/2042/2024 44/2041/2023 43/2043/2025
f 683/2042/2024 43/2043/2025 684/2044/2026
f 684/2044/2026 43/2043/2025 42/2045/2027
f 684/2044/2026 42/2045/2027 685/2046/2028
f 685/2046/2028 42/2045/2027 686/2047/2029
f 686/2047/2029 42/2045/2027 41/2048/2030
f 686/2047/2029 41/2048/2030 687/2049/2031
f 687/2049/2031 41/2048/2030 40/2050/2032
f 687/2049/2031 40/2050/2032 688/2051/2033
f 688/2051/2033 40/2050/2032 39/2052/2034
f 688/2051/2033 39/2052/2034 38/2053/2035
f 38/2053/2035 37/2054/2036 688/2051/2033
f 688/2051/2033 37/2054/2036 771/2055/2037
f 688/2051/2033 771/2055/2037 751/2056/2038
f 751/2056/2038 771/2055/2037 752/2057/2039
f 752/2057/2039 771/2055/2037 753/2058/2040
f 753/2058/2040 771/2055/2037 754/2059/2041
f 754/2059/2041 771/2055/2037 755/2060/2042
f 755/2060/2042 771/2055/2037 770/2061/2043
f 755/2060/2042 770/2061/2043 756/2062/2044
f 756/2062/2044 770/2061/2043 769/2063/2045
f 756/2062/2044 769/2063/2045 757/2064/2046
f 757/2064/2046 769/2063/2045 768/2065/2047
f 757/2064/2046 768/2065/2047 758/2066/2048
f 758/2066/2048 768/2065/2047 767/2067/2049
f 758/2066/2048 767/2067/2049 759/2068/2050
f 759/2068/2050 767/2067/2049 766/2069/2051
f 759/2068/2050 766/2069/2051 760/2070/2052
f 760/2070/2052 766/2069/2051 765/2071/2053
f 760/2070/2052 765/2071/2053 761/2072/2054
f 761/2072/2054 765/2071/2053 764/2073/2055
f 761/2072/2054 764/2073/2055 762/2074/2056
f 762/2074/2056 764/2073/2055 763/2075/2057
f 37/2054/2036 36/2076/2058 771/2055/2037
f 771/2055/2037 36/2076/2058 35/2077/2059
f 771/2055/2037 35/2077/2059 782/2078/2060
f 782/2078/2060 35/2077/2059 34/2079/2061
f 782/2078/2060 34/2079/2061 783/2080/2062
f 783/2080/2062 34/2079/2061 33/2081/2063
f 783/2080/2062 33/2081/2063 784/2082/2064
f 784/2082/2064 33/2081/2063 785/2083/2065
f 785/2083/2065 33/2081/2063 32/2084/2066
f 785/2083/2065 32/2084/2066 786/2085/2067
f 786/2085/2067 32/2084/2066 31/2086/2068
f 786/2085/2067 31/2086/2068 787/2087/2069
f 787/2087/2069 31/2086/2068 30/2088/2070
f 787/2087/2069 30/2088/2070 788/2089/2071
f 788/2089/2071 30/2088/2070 29/2090/2072
f 788/2089/2071 29/2090/2072 789/2091/2073
f 789/2091/2073 29/2090/2072 28/2092/2074
f 789/2091/2073 28/2092/2074 790/2093/2075
f 790/2093/2075 28/2092/2074 27/2094/2076
f 790/2093/2075 27/2094/2076 791/2095/2077
f 791/2095/2077 27/2094/2076 26/2096/2078
f 791/2095/2077 26/2096/2078 792/2097/2079
f 792/2097/2079 26/2096/2078 25/2098/2080
f 792/2097/2079 25/2098/2080 793/2099/2081
f 793/2099/2081 25/2098/2080 24/2100/2082
f 793/2099/2081 24/2100/2082 794/2101/2083
f 794/2101/2083 24/2100/2082 23/2102/2084
f 794/2101/2083 23/2102/2084 795/2103/2085
f 795/2103/2085 23/2102/2084 22/2104/2086
f 795/2103/2085 22/2104/2086 796/2105/2087
f 796/2105/2087 22/2104/2086 21/2106/2088
f 796/2105/2087 21/2106/2088 797/2107/2089
f 797/2107/2089 21/2106/2088 798/2108/2090
f 798/2108/2090 21/2106/2088 20/2109/2091
f 798/2108/2090 20/2109/2091 781/2110/2092
f 781/2110/2092 20/2109/2091 19/2111/2093
f 781/2110/2092 19/2111/2093 18/2112/2094
f 18/2112/2094 17/2113/2095 781/2110/2092
f 781/2110/2092 17/2113/2095 16/2114/2096
f 781/2110/2092 16/2114/2096 15/2115/2097
f 781/2110/2092 15/2115/2097 778/2116/2098
f 778/2116/2098 15/2115/2097 14/2117/2099
f 778/2116/2098 14/2117/2099 13/2118/2100
f 13/2118/2100 12/2119/2101 778/2116/2098
f 778/2116/2098 12/2119/2101 11/2120/2102
f 778/2116/2098 11/2120/2102 10/2121/2103
f 10/2121/2103 9/2122/2104 778/2116/2098
f 778/2116/2098 9/2122/2104 8/2123/2105
f 778/2116/2098 8/2123/2105 7/2124/2106
f 7/2124/2106 6/2125/2107 778/2116/2098
f 778/2116/2098 6/2125/2107 1141/2126/2108
f 778/2116/2098 1141/2126/2108 1140/2127/2109
f 6/2125/2107 5/2128/2110 1141/2126/2108
f 1141/2126/2108 5/2128/2110 1142/2129/2111
f 1142/2129/2111 5/2128/2110 4/2130/2112
f 1142/2129/2111 4/2130/2112 1143/2131/2113
f 1143/2131/2113 4/2130/2112 3/2132/2114
f 1143/2131/2113 3/2132/2114 1144/2133/2115
f 1144/2133/2115 3/2132/2114 2/1991/1973
f 1144/2133/2115 2/1991/1973 1145/1993/1975
f 1572/2134/2116 1162/2135/2117 696/2003/1985
f 696/2003/1985 1162/2135/2117 1161/2136/2118
f 696/2003/1985 1161/2136/2118 1160/2137/2119
f 1174/2138/2120 1166/2139/2121 1572/2134/2116
f 1572/2134/2116 1166/2139/2121 1165/2140/2122
f 1572/2134/2116 1165/2140/2122 1164/2141/2123
f 1173/2142/2124 1172/2143/2125 1174/2138/2120
f 1174/2138/2120 1172/2143/2125 1171/2144/2126
f 1174/2138/2120 1171/2144/2126 1170/2145/2127
f 1170/2145/2127 1169/2146/2128 1174/2138/2120
f 1174/2138/2120 1169/2146/2128 1168/2147/2129
f 1174/2138/2120 1168/2147/2129 1167/2148/2130
f 1167/2148/2130 1166/2139/2121 1174/2138/2120
f 1164/2141/2123 1163/2149/2131 1572/2134/2116
f 1572/2134/2116 1163/2149/2131 1162/2135/2117
f 1160/2137/2119 1159/2150/2132 696/2003/1985
f 696/2003/1985 1159/2150/2132 1158/2151/2133
f 696/2003/1985 1158/2151/2133 1157/2152/2134
f 1157/2152/2134 1156/2153/2135 696/2003/1985
f 696/2003/1985 1156/2153/2135 1155/2154/2136
f 696/2003/1985 1155/2154/2136 1154/2155/2137
f 1154/2155/2137 1153/2156/2138 696/2003/1985
f 696/2003/1985 1153/2156/2138 1152/2157/2139
f 696/2003/1985 1152/2157/2139 1151/2158/2140
f 1151/2158/2140 1150/2159/2141 696/2003/1985
f 696/2003/1985 1150/2159/2141 1149/2001/1983
f 1140/2127/2109 1139/2160/2142 778/2116/2098
f 778/2116/2098 1139/2160/2142 1138/2161/2143
f 778/2116/2098 1138/2161/2143 1137/2162/2144
f 1137/2162/2144 1136/2163/2145 778/2116/2098
f 778/2116/2098 1136/2163/2145 1135/2164/2146
f 778/2116/2098 1135/2164/2146 1134/2165/2147
f 1134/2165/2147 1133/2166/2148 778/2116/2098
f 778/2116/2098 1133/2166/2148 1132/2167/2149
f 778/2116/2098 1132/2167/2149 1131/2168/2150
f 1131/2168/2150 1130/2169/2151 778/2116/2098
f 778/2116/2098 1130/2169/2151 1129/2170/2152
f 778/2116/2098 1129/2170/2152 1128/2171/2153
f 778/2116/2098 1128/2171/2153 1056/2172/2154
f 1056/2172/2154 1128/2171/2153 1127/2173/2155
f 1056/2172/2154 1127/2173/2155 1126/2174/2156
f 1126/2174/2156 1125/2175/2157 1056/2172/2154
f 1056/2172/2154 1125/2175/2157 1124/2176/2158
f 1056/2172/2154 1124/2176/2158 1058/2177/2159
f 1058/2177/2159 1124/2176/2158 1123/2178/2160
f 1058/2177/2159 1123/2178/2160 1122/2179/2161
f 1122/2179/2161 1121/2180/2162 1058/2177/2159
f 1058/2177/2159 1121/2180/2162 1120/2181/2163
f 1058/2177/2159 1120/2181/2163 1119/2182/2164
f 1119/2182/2164 1118/2183/2165 1058/2177/2159
f 1058/2177/2159 1118/2183/2165 1117/2184/2166
f 751/2056/2038 750/2185/2167 688/2051/2033
f 688/2051/2033 750/2185/2167 749/2186/2168
f 688/2051/2033 749/2186/2168 748/2187/2169
f 688/2051/2033 748/2187/2169 733/2188/2170
f 733/2188/2170 748/2187/2169 747/2189/2171
f 733/2188/2170 747/2189/2171 734/2190/2172
f 734/2190/2172 747/2189/2171 746/2191/2173
f 734/2190/2172 746/2191/2173 735/2192/2174
f 735/2192/2174 746/2191/2173 745/2193/2175
f 735/2192/2174 745/2193/2175 736/2194/2176
f 736/2194/2176 745/2193/2175 744/2195/2177
f 736/2194/2176 744/2195/2177 737/2196/2178
f 737/2196/2178 744/2195/2177 743/2197/2179
f 737/2196/2178 743/2197/2179 738/2198/2180
f 738/2198/2180 743/2197/2179 742/2199/2181
f 738/2198/2180 742/2199/2181 739/2200/2182
f 739/2200/2182 742/2199/2181 741/2201/2183
f 739/2200/2182 741/2201/2183 740/2202/2184
f 1055/2203/2185 1105/2204/2186 1009/2205/2187
f 1009/2205/2187 1105/2204/2186 1104/2206/2188
f 1009/2205/2187 1104/2206/2188 1103/2207/2189
f 1057/2208/2190 1109/2209/2191 1055/2203/2185
f 1055/2203/2185 1109/2209/2191 1108/2210/2192
f 1055/2203/2185 1108/2210/2192 1107/2211/2193
f 1116/2212/2194 1115/2213/2195 1057/2208/2190
f 1057/2208/2190 1115/2213/2195 1114/2214/2196
f 1057/2208/2190 1114/2214/2196 1113/2215/2197
f 1113/2215/2197 1112/2216/2198 1057/2208/2190
f 1057/2208/2190 1112/2216/2198 1111/2217/2199
f 1057/2208/2190 1111/2217/2199 1110/2218/2200
f 1110/2218/2200 1109/2209/2191 1057/2208/2190
f 1107/2211/2193 1106/2219/2201 1055/2203/2185
f 1055/2203/2185 1106/2219/2201 1105/2204/2186
f 1103/2207/2189 1102/2220/2202 1009/2205/2187
f 1009/2205/2187 1102/2220/2202 1101/2221/2203
f 1009/2205/2187 1101/2221/2203 1100/2222/2204
f 1100/2222/2204 1099/2223/2205 1009/2205/2187
f 1009/2205/2187 1099/2223/2205 1098/2224/2206
f 1009/2205/2187 1098/2224/2206 1097/2225/2207
f 1097/2225/2207 1096/2226/2208 1009/2205/2187
f 1009/2205/2187 1096/2226/2208 1095/2227/2209
f 1009/2205/2187 1095/2227/2209 1094/2228/2210
f 1094/2228/2210 1093/2229/2211 1009/2205/2187
f 1009/2205/2187 1093/2229/2211 1092/2230/2212
f 1009/2205/2187 1092/2230/2212 265/2231/2213
f 265/2231/2213 1092/2230/2212 266/2232/2214
f 266/2232/2214 1092/2230/2212 1091/2233/2215
f 266/2232/2214 1091/2233/2215 267/2234/2216
f 267/2234/2216 1091/2233/2215 268/2235/2217
f 268/2235/2217 1091/2233/2215 1090/2236/2218
f 268/2235/2217 1090/2236/2218 269/2237/2219
f 269/2237/2219 1090/2236/2218 1089/2238/2220
f 269/2237/2219 1089/2238/2220 1088/2239/2221
f 269/2237/2219 1088/2239/2221 610/2240/2222
f 610/2240/2222 1088/2239/2221 1087/2241/2223
f 610/2240/2222 1087/2241/2223 1086/2242/2224
f 610/2240/2222 1086/2242/2224 1040/2243/2225
f 1040/2243/2225 1086/2242/2224 1085/2244/2226
f 1040/2243/2225 1085/2244/2226 1041/2245/2227
f 1041/2245/2227 1085/2244/2226 1042/2246/2228
f 1042/2246/2228 1085/2244/2226 1084/2247/2229
f 1042/2246/2228 1084/2247/2229 1043/2248/2230
f 1043/2248/2230 1084/2247/2229 972/2249/2231
f 1043/2248/2230 972/2249/2231 1044/2250/2232
f 1044/2250/2232 972/2249/2231 1045/2251/2233
f 1045/2251/2233 972/2249/2231 1046/2252/2234
f 1046/2252/2234 972/2249/2231 1047/2253/2235
f 1047/2253/2235 972/2249/2231 538/2254/2236
f 538/2254/2236 972/2249/2231 553/2255/2237
f 538/2254/2236 553/2255/2237 552/2256/2238
f 1084/2247/2229 1083/2257/2239 972/2249/2231
f 972/2249/2231 1083/2257/2239 1082/2258/2240
f 972/2249/2231 1082/2258/2240 1081/2259/2241
f 1081/2259/2241 1080/2260/2242 972/2249/2231
f 972/2249/2231 1080/2260/2242 1079/2261/2243
f 972/2249/2231 1079/2261/2243 1078/2262/2244
f 1078/2262/2244 1077/2263/2245 972/2249/2231
f 972/2249/2231 1077/2263/2245 1076/2264/2246
f 972/2249/2231 1076/2264/2246 1075/2265/2247
f 1075/2265/2247 1074/2266/2248 972/2249/2231
f 972/2249/2231 1074/2266/2248 1073/2267/2249
f 972/2249/2231 1073/2267/2249 1072/2268/2250
f 1072/2268/2250 1071/2269/2251 972/2249/2231
f 972/2249/2231 1071/2269/2251 1571/2270/2252
f 1571/2270/2252 1071/2269/2251 1070/2271/2253
f 1571/2270/2252 1070/2271/2253 1069/2272/2254
f 1069/2272/2254 1068/2273/2255 1571/2270/2252
f 1571/2270/2252 1068/2273/2255 1067/2274/2256
f 1571/2270/2252 1067/2274/2256 1059/2275/2257
f 1059/2275/2257 1067/2274/2256 1066/2276/2258
f 1059/2275/2257 1066/2276/2258 1065/2277/2259
f 1065/2277/2259 1064/2278/2260 1059/2275/2257
f 1059/2275/2257 1064/2278/2260 1063/2279/2261
f 1059/2275/2257 1063/2279/2261 1062/2280/2262
f 1062/2280/2262 1061/2281/2263 1059/2275/2257
f 1059/2275/2257 1061/2281/2263 1060/2282/2264
f 972/2249/2231 973/2283/2265 553/2255/2237
f 553/2255/2237 973/2283/2265 1025/2284/2266
f 1025/2284/2266 973/2283/2265 1026/2285/2267
f 1026/2285/2267 973/2283/2265 1027/2286/2268
f 1027/2286/2268 973/2283/2265 1028/2287/2269
f 1028/2287/2269 973/2283/2265 1029/2288/2270
f 1029/2288/2270 973/2283/2265 990/2289/2271
f 1029/2288/2270 990/2289/2271 1030/2290/2272
f 1030/2290/2272 990/2289/2271 989/2291/2273
f 1030/2290/2272 989/2291/2273 1031/2292/2274
f 1031/2292/2274 989/2291/2273 988/2293/2275
f 1031/2292/2274 988/2293/2275 1032/2294/2276
f 1032/2294/2276 988/2293/2275 987/2295/2277
f 1032/2294/2276 987/2295/2277 480/2296/2278
f 480/2296/2278 987/2295/2277 986/2297/2279
f 480/2296/2278 986/2297/2279 985/2298/2280
f 985/2298/2280 984/2299/2281 480/2296/2278
f 480/2296/2278 984/2299/2281 481/2300/2282
f 481/2300/2282 984/2299/2281 482/2301/2283
f 482/2301/2283 984/2299/2281 483/2302/2284
f 483/2302/2284 984/2299/2281 484/2303/2285
f 484/2303/2285 984/2299/2281 485/2304/2286
f 485/2304/2286 984/2299/2281 486/2305/2287
f 486/2305/2287 984/2299/2281 487/2306/2288
f 487/2306/2288 984/2299/2281 488/2307/2289
f 488/2307/2289 984/2299/2281 489/2308/2290
f 489/2308/2290 984/2299/2281 490/2309/2291
f 490/2309/2291 984/2299/2281 491/2310/2292
f 491/2310/2292 984/2299/2281 492/2311/2293
f 492/2311/2293 984/2299/2281 493/2312/2294
f 493/2312/2294 984/2299/2281 494/2313/2295
f 494/2313/2295 984/2299/2281 495/2314/2296
f 495/2314/2296 984/2299/2281 983/2315/2297
f 495/2314/2296 983/2315/2297 982/2316/2298
f 982/2316/2298 981/2317/2299 495/2314/2296
f 495/2314/2296 981/2317/2299 1010/2318/2300
f 1010/2318/2300 981/2317/2299 980/2319/2301
f 1010/2318/2300 980/2319/2301 1011/2320/2302
f 1011/2320/2302 980/2319/2301 979/2321/2303
f 1011/2320/2302 979/2321/2303 1012/2322/2304
f 1012/2322/2304 979/2321/2303 1013/2323/2305
f 1013/2323/2305 979/2321/2303 978/2324/2306
f 1013/2323/2305 978/2324/2306 1014/2325/2307
f 1014/2325/2307 978/2324/2306 977/2326/2308
f 1014/2325/2307 977/2326/2308 1015/2327/2309
f 1015/2327/2309 977/2326/2308 976/2328/2310
f 1015/2327/2309 976/2328/2310 1016/2329/2311
f 1016/2329/2311 976/2328/2310 975/2330/2312
f 1016/2329/2311 975/2330/2312 1017/2331/2313
f 1017/2331/2313 975/2330/2312 974/2332/2314
f 1017/2331/2313 974/2332/2314 423/2333/2315
f 423/2333/2315 974/2332/2314 959/2334/2316
f 423/2333/2315 959/2334/2316 920/2335/2317
f 920/2335/2317 959/2334/2316 939/2336/2318
f 920/2335/2317 939/2336/2318 938/2337/2319
f 958/2338/2320 943/2339/2321 959/2334/2316
f 959/2334/2316 943/2339/2321 942/2340/2322
f 959/2334/2316 942/2340/2322 941/2341/2323
f 943/2339/2321 958/2338/2320 944/2342/2324
f 944/2342/2324 958/2338/2320 957/2343/2325
f 944/2342/2324 957/2343/2325 945/2344/2326
f 945/2344/2326 957/2343/2325 956/2345/2327
f 945/2344/2326 956/2345/2327 946/2346/2328
f 946/2346/2328 956/2345/2327 955/2347/2329
f 946/2346/2328 955/2347/2329 947/2348/2330
f 947/2348/2330 955/2347/2329 954/2349/2331
f 947/2348/2330 954/2349/2331 948/2350/2332
f 948/2350/2332 954/2349/2331 953/2351/2333
f 948/2350/2332 953/2351/2333 949/2352/2334
f 949/2352/2334 953/2351/2333 952/2353/2335
f 949/2352/2334 952/2353/2335 950/2354/2336
f 950/2354/2336 952/2353/2335 951/2355/2337
f 941/2341/2323 940/2356/2338 959/2334/2316
f 959/2334/2316 940/2356/2338 939/2336/2318
f 938/2337/2319 937/2357/2339 920/2335/2317
f 920/2335/2317 937/2357/2339 936/2358/2340
f 920/2335/2317 936/2358/2340 921/2359/2341
f 921/2359/2341 936/2358/2340 935/2360/2342
f 921/2359/2341 935/2360/2342 922/2361/2343
f 922/2361/2343 935/2360/2342 934/2362/2344
f 922/2361/2343 934/2362/2344 923/2363/2345
f 923/2363/2345 934/2362/2344 933/2364/2346
f 923/2363/2345 933/2364/2346 924/2365/2347
f 924/2365/2347 933/2364/2346 932/2366/2348
f 924/2365/2347 932/2366/2348 925/2367/2349
f 925/2367/2349 932/2366/2348 931/2368/2350
f 925/2367/2349 931/2368/2350 926/2369/2351
f 926/2369/2351 931/2368/2350 930/2370/2352
f 926/2369/2351 930/2370/2352 927/2371/2353
f 927/2371/2353 930/2370/2352 929/2372/2354
f 927/2371/2353 929/2372/2354 928/2373/2355
f 1008/2374/2356 407/2375/2357 920/2335/2317
f 920/2335/2317 407/2375/2357 434/2376/2358
f 920/2335/2317 434/2376/2358 433/2377/2359
f 407/2375/2357 1008/2374/2356 408/2378/2360
f 408/2378/2360 1008/2374/2356 1007/2379/2361
f 408/2378/2360 1007/2379/2361 409/2380/2362
f 409/2380/2362 1007/2379/2361 1006/2381/2363
f 409/2380/2362 1006/2381/2363 410/2382/2364
f 410/2382/2364 1006/2381/2363 1005/2383/2365
f 410/2382/2364 1005/2383/2365 411/2384/2366
f 411/2384/2366 1005/2383/2365 1004/2385/2367
f 411/2384/2366 1004/2385/2367 412/2386/2368
f 412/2386/2368 1004/2385/2367 1003/2387/2369
f 412/2386/2368 1003/2387/2369 413/2388/2370
f 413/2388/2370 1003/2387/2369 414/2389/2371
f 414/2389/2371 1003/2387/2369 1002/2390/2372
f 414/2389/2371 1002/2390/2372 415/2391/2373
f 415/2391/2373 1002/2390/2372 1001/2392/2374
f 415/2391/2373 1001/2392/2374 350/2393/2375
f 350/2393/2375 1001/2392/2374 1000/2394/2376
f 350/2393/2375 1000/2394/2376 999/2395/2377
f 999/2395/2377 998/2396/2378 350/2393/2375
f 350/2393/2375 998/2396/2378 351/2397/2379
f 351/2397/2379 998/2396/2378 352/2398/2380
f 352/2398/2380 998/2396/2378 353/2399/2381
f 353/2399/2381 998/2396/2378 354/2400/2382
f 354/2400/2382 998/2396/2378 355/2401/2383
f 355/2401/2383 998/2396/2378 356/2402/2384
f 356/2402/2384 998/2396/2378 357/2403/2385
f 357/2403/2385 998/2396/2378 358/2404/2386
f 358/2404/2386 998/2396/2378 359/2405/2387
f 359/2405/2387 998/2396/2378 360/2406/2388
f 360/2406/2388 998/2396/2378 361/2407/2389
f 361/2407/2389 998/2396/2378 362/2408/2390
f 362/2408/2390 998/2396/2378 363/2409/2391
f 363/2409/2391 998/2396/2378 364/2410/2392
f 364/2410/2392 998/2396/2378 334/2411/2393
f 334/2411/2393 998/2396/2378 997/2412/2394
f 334/2411/2393 997/2412/2394 996/2413/2395
f 996/2413/2395 995/2414/2396 334/2411/2393
f 334/2411/2393 995/2414/2396 335/2415/2397
f 335/2415/2397 995/2414/2396 994/2416/2398
f 335/2415/2397 994/2416/2398 336/2417/2399
f 336/2417/2399 994/2416/2398 993/2418/2400
f 336/2417/2399 993/2418/2400 337/2419/2401
f 337/2419/2401 993/2418/2400 992/2420/2402
f 337/2419/2401 992/2420/2402 338/2421/2403
f 338/2421/2403 992/2420/2402 991/2422/2404
f 338/2421/2403 991/2422/2404 339/2423/2405
f 339/2423/2405 991/2422/2404 340/2424/2406
f 340/2424/2406 991/2422/2404 341/2425/2407
f 341/2425/2407 991/2422/2404 342/2426/2408
f 342/2426/2408 991/2422/2404 277/2427/2409
f 277/2427/2409 991/2422/2404 1009/2205/2187
f 277/2427/2409 1009/2205/2187 260/2428/2410
f 260/2428/2410 1009/2205/2187 261/2429/2411
f 261/2429/2411 1009/2205/2187 262/2430/2412
f 262/2430/2412 1009/2205/2187 263/2431/2413
f 263/2431/2413 1009/2205/2187 264/2432/2414
f 264/2432/2414 1009/2205/2187 265/2231/2213
f 437/2433/2415 436/2434/2416 407/2375/2357
f 407/2375/2357 436/2434/2416 435/2435/2417
f 407/2375/2357 435/2435/2417 434/2376/2358
f 433/2377/2359 432/2436/2418 920/2335/2317
f 920/2335/2317 432/2436/2418 431/2437/2419
f 920/2335/2317 431/2437/2419 430/2438/2420
f 430/2438/2420 429/2439/2421 920/2335/2317
f 920/2335/2317 429/2439/2421 423/2333/2315
f 429/2439/2421 428/2440/2422 423/2333/2315
f 423/2333/2315 428/2440/2422 427/2441/2423
f 423/2333/2315 427/2441/2423 426/2442/2424
f 426/2442/2424 425/2443/2425 423/2333/2315
f 423/2333/2315 425/2443/2425 424/2444/2426
f 552/2256/2238 551/2445/2427 538/2254/2236
f 538/2254/2236 551/2445/2427 550/2446/2428
f 538/2254/2236 550/2446/2428 549/2447/2429
f 549/2447/2429 548/2448/2430 538/2254/2236
f 538/2254/2236 548/2448/2430 547/2449/2431
f 538/2254/2236 547/2449/2431 539/2450/2432
f 539/2450/2432 547/2449/2431 546/2451/2433
f 539/2450/2432 546/2451/2433 540/2452/2434
f 540/2452/2434 546/2451/2433 545/2453/2435
f 540/2452/2434 545/2453/2435 541/2454/2436
f 541/2454/2436 545/2453/2435 544/2455/2437
f 541/2454/2436 544/2455/2437 542/2456/2438
f 542/2456/2438 544/2455/2437 543/2457/2439
f 609/2458/2440 608/2459/2441 610/2240/2222
f 610/2240/2222 608/2459/2441 607/2460/2442
f 610/2240/2222 607/2460/2442 606/2461/2443
f 606/2461/2443 605/2462/2444 610/2240/2222
f 610/2240/2222 605/2462/2444 604/2463/2445
f 610/2240/2222 604/2463/2445 603/2464/2446
f 603/2464/2446 602/2465/2447 610/2240/2222
f 610/2240/2222 602/2465/2447 269/2237/2219
f 602/2465/2447 601/2466/2448 269/2237/2219
f 269/2237/2219 601/2466/2448 600/2467/2449
f 269/2237/2219 600/2467/2449 599/2468/2450
f 599/2468/2450 598/2469/2451 269/2237/2219
f 269/2237/2219 598/2469/2451 597/2470/2452
f 269/2237/2219 597/2470/2452 596/2471/2453
f 291/2472/2454 283/2473/2455 260/2428/2410
f 260/2428/2410 283/2473/2455 282/2474/2456
f 260/2428/2410 282/2474/2456 281/2475/2457
f 283/2473/2455 291/2472/2454 284/2476/2458
f 284/2476/2458 291/2472/2454 290/2477/2459
f 284/2476/2458 290/2477/2459 285/2478/2460
f 285/2478/2460 290/2477/2459 289/2479/2461
f 285/2478/2460 289/2479/2461 286/2480/2462
f 286/2480/2462 289/2479/2461 288/2481/2463
f 286/2480/2462 288/2481/2463 287/2482/2464
f 281/2475/2457 280/2483/2465 260/2428/2410
f 260/2428/2410 280/2483/2465 279/2484/2466
f 260/2428/2410 279/2484/2466 278/2485/2467
f 278/2485/2467 277/2427/2409 260/2428/2410
# 1572 vertices
# 2485 texture params
# 2467 normals
# 3144 facets

# 1 groups
