# WaveFront *.obj file (generated by Autodesk ATF)

mtllib Tube holder 4mm.mtl

g Tube holder 4mm

v -0.653148 -33.861950 43.600000
v -0.602224 -33.926603 43.508798
v -0.543712 -33.986801 43.420844
v -0.477925 -34.041534 43.338180
v -0.405122 -34.089835 43.262809
v -0.320272 -34.133022 43.193197
v -0.272619 -34.152083 43.161822
v -0.221959 -34.168592 43.134286
v -0.168698 -34.182005 43.111641
v -0.113456 -34.191914 43.094760
v -0.056942 -34.197961 43.084395
v 0.000000 -34.200000 43.080885
v 0.056942 -34.197961 43.084395
v 0.113456 -34.191914 43.094760
v 0.168698 -34.182005 43.111641
v 0.221959 -34.168592 43.134286
v 0.272619 -34.152083 43.161822
v 0.320272 -34.133022 43.193197
v 0.405122 -34.089835 43.262809
v 0.477925 -34.041534 43.338180
v 0.543712 -33.986801 43.420844
v 0.602224 -33.926603 43.508798
v 0.653148 -33.861950 43.600000
v 0.469909 -33.814355 43.600000
v 0.283300 -33.782433 43.600000
v 0.094660 -33.766415 43.600000
v -0.094660 -33.766415 43.600000
v -0.283300 -33.782433 43.600000
v -0.469909 -33.814355 43.600000
v -2.178180 -35.496618 43.600000
v -2.096726 -35.484843 43.508798
v -2.015337 -35.464269 43.420844
v -1.935044 -35.434662 43.338180
v -1.856813 -35.395764 43.262809
v -1.776986 -35.343874 43.193197
v -1.736652 -35.312137 43.161822
v -1.697025 -35.276518 43.134286
v -1.658779 -35.237100 43.111641
v -1.622577 -35.194213 43.094760
v -1.589082 -35.148294 43.084395
v -1.558846 -35.100000 43.080885
v -1.532140 -35.049667 43.084395
v -1.509121 -34.997701 43.094760
v -1.490081 -34.944906 43.111641
v -1.475066 -34.892074 43.134286
v -1.464033 -34.839946 43.161822
v -1.456715 -34.789147 43.193197
v -1.451691 -34.694071 43.262809
v -1.457119 -34.606872 43.338180
v -1.471625 -34.522532 43.420844
v -1.494502 -34.441761 43.508798
v -1.525032 -34.365332 43.600000
v -1.657870 -34.500224 43.600000
v -1.778819 -34.645872 43.600000
v -1.887011 -34.801230 43.600000
v -1.981671 -34.965185 43.600000
v -2.062119 -35.136562 43.600000
v -2.127779 -35.314130 43.600000
v -1.525032 -37.634668 43.600000
v -1.494502 -37.558239 43.508798
v -1.471625 -37.477468 43.420844
v -1.457119 -37.393128 43.338180
v -1.451691 -37.305929 43.262809
v -1.456715 -37.210853 43.193197
v -1.464033 -37.160054 43.161822
v -1.475066 -37.107926 43.134286
v -1.490081 -37.055094 43.111641
v -1.509121 -37.002299 43.094760
v -1.532140 -36.950333 43.084395
v -1.558846 -36.900000 43.080885
v -1.589082 -36.851706 43.084395
v -1.622577 -36.805787 43.094760
v -1.658779 -36.762900 43.111641
v -1.697025 -36.723482 43.134286
v -1.736652 -36.687863 43.161822
v -1.776986 -36.656126 43.193197
v -1.856813 -36.604236 43.262809
v -1.935044 -36.565338 43.338180
v -2.015337 -36.535731 43.420844
v -2.096726 -36.515157 43.508798
v -2.178180 -36.503382 43.600000
v -2.127779 -36.685870 43.600000
v -2.062119 -36.863438 43.600000
v -1.981671 -37.034815 43.600000
v -1.887011 -37.198770 43.600000
v -1.778819 -37.354128 43.600000
v -1.657870 -37.499776 43.600000
v 0.653148 -38.138050 43.600000
v 0.602224 -38.073397 43.508798
v 0.543712 -38.013199 43.420844
v 0.477925 -37.958466 43.338180
v 0.405122 -37.910165 43.262809
v 0.320272 -37.866978 43.193197
v 0.272619 -37.847917 43.161822
v 0.221959 -37.831408 43.134286
v 0.168698 -37.817995 43.111641
v 0.113456 -37.808086 43.094760
v 0.056942 -37.802039 43.084395
v 0.000000 -37.800000 43.080885
v -0.056942 -37.802039 43.084395
v -0.113456 -37.808086 43.094760
v -0.168698 -37.817995 43.111641
v -0.221959 -37.831408 43.134286
v -0.272619 -37.847917 43.161822
v -0.320272 -37.866978 43.193197
v -0.405122 -37.910165 43.262809
v -0.477925 -37.958466 43.338180
v -0.543712 -38.013199 43.420844
v -0.602224 -38.073397 43.508798
v -0.653148 -38.138050 43.600000
v -0.469909 -38.185645 43.600000
v -0.283300 -38.217567 43.600000
v -0.094660 -38.233585 43.600000
v 0.094660 -38.233585 43.600000
v 0.283300 -38.217567 43.600000
v 0.469909 -38.185645 43.600000
v 2.178180 -36.503382 43.600000
v 2.096726 -36.515157 43.508798
v 2.015337 -36.535731 43.420844
v 1.935044 -36.565338 43.338180
v 1.856813 -36.604236 43.262809
v 1.776986 -36.656126 43.193197
v 1.736652 -36.687863 43.161822
v 1.697025 -36.723482 43.134286
v 1.658779 -36.762900 43.111641
v 1.622577 -36.805787 43.094760
v 1.589082 -36.851706 43.084395
v 1.558846 -36.900000 43.080885
v 1.532140 -36.950333 43.084395
v 1.509121 -37.002299 43.094760
v 1.490081 -37.055094 43.111641
v 1.475066 -37.107926 43.134286
v 1.464033 -37.160054 43.161822
v 1.456715 -37.210853 43.193197
v 1.451691 -37.305929 43.262809
v 1.457119 -37.393128 43.338180
v 1.471625 -37.477468 43.420844
v 1.494502 -37.558239 43.508798
v 1.525032 -37.634668 43.600000
v 1.657870 -37.499776 43.600000
v 1.778819 -37.354128 43.600000
v 1.887011 -37.198770 43.600000
v 1.981671 -37.034815 43.600000
v 2.062119 -36.863438 43.600000
v 2.127779 -36.685870 43.600000
v 1.525032 -34.365332 43.600000
v 1.494502 -34.441761 43.508798
v 1.471625 -34.522532 43.420844
v 1.457119 -34.606872 43.338180
v 1.451691 -34.694071 43.262809
v 1.456715 -34.789147 43.193197
v 1.464033 -34.839946 43.161822
v 1.475066 -34.892074 43.134286
v 1.490081 -34.944906 43.111641
v 1.509121 -34.997701 43.094760
v 1.532140 -35.049667 43.084395
v 1.558846 -35.100000 43.080885
v 1.589082 -35.148294 43.084395
v 1.622577 -35.194213 43.094760
v 1.658779 -35.237100 43.111641
v 1.697025 -35.276518 43.134286
v 1.736652 -35.312137 43.161822
v 1.776986 -35.343874 43.193197
v 1.856813 -35.395764 43.262809
v 1.935044 -35.434662 43.338180
v 2.015337 -35.464269 43.420844
v 2.096726 -35.484843 43.508798
v 2.178180 -35.496618 43.600000
v 2.127779 -35.314130 43.600000
v 2.062119 -35.136562 43.600000
v 1.981671 -34.965185 43.600000
v 1.887011 -34.801230 43.600000
v 1.778819 -34.645872 43.600000
v 1.657870 -34.500224 43.600000
v 1.527155 -34.360759 43.600000
v 1.529308 -34.356200 43.600000
v 1.531489 -34.351655 43.600000
v 1.531489 -34.351655 36.600000
v 1.487552 -34.463084 36.600000
v 1.460744 -34.579825 36.600000
v 1.451666 -34.699260 36.600000
v 1.460523 -34.818711 36.600000
v 1.487114 -34.935501 36.600000
v 1.530845 -35.047012 36.600000
v 1.590735 -35.150743 36.600000
v 1.665440 -35.244371 36.600000
v 1.753288 -35.325795 36.600000
v 1.852307 -35.393190 36.600000
v 1.960280 -35.445046 36.600000
v 2.074784 -35.480200 36.600000
v 2.193253 -35.497865 36.600000
v 2.193253 -35.497865 43.600000
v 2.188226 -35.497481 43.600000
v 2.183202 -35.497065 43.600000
v 2.074784 -35.480200 41.266667
v 2.074784 -35.480200 38.933333
v 1.960280 -35.445046 41.266667
v 1.960280 -35.445046 38.933333
v 1.852307 -35.393190 41.266667
v 1.852307 -35.393190 38.933333
v 1.753288 -35.325795 41.266667
v 1.753288 -35.325795 38.933333
v 1.665440 -35.244371 41.266667
v 1.665440 -35.244371 38.933333
v 1.590735 -35.150743 41.266667
v 1.590735 -35.150743 38.933333
v 1.530845 -35.047012 41.266667
v 1.530845 -35.047012 38.933333
v 1.487114 -34.935501 41.266667
v 1.487114 -34.935501 38.933333
v 1.460523 -34.818711 41.266667
v 1.460523 -34.818711 38.933333
v 1.451666 -34.699260 41.266667
v 1.451666 -34.699260 38.933333
v 1.460744 -34.579825 41.266667
v 1.460744 -34.579825 38.933333
v 1.487552 -34.463084 41.266667
v 1.487552 -34.463084 38.933333
v 2.183202 -36.502935 43.600000
v 2.188226 -36.502519 43.600000
v 2.193253 -36.502135 43.600000
v 2.193253 -36.502135 36.600000
v 2.074784 -36.519800 36.600000
v 1.960280 -36.554954 36.600000
v 1.852307 -36.606810 36.600000
v 1.753288 -36.674205 36.600000
v 1.665440 -36.755629 36.600000
v 1.590735 -36.849257 36.600000
v 1.530845 -36.952988 36.600000
v 1.487114 -37.064499 36.600000
v 1.460523 -37.181289 36.600000
v 1.451666 -37.300740 36.600000
v 1.460744 -37.420175 36.600000
v 1.487552 -37.536916 36.600000
v 1.531489 -37.648345 36.600000
v 1.531489 -37.648345 43.600000
v 1.529308 -37.643800 43.600000
v 1.527155 -37.639241 43.600000
v 1.487552 -37.536916 41.266667
v 1.487552 -37.536916 38.933333
v 1.460744 -37.420175 41.266667
v 1.460744 -37.420175 38.933333
v 1.451666 -37.300740 41.266667
v 1.451666 -37.300740 38.933333
v 1.460523 -37.181289 41.266667
v 1.460523 -37.181289 38.933333
v 1.487114 -37.064499 41.266667
v 1.487114 -37.064499 38.933333
v 1.530845 -36.952988 41.266667
v 1.530845 -36.952988 38.933333
v 1.590735 -36.849257 41.266667
v 1.590735 -36.849257 38.933333
v 1.665440 -36.755629 41.266667
v 1.665440 -36.755629 38.933333
v 1.753288 -36.674205 41.266667
v 1.753288 -36.674205 38.933333
v 1.852307 -36.606810 41.266667
v 1.852307 -36.606810 38.933333
v 1.960280 -36.554954 41.266667
v 1.960280 -36.554954 38.933333
v 2.074784 -36.519800 41.266667
v 2.074784 -36.519800 38.933333
v 0.656046 -38.142176 43.600000
v 0.658919 -38.146319 43.600000
v 0.661765 -38.150481 43.600000
v 0.661765 -38.150481 36.600000
v 0.587232 -38.056715 36.600000
v 0.499536 -37.975129 36.600000
v 0.400641 -37.907550 36.600000
v 0.292765 -37.855494 36.600000
v 0.178326 -37.820128 36.600000
v 0.059890 -37.802245 36.600000
v -0.059890 -37.802245 36.600000
v -0.178326 -37.820128 36.600000
v -0.292765 -37.855494 36.600000
v -0.400641 -37.907550 36.600000
v -0.499536 -37.975129 36.600000
v -0.587232 -38.056715 36.600000
v -0.661765 -38.150481 36.600000
v -0.661765 -38.150481 43.600000
v -0.658919 -38.146319 43.600000
v -0.656046 -38.142176 43.600000
v -0.587232 -38.056715 41.266667
v -0.587232 -38.056715 38.933333
v -0.499536 -37.975129 41.266667
v -0.499536 -37.975129 38.933333
v -0.400641 -37.907550 41.266667
v -0.400641 -37.907550 38.933333
v -0.292765 -37.855494 41.266667
v -0.292765 -37.855494 38.933333
v -0.178326 -37.820128 41.266667
v -0.178326 -37.820128 38.933333
v -0.059890 -37.802245 41.266667
v -0.059890 -37.802245 38.933333
v 0.059890 -37.802245 41.266667
v 0.059890 -37.802245 38.933333
v 0.178326 -37.820128 41.266667
v 0.178326 -37.820128 38.933333
v 0.292765 -37.855494 41.266667
v 0.292765 -37.855494 38.933333
v 0.400641 -37.907550 41.266667
v 0.400641 -37.907550 38.933333
v 0.499536 -37.975129 41.266667
v 0.499536 -37.975129 38.933333
v 0.587232 -38.056715 41.266667
v 0.587232 -38.056715 38.933333
v -1.527155 -37.639241 43.600000
v -1.529308 -37.643800 43.600000
v -1.531489 -37.648345 43.600000
v -1.531489 -37.648345 36.600000
v -1.487552 -37.536916 36.600000
v -1.460744 -37.420175 36.600000
v -1.451666 -37.300740 36.600000
v -1.460523 -37.181289 36.600000
v -1.487114 -37.064499 36.600000
v -1.530845 -36.952988 36.600000
v -1.590735 -36.849257 36.600000
v -1.665440 -36.755629 36.600000
v -1.753288 -36.674205 36.600000
v -1.852307 -36.606810 36.600000
v -1.960280 -36.554954 36.600000
v -2.074784 -36.519800 36.600000
v -2.193253 -36.502135 36.600000
v -2.193253 -36.502135 43.600000
v -2.188226 -36.502519 43.600000
v -2.183202 -36.502935 43.600000
v -2.074784 -36.519800 41.266667
v -2.074784 -36.519800 38.933333
v -1.960280 -36.554954 41.266667
v -1.960280 -36.554954 38.933333
v -1.852307 -36.606810 41.266667
v -1.852307 -36.606810 38.933333
v -1.753288 -36.674205 41.266667
v -1.753288 -36.674205 38.933333
v -1.665440 -36.755629 41.266667
v -1.665440 -36.755629 38.933333
v -1.590735 -36.849257 41.266667
v -1.590735 -36.849257 38.933333
v -1.530845 -36.952988 41.266667
v -1.530845 -36.952988 38.933333
v -1.487114 -37.064499 41.266667
v -1.487114 -37.064499 38.933333
v -1.460523 -37.181289 41.266667
v -1.460523 -37.181289 38.933333
v -1.451666 -37.300740 41.266667
v -1.451666 -37.300740 38.933333
v -1.460744 -37.420175 41.266667
v -1.460744 -37.420175 38.933333
v -1.487552 -37.536916 41.266667
v -1.487552 -37.536916 38.933333
v -2.183202 -35.497065 43.600000
v -2.188226 -35.497481 43.600000
v -2.193253 -35.497865 43.600000
v -2.193253 -35.497865 36.600000
v -2.074784 -35.480200 36.600000
v -1.960280 -35.445046 36.600000
v -1.852307 -35.393190 36.600000
v -1.753288 -35.325795 36.600000
v -1.665440 -35.244371 36.600000
v -1.590735 -35.150743 36.600000
v -1.530845 -35.047012 36.600000
v -1.487114 -34.935501 36.600000
v -1.460523 -34.818711 36.600000
v -1.451666 -34.699260 36.600000
v -1.460744 -34.579825 36.600000
v -1.487552 -34.463084 36.600000
v -1.531489 -34.351655 36.600000
v -1.531489 -34.351655 43.600000
v -1.529308 -34.356200 43.600000
v -1.527155 -34.360759 43.600000
v -1.487552 -34.463084 41.266667
v -1.487552 -34.463084 38.933333
v -1.460744 -34.579825 41.266667
v -1.460744 -34.579825 38.933333
v -1.451666 -34.699260 41.266667
v -1.451666 -34.699260 38.933333
v -1.460523 -34.818711 41.266667
v -1.460523 -34.818711 38.933333
v -1.487114 -34.935501 41.266667
v -1.487114 -34.935501 38.933333
v -1.530845 -35.047012 41.266667
v -1.530845 -35.047012 38.933333
v -1.590735 -35.150743 41.266667
v -1.590735 -35.150743 38.933333
v -1.665440 -35.244371 41.266667
v -1.665440 -35.244371 38.933333
v -1.753288 -35.325795 41.266667
v -1.753288 -35.325795 38.933333
v -1.852307 -35.393190 41.266667
v -1.852307 -35.393190 38.933333
v -1.960280 -35.445046 41.266667
v -1.960280 -35.445046 38.933333
v -2.074784 -35.480200 41.266667
v -2.074784 -35.480200 38.933333
v -0.656046 -33.857824 43.600000
v -0.658919 -33.853681 43.600000
v -0.661765 -33.849519 43.600000
v -0.661765 -33.849519 36.600000
v -0.587232 -33.943285 36.600000
v -0.499536 -34.024871 36.600000
v -0.400641 -34.092450 36.600000
v -0.292765 -34.144506 36.600000
v -0.178326 -34.179872 36.600000
v -0.059890 -34.197755 36.600000
v 0.059890 -34.197755 36.600000
v 0.178326 -34.179872 36.600000
v 0.292765 -34.144506 36.600000
v 0.400641 -34.092450 36.600000
v 0.499536 -34.024871 36.600000
v 0.587232 -33.943285 36.600000
v 0.661765 -33.849519 36.600000
v 0.661765 -33.849519 43.600000
v 0.658919 -33.853681 43.600000
v 0.656046 -33.857824 43.600000
v 0.587232 -33.943285 41.266667
v 0.587232 -33.943285 38.933333
v 0.499536 -34.024871 41.266667
v 0.499536 -34.024871 38.933333
v 0.400641 -34.092450 41.266667
v 0.400641 -34.092450 38.933333
v 0.292765 -34.144506 41.266667
v 0.292765 -34.144506 38.933333
v 0.178326 -34.179872 41.266667
v 0.178326 -34.179872 38.933333
v 0.059890 -34.197755 41.266667
v 0.059890 -34.197755 38.933333
v -0.059890 -34.197755 41.266667
v -0.059890 -34.197755 38.933333
v -0.178326 -34.179872 41.266667
v -0.178326 -34.179872 38.933333
v -0.292765 -34.144506 41.266667
v -0.292765 -34.144506 38.933333
v -0.400641 -34.092450 41.266667
v -0.400641 -34.092450 38.933333
v -0.499536 -34.024871 41.266667
v -0.499536 -34.024871 38.933333
v -0.587232 -33.943285 41.266667
v -0.587232 -33.943285 38.933333
v 2.229516 -35.697083 36.600000
v 2.247721 -35.898754 36.600000
v 2.247721 -36.101246 36.600000
v 2.229516 -36.302917 36.600000
v 2.229516 -36.302917 43.600000
v 2.247721 -36.101246 43.600000
v 2.247721 -35.898754 43.600000
v 2.229516 -35.697083 43.600000
v 2.229516 -35.697083 40.100000
v 2.247721 -35.898754 40.100000
v 2.247721 -36.101246 40.100000
v 2.229516 -36.302917 40.100000
v 1.377092 -37.779359 36.600000
v 1.211542 -37.895961 36.600000
v 1.036179 -37.997206 36.600000
v 0.852424 -38.082276 36.600000
v 0.852424 -38.082276 43.600000
v 1.036179 -37.997206 43.600000
v 1.211542 -37.895961 43.600000
v 1.377092 -37.779359 43.600000
v 1.377092 -37.779359 40.100000
v 1.211542 -37.895961 40.100000
v 1.036179 -37.997206 40.100000
v 0.852424 -38.082276 40.100000
v -0.852424 -38.082276 36.600000
v -1.036179 -37.997206 36.600000
v -1.211542 -37.895961 36.600000
v -1.377092 -37.779359 36.600000
v -1.377092 -37.779359 43.600000
v -1.211542 -37.895961 43.600000
v -1.036179 -37.997206 43.600000
v -0.852424 -38.082276 43.600000
v -0.852424 -38.082276 40.100000
v -1.036179 -37.997206 40.100000
v -1.211542 -37.895961 40.100000
v -1.377092 -37.779359 40.100000
v -2.229516 -36.302917 36.600000
v -2.247721 -36.101246 36.600000
v -2.247721 -35.898754 36.600000
v -2.229516 -35.697083 36.600000
v -2.229516 -35.697083 43.600000
v -2.247721 -35.898754 43.600000
v -2.247721 -36.101246 43.600000
v -2.229516 -36.302917 43.600000
v -2.229516 -36.302917 40.100000
v -2.247721 -36.101246 40.100000
v -2.247721 -35.898754 40.100000
v -2.229516 -35.697083 40.100000
v -1.377092 -34.220641 36.600000
v -1.211542 -34.104039 36.600000
v -1.036179 -34.002794 36.600000
v -0.852424 -33.917724 36.600000
v -0.852424 -33.917724 43.600000
v -1.036179 -34.002794 43.600000
v -1.211542 -34.104039 43.600000
v -1.377092 -34.220641 43.600000
v -1.377092 -34.220641 40.100000
v -1.211542 -34.104039 40.100000
v -1.036179 -34.002794 40.100000
v -0.852424 -33.917724 40.100000
v 0.852424 -33.917724 36.600000
v 1.036179 -34.002794 36.600000
v 1.211542 -34.104039 36.600000
v 1.377092 -34.220641 36.600000
v 1.377092 -34.220641 43.600000
v 1.211542 -34.104039 43.600000
v 1.036179 -34.002794 43.600000
v 0.852424 -33.917724 43.600000
v 0.852424 -33.917724 40.100000
v 1.036179 -34.002794 40.100000
v 1.211542 -34.104039 40.100000
v 1.377092 -34.220641 40.100000
v -1.343822 -32.768260 43.100000
v -1.577655 -32.875739 43.100000
v -1.802958 -33.000110 43.100000
v -2.018514 -33.140699 43.100000
v -2.223156 -33.296747 43.100000
v -2.415779 -33.467410 43.100000
v -2.595341 -33.651766 43.100000
v -2.760872 -33.848817 43.100000
v -2.911475 -34.057499 43.100000
v -3.046338 -34.276683 43.100000
v -3.164731 -34.505183 43.100000
v -3.266014 -34.741766 43.100000
v -3.349639 -34.985151 43.100000
v -3.415154 -35.234023 43.100000
v -3.462206 -35.487036 43.100000
v -3.490539 -35.742823 43.100000
v -3.500000 -36.000000 43.100000
v -3.000000 -36.000000 43.600000
v -2.990376 -35.759899 43.600000
v -2.961568 -35.521338 43.600000
v -2.913758 -35.285848 43.600000
v -2.847255 -35.054939 43.600000
v -2.762485 -34.830094 43.600000
v -2.659991 -34.612755 43.600000
v -2.540432 -34.404316 43.600000
v -2.404574 -34.206114 43.600000
v -2.253289 -34.019422 43.600000
v -2.087547 -33.845436 43.600000
v -1.908413 -33.685273 43.600000
v -1.717034 -33.539961 43.600000
v -1.514640 -33.410432 43.600000
v -1.302528 -33.297516 43.600000
v -1.082060 -33.201939 43.600000
v -0.854650 -33.124313 43.600000
v -0.621756 -33.065137 43.600000
v -0.384873 -33.024790 43.600000
v -0.516190 -33.004392 43.560241
v -0.643777 -32.979428 43.511584
v -0.767330 -32.950745 43.455680
v -0.888195 -32.918710 43.393240
v -1.006963 -32.883731 43.325062
v -1.122947 -32.846521 43.252537
v -3.500000 -40.500000 43.100000
v -3.000000 -40.500000 43.600000
v 1.343822 -32.768260 43.100000
v 1.410319 -32.612702 43.100000
v 1.458877 -32.450645 43.100000
v 1.488877 -32.284151 43.100000
v 1.499939 -32.115338 43.100000
v 1.491921 -31.946352 43.100000
v 1.464926 -31.779345 43.100000
v 1.419297 -31.616439 43.100000
v 1.355614 -31.459707 43.100000
v 1.274688 -31.311144 43.100000
v 1.177547 -31.172637 43.100000
v 1.065428 -31.045950 43.100000
v 0.939757 -30.932694 43.100000
v 0.802132 -30.834310 43.100000
v 0.654303 -30.752048 43.100000
v 0.498152 -30.686955 43.100000
v 0.335664 -30.639860 43.100000
v 0.168906 -30.611361 43.100000
v -0.000000 -30.601821 43.100000
v -0.168906 -30.611361 43.100000
v -0.335664 -30.639860 43.100000
v -0.498152 -30.686955 43.100000
v -0.654303 -30.752048 43.100000
v -0.802132 -30.834310 43.100000
v -0.939757 -30.932694 43.100000
v -1.065428 -31.045950 43.100000
v -1.177547 -31.172637 43.100000
v -1.274688 -31.311144 43.100000
v -1.355614 -31.459707 43.100000
v -1.419297 -31.616439 43.100000
v -1.464926 -31.779345 43.100000
v -1.491921 -31.946352 43.100000
v -1.499939 -32.115338 43.100000
v -1.488877 -32.284151 43.100000
v -1.458877 -32.450645 43.100000
v -1.410319 -32.612702 43.100000
v -0.510630 -32.961621 43.600000
v -0.626274 -32.881424 43.600000
v -0.729515 -32.785786 43.600000
v -0.818307 -32.676602 43.600000
v -0.890893 -32.556035 43.600000
v -0.945834 -32.426471 43.600000
v -0.982043 -32.290478 43.600000
v -0.998802 -32.150749 43.600000
v -0.995780 -32.010050 43.600000
v -0.973036 -31.871170 43.600000
v -0.931022 -31.736857 43.600000
v -0.870568 -31.609772 43.600000
v -0.792872 -31.492433 43.600000
v -0.699473 -31.387162 43.600000
v -0.592221 -31.296046 43.600000
v -0.473240 -31.220888 43.600000
v -0.344887 -31.163177 43.600000
v -0.209703 -31.124056 43.600000
v -0.070365 -31.104300 43.600000
v 0.070365 -31.104300 43.600000
v 0.209703 -31.124056 43.600000
v 0.344887 -31.163177 43.600000
v 0.473240 -31.220888 43.600000
v 0.592221 -31.296046 43.600000
v 0.699473 -31.387162 43.600000
v 0.792872 -31.492433 43.600000
v 0.870568 -31.609772 43.600000
v 0.931022 -31.736857 43.600000
v 0.973036 -31.871170 43.600000
v 0.995780 -32.010050 43.600000
v 0.998802 -32.150749 43.600000
v 0.982043 -32.290478 43.600000
v 0.945834 -32.426471 43.600000
v 0.890893 -32.556035 43.600000
v 0.818307 -32.676602 43.600000
v 0.729515 -32.785786 43.600000
v 0.626274 -32.881424 43.600000
v 0.510630 -32.961621 43.600000
v 0.384873 -33.024790 43.600000
v 0.516865 -33.004268 43.560001
v 0.645308 -32.979093 43.510933
v 0.769782 -32.950133 43.454485
v 0.889958 -32.918226 43.392297
v 1.007536 -32.883565 43.324740
v 1.122811 -32.846572 43.252636
v 3.000000 -40.500000 43.600000
v 3.500000 -40.500000 43.100000
v 3.500000 -36.000000 43.100000
v 3.000000 -36.000000 43.600000
v 0.621756 -33.065137 43.600000
v 0.854650 -33.124313 43.600000
v 1.082060 -33.201939 43.600000
v 1.302528 -33.297516 43.600000
v 1.514640 -33.410432 43.600000
v 1.717034 -33.539961 43.600000
v 1.908413 -33.685273 43.600000
v 2.087547 -33.845436 43.600000
v 2.253289 -34.019422 43.600000
v 2.404574 -34.206114 43.600000
v 2.540432 -34.404316 43.600000
v 2.659991 -34.612755 43.600000
v 2.762485 -34.830094 43.600000
v 2.847255 -35.054939 43.600000
v 2.913758 -35.285848 43.600000
v 2.961568 -35.521338 43.600000
v 2.990376 -35.759899 43.600000
v 3.490539 -35.742823 43.100000
v 3.462206 -35.487036 43.100000
v 3.415154 -35.234023 43.100000
v 3.349639 -34.985151 43.100000
v 3.266014 -34.741766 43.100000
v 3.164731 -34.505183 43.100000
v 3.046338 -34.276683 43.100000
v 2.911475 -34.057499 43.100000
v 2.760872 -33.848817 43.100000
v 2.595341 -33.651766 43.100000
v 2.415779 -33.467410 43.100000
v 2.223156 -33.296747 43.100000
v 2.018514 -33.140699 43.100000
v 1.802958 -33.000110 43.100000
v 1.577655 -32.875739 43.100000
v -3.500000 -36.000000 37.100000
v -3.500000 -40.500000 37.100000
v -1.343822 -32.768260 37.100000
v -1.577655 -32.875739 37.100000
v -1.802958 -33.000110 37.100000
v -2.018514 -33.140699 37.100000
v -2.223156 -33.296747 37.100000
v -2.415779 -33.467410 37.100000
v -2.595341 -33.651766 37.100000
v -2.760872 -33.848817 37.100000
v -2.911475 -34.057499 37.100000
v -3.046338 -34.276683 37.100000
v -3.164731 -34.505183 37.100000
v -3.266014 -34.741766 37.100000
v -3.349639 -34.985151 37.100000
v -3.415154 -35.234023 37.100000
v -3.462206 -35.487036 37.100000
v -3.490539 -35.742823 37.100000
v 1.343822 -32.768260 37.100000
v 1.410319 -32.612702 37.100000
v 1.458877 -32.450645 37.100000
v 1.488877 -32.284151 37.100000
v 1.499939 -32.115338 37.100000
v 1.491921 -31.946352 37.100000
v 1.464926 -31.779345 37.100000
v 1.419297 -31.616439 37.100000
v 1.355614 -31.459707 37.100000
v 1.274688 -31.311144 37.100000
v 1.177547 -31.172637 37.100000
v 1.065428 -31.045950 37.100000
v 0.939757 -30.932694 37.100000
v 0.802132 -30.834310 37.100000
v 0.654303 -30.752048 37.100000
v 0.498152 -30.686955 37.100000
v 0.335664 -30.639860 37.100000
v 0.168906 -30.611361 37.100000
v -0.000000 -30.601821 37.100000
v -0.168906 -30.611361 37.100000
v -0.335664 -30.639860 37.100000
v -0.498152 -30.686955 37.100000
v -0.654303 -30.752048 37.100000
v -0.802132 -30.834310 37.100000
v -0.939757 -30.932694 37.100000
v -1.065428 -31.045950 37.100000
v -1.177547 -31.172637 37.100000
v -1.274688 -31.311144 37.100000
v -1.355614 -31.459707 37.100000
v -1.419297 -31.616439 37.100000
v -1.464926 -31.779345 37.100000
v -1.491921 -31.946352 37.100000
v -1.499939 -32.115338 37.100000
v -1.488877 -32.284151 37.100000
v -1.458877 -32.450645 37.100000
v -1.410319 -32.612702 37.100000
v -1.410319 -32.612702 40.100000
v -1.458877 -32.450645 40.100000
v -1.488877 -32.284151 40.100000
v -1.499939 -32.115338 40.100000
v -1.491921 -31.946352 40.100000
v -1.464926 -31.779345 40.100000
v -1.419297 -31.616439 40.100000
v -1.355614 -31.459707 40.100000
v -1.274688 -31.311144 40.100000
v -1.177547 -31.172637 40.100000
v -1.065428 -31.045950 40.100000
v -0.939757 -30.932694 40.100000
v -0.802132 -30.834310 40.100000
v -0.654303 -30.752048 40.100000
v -0.498152 -30.686955 40.100000
v -0.335664 -30.639860 40.100000
v -0.168906 -30.611361 40.100000
v -0.000000 -30.601821 40.100000
v 0.168906 -30.611361 40.100000
v 0.335664 -30.639860 40.100000
v 0.498152 -30.686955 40.100000
v 0.654303 -30.752048 40.100000
v 0.802132 -30.834310 40.100000
v 0.939757 -30.932694 40.100000
v 1.065428 -31.045950 40.100000
v 1.177547 -31.172637 40.100000
v 1.274688 -31.311144 40.100000
v 1.355614 -31.459707 40.100000
v 1.419297 -31.616439 40.100000
v 1.464926 -31.779345 40.100000
v 1.491921 -31.946352 40.100000
v 1.499939 -32.115338 40.100000
v 1.488877 -32.284151 40.100000
v 1.458877 -32.450645 40.100000
v 1.410319 -32.612702 40.100000
v 3.500000 -36.000000 37.100000
v 3.490539 -35.742823 37.100000
v 3.462206 -35.487036 37.100000
v 3.415154 -35.234023 37.100000
v 3.349639 -34.985151 37.100000
v 3.266014 -34.741766 37.100000
v 3.164731 -34.505183 37.100000
v 3.046338 -34.276683 37.100000
v 2.911475 -34.057499 37.100000
v 2.760872 -33.848817 37.100000
v 2.595341 -33.651766 37.100000
v 2.415779 -33.467410 37.100000
v 2.223156 -33.296747 37.100000
v 2.018514 -33.140699 37.100000
v 1.802958 -33.000110 37.100000
v 1.577655 -32.875739 37.100000
v 3.500000 -40.500000 37.100000
v 0.384873 -33.024790 36.600000
v 0.510630 -32.961621 36.600000
v 0.626274 -32.881424 36.600000
v 0.729515 -32.785786 36.600000
v 0.818307 -32.676602 36.600000
v 0.890893 -32.556035 36.600000
v 0.945834 -32.426471 36.600000
v 0.982043 -32.290478 36.600000
v 0.998802 -32.150749 36.600000
v 0.995780 -32.010050 36.600000
v 0.973036 -31.871170 36.600000
v 0.931022 -31.736857 36.600000
v 0.870568 -31.609772 36.600000
v 0.792872 -31.492433 36.600000
v 0.699473 -31.387162 36.600000
v 0.592221 -31.296046 36.600000
v 0.473240 -31.220888 36.600000
v 0.344887 -31.163177 36.600000
v 0.209703 -31.124056 36.600000
v 0.070365 -31.104300 36.600000
v -0.070365 -31.104300 36.600000
v -0.209703 -31.124056 36.600000
v -0.344887 -31.163177 36.600000
v -0.473240 -31.220888 36.600000
v -0.592221 -31.296046 36.600000
v -0.699473 -31.387162 36.600000
v -0.792872 -31.492433 36.600000
v -0.870568 -31.609772 36.600000
v -0.931022 -31.736857 36.600000
v -0.973036 -31.871170 36.600000
v -0.995780 -32.010050 36.600000
v -0.998802 -32.150749 36.600000
v -0.982043 -32.290478 36.600000
v -0.945834 -32.426471 36.600000
v -0.890893 -32.556035 36.600000
v -0.818307 -32.676602 36.600000
v -0.729515 -32.785786 36.600000
v -0.626274 -32.881424 36.600000
v -0.510630 -32.961621 36.600000
v -0.384873 -33.024790 36.600000
v -0.516865 -33.004268 36.639999
v -0.645308 -32.979093 36.689067
v -0.769782 -32.950133 36.745515
v -0.889958 -32.918226 36.807703
v -1.007536 -32.883565 36.875260
v -1.122811 -32.846572 36.947364
v 1.122932 -32.846532 36.947441
v 1.007903 -32.883454 36.875477
v 0.890682 -32.918023 36.808098
v 0.770347 -32.949990 36.745792
v 0.645639 -32.979020 36.689211
v 0.517000 -33.004243 36.640049
v -3.000000 -40.500000 36.600000
v -3.000000 -36.000000 36.600000
v -0.621756 -33.065137 36.600000
v -0.854650 -33.124313 36.600000
v -1.082060 -33.201939 36.600000
v -1.302528 -33.297516 36.600000
v -1.514640 -33.410432 36.600000
v -1.717034 -33.539961 36.600000
v -1.908413 -33.685273 36.600000
v -2.087547 -33.845436 36.600000
v -2.253289 -34.019422 36.600000
v -2.404574 -34.206114 36.600000
v -2.540432 -34.404316 36.600000
v -2.659991 -34.612755 36.600000
v -2.762485 -34.830094 36.600000
v -2.847255 -35.054939 36.600000
v -2.913758 -35.285848 36.600000
v -2.961568 -35.521338 36.600000
v -2.990376 -35.759899 36.600000
v 3.000000 -36.000000 36.600000
v 2.990376 -35.759899 36.600000
v 2.961568 -35.521338 36.600000
v 2.913758 -35.285848 36.600000
v 2.847255 -35.054939 36.600000
v 2.762485 -34.830094 36.600000
v 2.659991 -34.612755 36.600000
v 2.540432 -34.404316 36.600000
v 2.404574 -34.206114 36.600000
v 2.253289 -34.019422 36.600000
v 2.087547 -33.845436 36.600000
v 1.908413 -33.685273 36.600000
v 1.717034 -33.539961 36.600000
v 1.514640 -33.410432 36.600000
v 1.302528 -33.297516 36.600000
v 1.082060 -33.201939 36.600000
v 0.854650 -33.124313 36.600000
v 0.621756 -33.065137 36.600000
v 3.000000 -40.500000 36.600000
v 4.211040 -40.500000 36.600000
v 4.211040 -40.500000 43.600000
v 4.211040 -41.300000 36.600000
v 4.211040 -41.300000 43.600000
v -4.209181 -41.300000 36.600000
v -4.207913 -41.312271 36.600000
v -4.204110 -41.324534 36.600000
v -4.197773 -41.336782 36.600000
v -4.188908 -41.349009 36.600000
v -4.163613 -41.373365 36.600000
v -4.128285 -41.397545 36.600000
v -4.083009 -41.421490 36.600000
v -4.027895 -41.445142 36.600000
v -3.963075 -41.468445 36.600000
v -3.888705 -41.491342 36.600000
v -3.804965 -41.513778 36.600000
v -3.712056 -41.535698 36.600000
v -3.610202 -41.557051 36.600000
v -3.499649 -41.577785 36.600000
v -3.380663 -41.597850 36.600000
v -3.253530 -41.617197 36.600000
v -3.118556 -41.635779 36.600000
v -2.976068 -41.653553 36.600000
v -2.826408 -41.670476 36.600000
v -2.669936 -41.686505 36.600000
v -2.507030 -41.701604 36.600000
v -2.338082 -41.715735 36.600000
v -2.163500 -41.728864 36.600000
v -1.983703 -41.740961 36.600000
v -1.610210 -41.761940 36.600000
v -1.221201 -41.778470 36.600000
v -0.820422 -41.790393 36.600000
v -0.411733 -41.797592 36.600000
v 0.000930 -41.800000 36.600000
v 0.413593 -41.797592 36.600000
v 0.822282 -41.790393 36.600000
v 1.223060 -41.778470 36.600000
v 1.612069 -41.761940 36.600000
v 1.985562 -41.740961 36.600000
v 2.165359 -41.728864 36.600000
v 2.339942 -41.715735 36.600000
v 2.508890 -41.701604 36.600000
v 2.671796 -41.686505 36.600000
v 2.828267 -41.670476 36.600000
v 2.977928 -41.653553 36.600000
v 3.120416 -41.635779 36.600000
v 3.255389 -41.617197 36.600000
v 3.382522 -41.597850 36.600000
v 3.501509 -41.577785 36.600000
v 3.612062 -41.557051 36.600000
v 3.713916 -41.535698 36.600000
v 3.806825 -41.513778 36.600000
v 3.890565 -41.491342 36.600000
v 3.964935 -41.468445 36.600000
v 4.029755 -41.445142 36.600000
v 4.084869 -41.421490 36.600000
v 4.130144 -41.397545 36.600000
v 4.165472 -41.373365 36.600000
v 4.190768 -41.349009 36.600000
v 4.199633 -41.336782 36.600000
v 4.205969 -41.324534 36.600000
v 4.209772 -41.312271 36.600000
v 4.209772 -41.312271 43.600000
v 4.205969 -41.324534 43.600000
v 4.199633 -41.336782 43.600000
v 4.190768 -41.349009 43.600000
v 4.165472 -41.373365 43.600000
v 4.130144 -41.397545 43.600000
v 4.084869 -41.421490 43.600000
v 4.029755 -41.445142 43.600000
v 3.964935 -41.468445 43.600000
v 3.890565 -41.491342 43.600000
v 3.806825 -41.513778 43.600000
v 3.713916 -41.535698 43.600000
v 3.612062 -41.557051 43.600000
v 3.501509 -41.577785 43.600000
v 3.382522 -41.597850 43.600000
v 3.255389 -41.617197 43.600000
v 3.120416 -41.635779 43.600000
v 2.977928 -41.653553 43.600000
v 2.828267 -41.670476 43.600000
v 2.671796 -41.686505 43.600000
v 2.508890 -41.701604 43.600000
v 2.339942 -41.715735 43.600000
v 2.165359 -41.728864 43.600000
v 1.985562 -41.740961 43.600000
v 1.612069 -41.761940 43.600000
v 1.223060 -41.778470 43.600000
v 0.822282 -41.790393 43.600000
v 0.413593 -41.797592 43.600000
v 0.000930 -41.800000 43.600000
v -0.411733 -41.797592 43.600000
v -0.820422 -41.790393 43.600000
v -1.221201 -41.778470 43.600000
v -1.610210 -41.761940 43.600000
v -1.983703 -41.740961 43.600000
v -2.163500 -41.728864 43.600000
v -2.338082 -41.715735 43.600000
v -2.507030 -41.701604 43.600000
v -2.669936 -41.686505 43.600000
v -2.826408 -41.670476 43.600000
v -2.976068 -41.653553 43.600000
v -3.118556 -41.635779 43.600000
v -3.253530 -41.617197 43.600000
v -3.380663 -41.597850 43.600000
v -3.499649 -41.577785 43.600000
v -3.610202 -41.557051 43.600000
v -3.712056 -41.535698 43.600000
v -3.804965 -41.513778 43.600000
v -3.888705 -41.491342 43.600000
v -3.963075 -41.468445 43.600000
v -4.027895 -41.445142 43.600000
v -4.083009 -41.421490 43.600000
v -4.128285 -41.397545 43.600000
v -4.163613 -41.373365 43.600000
v -4.188908 -41.349009 43.600000
v -4.197773 -41.336782 43.600000
v -4.204110 -41.324534 43.600000
v -4.207913 -41.312271 43.600000
v -4.209181 -41.300000 43.600000
v -4.179852 -41.358915 41.850000
v -4.179852 -41.358915 38.350000
v -4.151760 -41.382297 41.850000
v -4.151760 -41.382297 38.350000
v -4.114403 -41.405496 41.850000
v -4.114403 -41.405496 38.350000
v -4.067862 -41.428459 41.850000
v -4.067862 -41.428459 38.350000
v -3.981065 -41.462350 41.850000
v -4.012242 -41.451135 38.350000
v -3.912066 -41.484501 41.850000
v -3.912066 -41.484501 38.350000
v -3.834335 -41.506241 41.850000
v -3.834335 -41.506241 38.350000
v -3.748046 -41.527521 41.850000
v -3.748046 -41.527521 38.350000
v -3.653392 -41.548293 41.850000
v -3.653392 -41.548293 38.350000
v -3.550583 -41.568511 41.850000
v -3.550583 -41.568511 38.350000
v -3.439850 -41.588130 41.850000
v -3.439850 -41.588130 38.350000
v -3.321439 -41.607106 41.850000
v -3.321439 -41.607106 38.350000
v -3.195614 -41.625397 41.850000
v -3.195614 -41.625397 38.350000
v -3.062657 -41.642962 41.850000
v -3.062657 -41.642962 38.350000
v -2.922864 -41.659761 41.850000
v -2.922864 -41.659761 38.350000
v -2.776546 -41.675758 41.850000
v -2.776546 -41.675758 38.350000
v -2.624031 -41.690916 41.850000
v -2.624031 -41.690916 38.350000
v -2.384386 -41.712007 41.850000
v -2.384386 -41.712007 38.350000
v -2.217894 -41.724926 41.850000
v -2.217894 -41.724926 38.350000
v -2.046451 -41.736896 41.850000
v -2.046451 -41.736896 38.350000
v -1.870440 -41.747891 41.850000
v -1.780843 -41.753015 38.350000
v -1.506291 -41.766861 41.850000
v -1.318967 -41.774793 38.350000
v -1.032591 -41.784700 41.850000
v -0.935908 -41.787464 38.350000
v -0.642939 -41.794118 41.850000
v -0.544491 -41.795786 38.350000
v -0.247543 -41.799128 41.850000
v -0.148209 -41.799686 38.350000
v 0.150069 -41.799686 41.850000
v 0.249403 -41.799128 38.350000
v 0.546351 -41.795786 41.850000
v 0.644799 -41.794118 38.350000
v 0.937768 -41.787464 41.850000
v 1.034451 -41.784700 38.350000
v 1.320827 -41.774793 41.850000
v 1.508151 -41.766861 38.350000
v 1.782703 -41.753015 41.850000
v 1.872299 -41.747891 38.350000
v 2.048311 -41.736896 41.850000
v 2.048311 -41.736896 38.350000
v 2.219754 -41.724926 41.850000
v 2.219754 -41.724926 38.350000
v 2.386246 -41.712007 41.850000
v 2.386246 -41.712007 38.350000
v 2.625891 -41.690916 41.850000
v 2.625891 -41.690916 38.350000
v 2.778406 -41.675758 41.850000
v 2.778406 -41.675758 38.350000
v 2.924723 -41.659761 41.850000
v 2.924723 -41.659761 38.350000
v 3.064517 -41.642962 41.850000
v 3.064517 -41.642962 38.350000
v 3.197474 -41.625397 41.850000
v 3.197474 -41.625397 38.350000
v 3.323299 -41.607106 41.850000
v 3.323299 -41.607106 38.350000
v 3.441710 -41.588130 41.850000
v 3.441710 -41.588130 38.350000
v 3.552443 -41.568511 41.850000
v 3.552443 -41.568511 38.350000
v 3.655252 -41.548293 41.850000
v 3.655252 -41.548293 38.350000
v 3.749906 -41.527521 41.850000
v 3.749906 -41.527521 38.350000
v 3.836195 -41.506241 41.850000
v 3.836195 -41.506241 38.350000
v 3.913926 -41.484501 41.850000
v 3.913926 -41.484501 38.350000
v 4.014102 -41.451135 41.850000
v 3.982925 -41.462350 38.350000
v 4.069721 -41.428459 41.850000
v 4.069721 -41.428459 38.350000
v 4.116262 -41.405496 41.850000
v 4.116262 -41.405496 38.350000
v 4.153620 -41.382297 41.850000
v 4.153620 -41.382297 38.350000
v 4.181712 -41.358915 41.850000
v 4.181712 -41.358915 38.350000
v -4.208006 -41.311809 38.350000
v -4.208006 -41.311809 40.100000
v -4.208006 -41.311809 41.850000
v -4.204484 -41.323612 38.350000
v -4.204484 -41.323612 40.100000
v -4.204484 -41.323612 41.850000
v -4.198615 -41.335402 38.350000
v -4.198615 -41.335402 40.100000
v -4.198615 -41.335402 41.850000
v -4.190402 -41.347172 38.350000
v -4.190402 -41.347172 40.100000
v -4.190402 -41.347172 41.850000
v -4.179852 -41.358915 40.100000
v -4.151760 -41.382297 40.100000
v -4.166969 -41.370626 41.850000
v -4.166969 -41.370626 40.100000
v -4.166969 -41.370626 38.350000
v -4.114403 -41.405496 40.100000
v -4.134235 -41.393923 41.850000
v -4.134235 -41.393923 40.100000
v -4.134235 -41.393923 38.350000
v -4.067862 -41.428459 40.100000
v -4.092274 -41.417010 41.850000
v -4.092274 -41.417010 40.100000
v -4.092274 -41.417010 38.350000
v -4.012242 -41.451135 40.100000
v -4.012242 -41.451135 41.850000
v -4.041179 -41.439836 41.850000
v -4.041179 -41.439836 40.100000
v -4.041179 -41.439836 38.350000
v -3.947667 -41.473474 38.350000
v -3.947667 -41.473474 40.100000
v -3.947667 -41.473474 41.850000
v -3.981065 -41.462350 40.100000
v -3.981065 -41.462350 38.350000
v -3.874282 -41.495426 38.350000
v -3.874282 -41.495426 40.100000
v -3.874282 -41.495426 41.850000
v -3.912066 -41.484501 40.100000
v -3.792249 -41.516942 38.350000
v -3.792249 -41.516942 40.100000
v -3.792249 -41.516942 41.850000
v -3.834335 -41.506241 40.100000
v -3.701752 -41.537974 38.350000
v -3.701752 -41.537974 40.100000
v -3.701752 -41.537974 41.850000
v -3.748046 -41.527521 40.100000
v -3.602993 -41.558475 38.350000
v -3.602993 -41.558475 40.100000
v -3.602993 -41.558475 41.850000
v -3.653392 -41.548293 40.100000
v -3.496192 -41.578399 38.350000
v -3.496192 -41.578399 40.100000
v -3.496192 -41.578399 41.850000
v -3.550583 -41.568511 40.100000
v -3.321439 -41.607106 40.100000
v -3.381588 -41.597701 41.850000
v -3.381588 -41.597701 40.100000
v -3.381588 -41.597701 38.350000
v -3.195614 -41.625397 40.100000
v -3.259436 -41.616340 41.850000
v -3.259436 -41.616340 40.100000
v -3.259436 -41.616340 38.350000
v -3.062657 -41.642962 40.100000
v -3.130009 -41.634273 41.850000
v -3.130009 -41.634273 40.100000
v -3.130009 -41.634273 38.350000
v -2.922864 -41.659761 40.100000
v -2.993596 -41.651459 41.850000
v -2.993596 -41.651459 40.100000
v -2.993596 -41.651459 38.350000
v -2.776546 -41.675758 40.100000
v -2.850500 -41.667862 41.850000
v -2.850500 -41.667862 40.100000
v -2.850500 -41.667862 38.350000
v -2.624031 -41.690916 40.100000
v -2.701043 -41.683444 41.850000
v -2.701043 -41.683444 40.100000
v -2.701043 -41.683444 38.350000
v -2.465659 -41.705202 38.350000
v -2.465659 -41.705202 40.100000
v -2.465659 -41.705202 41.850000
v -2.545555 -41.698170 41.850000
v -2.545555 -41.698170 40.100000
v -2.545555 -41.698170 38.350000
v -2.301782 -41.718583 38.350000
v -2.301782 -41.718583 40.100000
v -2.301782 -41.718583 41.850000
v -2.384386 -41.712007 40.100000
v -2.132768 -41.731031 38.350000
v -2.132768 -41.731031 40.100000
v -2.132768 -41.731031 41.850000
v -2.217894 -41.724926 40.100000
v -1.958992 -41.742517 38.350000
v -1.958992 -41.742517 40.100000
v -1.958992 -41.742517 41.850000
v -2.046451 -41.736896 40.100000
v -1.598718 -41.762503 38.350000
v -1.598718 -41.762503 40.100000
v -1.598718 -41.762503 41.850000
v -1.690252 -41.757887 41.850000
v -1.690252 -41.757887 40.100000
v -1.690252 -41.757887 38.350000
v -1.128698 -41.781666 38.350000
v -1.128698 -41.781666 40.100000
v -1.128698 -41.781666 41.850000
v -1.224174 -41.778363 41.850000
v -1.224174 -41.778363 40.100000
v -1.224174 -41.778363 38.350000
v -0.741027 -41.792174 38.350000
v -0.741027 -41.792174 40.100000
v -0.741027 -41.792174 41.850000
v -0.838702 -41.789956 41.850000
v -0.838702 -41.789956 40.100000
v -0.838702 -41.789956 38.350000
v -0.346738 -41.798292 38.350000
v -0.346738 -41.798292 40.100000
v -0.346738 -41.798292 41.850000
v -0.445739 -41.797178 41.850000
v -0.445739 -41.797178 40.100000
v -0.445739 -41.797178 38.350000
v 0.050652 -41.799965 38.350000
v 0.050652 -41.799965 40.100000
v 0.050652 -41.799965 41.850000
v -0.048792 -41.799965 41.850000
v -0.048792 -41.799965 40.100000
v -0.048792 -41.799965 38.350000
v 0.447599 -41.797178 38.350000
v 0.447599 -41.797178 40.100000
v 0.447599 -41.797178 41.850000
v 0.348598 -41.798292 41.850000
v 0.348598 -41.798292 40.100000
v 0.348598 -41.798292 38.350000
v 0.840562 -41.789956 38.350000
v 0.840562 -41.789956 40.100000
v 0.840562 -41.789956 41.850000
v 0.742887 -41.792174 41.850000
v 0.742887 -41.792174 40.100000
v 0.742887 -41.792174 38.350000
v 1.226034 -41.778363 38.350000
v 1.226034 -41.778363 40.100000
v 1.226034 -41.778363 41.850000
v 1.130558 -41.781666 41.850000
v 1.130558 -41.781666 40.100000
v 1.130558 -41.781666 38.350000
v 1.692112 -41.757887 38.350000
v 1.692112 -41.757887 40.100000
v 1.692112 -41.757887 41.850000
v 1.600578 -41.762503 41.850000
v 1.600578 -41.762503 40.100000
v 1.600578 -41.762503 38.350000
v 2.048311 -41.736896 40.100000
v 1.960852 -41.742517 41.850000
v 1.960852 -41.742517 40.100000
v 1.960852 -41.742517 38.350000
v 2.219754 -41.724926 40.100000
v 2.134628 -41.731031 41.850000
v 2.134628 -41.731031 40.100000
v 2.134628 -41.731031 38.350000
v 2.386246 -41.712007 40.100000
v 2.303642 -41.718583 41.850000
v 2.303642 -41.718583 40.100000
v 2.303642 -41.718583 38.350000
v 2.547415 -41.698170 38.350000
v 2.547415 -41.698170 40.100000
v 2.547415 -41.698170 41.850000
v 2.467518 -41.705202 41.850000
v 2.467518 -41.705202 40.100000
v 2.467518 -41.705202 38.350000
v 2.702902 -41.683444 38.350000
v 2.702902 -41.683444 40.100000
v 2.702902 -41.683444 41.850000
v 2.625891 -41.690916 40.100000
v 2.852360 -41.667862 38.350000
v 2.852360 -41.667862 40.100000
v 2.852360 -41.667862 41.850000
v 2.778406 -41.675758 40.100000
v 2.995456 -41.651459 38.350000
v 2.995456 -41.651459 40.100000
v 2.995456 -41.651459 41.850000
v 2.924723 -41.659761 40.100000
v 3.131869 -41.634273 38.350000
v 3.131869 -41.634273 40.100000
v 3.131869 -41.634273 41.850000
v 3.064517 -41.642962 40.100000
v 3.261296 -41.616340 38.350000
v 3.261296 -41.616340 40.100000
v 3.261296 -41.616340 41.850000
v 3.197474 -41.625397 40.100000
v 3.383448 -41.597701 38.350000
v 3.383448 -41.597701 40.100000
v 3.383448 -41.597701 41.850000
v 3.323299 -41.607106 40.100000
v 3.552443 -41.568511 40.100000
v 3.498052 -41.578399 41.850000
v 3.498052 -41.578399 40.100000
v 3.498052 -41.578399 38.350000
v 3.655252 -41.548293 40.100000
v 3.604853 -41.558475 41.850000
v 3.604853 -41.558475 40.100000
v 3.604853 -41.558475 38.350000
v 3.749906 -41.527521 40.100000
v 3.703612 -41.537974 41.850000
v 3.703612 -41.537974 40.100000
v 3.703612 -41.537974 38.350000
v 3.836195 -41.506241 40.100000
v 3.794108 -41.516942 41.850000
v 3.794108 -41.516942 40.100000
v 3.794108 -41.516942 38.350000
v 3.913926 -41.484501 40.100000
v 3.876141 -41.495426 41.850000
v 3.876141 -41.495426 40.100000
v 3.876141 -41.495426 38.350000
v 3.982925 -41.462350 40.100000
v 3.982925 -41.462350 41.850000
v 3.949527 -41.473474 41.850000
v 3.949527 -41.473474 40.100000
v 3.949527 -41.473474 38.350000
v 4.043039 -41.439836 38.350000
v 4.043039 -41.439836 40.100000
v 4.043039 -41.439836 41.850000
v 4.014102 -41.451135 40.100000
v 4.014102 -41.451135 38.350000
v 4.094134 -41.417010 38.350000
v 4.094134 -41.417010 40.100000
v 4.094134 -41.417010 41.850000
v 4.069721 -41.428459 40.100000
v 4.136095 -41.393923 38.350000
v 4.136095 -41.393923 40.100000
v 4.136095 -41.393923 41.850000
v 4.116262 -41.405496 40.100000
v 4.168829 -41.370626 38.350000
v 4.168829 -41.370626 40.100000
v 4.168829 -41.370626 41.850000
v 4.153620 -41.382297 40.100000
v 4.192262 -41.347172 38.350000
v 4.192262 -41.347172 40.100000
v 4.192262 -41.347172 41.850000
v 4.181712 -41.358915 40.100000
v 4.200474 -41.335402 38.350000
v 4.200474 -41.335402 40.100000
v 4.200474 -41.335402 41.850000
v 4.206343 -41.323612 38.350000
v 4.206343 -41.323612 40.100000
v 4.206343 -41.323612 41.850000
v 4.209866 -41.311809 38.350000
v 4.209866 -41.311809 40.100000
v 4.209866 -41.311809 41.850000
v 3.441710 -41.588130 40.100000
v 1.872299 -41.747891 41.850000
v 1.872299 -41.747891 40.100000
v 1.782703 -41.753015 38.350000
v 1.782703 -41.753015 40.100000
v 1.508151 -41.766861 41.850000
v 1.508151 -41.766861 40.100000
v 1.414883 -41.770958 38.350000
v 1.414883 -41.770958 41.850000
v 1.414883 -41.770958 40.100000
v 1.320827 -41.774793 40.100000
v 1.320827 -41.774793 38.350000
v 1.034451 -41.784700 41.850000
v 1.034451 -41.784700 40.100000
v 0.937768 -41.787464 38.350000
v 0.937768 -41.787464 40.100000
v 0.644799 -41.794118 41.850000
v 0.644799 -41.794118 40.100000
v 0.546351 -41.795786 38.350000
v 0.546351 -41.795786 40.100000
v 0.249403 -41.799128 41.850000
v 0.249403 -41.799128 40.100000
v 0.150069 -41.799686 38.350000
v 0.150069 -41.799686 40.100000
v -0.148209 -41.799686 41.850000
v -0.148209 -41.799686 40.100000
v -0.247543 -41.799128 38.350000
v -0.247543 -41.799128 40.100000
v -0.544491 -41.795786 41.850000
v -0.544491 -41.795786 40.100000
v -0.642939 -41.794118 38.350000
v -0.642939 -41.794118 40.100000
v -0.935908 -41.787464 41.850000
v -0.935908 -41.787464 40.100000
v -1.032591 -41.784700 38.350000
v -1.032591 -41.784700 40.100000
v -1.318967 -41.774793 41.850000
v -1.318967 -41.774793 40.100000
v -1.413024 -41.770958 38.350000
v -1.413024 -41.770958 41.850000
v -1.413024 -41.770958 40.100000
v -1.506291 -41.766861 40.100000
v -1.506291 -41.766861 38.350000
v -1.780843 -41.753015 41.850000
v -1.780843 -41.753015 40.100000
v -1.870440 -41.747891 38.350000
v -1.870440 -41.747891 40.100000
v -3.439850 -41.588130 40.100000
v -4.209181 -40.500000 36.600000
v -4.209181 -40.500000 43.600000
vt 0.818088 -0.057038 0.000000
vt 0.829567 -0.053225 0.000000
vt 0.806184 -0.059824 0.000000
vt 0.806184 -0.042732 0.000000
vt 0.840360 -0.048296 0.000000
vt 0.850201 -0.042170 0.000000
vt 0.859288 -0.034281 0.000000
vt 0.806184 -0.025639 0.000000
vt 0.863384 -0.029555 0.000000
vt 0.866979 -0.024336 0.000000
vt 0.869935 -0.018670 0.000000
vt 0.806184 -0.008546 0.000000
vt 0.872139 -0.012645 0.000000
vt 0.873492 -0.006374 0.000000
vt 0.873950 -0.000000 0.000000
vt 0.806184 0.008546 0.000000
vt 0.873492 0.006374 0.000000
vt 0.872139 0.012645 0.000000
vt 0.869935 0.018670 0.000000
vt 0.806184 0.025639 0.000000
vt 0.866979 0.024336 0.000000
vt 0.863384 0.029555 0.000000
vt 0.859288 0.034281 0.000000
vt 0.806184 0.042732 0.000000
vt 0.850201 0.042170 0.000000
vt 0.840360 0.048296 0.000000
vt 0.829567 0.053225 0.000000
vt 0.818088 0.057038 0.000000
vt 0.806184 0.059824 0.000000
vt 0.818088 -0.268341 0.000000
vt 0.829567 -0.264528 0.000000
vt 0.806184 -0.271127 0.000000
vt 0.806184 -0.254035 0.000000
vt 0.840360 -0.259599 0.000000
vt 0.850201 -0.253473 0.000000
vt 0.859288 -0.245584 0.000000
vt 0.806184 -0.236942 0.000000
vt 0.863384 -0.240858 0.000000
vt 0.866979 -0.235639 0.000000
vt 0.869935 -0.229973 0.000000
vt 0.806184 -0.219849 0.000000
vt 0.872139 -0.223948 0.000000
vt 0.873492 -0.217677 0.000000
vt 0.873950 -0.211303 0.000000
vt 0.806184 -0.202757 0.000000
vt 0.873492 -0.204929 0.000000
vt 0.872139 -0.198658 0.000000
vt 0.869935 -0.192633 0.000000
vt 0.806184 -0.185664 0.000000
vt 0.866979 -0.186967 0.000000
vt 0.863384 -0.181748 0.000000
vt 0.859288 -0.177022 0.000000
vt 0.806184 -0.168571 0.000000
vt 0.850201 -0.169133 0.000000
vt 0.840360 -0.163007 0.000000
vt 0.829567 -0.158078 0.000000
vt 0.818088 -0.154265 0.000000
vt 0.806184 -0.151479 0.000000
vt 0.818088 -0.479644 0.000000
vt 0.829567 -0.475831 0.000000
vt 0.806184 -0.482430 0.000000
vt 0.806184 -0.465338 0.000000
vt 0.840360 -0.470902 0.000000
vt 0.850201 -0.464776 0.000000
vt 0.859288 -0.456887 0.000000
vt 0.806184 -0.448245 0.000000
vt 0.863384 -0.452161 0.000000
vt 0.866979 -0.446942 0.000000
vt 0.869935 -0.441276 0.000000
vt 0.806184 -0.431152 0.000000
vt 0.872139 -0.435251 0.000000
vt 0.873492 -0.428980 0.000000
vt 0.873950 -0.422606 0.000000
vt 0.806184 -0.414060 0.000000
vt 0.873492 -0.416232 0.000000
vt 0.872139 -0.409961 0.000000
vt 0.869935 -0.403936 0.000000
vt 0.806184 -0.396967 0.000000
vt 0.866979 -0.398270 0.000000
vt 0.863384 -0.393051 0.000000
vt 0.859288 -0.388325 0.000000
vt 0.806184 -0.379874 0.000000
vt 0.850201 -0.380436 0.000000
vt 0.840360 -0.374310 0.000000
vt 0.829567 -0.369380 0.000000
vt 0.818088 -0.365568 0.000000
vt 0.806184 -0.362782 0.000000
vt 0.818088 0.576871 0.000000
vt 0.829567 0.580683 0.000000
vt 0.806184 0.574085 0.000000
vt 0.806184 0.591177 0.000000
vt 0.840360 0.585613 0.000000
vt 0.850201 0.591739 0.000000
vt 0.859288 0.599628 0.000000
vt 0.806184 0.608270 0.000000
vt 0.863384 0.604354 0.000000
vt 0.866979 0.609573 0.000000
vt 0.869935 0.615239 0.000000
vt 0.806184 0.625363 0.000000
vt 0.872139 0.621264 0.000000
vt 0.873492 0.627535 0.000000
vt 0.873950 0.633909 0.000000
vt 0.806184 0.642455 0.000000
vt 0.873492 0.640283 0.000000
vt 0.872139 0.646554 0.000000
vt 0.869935 0.652579 0.000000
vt 0.806184 0.659548 0.000000
vt 0.866979 0.658245 0.000000
vt 0.863384 0.663464 0.000000
vt 0.859288 0.668190 0.000000
vt 0.806184 0.676641 0.000000
vt 0.850201 0.676079 0.000000
vt 0.840360 0.682205 0.000000
vt 0.829567 0.687134 0.000000
vt 0.818088 0.690947 0.000000
vt 0.806184 0.693733 0.000000
vt 0.818088 0.365568 0.000000
vt 0.829567 0.369380 0.000000
vt 0.806184 0.362782 0.000000
vt 0.806184 0.379874 0.000000
vt 0.840360 0.374310 0.000000
vt 0.850201 0.380436 0.000000
vt 0.859288 0.388325 0.000000
vt 0.806184 0.396967 0.000000
vt 0.863384 0.393051 0.000000
vt 0.866979 0.398270 0.000000
vt 0.869935 0.403936 0.000000
vt 0.806184 0.414060 0.000000
vt 0.872139 0.409961 0.000000
vt 0.873492 0.416232 0.000000
vt 0.873950 0.422606 0.000000
vt 0.806184 0.431152 0.000000
vt 0.873492 0.428980 0.000000
vt 0.872139 0.435251 0.000000
vt 0.869935 0.441276 0.000000
vt 0.806184 0.448245 0.000000
vt 0.866979 0.446942 0.000000
vt 0.863384 0.452161 0.000000
vt 0.859288 0.456887 0.000000
vt 0.806184 0.465338 0.000000
vt 0.850201 0.464776 0.000000
vt 0.840360 0.470902 0.000000
vt 0.829567 0.475831 0.000000
vt 0.818088 0.479644 0.000000
vt 0.806184 0.482430 0.000000
vt 0.818088 0.154265 0.000000
vt 0.829567 0.158078 0.000000
vt 0.806184 0.151479 0.000000
vt 0.806184 0.168571 0.000000
vt 0.840360 0.163007 0.000000
vt 0.850201 0.169133 0.000000
vt 0.859288 0.177022 0.000000
vt 0.806184 0.185664 0.000000
vt 0.863384 0.181748 0.000000
vt 0.866979 0.186967 0.000000
vt 0.869935 0.192633 0.000000
vt 0.806184 0.202757 0.000000
vt 0.872139 0.198658 0.000000
vt 0.873492 0.204929 0.000000
vt 0.873950 0.211303 0.000000
vt 0.806184 0.219849 0.000000
vt 0.873492 0.217677 0.000000
vt 0.872139 0.223948 0.000000
vt 0.869935 0.229973 0.000000
vt 0.806184 0.236942 0.000000
vt 0.866979 0.235639 0.000000
vt 0.863384 0.240858 0.000000
vt 0.859288 0.245584 0.000000
vt 0.806184 0.254035 0.000000
vt 0.850201 0.253473 0.000000
vt 0.840360 0.259599 0.000000
vt 0.829567 0.264528 0.000000
vt 0.818088 0.268341 0.000000
vt 0.806184 0.271127 0.000000
vt -0.000000 -0.154346 0.000000
vt -0.009120 -0.146112 0.000000
vt -0.000000 -0.154850 0.000000
vt -0.233333 -0.143870 0.000000
vt -0.466667 -0.143870 0.000000
vt -0.466667 -0.131880 0.000000
vt -0.700000 -0.131880 0.000000
vt -0.700000 -0.119891 0.000000
vt -0.466667 -0.119891 0.000000
vt -0.700000 -0.107902 0.000000
vt -0.466667 -0.107902 0.000000
vt -0.700000 -0.095913 0.000000
vt -0.466667 -0.095913 0.000000
vt -0.700000 -0.083924 0.000000
vt -0.466667 -0.083924 0.000000
vt -0.700000 -0.071935 0.000000
vt -0.466667 -0.071935 0.000000
vt -0.700000 -0.059946 0.000000
vt -0.466667 -0.059946 0.000000
vt -0.700000 -0.047957 0.000000
vt -0.466667 -0.047957 0.000000
vt -0.700000 -0.035967 0.000000
vt -0.466667 -0.035967 0.000000
vt -0.700000 -0.023978 0.000000
vt -0.466667 -0.023978 0.000000
vt -0.700000 -0.011989 0.000000
vt -0.466667 -0.011989 0.000000
vt -0.700000 0.000000 0.000000
vt -0.233333 -0.011989 0.000000
vt -0.000000 -0.000504 0.000000
vt -0.000000 -0.001008 0.000000
vt -0.000000 -0.001513 0.000000
vt -0.009120 -0.009746 0.000000
vt -0.017916 -0.018145 0.000000
vt -0.233333 -0.023978 0.000000
vt -0.026182 -0.026707 0.000000
vt -0.233333 -0.035967 0.000000
vt -0.033719 -0.035449 0.000000
vt -0.040680 -0.044975 0.000000
vt -0.233333 -0.047957 0.000000
vt -0.043818 -0.050109 0.000000
vt -0.046571 -0.055438 0.000000
vt -0.233333 -0.059946 0.000000
vt -0.048836 -0.060932 0.000000
vt -0.050524 -0.066545 0.000000
vt -0.233333 -0.071935 0.000000
vt -0.051561 -0.072230 0.000000
vt -0.051912 -0.077929 0.000000
vt -0.233333 -0.083924 0.000000
vt -0.051561 -0.083628 0.000000
vt -0.050524 -0.089313 0.000000
vt -0.233333 -0.095913 0.000000
vt -0.048836 -0.094927 0.000000
vt -0.046571 -0.100420 0.000000
vt -0.233333 -0.107902 0.000000
vt -0.043818 -0.105750 0.000000
vt -0.040680 -0.110883 0.000000
vt -0.233333 -0.119891 0.000000
vt -0.033719 -0.120410 0.000000
vt -0.026182 -0.129151 0.000000
vt -0.233333 -0.131880 0.000000
vt -0.017916 -0.137713 0.000000
vt -0.000000 0.000000 0.000000
vt -0.700000 -0.143870 0.000000
vt -0.700000 -0.155859 0.000000
vt 0.000000 -0.155354 0.000000
vt 0.000000 -0.155859 0.000000
vt 0.000000 -0.154346 0.000000
vt -0.009120 -0.146112 0.000000
vt -0.000000 -0.154850 0.000000
vt -0.233333 -0.143870 0.000000
vt -0.466667 -0.143870 0.000000
vt -0.466667 -0.131880 0.000000
vt -0.700000 -0.131880 0.000000
vt -0.700000 -0.119891 0.000000
vt -0.466667 -0.119891 0.000000
vt -0.700000 -0.107902 0.000000
vt -0.466667 -0.107902 0.000000
vt -0.700000 -0.095913 0.000000
vt -0.466667 -0.095913 0.000000
vt -0.700000 -0.083924 0.000000
vt -0.466667 -0.083924 0.000000
vt -0.700000 -0.071935 0.000000
vt -0.466667 -0.071935 0.000000
vt -0.700000 -0.059946 0.000000
vt -0.466667 -0.059946 0.000000
vt -0.700000 -0.047957 0.000000
vt -0.466667 -0.047957 0.000000
vt -0.700000 -0.035967 0.000000
vt -0.466667 -0.035967 0.000000
vt -0.700000 -0.023978 0.000000
vt -0.466667 -0.023978 0.000000
vt -0.700000 -0.011989 0.000000
vt -0.466667 -0.011989 0.000000
vt -0.700000 0.000000 0.000000
vt -0.233333 -0.011989 0.000000
vt -0.000000 -0.000504 0.000000
vt -0.000000 -0.001008 0.000000
vt 0.000000 -0.001513 0.000000
vt -0.009120 -0.009746 0.000000
vt -0.017916 -0.018145 0.000000
vt -0.233333 -0.023978 0.000000
vt -0.026182 -0.026707 0.000000
vt -0.233333 -0.035967 0.000000
vt -0.033719 -0.035449 0.000000
vt -0.040680 -0.044975 0.000000
vt -0.233333 -0.047957 0.000000
vt -0.043818 -0.050109 0.000000
vt -0.046571 -0.055438 0.000000
vt -0.233333 -0.059946 0.000000
vt -0.048836 -0.060932 0.000000
vt -0.050524 -0.066545 0.000000
vt -0.233333 -0.071935 0.000000
vt -0.051561 -0.072230 0.000000
vt -0.051912 -0.077929 0.000000
vt -0.233333 -0.083924 0.000000
vt -0.051561 -0.083628 0.000000
vt -0.050524 -0.089313 0.000000
vt -0.233333 -0.095913 0.000000
vt -0.048836 -0.094927 0.000000
vt -0.046571 -0.100420 0.000000
vt -0.233333 -0.107902 0.000000
vt -0.043818 -0.105750 0.000000
vt -0.040680 -0.110883 0.000000
vt -0.233333 -0.119891 0.000000
vt -0.033719 -0.120410 0.000000
vt -0.026182 -0.129151 0.000000
vt -0.233333 -0.131880 0.000000
vt -0.017916 -0.137713 0.000000
vt -0.000000 0.000000 0.000000
vt -0.700000 -0.143870 0.000000
vt -0.700000 -0.155859 0.000000
vt 0.000000 -0.155354 0.000000
vt 0.000000 -0.155859 0.000000
vt 0.000000 -0.154346 0.000000
vt -0.009120 -0.146112 0.000000
vt -0.000000 -0.154850 0.000000
vt -0.233333 -0.143870 0.000000
vt -0.466667 -0.143870 0.000000
vt -0.466667 -0.131880 0.000000
vt -0.700000 -0.131880 0.000000
vt -0.700000 -0.119891 0.000000
vt -0.466667 -0.119891 0.000000
vt -0.700000 -0.107902 0.000000
vt -0.466667 -0.107902 0.000000
vt -0.700000 -0.095913 0.000000
vt -0.466667 -0.095913 0.000000
vt -0.700000 -0.083924 0.000000
vt -0.466667 -0.083924 0.000000
vt -0.700000 -0.071935 0.000000
vt -0.466667 -0.071935 0.000000
vt -0.700000 -0.059946 0.000000
vt -0.466667 -0.059946 0.000000
vt -0.700000 -0.047957 0.000000
vt -0.466667 -0.047957 0.000000
vt -0.700000 -0.035967 0.000000
vt -0.466667 -0.035967 0.000000
vt -0.700000 -0.023978 0.000000
vt -0.466667 -0.023978 0.000000
vt -0.700000 -0.011989 0.000000
vt -0.466667 -0.011989 0.000000
vt -0.700000 0.000000 0.000000
vt -0.233333 -0.011989 0.000000
vt -0.000000 -0.000504 0.000000
vt -0.000000 -0.001008 0.000000
vt 0.000000 -0.001513 0.000000
vt -0.009120 -0.009746 0.000000
vt -0.017916 -0.018145 0.000000
vt -0.233333 -0.023978 0.000000
vt -0.026182 -0.026707 0.000000
vt -0.233333 -0.035967 0.000000
vt -0.033719 -0.035449 0.000000
vt -0.040680 -0.044975 0.000000
vt -0.233333 -0.047957 0.000000
vt -0.043818 -0.050109 0.000000
vt -0.046571 -0.055438 0.000000
vt -0.233333 -0.059946 0.000000
vt -0.048836 -0.060932 0.000000
vt -0.050524 -0.066545 0.000000
vt -0.233333 -0.071935 0.000000
vt -0.051561 -0.072230 0.000000
vt -0.051912 -0.077929 0.000000
vt -0.233333 -0.083924 0.000000
vt -0.051561 -0.083628 0.000000
vt -0.050524 -0.089313 0.000000
vt -0.233333 -0.095913 0.000000
vt -0.048836 -0.094927 0.000000
vt -0.046571 -0.100420 0.000000
vt -0.233333 -0.107902 0.000000
vt -0.043818 -0.105750 0.000000
vt -0.040680 -0.110883 0.000000
vt -0.233333 -0.119891 0.000000
vt -0.033719 -0.120410 0.000000
vt -0.026182 -0.129151 0.000000
vt -0.233333 -0.131880 0.000000
vt -0.017916 -0.137713 0.000000
vt -0.000000 0.000000 0.000000
vt -0.700000 -0.143870 0.000000
vt -0.700000 -0.155859 0.000000
vt -0.000000 -0.155354 0.000000
vt -0.000000 -0.155859 0.000000
vt 0.000000 -0.154346 0.000000
vt -0.009120 -0.146112 0.000000
vt -0.000000 -0.154850 0.000000
vt -0.233333 -0.143870 0.000000
vt -0.466667 -0.143870 0.000000
vt -0.466667 -0.131880 0.000000
vt -0.700000 -0.131880 0.000000
vt -0.700000 -0.119891 0.000000
vt -0.466667 -0.119891 0.000000
vt -0.700000 -0.107902 0.000000
vt -0.466667 -0.107902 0.000000
vt -0.700000 -0.095913 0.000000
vt -0.466667 -0.095913 0.000000
vt -0.700000 -0.083924 0.000000
vt -0.466667 -0.083924 0.000000
vt -0.700000 -0.071935 0.000000
vt -0.466667 -0.071935 0.000000
vt -0.700000 -0.059946 0.000000
vt -0.466667 -0.059946 0.000000
vt -0.700000 -0.047957 0.000000
vt -0.466667 -0.047957 0.000000
vt -0.700000 -0.035967 0.000000
vt -0.466667 -0.035967 0.000000
vt -0.700000 -0.023978 0.000000
vt -0.466667 -0.023978 0.000000
vt -0.700000 -0.011989 0.000000
vt -0.466667 -0.011989 0.000000
vt -0.700000 0.000000 0.000000
vt -0.233333 -0.011989 0.000000
vt -0.000000 -0.000504 0.000000
vt -0.000000 -0.001008 0.000000
vt 0.000000 -0.001513 0.000000
vt -0.009120 -0.009746 0.000000
vt -0.017916 -0.018145 0.000000
vt -0.233333 -0.023978 0.000000
vt -0.026182 -0.026707 0.000000
vt -0.233333 -0.035967 0.000000
vt -0.033719 -0.035449 0.000000
vt -0.040680 -0.044975 0.000000
vt -0.233333 -0.047957 0.000000
vt -0.043818 -0.050109 0.000000
vt -0.046571 -0.055438 0.000000
vt -0.233333 -0.059946 0.000000
vt -0.048836 -0.060932 0.000000
vt -0.050524 -0.066545 0.000000
vt -0.233333 -0.071935 0.000000
vt -0.051561 -0.072230 0.000000
vt -0.051912 -0.077929 0.000000
vt -0.233333 -0.083924 0.000000
vt -0.051561 -0.083628 0.000000
vt -0.050524 -0.089313 0.000000
vt -0.233333 -0.095913 0.000000
vt -0.048836 -0.094927 0.000000
vt -0.046571 -0.100420 0.000000
vt -0.233333 -0.107902 0.000000
vt -0.043818 -0.105750 0.000000
vt -0.040680 -0.110883 0.000000
vt -0.233333 -0.119891 0.000000
vt -0.033719 -0.120410 0.000000
vt -0.026182 -0.129151 0.000000
vt -0.233333 -0.131880 0.000000
vt -0.017916 -0.137713 0.000000
vt -0.000000 0.000000 0.000000
vt -0.700000 -0.143870 0.000000
vt -0.700000 -0.155859 0.000000
vt -0.000000 -0.155354 0.000000
vt -0.000000 -0.155859 0.000000
vt -0.000000 -0.154346 0.000000
vt -0.009120 -0.146112 0.000000
vt -0.000000 -0.154850 0.000000
vt -0.233333 -0.143870 0.000000
vt -0.466667 -0.143870 0.000000
vt -0.466667 -0.131880 0.000000
vt -0.700000 -0.131880 0.000000
vt -0.700000 -0.119891 0.000000
vt -0.466667 -0.119891 0.000000
vt -0.700000 -0.107902 0.000000
vt -0.466667 -0.107902 0.000000
vt -0.700000 -0.095913 0.000000
vt -0.466667 -0.095913 0.000000
vt -0.700000 -0.083924 0.000000
vt -0.466667 -0.083924 0.000000
vt -0.700000 -0.071935 0.000000
vt -0.466667 -0.071935 0.000000
vt -0.700000 -0.059946 0.000000
vt -0.466667 -0.059946 0.000000
vt -0.700000 -0.047957 0.000000
vt -0.466667 -0.047957 0.000000
vt -0.700000 -0.035967 0.000000
vt -0.466667 -0.035967 0.000000
vt -0.700000 -0.023978 0.000000
vt -0.466667 -0.023978 0.000000
vt -0.700000 -0.011989 0.000000
vt -0.466667 -0.011989 0.000000
vt -0.700000 0.000000 0.000000
vt -0.233333 -0.011989 0.000000
vt -0.000000 -0.000504 0.000000
vt -0.000000 -0.001008 0.000000
vt -0.000000 -0.001513 0.000000
vt -0.009120 -0.009746 0.000000
vt -0.017916 -0.018145 0.000000
vt -0.233333 -0.023978 0.000000
vt -0.026182 -0.026707 0.000000
vt -0.233333 -0.035967 0.000000
vt -0.033719 -0.035449 0.000000
vt -0.040680 -0.044975 0.000000
vt -0.233333 -0.047957 0.000000
vt -0.043818 -0.050109 0.000000
vt -0.046571 -0.055438 0.000000
vt -0.233333 -0.059946 0.000000
vt -0.048836 -0.060932 0.000000
vt -0.050524 -0.066545 0.000000
vt -0.233333 -0.071935 0.000000
vt -0.051561 -0.072230 0.000000
vt -0.051912 -0.077929 0.000000
vt -0.233333 -0.083924 0.000000
vt -0.051561 -0.083628 0.000000
vt -0.050524 -0.089313 0.000000
vt -0.233333 -0.095913 0.000000
vt -0.048836 -0.094927 0.000000
vt -0.046571 -0.100420 0.000000
vt -0.233333 -0.107902 0.000000
vt -0.043818 -0.105750 0.000000
vt -0.040680 -0.110883 0.000000
vt -0.233333 -0.119891 0.000000
vt -0.033719 -0.120410 0.000000
vt -0.026182 -0.129151 0.000000
vt -0.233333 -0.131880 0.000000
vt -0.017916 -0.137713 0.000000
vt -0.000000 0.000000 0.000000
vt -0.700000 -0.143870 0.000000
vt -0.700000 -0.155859 0.000000
vt -0.000000 -0.155354 0.000000
vt -0.000000 -0.155859 0.000000
vt -0.000000 -0.154346 0.000000
vt -0.009120 -0.146112 0.000000
vt -0.000000 -0.154850 0.000000
vt -0.233333 -0.143870 0.000000
vt -0.466667 -0.143870 0.000000
vt -0.466667 -0.131880 0.000000
vt -0.700000 -0.131880 0.000000
vt -0.700000 -0.119891 0.000000
vt -0.466667 -0.119891 0.000000
vt -0.700000 -0.107902 0.000000
vt -0.466667 -0.107902 0.000000
vt -0.700000 -0.095913 0.000000
vt -0.466667 -0.095913 0.000000
vt -0.700000 -0.083924 0.000000
vt -0.466667 -0.083924 0.000000
vt -0.700000 -0.071935 0.000000
vt -0.466667 -0.071935 0.000000
vt -0.700000 -0.059946 0.000000
vt -0.466667 -0.059946 0.000000
vt -0.700000 -0.047957 0.000000
vt -0.466667 -0.047957 0.000000
vt -0.700000 -0.035967 0.000000
vt -0.466667 -0.035967 0.000000
vt -0.700000 -0.023978 0.000000
vt -0.466667 -0.023978 0.000000
vt -0.700000 -0.011989 0.000000
vt -0.466667 -0.011989 0.000000
vt -0.700000 -0.000000 0.000000
vt -0.233333 -0.011989 0.000000
vt 0.000000 -0.000504 0.000000
vt -0.000000 -0.001008 0.000000
vt -0.000000 -0.001513 0.000000
vt -0.009120 -0.009746 0.000000
vt -0.017916 -0.018145 0.000000
vt -0.233333 -0.023978 0.000000
vt -0.026182 -0.026707 0.000000
vt -0.233333 -0.035967 0.000000
vt -0.033719 -0.035449 0.000000
vt -0.040680 -0.044975 0.000000
vt -0.233333 -0.047957 0.000000
vt -0.043818 -0.050109 0.000000
vt -0.046571 -0.055438 0.000000
vt -0.233333 -0.059946 0.000000
vt -0.048836 -0.060932 0.000000
vt -0.050524 -0.066545 0.000000
vt -0.233333 -0.071935 0.000000
vt -0.051561 -0.072230 0.000000
vt -0.051912 -0.077929 0.000000
vt -0.233333 -0.083924 0.000000
vt -0.051561 -0.083628 0.000000
vt -0.050524 -0.089313 0.000000
vt -0.233333 -0.095913 0.000000
vt -0.048836 -0.094927 0.000000
vt -0.046571 -0.100420 0.000000
vt -0.233333 -0.107902 0.000000
vt -0.043818 -0.105750 0.000000
vt -0.040680 -0.110883 0.000000
vt -0.233333 -0.119891 0.000000
vt -0.033719 -0.120410 0.000000
vt -0.026182 -0.129151 0.000000
vt -0.233333 -0.131880 0.000000
vt -0.017916 -0.137713 0.000000
vt 0.000000 -0.000000 0.000000
vt -0.700000 -0.143870 0.000000
vt -0.700000 -0.155859 0.000000
vt -0.000000 -0.155354 0.000000
vt -0.000000 -0.155859 0.000000
vt 0.000000 -0.101280 0.000000
vt 0.700000 -0.101280 0.000000
vt 0.350000 -0.081024 0.000000
vt 0.700000 -0.081024 0.000000
vt 0.350000 -0.060768 0.000000
vt 0.700000 -0.060768 0.000000
vt 0.350000 -0.040512 0.000000
vt 0.700000 -0.040512 0.000000
vt 0.350000 -0.020256 0.000000
vt 0.700000 -0.020256 0.000000
vt 0.700000 0.000000 0.000000
vt 0.000000 0.000000 0.000000
vt 0.000000 -0.020256 0.000000
vt 0.000000 -0.040512 0.000000
vt 0.000000 -0.060768 0.000000
vt 0.000000 -0.081024 0.000000
vt 0.000000 -0.101280 0.000000
vt 0.700000 -0.101280 0.000000
vt 0.350000 -0.081024 0.000000
vt 0.700000 -0.081024 0.000000
vt 0.350000 -0.060768 0.000000
vt 0.700000 -0.060768 0.000000
vt 0.350000 -0.040512 0.000000
vt 0.700000 -0.040512 0.000000
vt 0.350000 -0.020256 0.000000
vt 0.700000 -0.020256 0.000000
vt 0.700000 0.000000 0.000000
vt 0.000000 0.000000 0.000000
vt -0.000000 -0.020256 0.000000
vt -0.000000 -0.040512 0.000000
vt 0.000000 -0.060768 0.000000
vt -0.000000 -0.081024 0.000000
vt -0.000000 -0.101280 0.000000
vt 0.700000 -0.101280 0.000000
vt 0.350000 -0.081024 0.000000
vt 0.700000 -0.081024 0.000000
vt 0.350000 -0.060768 0.000000
vt 0.700000 -0.060768 0.000000
vt 0.350000 -0.040512 0.000000
vt 0.700000 -0.040512 0.000000
vt 0.350000 -0.020256 0.000000
vt 0.700000 -0.020256 0.000000
vt 0.700000 0.000000 0.000000
vt -0.000000 0.000000 0.000000
vt -0.000000 -0.020256 0.000000
vt -0.000000 -0.040512 0.000000
vt -0.000000 -0.060768 0.000000
vt -0.000000 -0.081024 0.000000
vt -0.000000 -0.101280 0.000000
vt 0.700000 -0.101280 0.000000
vt 0.350000 -0.081024 0.000000
vt 0.700000 -0.081024 0.000000
vt 0.350000 -0.060768 0.000000
vt 0.700000 -0.060768 0.000000
vt 0.350000 -0.040512 0.000000
vt 0.700000 -0.040512 0.000000
vt 0.350000 -0.020256 0.000000
vt 0.700000 -0.020256 0.000000
vt 0.700000 0.000000 0.000000
vt 0.000000 0.000000 0.000000
vt 0.000000 -0.020256 0.000000
vt 0.000000 -0.040512 0.000000
vt -0.000000 -0.060768 0.000000
vt -0.000000 -0.081024 0.000000
vt -0.000000 -0.101280 0.000000
vt 0.700000 -0.101280 0.000000
vt 0.350000 -0.081024 0.000000
vt 0.700000 -0.081024 0.000000
vt 0.350000 -0.060768 0.000000
vt 0.700000 -0.060768 0.000000
vt 0.350000 -0.040512 0.000000
vt 0.700000 -0.040512 0.000000
vt 0.350000 -0.020256 0.000000
vt 0.700000 -0.020256 0.000000
vt 0.700000 -0.000000 0.000000
vt -0.000000 -0.000000 0.000000
vt -0.000000 -0.020256 0.000000
vt 0.000000 -0.040512 0.000000
vt -0.000000 -0.060768 0.000000
vt 0.000000 -0.081024 0.000000
vt 0.000000 -0.101280 0.000000
vt 0.700000 -0.101280 0.000000
vt 0.350000 -0.081024 0.000000
vt 0.700000 -0.081024 0.000000
vt 0.350000 -0.060768 0.000000
vt 0.700000 -0.060768 0.000000
vt 0.350000 -0.040512 0.000000
vt 0.700000 -0.040512 0.000000
vt 0.350000 -0.020256 0.000000
vt 0.700000 -0.020256 0.000000
vt 0.700000 0.000000 0.000000
vt 0.000000 0.000000 0.000000
vt 0.000000 -0.020256 0.000000
vt -0.000000 -0.040512 0.000000
vt 0.000000 -0.060768 0.000000
vt -0.000000 -0.081024 0.000000
vt 0.035355 0.151931 0.000000
vt -0.035355 0.145922 0.000000
vt 0.035355 0.128029 0.000000
vt -0.035355 0.119883 0.000000
vt 0.013783 0.111138 0.000000
vt -0.035355 0.093844 0.000000
vt 0.003526 0.101532 0.000000
vt -0.006116 0.091166 0.000000
vt -0.014945 0.080077 0.000000
vt -0.035355 0.067805 0.000000
vt -0.022852 0.068203 0.000000
vt -0.029733 0.055414 0.000000
vt -0.035355 0.041766 0.000000
vt -0.035355 0.171960 0.000000
vt 0.035355 0.175833 0.000000
vt -0.035355 0.197999 0.000000
vt 0.035355 0.199736 0.000000
vt -0.035355 0.224038 0.000000
vt 0.035355 0.223638 0.000000
vt 0.035355 0.247540 0.000000
vt -0.035355 0.250077 0.000000
vt 0.035355 0.271443 0.000000
vt -0.035355 0.276116 0.000000
vt 0.035355 0.295345 0.000000
vt -0.035355 0.302155 0.000000
vt 0.035355 0.319247 0.000000
vt -0.035355 0.328193 0.000000
vt 0.035355 0.343149 0.000000
vt -0.035355 0.354232 0.000000
vt 0.035355 0.367052 0.000000
vt -0.035355 0.380271 0.000000
vt 0.035355 0.390954 0.000000
vt -0.035355 0.406310 0.000000
vt 0.035355 0.414856 0.000000
vt -0.035355 0.432349 0.000000
vt 0.035355 0.438758 0.000000
vt -0.035355 0.458387 0.000000
vt 0.035355 0.462661 0.000000
vt -0.035355 0.484426 0.000000
vt 0.035355 0.486563 0.000000
vt -0.035355 0.510465 0.000000
vt 0.035355 0.510465 0.000000
vt -0.035355 -0.439954 0.000000
vt 0.035355 -0.439954 0.000000
vt -0.035355 0.010046 0.000000
vt 0.035355 0.010046 0.000000
vt 0.013769 0.319491 0.000000
vt 0.035355 0.335151 0.000000
vt -0.035355 0.333763 0.000000
vt 0.035355 0.349256 0.000000
vt -0.035355 0.351369 0.000000
vt 0.035355 0.363362 0.000000
vt -0.035355 0.368975 0.000000
vt 0.035355 0.377467 0.000000
vt -0.035355 0.386581 0.000000
vt 0.035355 0.391573 0.000000
vt -0.035355 0.404187 0.000000
vt 0.035355 0.405678 0.000000
vt 0.035355 0.419784 0.000000
vt -0.035355 0.421792 0.000000
vt 0.035355 0.433889 0.000000
vt -0.035355 0.439398 0.000000
vt 0.035355 0.447994 0.000000
vt -0.035355 0.457004 0.000000
vt 0.035355 0.462100 0.000000
vt -0.035355 0.474610 0.000000
vt 0.035355 0.476205 0.000000
vt 0.035355 0.490311 0.000000
vt -0.035355 0.492216 0.000000
vt 0.035355 0.504416 0.000000
vt -0.035355 0.509822 0.000000
vt 0.035355 0.518521 0.000000
vt -0.035355 0.527428 0.000000
vt 0.035355 0.532627 0.000000
vt -0.035355 0.545034 0.000000
vt 0.035355 0.546732 0.000000
vt 0.035355 0.560838 0.000000
vt -0.035355 0.562640 0.000000
vt 0.035355 0.574943 0.000000
vt -0.035355 0.580246 0.000000
vt 0.035355 0.589049 0.000000
vt -0.035355 0.597852 0.000000
vt 0.035355 0.603154 0.000000
vt -0.035355 0.615457 0.000000
vt 0.035355 0.617259 0.000000
vt -0.035355 0.633063 0.000000
vt 0.035355 0.631365 0.000000
vt 0.035355 0.645470 0.000000
vt -0.035355 0.650669 0.000000
vt 0.035355 0.659576 0.000000
vt -0.035355 0.668275 0.000000
vt 0.035355 0.673681 0.000000
vt -0.035355 0.685881 0.000000
vt 0.035355 0.687787 0.000000
vt -0.035355 0.703487 0.000000
vt 0.035355 0.701892 0.000000
vt 0.035355 0.715997 0.000000
vt -0.035355 0.721093 0.000000
vt 0.035355 0.730103 0.000000
vt -0.035355 0.738699 0.000000
vt 0.035355 0.744208 0.000000
vt -0.035355 0.756305 0.000000
vt 0.035355 0.758314 0.000000
vt -0.035355 0.773911 0.000000
vt 0.035355 0.772419 0.000000
vt 0.035355 0.786525 0.000000
vt -0.035355 0.791517 0.000000
vt 0.035355 0.800630 0.000000
vt -0.035355 0.809123 0.000000
vt 0.035355 0.814735 0.000000
vt -0.035355 0.826728 0.000000
vt 0.035355 0.828841 0.000000
vt -0.035355 0.844334 0.000000
vt 0.035355 0.842946 0.000000
vt 0.013782 0.858595 0.000000
vt -0.035355 0.861940 0.000000
vt 0.003524 0.867929 0.000000
vt -0.035355 0.879546 0.000000
vt -0.006117 0.878349 0.000000
vt -0.014945 0.889878 0.000000
vt -0.035355 0.897152 0.000000
vt -0.022852 0.902636 0.000000
vt -0.035355 0.914758 0.000000
vt -0.029733 0.916809 0.000000
vt -0.035355 0.932364 0.000000
vt -0.035355 0.316157 0.000000
vt 0.003571 0.310215 0.000000
vt -0.035355 0.298551 0.000000
vt -0.005982 0.299909 0.000000
vt -0.014777 0.288463 0.000000
vt -0.035355 0.280945 0.000000
vt -0.022761 0.275626 0.000000
vt -0.035355 0.263339 0.000000
vt -0.029700 0.261366 0.000000
vt -0.035355 0.245733 0.000000
vt -0.035355 -0.214954 0.000000
vt 0.035355 -0.214954 0.000000
vt -0.035355 0.235046 0.000000
vt 0.035355 0.235046 0.000000
vt -0.035355 0.468699 0.000000
vt -0.035355 0.442660 0.000000
vt -0.029699 0.454982 0.000000
vt -0.022760 0.442112 0.000000
vt -0.014777 0.430157 0.000000
vt -0.035355 0.416621 0.000000
vt -0.005982 0.419141 0.000000
vt 0.003572 0.408884 0.000000
vt -0.035355 0.390582 0.000000
vt 0.013769 0.399338 0.000000
vt 0.035355 0.382436 0.000000
vt -0.035355 0.364544 0.000000
vt 0.035355 0.358534 0.000000
vt -0.035355 0.338505 0.000000
vt 0.035355 0.334632 0.000000
vt -0.035355 0.312466 0.000000
vt 0.035355 0.310729 0.000000
vt -0.035355 0.286427 0.000000
vt 0.035355 0.286827 0.000000
vt 0.035355 0.262925 0.000000
vt -0.035355 0.260388 0.000000
vt 0.035355 0.239023 0.000000
vt -0.035355 0.234349 0.000000
vt 0.035355 0.215120 0.000000
vt -0.035355 0.208311 0.000000
vt 0.035355 0.191218 0.000000
vt -0.035355 0.182272 0.000000
vt 0.035355 0.167316 0.000000
vt -0.035355 0.156233 0.000000
vt 0.035355 0.143414 0.000000
vt -0.035355 0.130194 0.000000
vt 0.035355 0.119511 0.000000
vt -0.035355 0.104155 0.000000
vt 0.035355 0.095609 0.000000
vt -0.035355 0.078116 0.000000
vt 0.035355 0.071707 0.000000
vt -0.035355 0.052078 0.000000
vt 0.035355 0.047805 0.000000
vt -0.035355 0.026039 0.000000
vt 0.035355 0.023902 0.000000
vt -0.035355 0.000000 0.000000
vt 0.035355 0.000000 0.000000
vt 0.450000 0.650000 0.000000
vt 0.000000 0.650000 0.000000
vt 0.450000 0.050000 0.000000
vt 0.000000 0.050000 0.000000
vt -0.050000 0.549732 0.000000
vt -0.650000 0.549732 0.000000
vt -0.050000 0.523991 0.000000
vt -0.650000 0.523991 0.000000
vt -0.050000 0.498250 0.000000
vt -0.650000 0.498250 0.000000
vt -0.050000 0.472509 0.000000
vt -0.650000 0.472509 0.000000
vt -0.050000 0.446768 0.000000
vt -0.650000 0.446768 0.000000
vt -0.050000 0.421027 0.000000
vt -0.650000 0.421027 0.000000
vt -0.050000 0.395286 0.000000
vt -0.650000 0.395286 0.000000
vt -0.050000 0.369545 0.000000
vt -0.650000 0.369545 0.000000
vt -0.050000 0.343805 0.000000
vt -0.650000 0.343805 0.000000
vt -0.050000 0.318064 0.000000
vt -0.650000 0.318064 0.000000
vt -0.050000 0.292323 0.000000
vt -0.650000 0.292323 0.000000
vt -0.050000 0.266582 0.000000
vt -0.650000 0.266582 0.000000
vt -0.050000 0.240841 0.000000
vt -0.650000 0.240841 0.000000
vt -0.050000 0.215100 0.000000
vt -0.650000 0.215100 0.000000
vt -0.050000 0.189359 0.000000
vt -0.650000 0.189359 0.000000
vt -0.050000 0.163618 0.000000
vt -0.650000 0.163618 0.000000
vt -0.050000 0.137877 0.000000
vt -0.650000 0.137877 0.000000
vt -0.050000 0.069058 0.000000
vt -0.650000 0.069058 0.000000
vt -0.350000 0.052131 0.000000
vt -0.650000 0.052131 0.000000
vt -0.350000 0.035205 0.000000
vt -0.650000 0.035205 0.000000
vt -0.350000 0.018278 0.000000
vt -0.650000 0.018278 0.000000
vt -0.350000 0.001352 0.000000
vt -0.650000 0.001352 0.000000
vt -0.350000 -0.015575 0.000000
vt -0.650000 -0.015575 0.000000
vt -0.350000 -0.032501 0.000000
vt -0.650000 -0.032501 0.000000
vt -0.350000 -0.049428 0.000000
vt -0.650000 -0.049428 0.000000
vt -0.350000 -0.066354 0.000000
vt -0.650000 -0.066354 0.000000
vt -0.350000 -0.083281 0.000000
vt -0.650000 -0.083281 0.000000
vt -0.350000 -0.100207 0.000000
vt -0.650000 -0.100207 0.000000
vt -0.350000 -0.117134 0.000000
vt -0.650000 -0.117134 0.000000
vt -0.350000 -0.134060 0.000000
vt -0.650000 -0.134060 0.000000
vt -0.350000 -0.150987 0.000000
vt -0.650000 -0.150987 0.000000
vt -0.350000 -0.167913 0.000000
vt -0.650000 -0.167913 0.000000
vt -0.350000 -0.184840 0.000000
vt -0.650000 -0.184840 0.000000
vt -0.350000 -0.201766 0.000000
vt -0.650000 -0.201766 0.000000
vt -0.350000 -0.218693 0.000000
vt -0.650000 -0.218693 0.000000
vt -0.350000 -0.235619 0.000000
vt -0.650000 -0.235619 0.000000
vt -0.350000 -0.252546 0.000000
vt -0.650000 -0.252546 0.000000
vt -0.350000 -0.269472 0.000000
vt -0.650000 -0.269472 0.000000
vt -0.350000 -0.286399 0.000000
vt -0.650000 -0.286399 0.000000
vt -0.350000 -0.303325 0.000000
vt -0.650000 -0.303325 0.000000
vt -0.350000 -0.320252 0.000000
vt -0.650000 -0.320252 0.000000
vt -0.350000 -0.337179 0.000000
vt -0.650000 -0.337179 0.000000
vt -0.350000 -0.354105 0.000000
vt -0.650000 -0.354105 0.000000
vt -0.350000 -0.371032 0.000000
vt -0.650000 -0.371032 0.000000
vt -0.350000 -0.387958 0.000000
vt -0.650000 -0.387958 0.000000
vt -0.350000 -0.404885 0.000000
vt -0.650000 -0.404885 0.000000
vt -0.350000 -0.421811 0.000000
vt -0.650000 -0.421811 0.000000
vt -0.350000 -0.438738 0.000000
vt -0.650000 -0.438738 0.000000
vt -0.350000 -0.455664 0.000000
vt -0.650000 -0.455664 0.000000
vt -0.350000 -0.472591 0.000000
vt -0.650000 -0.472591 0.000000
vt -0.350000 -0.489517 0.000000
vt -0.650000 -0.489517 0.000000
vt -0.350000 -0.506444 0.000000
vt -0.650000 -0.506444 0.000000
vt -0.350000 -0.523370 0.000000
vt -0.650000 -0.523370 0.000000
vt -0.650000 -0.540297 0.000000
vt -0.050000 -0.540297 0.000000
vt -0.050000 -0.523370 0.000000
vt -0.050000 -0.506444 0.000000
vt -0.050000 -0.489517 0.000000
vt -0.050000 -0.472591 0.000000
vt -0.050000 -0.455664 0.000000
vt -0.050000 -0.438738 0.000000
vt -0.050000 -0.421811 0.000000
vt -0.050000 -0.404885 0.000000
vt -0.050000 -0.387958 0.000000
vt -0.050000 -0.371032 0.000000
vt -0.050000 -0.354105 0.000000
vt -0.050000 -0.337179 0.000000
vt -0.050000 -0.320252 0.000000
vt -0.050000 -0.303325 0.000000
vt -0.050000 -0.286399 0.000000
vt -0.050000 -0.269472 0.000000
vt -0.050000 -0.252546 0.000000
vt -0.050000 -0.235619 0.000000
vt -0.050000 -0.218693 0.000000
vt -0.050000 -0.201766 0.000000
vt -0.050000 -0.184840 0.000000
vt -0.050000 -0.167913 0.000000
vt -0.050000 -0.150987 0.000000
vt -0.050000 -0.134060 0.000000
vt -0.050000 -0.117134 0.000000
vt -0.050000 -0.100207 0.000000
vt -0.050000 -0.083281 0.000000
vt -0.050000 -0.066354 0.000000
vt -0.050000 -0.049428 0.000000
vt -0.050000 -0.032501 0.000000
vt -0.050000 -0.015575 0.000000
vt -0.050000 0.001352 0.000000
vt -0.050000 0.018278 0.000000
vt -0.050000 0.035205 0.000000
vt -0.050000 0.052131 0.000000
vt -0.050000 0.411854 0.000000
vt -0.650000 0.411854 0.000000
vt -0.050000 0.386113 0.000000
vt -0.650000 0.386113 0.000000
vt -0.050000 0.360373 0.000000
vt -0.650000 0.360373 0.000000
vt -0.050000 0.334632 0.000000
vt -0.650000 0.334632 0.000000
vt -0.050000 0.308891 0.000000
vt -0.650000 0.308891 0.000000
vt -0.050000 0.283150 0.000000
vt -0.650000 0.283150 0.000000
vt -0.050000 0.257409 0.000000
vt -0.650000 0.257409 0.000000
vt -0.050000 0.231668 0.000000
vt -0.650000 0.231668 0.000000
vt -0.050000 0.205927 0.000000
vt -0.650000 0.205927 0.000000
vt -0.050000 0.180186 0.000000
vt -0.650000 0.180186 0.000000
vt -0.050000 0.154445 0.000000
vt -0.650000 0.154445 0.000000
vt -0.050000 0.128704 0.000000
vt -0.650000 0.128704 0.000000
vt -0.050000 0.102964 0.000000
vt -0.650000 0.102964 0.000000
vt -0.050000 0.077223 0.000000
vt -0.650000 0.077223 0.000000
vt -0.050000 0.051482 0.000000
vt -0.650000 0.051482 0.000000
vt -0.050000 0.025741 0.000000
vt -0.650000 0.025741 0.000000
vt -0.050000 0.000000 0.000000
vt -0.650000 0.000000 0.000000
vt 0.450000 0.650000 0.000000
vt 0.000000 0.650000 0.000000
vt 0.450000 0.050000 0.000000
vt 0.000000 0.050000 0.000000
vt -0.035355 -0.245733 0.000000
vt -0.035355 -0.263339 0.000000
vt -0.029693 -0.261382 0.000000
vt -0.022741 -0.275662 0.000000
vt -0.035355 -0.280945 0.000000
vt -0.014738 -0.288519 0.000000
vt -0.035355 -0.298551 0.000000
vt -0.005926 -0.299975 0.000000
vt 0.003602 -0.310246 0.000000
vt -0.035355 -0.316157 0.000000
vt 0.013780 -0.319501 0.000000
vt -0.035355 -0.333763 0.000000
vt 0.035355 -0.335151 0.000000
vt 0.035355 -0.349256 0.000000
vt -0.035355 -0.351369 0.000000
vt 0.035355 -0.363362 0.000000
vt -0.035355 -0.368975 0.000000
vt 0.035355 -0.377467 0.000000
vt -0.035355 -0.386581 0.000000
vt 0.035355 -0.391573 0.000000
vt -0.035355 -0.404187 0.000000
vt 0.035355 -0.405678 0.000000
vt 0.035355 -0.419784 0.000000
vt -0.035355 -0.421792 0.000000
vt 0.035355 -0.433889 0.000000
vt -0.035355 -0.439398 0.000000
vt 0.035355 -0.447994 0.000000
vt -0.035355 -0.457004 0.000000
vt 0.035355 -0.462100 0.000000
vt -0.035355 -0.474610 0.000000
vt 0.035355 -0.476205 0.000000
vt 0.035355 -0.490311 0.000000
vt -0.035355 -0.492216 0.000000
vt 0.035355 -0.504416 0.000000
vt -0.035355 -0.509822 0.000000
vt 0.035355 -0.518521 0.000000
vt -0.035355 -0.527428 0.000000
vt 0.035355 -0.532627 0.000000
vt -0.035355 -0.545034 0.000000
vt 0.035355 -0.546732 0.000000
vt 0.035355 -0.560838 0.000000
vt -0.035355 -0.562640 0.000000
vt 0.035355 -0.574943 0.000000
vt -0.035355 -0.580246 0.000000
vt 0.035355 -0.589049 0.000000
vt -0.035355 -0.597852 0.000000
vt 0.035355 -0.603154 0.000000
vt -0.035355 -0.615457 0.000000
vt 0.035355 -0.617259 0.000000
vt -0.035355 -0.633063 0.000000
vt 0.035355 -0.631365 0.000000
vt 0.035355 -0.645470 0.000000
vt -0.035355 -0.650669 0.000000
vt 0.035355 -0.659576 0.000000
vt -0.035355 -0.668275 0.000000
vt 0.035355 -0.673681 0.000000
vt -0.035355 -0.685881 0.000000
vt 0.035355 -0.687787 0.000000
vt -0.035355 -0.703487 0.000000
vt 0.035355 -0.701892 0.000000
vt 0.035355 -0.715997 0.000000
vt -0.035355 -0.721093 0.000000
vt 0.035355 -0.730103 0.000000
vt -0.035355 -0.738699 0.000000
vt 0.035355 -0.744208 0.000000
vt -0.035355 -0.756305 0.000000
vt 0.035355 -0.758314 0.000000
vt -0.035355 -0.773911 0.000000
vt 0.035355 -0.772419 0.000000
vt 0.035355 -0.786525 0.000000
vt -0.035355 -0.791517 0.000000
vt 0.035355 -0.800630 0.000000
vt -0.035355 -0.809123 0.000000
vt 0.035355 -0.814735 0.000000
vt -0.035355 -0.826728 0.000000
vt 0.035355 -0.828841 0.000000
vt -0.035355 -0.844334 0.000000
vt 0.035355 -0.842946 0.000000
vt 0.013769 -0.858606 0.000000
vt -0.035355 -0.861940 0.000000
vt 0.003571 -0.867882 0.000000
vt -0.035355 -0.879546 0.000000
vt -0.005982 -0.878188 0.000000
vt -0.014777 -0.889635 0.000000
vt -0.035355 -0.897152 0.000000
vt -0.022761 -0.902471 0.000000
vt -0.035355 -0.914758 0.000000
vt -0.029700 -0.916731 0.000000
vt -0.035355 -0.932364 0.000000
vt -0.035355 -0.439954 0.000000
vt 0.035355 -0.439954 0.000000
vt -0.035355 0.010046 0.000000
vt 0.035355 0.010046 0.000000
vt -0.035355 -0.041766 0.000000
vt -0.035355 -0.067805 0.000000
vt -0.029699 -0.055483 0.000000
vt -0.022760 -0.068353 0.000000
vt -0.014777 -0.080308 0.000000
vt -0.035355 -0.093844 0.000000
vt -0.005982 -0.091325 0.000000
vt 0.003572 -0.101581 0.000000
vt -0.035355 -0.119883 0.000000
vt 0.013769 -0.111127 0.000000
vt 0.035355 -0.128029 0.000000
vt -0.035355 -0.145922 0.000000
vt 0.035355 -0.151931 0.000000
vt -0.035355 -0.171960 0.000000
vt 0.035355 -0.175833 0.000000
vt -0.035355 -0.197999 0.000000
vt 0.035355 -0.199736 0.000000
vt -0.035355 -0.224038 0.000000
vt 0.035355 -0.223638 0.000000
vt 0.035355 -0.247540 0.000000
vt -0.035355 -0.250077 0.000000
vt 0.035355 -0.271443 0.000000
vt -0.035355 -0.276116 0.000000
vt 0.035355 -0.295345 0.000000
vt -0.035355 -0.302155 0.000000
vt 0.035355 -0.319247 0.000000
vt -0.035355 -0.328193 0.000000
vt 0.035355 -0.343149 0.000000
vt -0.035355 -0.354232 0.000000
vt 0.035355 -0.367052 0.000000
vt -0.035355 -0.380271 0.000000
vt 0.035355 -0.390954 0.000000
vt -0.035355 -0.406310 0.000000
vt 0.035355 -0.414856 0.000000
vt -0.035355 -0.432349 0.000000
vt 0.035355 -0.438758 0.000000
vt -0.035355 -0.458387 0.000000
vt 0.035355 -0.462661 0.000000
vt -0.035355 -0.484426 0.000000
vt 0.035355 -0.486563 0.000000
vt -0.035355 -0.510465 0.000000
vt 0.035355 -0.510465 0.000000
vt 0.035355 -0.358534 0.000000
vt -0.035355 -0.364544 0.000000
vt 0.035355 -0.382436 0.000000
vt -0.035355 -0.390582 0.000000
vt 0.013780 -0.399328 0.000000
vt -0.035355 -0.416621 0.000000
vt 0.003603 -0.408853 0.000000
vt -0.005926 -0.419076 0.000000
vt -0.014737 -0.430104 0.000000
vt -0.035355 -0.442660 0.000000
vt -0.022740 -0.442080 0.000000
vt -0.029692 -0.454968 0.000000
vt -0.035355 -0.468699 0.000000
vt -0.035355 -0.338505 0.000000
vt 0.035355 -0.334632 0.000000
vt -0.035355 -0.312466 0.000000
vt 0.035355 -0.310729 0.000000
vt -0.035355 -0.286427 0.000000
vt 0.035355 -0.286827 0.000000
vt 0.035355 -0.262925 0.000000
vt -0.035355 -0.260388 0.000000
vt 0.035355 -0.239023 0.000000
vt -0.035355 -0.234349 0.000000
vt 0.035355 -0.215120 0.000000
vt -0.035355 -0.208311 0.000000
vt 0.035355 -0.191218 0.000000
vt -0.035355 -0.182272 0.000000
vt 0.035355 -0.167316 0.000000
vt -0.035355 -0.156233 0.000000
vt 0.035355 -0.143414 0.000000
vt -0.035355 -0.130194 0.000000
vt 0.035355 -0.119511 0.000000
vt -0.035355 -0.104155 0.000000
vt 0.035355 -0.095609 0.000000
vt -0.035355 -0.078116 0.000000
vt 0.035355 -0.071707 0.000000
vt -0.035355 -0.052078 0.000000
vt 0.035355 -0.047805 0.000000
vt -0.035355 -0.026039 0.000000
vt 0.035355 -0.023902 0.000000
vt -0.035355 0.000000 0.000000
vt 0.035355 0.000000 0.000000
vt -0.035355 -0.214954 0.000000
vt 0.035355 -0.214954 0.000000
vt -0.035355 0.235046 0.000000
vt 0.035355 0.235046 0.000000
vt 0.121104 0.000000 0.000000
vt 0.071104 0.050000 0.000000
vt 0.000000 0.000000 0.000000
vt 0.071104 0.650000 0.000000
vt 0.000000 0.700000 0.000000
vt 0.121104 0.700000 0.000000
vt 0.000000 0.000000 0.000000
vt 0.080000 0.000000 0.000000
vt 0.000000 0.700000 0.000000
vt 0.080000 0.700000 0.000000
vt -0.000000 -1.312312 0.000000
vt -0.175000 -1.312701 0.000000
vt -0.000000 -1.322645 0.000000
vt -0.350000 -1.312701 0.000000
vt -0.700000 -1.322645 0.000000
vt -0.525000 -1.312701 0.000000
vt -0.700000 -1.312312 0.000000
vt -0.525000 -1.302756 0.000000
vt -0.700000 -1.301979 0.000000
vt -0.525000 -1.292811 0.000000
vt -0.700000 -1.291646 0.000000
vt -0.525000 -1.282866 0.000000
vt -0.700000 -1.281313 0.000000
vt -0.525000 -1.272922 0.000000
vt -0.700000 -1.260646 0.000000
vt -0.525000 -1.262977 0.000000
vt -0.525000 -1.253032 0.000000
vt -0.350000 -1.262977 0.000000
vt -0.350000 -1.253032 0.000000
vt -0.175000 -1.262977 0.000000
vt -0.175000 -1.253032 0.000000
vt -0.000000 -1.260646 0.000000
vt -0.000000 -1.239980 0.000000
vt -0.175000 -1.302756 0.000000
vt -0.000000 -1.301979 0.000000
vt -0.175000 -1.292811 0.000000
vt -0.000000 -1.291646 0.000000
vt -0.175000 -1.282866 0.000000
vt -0.000000 -1.281313 0.000000
vt -0.175000 -1.272922 0.000000
vt -0.000000 -1.219314 0.000000
vt -0.175000 -1.233143 0.000000
vt -0.175000 -1.243088 0.000000
vt -0.350000 -1.243088 0.000000
vt -0.525000 -1.243088 0.000000
vt -0.700000 -1.239980 0.000000
vt -0.000000 -1.198647 0.000000
vt -0.175000 -1.213254 0.000000
vt -0.175000 -1.223198 0.000000
vt -0.350000 -1.223198 0.000000
vt -0.350000 -1.233143 0.000000
vt -0.525000 -1.223198 0.000000
vt -0.525000 -1.233143 0.000000
vt -0.700000 -1.219314 0.000000
vt -0.000000 -1.177981 0.000000
vt -0.175000 -1.193364 0.000000
vt -0.175000 -1.203309 0.000000
vt -0.350000 -1.203309 0.000000
vt -0.350000 -1.213254 0.000000
vt -0.525000 -1.203309 0.000000
vt -0.525000 -1.213254 0.000000
vt -0.700000 -1.198647 0.000000
vt -0.000000 -1.157315 0.000000
vt -0.175000 -1.163530 0.000000
vt -0.175000 -1.173475 0.000000
vt -0.175000 -1.183419 0.000000
vt -0.350000 -1.173475 0.000000
vt -0.350000 -1.183419 0.000000
vt -0.525000 -1.173475 0.000000
vt -0.525000 -1.183419 0.000000
vt -0.700000 -1.177981 0.000000
vt -0.000000 -1.136648 0.000000
vt -0.175000 -1.143641 0.000000
vt -0.175000 -1.153585 0.000000
vt -0.350000 -1.153585 0.000000
vt -0.350000 -1.163530 0.000000
vt -0.525000 -1.153585 0.000000
vt -0.525000 -1.163530 0.000000
vt -0.700000 -1.157315 0.000000
vt -0.000000 -1.115982 0.000000
vt -0.175000 -1.123751 0.000000
vt -0.175000 -1.133696 0.000000
vt -0.350000 -1.133696 0.000000
vt -0.350000 -1.143641 0.000000
vt -0.525000 -1.133696 0.000000
vt -0.525000 -1.143641 0.000000
vt -0.700000 -1.136648 0.000000
vt -0.000000 -1.095316 0.000000
vt -0.175000 -1.103862 0.000000
vt -0.175000 -1.113807 0.000000
vt -0.350000 -1.113807 0.000000
vt -0.350000 -1.123751 0.000000
vt -0.525000 -1.113807 0.000000
vt -0.525000 -1.123751 0.000000
vt -0.700000 -1.115982 0.000000
vt -0.000000 -1.074649 0.000000
vt -0.175000 -1.083972 0.000000
vt -0.175000 -1.093917 0.000000
vt -0.350000 -1.093917 0.000000
vt -0.350000 -1.103862 0.000000
vt -0.525000 -1.093917 0.000000
vt -0.525000 -1.103862 0.000000
vt -0.700000 -1.095316 0.000000
vt -0.000000 -1.053983 0.000000
vt -0.175000 -1.064083 0.000000
vt -0.175000 -1.074028 0.000000
vt -0.350000 -1.074028 0.000000
vt -0.350000 -1.083972 0.000000
vt -0.525000 -1.074028 0.000000
vt -0.525000 -1.083972 0.000000
vt -0.700000 -1.074649 0.000000
vt -0.000000 -1.033317 0.000000
vt -0.175000 -1.044194 0.000000
vt -0.175000 -1.054138 0.000000
vt -0.350000 -1.054138 0.000000
vt -0.350000 -1.064083 0.000000
vt -0.525000 -1.054138 0.000000
vt -0.525000 -1.064083 0.000000
vt -0.700000 -1.053983 0.000000
vt -0.000000 -1.012650 0.000000
vt -0.175000 -1.024304 0.000000
vt -0.175000 -1.034249 0.000000
vt -0.350000 -1.034249 0.000000
vt -0.350000 -1.044194 0.000000
vt -0.525000 -1.034249 0.000000
vt -0.525000 -1.044194 0.000000
vt -0.700000 -1.033317 0.000000
vt -0.000000 -0.991984 0.000000
vt -0.175000 -1.004415 0.000000
vt -0.175000 -1.014360 0.000000
vt -0.350000 -1.014360 0.000000
vt -0.350000 -1.024304 0.000000
vt -0.525000 -1.014360 0.000000
vt -0.525000 -1.024304 0.000000
vt -0.700000 -1.012650 0.000000
vt -0.000000 -0.971318 0.000000
vt -0.175000 -0.984525 0.000000
vt -0.175000 -0.994470 0.000000
vt -0.350000 -0.994470 0.000000
vt -0.350000 -1.004415 0.000000
vt -0.525000 -0.994470 0.000000
vt -0.525000 -1.004415 0.000000
vt -0.700000 -0.991984 0.000000
vt -0.000000 -0.950651 0.000000
vt -0.175000 -0.964636 0.000000
vt -0.175000 -0.974581 0.000000
vt -0.350000 -0.974581 0.000000
vt -0.350000 -0.984525 0.000000
vt -0.525000 -0.974581 0.000000
vt -0.525000 -0.984525 0.000000
vt -0.700000 -0.971318 0.000000
vt -0.000000 -0.929985 0.000000
vt -0.175000 -0.944747 0.000000
vt -0.175000 -0.954691 0.000000
vt -0.350000 -0.954691 0.000000
vt -0.350000 -0.964636 0.000000
vt -0.525000 -0.954691 0.000000
vt -0.525000 -0.964636 0.000000
vt -0.700000 -0.950651 0.000000
vt -0.000000 -0.909319 0.000000
vt -0.175000 -0.914913 0.000000
vt -0.175000 -0.924857 0.000000
vt -0.175000 -0.934802 0.000000
vt -0.350000 -0.924857 0.000000
vt -0.350000 -0.934802 0.000000
vt -0.525000 -0.924857 0.000000
vt -0.525000 -0.934802 0.000000
vt -0.700000 -0.929985 0.000000
vt -0.525000 -0.944747 0.000000
vt -0.000000 -0.888652 0.000000
vt -0.175000 -0.895023 0.000000
vt -0.175000 -0.904968 0.000000
vt -0.350000 -0.904968 0.000000
vt -0.350000 -0.914913 0.000000
vt -0.525000 -0.904968 0.000000
vt -0.525000 -0.914913 0.000000
vt -0.700000 -0.909319 0.000000
vt -0.000000 -0.867986 0.000000
vt -0.175000 -0.875134 0.000000
vt -0.175000 -0.885078 0.000000
vt -0.350000 -0.885078 0.000000
vt -0.350000 -0.895023 0.000000
vt -0.525000 -0.885078 0.000000
vt -0.525000 -0.895023 0.000000
vt -0.700000 -0.888652 0.000000
vt -0.000000 -0.826653 0.000000
vt -0.175000 -0.845300 0.000000
vt -0.175000 -0.855244 0.000000
vt -0.175000 -0.865189 0.000000
vt -0.350000 -0.855244 0.000000
vt -0.350000 -0.865189 0.000000
vt -0.525000 -0.855244 0.000000
vt -0.525000 -0.865189 0.000000
vt -0.700000 -0.867986 0.000000
vt -0.525000 -0.875134 0.000000
vt -0.000000 -0.785321 0.000000
vt -0.175000 -0.805521 0.000000
vt -0.175000 -0.815465 0.000000
vt -0.175000 -0.825410 0.000000
vt -0.350000 -0.815465 0.000000
vt -0.350000 -0.825410 0.000000
vt -0.525000 -0.815465 0.000000
vt -0.525000 -0.825410 0.000000
vt -0.700000 -0.826653 0.000000
vt -0.525000 -0.835355 0.000000
vt -0.525000 -0.845300 0.000000
vt -0.350000 -0.845300 0.000000
vt -0.000000 -0.743988 0.000000
vt -0.175000 -0.765742 0.000000
vt -0.175000 -0.775687 0.000000
vt -0.175000 -0.785631 0.000000
vt -0.350000 -0.775687 0.000000
vt -0.350000 -0.785631 0.000000
vt -0.525000 -0.775687 0.000000
vt -0.525000 -0.785631 0.000000
vt -0.700000 -0.785321 0.000000
vt -0.525000 -0.795576 0.000000
vt -0.525000 -0.805521 0.000000
vt -0.350000 -0.805521 0.000000
vt -0.000000 -0.702655 0.000000
vt -0.175000 -0.725963 0.000000
vt -0.175000 -0.735908 0.000000
vt -0.175000 -0.745853 0.000000
vt -0.350000 -0.735908 0.000000
vt -0.350000 -0.745853 0.000000
vt -0.525000 -0.735908 0.000000
vt -0.525000 -0.745853 0.000000
vt -0.700000 -0.743988 0.000000
vt -0.525000 -0.755797 0.000000
vt -0.525000 -0.765742 0.000000
vt -0.350000 -0.765742 0.000000
vt -0.000000 -0.661323 0.000000
vt -0.175000 -0.686184 0.000000
vt -0.175000 -0.696129 0.000000
vt -0.175000 -0.706074 0.000000
vt -0.350000 -0.696129 0.000000
vt -0.350000 -0.706074 0.000000
vt -0.525000 -0.696129 0.000000
vt -0.525000 -0.706074 0.000000
vt -0.700000 -0.702655 0.000000
vt -0.525000 -0.716018 0.000000
vt -0.525000 -0.725963 0.000000
vt -0.350000 -0.725963 0.000000
vt -0.000000 -0.619990 0.000000
vt -0.175000 -0.636461 0.000000
vt -0.175000 -0.646406 0.000000
vt -0.175000 -0.656350 0.000000
vt -0.350000 -0.646406 0.000000
vt -0.350000 -0.656350 0.000000
vt -0.525000 -0.646406 0.000000
vt -0.525000 -0.656350 0.000000
vt -0.700000 -0.661323 0.000000
vt -0.525000 -0.666295 0.000000
vt -0.525000 -0.676240 0.000000
vt -0.350000 -0.676240 0.000000
vt -0.350000 -0.686184 0.000000
vt -0.000000 -0.578657 0.000000
vt -0.175000 -0.596682 0.000000
vt -0.175000 -0.606627 0.000000
vt -0.175000 -0.616571 0.000000
vt -0.350000 -0.606627 0.000000
vt -0.350000 -0.616571 0.000000
vt -0.525000 -0.606627 0.000000
vt -0.525000 -0.616571 0.000000
vt -0.700000 -0.619990 0.000000
vt -0.525000 -0.626516 0.000000
vt -0.525000 -0.636461 0.000000
vt -0.350000 -0.636461 0.000000
vt -0.000000 -0.537325 0.000000
vt -0.175000 -0.556903 0.000000
vt -0.175000 -0.566848 0.000000
vt -0.175000 -0.576793 0.000000
vt -0.350000 -0.566848 0.000000
vt -0.350000 -0.576793 0.000000
vt -0.525000 -0.566848 0.000000
vt -0.525000 -0.576793 0.000000
vt -0.700000 -0.578657 0.000000
vt -0.525000 -0.586737 0.000000
vt -0.525000 -0.596682 0.000000
vt -0.350000 -0.596682 0.000000
vt -0.000000 -0.495992 0.000000
vt -0.175000 -0.517124 0.000000
vt -0.175000 -0.527069 0.000000
vt -0.175000 -0.537014 0.000000
vt -0.350000 -0.527069 0.000000
vt -0.350000 -0.537014 0.000000
vt -0.525000 -0.527069 0.000000
vt -0.525000 -0.537014 0.000000
vt -0.700000 -0.537325 0.000000
vt -0.525000 -0.546959 0.000000
vt -0.525000 -0.556903 0.000000
vt -0.350000 -0.556903 0.000000
vt -0.000000 -0.454659 0.000000
vt -0.175000 -0.477346 0.000000
vt -0.175000 -0.487290 0.000000
vt -0.175000 -0.497235 0.000000
vt -0.350000 -0.487290 0.000000
vt -0.350000 -0.497235 0.000000
vt -0.525000 -0.487290 0.000000
vt -0.525000 -0.497235 0.000000
vt -0.700000 -0.495992 0.000000
vt -0.525000 -0.507180 0.000000
vt -0.525000 -0.517124 0.000000
vt -0.350000 -0.517124 0.000000
vt -0.000000 -0.433993 0.000000
vt -0.175000 -0.447512 0.000000
vt -0.175000 -0.457456 0.000000
vt -0.175000 -0.467401 0.000000
vt -0.350000 -0.457456 0.000000
vt -0.350000 -0.467401 0.000000
vt -0.525000 -0.457456 0.000000
vt -0.525000 -0.467401 0.000000
vt -0.700000 -0.454659 0.000000
vt -0.525000 -0.477346 0.000000
vt -0.000000 -0.413327 0.000000
vt -0.175000 -0.427622 0.000000
vt -0.175000 -0.437567 0.000000
vt -0.350000 -0.437567 0.000000
vt -0.350000 -0.447512 0.000000
vt -0.525000 -0.437567 0.000000
vt -0.525000 -0.447512 0.000000
vt -0.700000 -0.433993 0.000000
vt -0.000000 -0.392660 0.000000
vt -0.175000 -0.407733 0.000000
vt -0.175000 -0.417677 0.000000
vt -0.350000 -0.417677 0.000000
vt -0.350000 -0.427622 0.000000
vt -0.525000 -0.417677 0.000000
vt -0.525000 -0.427622 0.000000
vt -0.700000 -0.413327 0.000000
vt -0.000000 -0.371994 0.000000
vt -0.175000 -0.377899 0.000000
vt -0.175000 -0.387843 0.000000
vt -0.175000 -0.397788 0.000000
vt -0.350000 -0.387843 0.000000
vt -0.350000 -0.397788 0.000000
vt -0.525000 -0.387843 0.000000
vt -0.525000 -0.397788 0.000000
vt -0.700000 -0.392660 0.000000
vt -0.525000 -0.407733 0.000000
vt -0.000000 -0.351328 0.000000
vt -0.175000 -0.358009 0.000000
vt -0.175000 -0.367954 0.000000
vt -0.350000 -0.367954 0.000000
vt -0.350000 -0.377899 0.000000
vt -0.525000 -0.367954 0.000000
vt -0.525000 -0.377899 0.000000
vt -0.700000 -0.371994 0.000000
vt -0.000000 -0.330661 0.000000
vt -0.175000 -0.338120 0.000000
vt -0.175000 -0.348065 0.000000
vt -0.350000 -0.348065 0.000000
vt -0.350000 -0.358009 0.000000
vt -0.525000 -0.348065 0.000000
vt -0.525000 -0.358009 0.000000
vt -0.700000 -0.351328 0.000000
vt -0.000000 -0.309995 0.000000
vt -0.175000 -0.318230 0.000000
vt -0.175000 -0.328175 0.000000
vt -0.350000 -0.328175 0.000000
vt -0.350000 -0.338120 0.000000
vt -0.525000 -0.328175 0.000000
vt -0.525000 -0.338120 0.000000
vt -0.700000 -0.330661 0.000000
vt -0.000000 -0.289329 0.000000
vt -0.175000 -0.298341 0.000000
vt -0.175000 -0.308286 0.000000
vt -0.350000 -0.308286 0.000000
vt -0.350000 -0.318230 0.000000
vt -0.525000 -0.308286 0.000000
vt -0.525000 -0.318230 0.000000
vt -0.700000 -0.309995 0.000000
vt -0.000000 -0.268662 0.000000
vt -0.175000 -0.278452 0.000000
vt -0.175000 -0.288396 0.000000
vt -0.350000 -0.288396 0.000000
vt -0.350000 -0.298341 0.000000
vt -0.525000 -0.288396 0.000000
vt -0.525000 -0.298341 0.000000
vt -0.700000 -0.289329 0.000000
vt -0.000000 -0.247996 0.000000
vt -0.175000 -0.258562 0.000000
vt -0.175000 -0.268507 0.000000
vt -0.350000 -0.268507 0.000000
vt -0.350000 -0.278452 0.000000
vt -0.525000 -0.268507 0.000000
vt -0.525000 -0.278452 0.000000
vt -0.700000 -0.268662 0.000000
vt -0.000000 -0.227330 0.000000
vt -0.175000 -0.238673 0.000000
vt -0.175000 -0.248618 0.000000
vt -0.350000 -0.248618 0.000000
vt -0.350000 -0.258562 0.000000
vt -0.525000 -0.248618 0.000000
vt -0.525000 -0.258562 0.000000
vt -0.700000 -0.247996 0.000000
vt -0.000000 -0.206663 0.000000
vt -0.175000 -0.218783 0.000000
vt -0.175000 -0.228728 0.000000
vt -0.350000 -0.228728 0.000000
vt -0.350000 -0.238673 0.000000
vt -0.525000 -0.228728 0.000000
vt -0.525000 -0.238673 0.000000
vt -0.700000 -0.227330 0.000000
vt -0.000000 -0.185997 0.000000
vt -0.175000 -0.198894 0.000000
vt -0.175000 -0.208839 0.000000
vt -0.350000 -0.208839 0.000000
vt -0.350000 -0.218783 0.000000
vt -0.525000 -0.208839 0.000000
vt -0.525000 -0.218783 0.000000
vt -0.700000 -0.206663 0.000000
vt -0.000000 -0.165331 0.000000
vt -0.175000 -0.179005 0.000000
vt -0.175000 -0.188949 0.000000
vt -0.350000 -0.188949 0.000000
vt -0.350000 -0.198894 0.000000
vt -0.525000 -0.188949 0.000000
vt -0.525000 -0.198894 0.000000
vt -0.700000 -0.185997 0.000000
vt -0.000000 -0.144664 0.000000
vt -0.175000 -0.159115 0.000000
vt -0.175000 -0.169060 0.000000
vt -0.350000 -0.169060 0.000000
vt -0.350000 -0.179005 0.000000
vt -0.525000 -0.169060 0.000000
vt -0.525000 -0.179005 0.000000
vt -0.700000 -0.165331 0.000000
vt -0.000000 -0.123998 0.000000
vt -0.175000 -0.139226 0.000000
vt -0.175000 -0.149171 0.000000
vt -0.350000 -0.149171 0.000000
vt -0.350000 -0.159115 0.000000
vt -0.525000 -0.149171 0.000000
vt -0.525000 -0.159115 0.000000
vt -0.700000 -0.144664 0.000000
vt -0.000000 -0.103332 0.000000
vt -0.175000 -0.109392 0.000000
vt -0.175000 -0.119336 0.000000
vt -0.175000 -0.129281 0.000000
vt -0.350000 -0.119336 0.000000
vt -0.350000 -0.129281 0.000000
vt -0.525000 -0.119336 0.000000
vt -0.525000 -0.129281 0.000000
vt -0.700000 -0.123998 0.000000
vt -0.000000 -0.082665 0.000000
vt -0.175000 -0.089502 0.000000
vt -0.175000 -0.099447 0.000000
vt -0.350000 -0.099447 0.000000
vt -0.350000 -0.109392 0.000000
vt -0.525000 -0.099447 0.000000
vt -0.525000 -0.109392 0.000000
vt -0.700000 -0.103332 0.000000
vt -0.000000 -0.061999 0.000000
vt -0.175000 -0.069613 0.000000
vt -0.175000 -0.079558 0.000000
vt -0.350000 -0.079558 0.000000
vt -0.350000 -0.089502 0.000000
vt -0.525000 -0.079558 0.000000
vt -0.525000 -0.089502 0.000000
vt -0.700000 -0.082665 0.000000
vt -0.000000 -0.041333 0.000000
vt -0.175000 -0.049724 0.000000
vt -0.175000 -0.059668 0.000000
vt -0.350000 -0.059668 0.000000
vt -0.350000 -0.069613 0.000000
vt -0.525000 -0.059668 0.000000
vt -0.525000 -0.069613 0.000000
vt -0.700000 -0.061999 0.000000
vt -0.175000 -0.039779 0.000000
vt -0.000000 -0.030999 0.000000
vt -0.175000 -0.029834 0.000000
vt -0.000000 -0.020666 0.000000
vt -0.175000 -0.019889 0.000000
vt -0.000000 -0.010333 0.000000
vt -0.175000 -0.009945 0.000000
vt -0.000000 0.000000 0.000000
vt -0.350000 -0.009945 0.000000
vt -0.700000 0.000000 0.000000
vt -0.525000 -0.009945 0.000000
vt -0.700000 -0.010333 0.000000
vt -0.525000 -0.019889 0.000000
vt -0.700000 -0.020666 0.000000
vt -0.525000 -0.029834 0.000000
vt -0.700000 -0.030999 0.000000
vt -0.525000 -0.039779 0.000000
vt -0.700000 -0.041333 0.000000
vt -0.525000 -0.049724 0.000000
vt -0.525000 -0.686184 0.000000
vt -0.525000 -1.193364 0.000000
vt -0.350000 -1.193364 0.000000
vt -0.350000 -0.944747 0.000000
vt -0.175000 -0.835355 0.000000
vt -0.175000 -0.795576 0.000000
vt -0.350000 -0.795576 0.000000
vt -0.175000 -0.755797 0.000000
vt -0.350000 -0.755797 0.000000
vt -0.175000 -0.716018 0.000000
vt -0.350000 -0.716018 0.000000
vt -0.175000 -0.676240 0.000000
vt -0.175000 -0.666295 0.000000
vt -0.175000 -0.626516 0.000000
vt -0.175000 -0.586737 0.000000
vt -0.175000 -0.546959 0.000000
vt -0.175000 -0.507180 0.000000
vt -0.350000 -0.507180 0.000000
vt -0.350000 -0.407733 0.000000
vt -0.525000 -0.139226 0.000000
vt -0.350000 -0.139226 0.000000
vt -0.350000 -1.302756 0.000000
vt -0.350000 -1.292811 0.000000
vt -0.350000 -1.282866 0.000000
vt -0.350000 -1.272922 0.000000
vt -0.350000 -0.875134 0.000000
vt -0.350000 -0.835355 0.000000
vt -0.350000 -0.666295 0.000000
vt -0.350000 -0.626516 0.000000
vt -0.350000 -0.586737 0.000000
vt -0.350000 -0.546959 0.000000
vt -0.350000 -0.477346 0.000000
vt -0.350000 -0.049724 0.000000
vt -0.350000 -0.039779 0.000000
vt -0.350000 -0.029834 0.000000
vt -0.350000 -0.019889 0.000000
vt 0.000000 0.000000 0.000000
vt 0.080000 0.000000 0.000000
vt 0.000000 0.700000 0.000000
vt 0.080000 0.700000 0.000000
vt -0.050000 0.000000 0.000000
vt 0.070918 0.000000 0.000000
vt 0.000000 0.050000 0.000000
vt 0.000000 0.650000 0.000000
vt 0.070918 0.700000 0.000000
vt -0.050000 0.700000 0.000000
vt 0.152410 0.183558 0.000000
vt 0.165694 0.170069 0.000000
vt 0.152623 0.184015 0.000000
vt 0.152838 0.184471 0.000000
vt 0.153056 0.184926 0.000000
vt 0.208662 0.235547 0.000000
vt 0.190748 0.251564 0.000000
vt 0.177789 0.155504 0.000000
vt 0.225236 0.218149 0.000000
vt 0.240364 0.199480 0.000000
vt 0.188608 0.139968 0.000000
vt 0.253950 0.179659 0.000000
vt 0.198074 0.123573 0.000000
vt 0.265906 0.158816 0.000000
vt 0.206119 0.106435 0.000000
vt 0.276155 0.137082 0.000000
vt 0.212685 0.088678 0.000000
vt 0.284633 0.114597 0.000000
vt 0.219232 0.070305 0.000000
vt 0.291283 0.091506 0.000000
vt 0.222859 0.050383 0.000000
vt 0.296064 0.067957 0.000000
vt 0.298945 0.044101 0.000000
vt 0.224679 0.030216 0.000000
vt 0.299907 0.020091 0.000000
vt 0.224679 0.009966 0.000000
vt 0.222859 -0.010201 0.000000
vt 0.217725 0.070429 0.000000
vt 0.218227 0.070385 0.000000
vt 0.218730 0.070343 0.000000
vt 0.219232 -0.030122 0.000000
vt 0.212685 -0.048496 0.000000
vt 0.206119 -0.066253 0.000000
vt 0.218730 -0.030161 0.000000
vt 0.218227 -0.030202 0.000000
vt 0.217725 -0.030247 0.000000
vt 0.198074 -0.083390 0.000000
vt 0.299907 -0.429909 0.000000
vt 0.188608 -0.099786 0.000000
vt 0.177789 -0.115322 0.000000
vt 0.165694 -0.129887 0.000000
vt 0.153056 -0.144743 0.000000
vt 0.137616 -0.157845 0.000000
vt 0.152410 -0.143376 0.000000
vt 0.152623 -0.143833 0.000000
vt 0.152838 -0.144289 0.000000
vt 0.121061 -0.169505 0.000000
vt 0.103525 -0.179630 0.000000
vt 0.161114 -0.556103 0.000000
vt 0.085149 -0.188137 0.000000
vt 0.122213 -0.557756 0.000000
vt 0.066083 -0.194957 0.000000
vt 0.082135 -0.558948 0.000000
vt 0.046898 -0.198473 0.000000
vt 0.041266 -0.559668 0.000000
vt 0.028237 -0.201666 0.000000
vt 0.009373 -0.203267 0.000000
vt 0.065799 -0.194541 0.000000
vt 0.065512 -0.194127 0.000000
vt 0.065222 -0.193714 0.000000
vt 0.000000 -0.559909 0.000000
vt -0.009559 -0.203267 0.000000
vt -0.041266 -0.559668 0.000000
vt -0.028423 -0.201666 0.000000
vt -0.047084 -0.198473 0.000000
vt -0.065408 -0.193714 0.000000
vt -0.065698 -0.194127 0.000000
vt -0.065985 -0.194541 0.000000
vt -0.066269 -0.194957 0.000000
vt -0.085335 -0.188137 0.000000
vt -0.122213 -0.557756 0.000000
vt -0.082135 -0.558948 0.000000
vt -0.161114 -0.556103 0.000000
vt -0.103711 -0.179630 0.000000
vt -0.300093 -0.429909 0.000000
vt -0.121247 -0.169505 0.000000
vt -0.137802 -0.157845 0.000000
vt -0.153242 -0.144743 0.000000
vt -0.165880 -0.129887 0.000000
vt -0.177975 -0.115322 0.000000
vt -0.153024 -0.144289 0.000000
vt -0.152809 -0.143833 0.000000
vt -0.152596 -0.143376 0.000000
vt -0.188794 -0.099786 0.000000
vt -0.198260 -0.083390 0.000000
vt -0.300093 0.020091 0.000000
vt -0.206305 -0.066253 0.000000
vt -0.212871 -0.048496 0.000000
vt -0.217911 -0.030247 0.000000
vt -0.218413 -0.030202 0.000000
vt -0.218916 -0.030161 0.000000
vt -0.219418 -0.030122 0.000000
vt -0.223045 -0.010201 0.000000
vt -0.224865 0.009966 0.000000
vt -0.224865 0.030216 0.000000
vt -0.299131 0.044101 0.000000
vt -0.223045 0.050383 0.000000
vt -0.296250 0.067957 0.000000
vt -0.291469 0.091506 0.000000
vt -0.219418 0.070305 0.000000
vt -0.284818 0.114597 0.000000
vt -0.212871 0.088678 0.000000
vt -0.276341 0.137082 0.000000
vt -0.206305 0.106435 0.000000
vt -0.266092 0.158816 0.000000
vt -0.198260 0.123573 0.000000
vt -0.254136 0.179659 0.000000
vt -0.188794 0.139968 0.000000
vt -0.240550 0.199480 0.000000
vt -0.177975 0.155504 0.000000
vt -0.225422 0.218149 0.000000
vt -0.208848 0.235547 0.000000
vt -0.165880 0.170069 0.000000
vt -0.153242 0.184926 0.000000
vt -0.153024 0.184471 0.000000
vt -0.152809 0.184015 0.000000
vt -0.152596 0.183558 0.000000
vt -0.218916 0.070343 0.000000
vt -0.218413 0.070385 0.000000
vt -0.217911 0.070429 0.000000
vt -0.137802 0.198027 0.000000
vt -0.171796 0.266095 0.000000
vt -0.190934 0.251564 0.000000
vt -0.151557 0.279048 0.000000
vt -0.121247 0.209687 0.000000
vt -0.130346 0.290339 0.000000
vt -0.103711 0.219812 0.000000
vt -0.108299 0.299897 0.000000
vt -0.085335 0.228319 0.000000
vt -0.085558 0.307660 0.000000
vt -0.066269 0.235139 0.000000
vt -0.062269 0.313577 0.000000
vt -0.047084 0.238656 0.000000
vt -0.038580 0.317612 0.000000
vt -0.028423 0.241848 0.000000
vt -0.009559 0.243449 0.000000
vt -0.065985 0.234723 0.000000
vt -0.065698 0.234309 0.000000
vt -0.065408 0.233896 0.000000
vt 0.009373 0.243449 0.000000
vt 0.038394 0.317612 0.000000
vt -0.007130 0.509661 0.000000
vt 0.006944 0.509661 0.000000
vt 0.020877 0.507685 0.000000
vt 0.034396 0.503773 0.000000
vt 0.047231 0.498002 0.000000
vt 0.050970 0.323929 0.000000
vt 0.059129 0.490486 0.000000
vt 0.062534 0.331949 0.000000
vt 0.069854 0.481375 0.000000
vt 0.072858 0.341512 0.000000
vt 0.079194 0.470848 0.000000
vt 0.081738 0.352431 0.000000
vt 0.086964 0.459114 0.000000
vt 0.088996 0.364488 0.000000
vt 0.093009 0.446405 0.000000
vt 0.094490 0.377444 0.000000
vt 0.097211 0.432974 0.000000
vt 0.098111 0.391043 0.000000
vt 0.099485 0.419086 0.000000
vt 0.099787 0.405016 0.000000
vt 0.028237 0.241848 0.000000
vt 0.046898 0.238656 0.000000
vt 0.062083 0.313577 0.000000
vt 0.066083 0.235139 0.000000
vt 0.085372 0.307660 0.000000
vt 0.085149 0.228319 0.000000
vt 0.108113 0.299897 0.000000
vt 0.103525 0.219812 0.000000
vt 0.130160 0.290339 0.000000
vt 0.121061 0.209687 0.000000
vt 0.151371 0.279048 0.000000
vt 0.137616 0.198027 0.000000
vt 0.171610 0.266095 0.000000
vt 0.065222 0.233896 0.000000
vt 0.065512 0.234309 0.000000
vt 0.065799 0.234723 0.000000
vt -0.421011 -0.429909 0.000000
vt -0.371299 -0.533479 0.000000
vt -0.361113 -0.535614 0.000000
vt -0.350058 -0.537687 0.000000
vt -0.421011 -0.509909 0.000000
vt -0.402882 -0.524423 0.000000
vt -0.396400 -0.526753 0.000000
vt -0.388964 -0.529043 0.000000
vt -0.420884 -0.511136 0.000000
vt -0.420504 -0.512362 0.000000
vt -0.419870 -0.513587 0.000000
vt -0.418984 -0.514810 0.000000
vt -0.416454 -0.517245 0.000000
vt -0.412921 -0.519663 0.000000
vt -0.408394 -0.522058 0.000000
vt -0.380589 -0.531287 0.000000
vt -0.338159 -0.539694 0.000000
vt -0.325446 -0.541629 0.000000
vt -0.311949 -0.543487 0.000000
vt -0.297700 -0.545264 0.000000
vt -0.282734 -0.546957 0.000000
vt -0.267087 -0.548559 0.000000
vt -0.250796 -0.550069 0.000000
vt -0.233901 -0.551482 0.000000
vt -0.216443 -0.552795 0.000000
vt -0.198463 -0.554005 0.000000
vt 0.198463 -0.554005 0.000000
vt 0.216443 -0.552795 0.000000
vt 0.233901 -0.551482 0.000000
vt 0.250796 -0.550069 0.000000
vt 0.267087 -0.548559 0.000000
vt 0.282734 -0.546957 0.000000
vt 0.297700 -0.545264 0.000000
vt 0.311949 -0.543487 0.000000
vt 0.325446 -0.541629 0.000000
vt 0.338159 -0.539694 0.000000
vt 0.350058 -0.537687 0.000000
vt 0.361113 -0.535614 0.000000
vt 0.371299 -0.533479 0.000000
vt 0.421011 -0.429909 0.000000
vt 0.380589 -0.531287 0.000000
vt 0.388964 -0.529043 0.000000
vt 0.396400 -0.526753 0.000000
vt 0.402882 -0.524423 0.000000
vt 0.421011 -0.509909 0.000000
vt 0.408394 -0.522058 0.000000
vt 0.412921 -0.519663 0.000000
vt 0.416454 -0.517245 0.000000
vt 0.418984 -0.514810 0.000000
vt 0.419870 -0.513587 0.000000
vt 0.420504 -0.512362 0.000000
vt 0.420884 -0.511136 0.000000
vt -0.021063 0.507685 0.000000
vt -0.034582 0.503773 0.000000
vt -0.047417 0.498002 0.000000
vt -0.051156 0.323929 0.000000
vt -0.059315 0.490486 0.000000
vt -0.062720 0.331949 0.000000
vt -0.070040 0.481375 0.000000
vt -0.073044 0.341512 0.000000
vt -0.079380 0.470848 0.000000
vt -0.081924 0.352431 0.000000
vt -0.087150 0.459114 0.000000
vt -0.089182 0.364488 0.000000
vt -0.093195 0.446405 0.000000
vt -0.094676 0.377444 0.000000
vt -0.097397 0.432974 0.000000
vt -0.098297 0.391043 0.000000
vt -0.099671 0.419086 0.000000
vt -0.099973 0.405016 0.000000
vt 0.207571 -0.031889 0.000000
vt 0.153242 -0.144743 0.000000
vt 0.219418 -0.030122 0.000000
vt 0.300093 -0.429909 0.000000
vt 0.300093 0.020091 0.000000
vt 0.196121 -0.035404 0.000000
vt 0.185324 -0.040590 0.000000
vt 0.175422 -0.047329 0.000000
vt 0.166637 -0.055472 0.000000
vt 0.159166 -0.064835 0.000000
vt 0.153177 -0.075208 0.000000
vt 0.148848 -0.133601 0.000000
vt 0.148804 -0.086359 0.000000
vt 0.146167 -0.121926 0.000000
vt 0.146145 -0.098038 0.000000
vt 0.145260 -0.109983 0.000000
vt 0.137802 -0.157845 0.000000
vt 0.121247 -0.169505 0.000000
vt 0.103711 -0.179630 0.000000
vt 0.161114 -0.556103 0.000000
vt 0.085335 -0.188137 0.000000
vt 0.122213 -0.557756 0.000000
vt 0.066269 -0.194957 0.000000
vt 0.082135 -0.558948 0.000000
vt 0.041266 -0.559668 0.000000
vt -0.000000 -0.559909 0.000000
vt -0.066083 -0.194957 0.000000
vt -0.041266 -0.559668 0.000000
vt -0.082135 -0.558948 0.000000
vt -0.122213 -0.557756 0.000000
vt -0.085149 -0.188137 0.000000
vt -0.161114 -0.556103 0.000000
vt -0.103525 -0.179630 0.000000
vt -0.299907 -0.429909 0.000000
vt -0.121061 -0.169505 0.000000
vt -0.137616 -0.157845 0.000000
vt 0.058816 -0.185580 0.000000
vt 0.050047 -0.177422 0.000000
vt 0.040157 -0.170664 0.000000
vt 0.029369 -0.165458 0.000000
vt 0.017926 -0.161922 0.000000
vt 0.006082 -0.160133 0.000000
vt -0.005896 -0.160133 0.000000
vt -0.017740 -0.161922 0.000000
vt -0.029184 -0.165458 0.000000
vt -0.039971 -0.170664 0.000000
vt -0.049861 -0.177422 0.000000
vt -0.058630 -0.185580 0.000000
vt -0.153056 -0.144743 0.000000
vt -0.219232 -0.030122 0.000000
vt -0.299907 0.020091 0.000000
vt -0.222859 -0.010201 0.000000
vt -0.224679 0.009966 0.000000
vt -0.148662 -0.133601 0.000000
vt -0.152992 -0.075208 0.000000
vt -0.158980 -0.064835 0.000000
vt -0.166451 -0.055472 0.000000
vt -0.148618 -0.086359 0.000000
vt -0.145981 -0.121926 0.000000
vt -0.145959 -0.098038 0.000000
vt -0.145074 -0.109983 0.000000
vt -0.175236 -0.047329 0.000000
vt -0.185138 -0.040590 0.000000
vt -0.195935 -0.035404 0.000000
vt -0.207385 -0.031889 0.000000
vt -0.224679 0.030216 0.000000
vt -0.298945 0.044101 0.000000
vt -0.222859 0.050383 0.000000
vt -0.296064 0.067957 0.000000
vt -0.291283 0.091506 0.000000
vt -0.219232 0.070305 0.000000
vt -0.284633 0.114597 0.000000
vt -0.276155 0.137082 0.000000
vt -0.265906 0.158816 0.000000
vt -0.253950 0.179659 0.000000
vt -0.207385 0.072071 0.000000
vt -0.195935 0.075586 0.000000
vt -0.185138 0.080772 0.000000
vt -0.240364 0.199480 0.000000
vt -0.175236 0.087512 0.000000
vt -0.166451 0.095654 0.000000
vt -0.158980 0.105017 0.000000
vt -0.152992 0.115390 0.000000
vt -0.148618 0.126541 0.000000
vt -0.145959 0.138220 0.000000
vt -0.145074 0.150165 0.000000
vt -0.145981 0.162109 0.000000
vt -0.148662 0.173783 0.000000
vt -0.153056 0.184926 0.000000
vt -0.225236 0.218149 0.000000
vt -0.208662 0.235547 0.000000
vt -0.190748 0.251564 0.000000
vt -0.171610 0.266095 0.000000
vt -0.137616 0.198027 0.000000
vt -0.151371 0.279048 0.000000
vt -0.121061 0.209687 0.000000
vt -0.130160 0.290339 0.000000
vt -0.103525 0.219812 0.000000
vt -0.108113 0.299897 0.000000
vt -0.085149 0.228319 0.000000
vt -0.085372 0.307660 0.000000
vt -0.066083 0.235139 0.000000
vt -0.062083 0.313577 0.000000
vt -0.038394 0.317612 0.000000
vt -0.058630 0.225763 0.000000
vt -0.049861 0.217604 0.000000
vt -0.039971 0.210846 0.000000
vt -0.029184 0.205640 0.000000
vt -0.017740 0.202104 0.000000
vt -0.005896 0.200316 0.000000
vt 0.006082 0.200316 0.000000
vt 0.038580 0.317612 0.000000
vt 0.017926 0.202104 0.000000
vt 0.029369 0.205640 0.000000
vt 0.040157 0.210846 0.000000
vt 0.050047 0.217604 0.000000
vt 0.058816 0.225763 0.000000
vt 0.066269 0.235139 0.000000
vt 0.062269 0.313577 0.000000
vt 0.085558 0.307660 0.000000
vt 0.085335 0.228319 0.000000
vt 0.108299 0.299897 0.000000
vt 0.103711 0.219812 0.000000
vt 0.130346 0.290339 0.000000
vt 0.121247 0.209687 0.000000
vt 0.151557 0.279048 0.000000
vt 0.137802 0.198027 0.000000
vt 0.171796 0.266095 0.000000
vt 0.153242 0.184926 0.000000
vt 0.190934 0.251564 0.000000
vt 0.208848 0.235547 0.000000
vt 0.225422 0.218149 0.000000
vt 0.240550 0.199480 0.000000
vt 0.148848 0.173783 0.000000
vt 0.146167 0.162109 0.000000
vt 0.145260 0.150165 0.000000
vt 0.146145 0.138220 0.000000
vt 0.148804 0.126541 0.000000
vt 0.153177 0.115390 0.000000
vt 0.159166 0.105017 0.000000
vt 0.166637 0.095654 0.000000
vt 0.175422 0.087512 0.000000
vt 0.185324 0.080772 0.000000
vt 0.254136 0.179659 0.000000
vt 0.196121 0.075586 0.000000
vt 0.207571 0.072071 0.000000
vt 0.219418 0.070305 0.000000
vt 0.266092 0.158816 0.000000
vt 0.276341 0.137082 0.000000
vt 0.284818 0.114597 0.000000
vt 0.291469 0.091506 0.000000
vt 0.223045 0.050383 0.000000
vt 0.296250 0.067957 0.000000
vt 0.299131 0.044101 0.000000
vt 0.224865 0.030216 0.000000
vt 0.224865 0.009966 0.000000
vt 0.223045 -0.010201 0.000000
vt -0.421011 -0.429909 0.000000
vt -0.371299 -0.533479 0.000000
vt -0.361113 -0.535614 0.000000
vt -0.350058 -0.537687 0.000000
vt -0.421011 -0.509909 0.000000
vt -0.402882 -0.524423 0.000000
vt -0.396400 -0.526753 0.000000
vt -0.388964 -0.529043 0.000000
vt -0.420884 -0.511136 0.000000
vt -0.420504 -0.512362 0.000000
vt -0.419870 -0.513587 0.000000
vt -0.418984 -0.514810 0.000000
vt -0.416454 -0.517245 0.000000
vt -0.412921 -0.519663 0.000000
vt -0.408394 -0.522058 0.000000
vt -0.380589 -0.531287 0.000000
vt -0.338159 -0.539694 0.000000
vt -0.325446 -0.541629 0.000000
vt -0.311949 -0.543487 0.000000
vt -0.297700 -0.545264 0.000000
vt -0.282734 -0.546957 0.000000
vt -0.267087 -0.548559 0.000000
vt -0.250796 -0.550069 0.000000
vt -0.233901 -0.551482 0.000000
vt -0.216443 -0.552795 0.000000
vt -0.198463 -0.554005 0.000000
vt 0.198463 -0.554005 0.000000
vt 0.216443 -0.552795 0.000000
vt 0.233901 -0.551482 0.000000
vt 0.250796 -0.550069 0.000000
vt 0.267087 -0.548559 0.000000
vt 0.282734 -0.546957 0.000000
vt 0.297700 -0.545264 0.000000
vt 0.311949 -0.543487 0.000000
vt 0.325446 -0.541629 0.000000
vt 0.338159 -0.539694 0.000000
vt 0.350058 -0.537687 0.000000
vt 0.361113 -0.535614 0.000000
vt 0.371299 -0.533479 0.000000
vt 0.421011 -0.429909 0.000000
vt 0.380589 -0.531287 0.000000
vt 0.388964 -0.529043 0.000000
vt 0.396400 -0.526753 0.000000
vt 0.402882 -0.524423 0.000000
vt 0.421011 -0.509909 0.000000
vt 0.408394 -0.522058 0.000000
vt 0.412921 -0.519663 0.000000
vt 0.416454 -0.517245 0.000000
vt 0.418984 -0.514810 0.000000
vt 0.419870 -0.513587 0.000000
vt 0.420504 -0.512362 0.000000
vt 0.420884 -0.511136 0.000000
vt 0.051156 0.323929 0.000000
vt 0.047417 0.498002 0.000000
vt 0.034582 0.503773 0.000000
vt 0.021063 0.507685 0.000000
vt 0.059315 0.490486 0.000000
vt 0.062720 0.331949 0.000000
vt 0.070040 0.481375 0.000000
vt 0.073044 0.341512 0.000000
vt 0.079380 0.470848 0.000000
vt 0.081924 0.352431 0.000000
vt 0.087150 0.459114 0.000000
vt 0.089182 0.364488 0.000000
vt 0.093195 0.446405 0.000000
vt 0.094676 0.377444 0.000000
vt 0.097397 0.432974 0.000000
vt 0.098297 0.391043 0.000000
vt 0.099671 0.419086 0.000000
vt 0.099973 0.405016 0.000000
vt 0.007130 0.509661 0.000000
vt -0.006944 0.509661 0.000000
vt -0.020877 0.507685 0.000000
vt -0.034396 0.503773 0.000000
vt -0.047231 0.498002 0.000000
vt -0.050970 0.323929 0.000000
vt -0.059129 0.490486 0.000000
vt -0.062534 0.331949 0.000000
vt -0.069854 0.481375 0.000000
vt -0.072858 0.341512 0.000000
vt -0.079194 0.470848 0.000000
vt -0.081738 0.352431 0.000000
vt -0.086964 0.459114 0.000000
vt -0.088996 0.364488 0.000000
vt -0.093009 0.446405 0.000000
vt -0.094490 0.377444 0.000000
vt -0.097211 0.432974 0.000000
vt -0.098111 0.391043 0.000000
vt -0.099485 0.419086 0.000000
vt -0.099787 0.405016 0.000000
vn 0.021367 -0.073564 0.064279
vn 0.019973 -0.073955 0.064279
vn 0.022381 -0.073262 0.064279
vn 0.016102 -0.074893 0.064279
vn 0.018161 -0.074421 0.064279
vn 0.015893 -0.074938 0.064279
vn 0.012952 -0.075502 0.064279
vn 0.009708 -0.075987 0.064279
vn 0.011180 -0.075784 0.064279
vn 0.009217 -0.076048 0.064279
vn 0.007078 -0.076277 0.064279
vn 0.003244 -0.076536 0.064279
vn 0.004797 -0.076454 0.064279
vn 0.002419 -0.076566 0.064279
vn 0.000000 -0.076604 0.064279
vn -0.003244 -0.076536 0.064279
vn -0.002419 -0.076566 0.064279
vn -0.004797 -0.076454 0.064279
vn -0.007078 -0.076277 0.064279
vn -0.009708 -0.075987 0.064279
vn -0.009217 -0.076048 0.064279
vn -0.011180 -0.075784 0.064279
vn -0.012952 -0.075502 0.064279
vn -0.016102 -0.074893 0.064279
vn -0.015893 -0.074938 0.064279
vn -0.018161 -0.074421 0.064279
vn -0.019973 -0.073955 0.064279
vn -0.021367 -0.073564 0.064279
vn -0.022381 -0.073262 0.064279
vn 0.074392 -0.018278 0.064279
vn 0.074033 -0.019680 0.064279
vn 0.074637 -0.017249 0.064279
vn 0.072910 -0.023502 0.064279
vn 0.073531 -0.021483 0.064279
vn 0.072845 -0.023705 0.064279
vn 0.071862 -0.026534 0.064279
vn 0.070660 -0.029586 0.064279
vn 0.071221 -0.028210 0.064279
vn 0.070468 -0.030042 0.064279
vn 0.069597 -0.032009 0.064279
vn 0.067904 -0.035459 0.064279
vn 0.068610 -0.034072 0.064279
vn 0.067518 -0.036188 0.064279
vn 0.066341 -0.038302 0.064279
vn 0.064660 -0.041077 0.064279
vn 0.065099 -0.040378 0.064279
vn 0.063812 -0.042382 0.064279
vn 0.062519 -0.044268 0.064279
vn 0.060953 -0.046400 0.064279
vn 0.061251 -0.046006 0.064279
vn 0.060041 -0.047575 0.064279
vn 0.058910 -0.048968 0.064279
vn 0.056808 -0.051391 0.064279
vn 0.056951 -0.051233 0.064279
vn 0.055370 -0.052938 0.064279
vn 0.054060 -0.054275 0.064279
vn 0.053025 -0.055286 0.064279
vn 0.052257 -0.056013 0.064279
vn 0.053025 0.055286 0.064279
vn 0.054060 0.054275 0.064279
vn 0.052257 0.056013 0.064279
vn 0.056808 0.051391 0.064279
vn 0.055370 0.052938 0.064279
vn 0.056951 0.051233 0.064279
vn 0.058910 0.048968 0.064279
vn 0.060953 0.046400 0.064279
vn 0.060041 0.047575 0.064279
vn 0.061251 0.046006 0.064279
vn 0.062519 0.044268 0.064279
vn 0.064660 0.041077 0.064279
vn 0.063812 0.042382 0.064279
vn 0.065099 0.040378 0.064279
vn 0.066341 0.038302 0.064279
vn 0.067904 0.035459 0.064279
vn 0.067518 0.036188 0.064279
vn 0.068610 0.034072 0.064279
vn 0.069597 0.032009 0.064279
vn 0.070660 0.029586 0.064279
vn 0.070468 0.030042 0.064279
vn 0.071221 0.028210 0.064279
vn 0.071862 0.026534 0.064279
vn 0.072910 0.023502 0.064279
vn 0.072845 0.023705 0.064279
vn 0.073531 0.021483 0.064279
vn 0.074033 0.019680 0.064279
vn 0.074392 0.018278 0.064279
vn 0.074637 0.017249 0.064279
vn -0.021367 0.073564 0.064279
vn -0.019973 0.073955 0.064279
vn -0.022381 0.073262 0.064279
vn -0.016102 0.074893 0.064279
vn -0.018161 0.074421 0.064279
vn -0.015893 0.074938 0.064279
vn -0.012952 0.075502 0.064279
vn -0.009708 0.075987 0.064279
vn -0.011180 0.075784 0.064279
vn -0.009217 0.076048 0.064279
vn -0.007078 0.076277 0.064279
vn -0.003244 0.076536 0.064279
vn -0.004797 0.076454 0.064279
vn -0.002419 0.076566 0.064279
vn 0.000000 0.076604 0.064279
vn 0.003244 0.076536 0.064279
vn 0.002419 0.076566 0.064279
vn 0.004797 0.076454 0.064279
vn 0.007078 0.076277 0.064279
vn 0.009708 0.075987 0.064279
vn 0.009217 0.076048 0.064279
vn 0.011180 0.075784 0.064279
vn 0.012952 0.075502 0.064279
vn 0.016102 0.074893 0.064279
vn 0.015893 0.074938 0.064279
vn 0.018161 0.074421 0.064279
vn 0.019973 0.073955 0.064279
vn 0.021367 0.073564 0.064279
vn 0.022381 0.073262 0.064279
vn -0.074392 0.018278 0.064279
vn -0.074033 0.019680 0.064279
vn -0.074637 0.017249 0.064279
vn -0.072910 0.023502 0.064279
vn -0.073531 0.021483 0.064279
vn -0.072845 0.023705 0.064279
vn -0.071862 0.026534 0.064279
vn -0.070660 0.029586 0.064279
vn -0.071221 0.028210 0.064279
vn -0.070468 0.030042 0.064279
vn -0.069597 0.032009 0.064279
vn -0.067904 0.035459 0.064279
vn -0.068610 0.034072 0.064279
vn -0.067518 0.036188 0.064279
vn -0.066341 0.038302 0.064279
vn -0.064660 0.041077 0.064279
vn -0.065099 0.040378 0.064279
vn -0.063812 0.042382 0.064279
vn -0.062519 0.044268 0.064279
vn -0.060953 0.046400 0.064279
vn -0.061251 0.046006 0.064279
vn -0.060041 0.047575 0.064279
vn -0.058910 0.048968 0.064279
vn -0.056808 0.051391 0.064279
vn -0.056951 0.051233 0.064279
vn -0.055370 0.052938 0.064279
vn -0.054060 0.054275 0.064279
vn -0.053025 0.055286 0.064279
vn -0.052257 0.056013 0.064279
vn -0.053025 -0.055286 0.064279
vn -0.054060 -0.054275 0.064279
vn -0.052257 -0.056013 0.064279
vn -0.056808 -0.051391 0.064279
vn -0.055370 -0.052938 0.064279
vn -0.056951 -0.051233 0.064279
vn -0.058910 -0.048968 0.064279
vn -0.060953 -0.046400 0.064279
vn -0.060041 -0.047575 0.064279
vn -0.061251 -0.046006 0.064279
vn -0.062519 -0.044268 0.064279
vn -0.064660 -0.041077 0.064279
vn -0.063812 -0.042382 0.064279
vn -0.065099 -0.040378 0.064279
vn -0.066341 -0.038302 0.064279
vn -0.067904 -0.035459 0.064279
vn -0.067518 -0.036188 0.064279
vn -0.068610 -0.034072 0.064279
vn -0.069597 -0.032009 0.064279
vn -0.070660 -0.029586 0.064279
vn -0.070468 -0.030042 0.064279
vn -0.071221 -0.028210 0.064279
vn -0.071862 -0.026534 0.064279
vn -0.072910 -0.023502 0.064279
vn -0.072845 -0.023705 0.064279
vn -0.073531 -0.021483 0.064279
vn -0.074033 -0.019680 0.064279
vn -0.074392 -0.018278 0.064279
vn -0.074637 -0.017249 0.064279
vn -0.009186 -0.099577 0.000000
vn -0.019368 -0.098107 0.000000
vn -0.008558 -0.099633 0.000000
vn -0.022110 -0.097525 0.000000
vn -0.022110 -0.097525 0.000000
vn -0.036423 -0.093131 0.000000
vn -0.036423 -0.093131 0.000000
vn -0.049920 -0.086649 0.000000
vn -0.049920 -0.086649 0.000000
vn -0.062297 -0.078224 0.000000
vn -0.062297 -0.078224 0.000000
vn -0.073278 -0.068046 0.000000
vn -0.073278 -0.068046 0.000000
vn -0.082616 -0.056343 0.000000
vn -0.082616 -0.056343 0.000000
vn -0.090103 -0.043376 0.000000
vn -0.090103 -0.043376 0.000000
vn -0.095569 -0.029438 0.000000
vn -0.095569 -0.029438 0.000000
vn -0.098893 -0.014839 0.000000
vn -0.098893 -0.014839 0.000000
vn -0.100000 0.000093 -0.000000
vn -0.100000 0.000093 -0.000000
vn -0.098865 0.015022 -0.000000
vn -0.098865 0.015022 -0.000000
vn -0.095514 0.029614 -0.000000
vn -0.095514 0.029614 -0.000000
vn -0.090022 0.043543 -0.000000
vn -0.095514 0.029614 -0.000000
vn -0.090295 0.042975 -0.000000
vn -0.090564 0.042405 -0.000000
vn -0.090829 0.041833 -0.000000
vn -0.094647 0.032280 -0.000000
vn -0.097508 0.022184 -0.000000
vn -0.098865 0.015022 -0.000000
vn -0.099320 0.011641 -0.000000
vn -0.100000 0.000093 -0.000000
vn -0.099997 0.000741 -0.000000
vn -0.099377 -0.011144 0.000000
vn -0.098893 -0.014839 0.000000
vn -0.098458 -0.017494 0.000000
vn -0.097075 -0.024009 0.000000
vn -0.095569 -0.029438 0.000000
vn -0.095199 -0.030613 0.000000
vn -0.092818 -0.037213 0.000000
vn -0.090103 -0.043376 0.000000
vn -0.089942 -0.043709 0.000000
vn -0.086603 -0.050000 0.000000
vn -0.082616 -0.056343 0.000000
vn -0.082824 -0.056037 0.000000
vn -0.078636 -0.061777 0.000000
vn -0.073278 -0.068046 0.000000
vn -0.074111 -0.067138 0.000000
vn -0.069330 -0.072065 0.000000
vn -0.062297 -0.078224 0.000000
vn -0.064379 -0.076520 0.000000
vn -0.059340 -0.080491 0.000000
vn -0.049920 -0.086649 0.000000
vn -0.049357 -0.086971 0.000000
vn -0.039578 -0.091834 0.000000
vn -0.036423 -0.093131 0.000000
vn -0.029542 -0.095537 0.000000
vn -0.090022 0.043543 -0.000000
vn -0.022110 -0.097525 0.000000
vn -0.007302 -0.099733 0.000000
vn -0.007930 -0.099685 0.000000
vn -0.007302 -0.099733 0.000000
vn -0.090829 -0.041833 0.000000
vn -0.094647 -0.032280 0.000000
vn -0.090564 -0.042405 0.000000
vn -0.095514 -0.029614 0.000000
vn -0.095514 -0.029614 0.000000
vn -0.098865 -0.015022 0.000000
vn -0.098865 -0.015022 0.000000
vn -0.100000 -0.000093 0.000000
vn -0.100000 -0.000093 0.000000
vn -0.098893 0.014839 -0.000000
vn -0.098893 0.014839 -0.000000
vn -0.095569 0.029438 -0.000000
vn -0.095569 0.029438 -0.000000
vn -0.090103 0.043376 -0.000000
vn -0.090103 0.043376 -0.000000
vn -0.082616 0.056343 -0.000000
vn -0.082616 0.056343 -0.000000
vn -0.073278 0.068046 -0.000000
vn -0.073278 0.068046 -0.000000
vn -0.062297 0.078224 -0.000000
vn -0.062297 0.078224 -0.000000
vn -0.049920 0.086649 -0.000000
vn -0.049920 0.086649 -0.000000
vn -0.036423 0.093131 -0.000000
vn -0.036423 0.093131 -0.000000
vn -0.022110 0.097525 -0.000000
vn -0.022110 0.097525 -0.000000
vn -0.007302 0.099733 -0.000000
vn -0.022110 0.097525 -0.000000
vn -0.007930 0.099685 -0.000000
vn -0.008558 0.099633 -0.000000
vn -0.009186 0.099577 -0.000000
vn -0.019368 0.098107 -0.000000
vn -0.029542 0.095537 -0.000000
vn -0.036423 0.093131 -0.000000
vn -0.039578 0.091834 -0.000000
vn -0.049920 0.086649 -0.000000
vn -0.049357 0.086971 -0.000000
vn -0.059340 0.080491 -0.000000
vn -0.062297 0.078224 -0.000000
vn -0.064379 0.076520 -0.000000
vn -0.069330 0.072065 -0.000000
vn -0.073278 0.068046 -0.000000
vn -0.074111 0.067138 -0.000000
vn -0.078636 0.061777 -0.000000
vn -0.082616 0.056343 -0.000000
vn -0.082824 0.056037 -0.000000
vn -0.086603 0.050000 -0.000000
vn -0.090103 0.043376 -0.000000
vn -0.089942 0.043709 -0.000000
vn -0.092818 0.037213 -0.000000
vn -0.095569 0.029438 -0.000000
vn -0.095199 0.030613 -0.000000
vn -0.097075 0.024009 -0.000000
vn -0.098893 0.014839 -0.000000
vn -0.098458 0.017494 -0.000000
vn -0.099377 0.011144 -0.000000
vn -0.100000 -0.000093 0.000000
vn -0.099997 -0.000741 0.000000
vn -0.099320 -0.011641 0.000000
vn -0.098865 -0.015022 0.000000
vn -0.097508 -0.022184 0.000000
vn -0.007302 0.099733 -0.000000
vn -0.095514 -0.029614 0.000000
vn -0.090022 -0.043543 0.000000
vn -0.090295 -0.042975 0.000000
vn -0.090022 -0.043543 0.000000
vn -0.081643 0.057744 -0.000000
vn -0.075279 0.065826 -0.000000
vn -0.082006 0.057228 -0.000000
vn -0.073404 0.067911 -0.000000
vn -0.073404 0.067911 -0.000000
vn -0.062442 0.078109 -0.000000
vn -0.062442 0.078109 -0.000000
vn -0.050080 0.086556 -0.000000
vn -0.050080 0.086556 -0.000000
vn -0.036596 0.093063 -0.000000
vn -0.036596 0.093063 -0.000000
vn -0.022291 0.097484 -0.000000
vn -0.022291 0.097484 -0.000000
vn -0.007486 0.099719 -0.000000
vn -0.007486 0.099719 -0.000000
vn 0.007486 0.099719 0.000000
vn 0.007486 0.099719 0.000000
vn 0.022291 0.097484 0.000000
vn 0.022291 0.097484 0.000000
vn 0.036596 0.093063 0.000000
vn 0.036596 0.093063 0.000000
vn 0.050080 0.086556 0.000000
vn 0.050080 0.086556 0.000000
vn 0.062442 0.078109 0.000000
vn 0.062442 0.078109 0.000000
vn 0.073404 0.067911 0.000000
vn 0.073404 0.067911 0.000000
vn 0.082721 0.056190 0.000000
vn 0.073404 0.067911 0.000000
vn 0.082365 0.056710 0.000000
vn 0.082006 0.057228 0.000000
vn 0.081643 0.057744 0.000000
vn 0.075279 0.065826 0.000000
vn 0.067966 0.073353 0.000000
vn 0.062442 0.078109 0.000000
vn 0.059742 0.080193 0.000000
vn 0.050080 0.086556 0.000000
vn 0.050640 0.086230 0.000000
vn 0.040037 0.091635 0.000000
vn 0.036596 0.093063 0.000000
vn 0.034079 0.094014 0.000000
vn 0.027745 0.096074 0.000000
vn 0.022291 0.097484 0.000000
vn 0.021087 0.097751 0.000000
vn 0.014182 0.098989 0.000000
vn 0.007486 0.099719 0.000000
vn 0.007118 0.099746 0.000000
vn 0.000000 0.100000 0.000000
vn -0.007486 0.099719 -0.000000
vn -0.007118 0.099746 -0.000000
vn -0.014182 0.098989 -0.000000
vn -0.022291 0.097484 -0.000000
vn -0.021087 0.097751 -0.000000
vn -0.027745 0.096074 -0.000000
vn -0.036596 0.093063 -0.000000
vn -0.034079 0.094014 -0.000000
vn -0.040037 0.091635 -0.000000
vn -0.050080 0.086556 -0.000000
vn -0.050640 0.086230 -0.000000
vn -0.059742 0.080193 -0.000000
vn -0.062442 0.078109 -0.000000
vn -0.067966 0.073353 -0.000000
vn 0.082721 0.056190 0.000000
vn -0.073404 0.067911 -0.000000
vn -0.082721 0.056190 -0.000000
vn -0.082365 0.056710 -0.000000
vn -0.082721 0.056190 -0.000000
vn 0.009186 0.099577 0.000000
vn 0.019368 0.098107 0.000000
vn 0.008558 0.099633 0.000000
vn 0.022110 0.097525 0.000000
vn 0.022110 0.097525 0.000000
vn 0.036423 0.093131 0.000000
vn 0.036423 0.093131 0.000000
vn 0.049920 0.086649 0.000000
vn 0.049920 0.086649 0.000000
vn 0.062297 0.078224 0.000000
vn 0.062297 0.078224 0.000000
vn 0.073278 0.068046 0.000000
vn 0.073278 0.068046 0.000000
vn 0.082616 0.056343 0.000000
vn 0.082616 0.056343 0.000000
vn 0.090103 0.043376 0.000000
vn 0.090103 0.043376 0.000000
vn 0.095569 0.029438 0.000000
vn 0.095569 0.029438 0.000000
vn 0.098893 0.014839 0.000000
vn 0.098893 0.014839 0.000000
vn 0.100000 -0.000093 0.000000
vn 0.100000 -0.000093 0.000000
vn 0.098865 -0.015022 0.000000
vn 0.098865 -0.015022 0.000000
vn 0.095514 -0.029614 0.000000
vn 0.095514 -0.029614 0.000000
vn 0.090022 -0.043543 0.000000
vn 0.095514 -0.029614 0.000000
vn 0.090295 -0.042975 0.000000
vn 0.090564 -0.042405 0.000000
vn 0.090829 -0.041833 0.000000
vn 0.094647 -0.032280 0.000000
vn 0.097508 -0.022184 0.000000
vn 0.098865 -0.015022 0.000000
vn 0.099320 -0.011641 0.000000
vn 0.100000 -0.000093 0.000000
vn 0.099997 -0.000741 0.000000
vn 0.099377 0.011144 0.000000
vn 0.098893 0.014839 0.000000
vn 0.098458 0.017494 0.000000
vn 0.097075 0.024009 0.000000
vn 0.095569 0.029438 0.000000
vn 0.095199 0.030613 0.000000
vn 0.092818 0.037213 0.000000
vn 0.090103 0.043376 0.000000
vn 0.089942 0.043709 0.000000
vn 0.086603 0.050000 0.000000
vn 0.082616 0.056343 0.000000
vn 0.082824 0.056037 0.000000
vn 0.078636 0.061777 0.000000
vn 0.073278 0.068046 0.000000
vn 0.074111 0.067138 0.000000
vn 0.069330 0.072065 0.000000
vn 0.062297 0.078224 0.000000
vn 0.064379 0.076520 0.000000
vn 0.059340 0.080491 0.000000
vn 0.049920 0.086649 0.000000
vn 0.049357 0.086971 0.000000
vn 0.039578 0.091834 0.000000
vn 0.036423 0.093131 0.000000
vn 0.029542 0.095537 0.000000
vn 0.090022 -0.043543 0.000000
vn 0.022110 0.097525 0.000000
vn 0.007302 0.099733 0.000000
vn 0.007930 0.099685 0.000000
vn 0.007302 0.099733 0.000000
vn 0.090829 0.041833 0.000000
vn 0.094647 0.032280 0.000000
vn 0.090564 0.042405 0.000000
vn 0.095514 0.029614 0.000000
vn 0.095514 0.029614 0.000000
vn 0.098865 0.015022 0.000000
vn 0.098865 0.015022 0.000000
vn 0.100000 0.000093 0.000000
vn 0.100000 0.000093 0.000000
vn 0.098893 -0.014839 0.000000
vn 0.098893 -0.014839 0.000000
vn 0.095569 -0.029438 0.000000
vn 0.095569 -0.029438 0.000000
vn 0.090103 -0.043376 0.000000
vn 0.090103 -0.043376 0.000000
vn 0.082616 -0.056343 0.000000
vn 0.082616 -0.056343 0.000000
vn 0.073278 -0.068046 0.000000
vn 0.073278 -0.068046 0.000000
vn 0.062297 -0.078224 0.000000
vn 0.062297 -0.078224 0.000000
vn 0.049920 -0.086649 0.000000
vn 0.049920 -0.086649 0.000000
vn 0.036423 -0.093131 0.000000
vn 0.036423 -0.093131 0.000000
vn 0.022110 -0.097525 0.000000
vn 0.022110 -0.097525 0.000000
vn 0.007302 -0.099733 0.000000
vn 0.022110 -0.097525 0.000000
vn 0.007930 -0.099685 0.000000
vn 0.008558 -0.099633 0.000000
vn 0.009186 -0.099577 0.000000
vn 0.019368 -0.098107 0.000000
vn 0.029542 -0.095537 0.000000
vn 0.036423 -0.093131 0.000000
vn 0.039578 -0.091834 0.000000
vn 0.049920 -0.086649 0.000000
vn 0.049357 -0.086971 0.000000
vn 0.059340 -0.080491 0.000000
vn 0.062297 -0.078224 0.000000
vn 0.064379 -0.076520 0.000000
vn 0.069330 -0.072065 0.000000
vn 0.073278 -0.068046 0.000000
vn 0.074111 -0.067138 0.000000
vn 0.078636 -0.061777 0.000000
vn 0.082616 -0.056343 0.000000
vn 0.082824 -0.056037 0.000000
vn 0.086603 -0.050000 0.000000
vn 0.090103 -0.043376 0.000000
vn 0.089942 -0.043709 0.000000
vn 0.092818 -0.037213 0.000000
vn 0.095569 -0.029438 0.000000
vn 0.095199 -0.030613 0.000000
vn 0.097075 -0.024009 0.000000
vn 0.098893 -0.014839 0.000000
vn 0.098458 -0.017494 0.000000
vn 0.099377 -0.011144 0.000000
vn 0.100000 0.000093 0.000000
vn 0.099997 0.000741 0.000000
vn 0.099320 0.011641 0.000000
vn 0.098865 0.015022 0.000000
vn 0.097508 0.022184 0.000000
vn 0.007302 -0.099733 0.000000
vn 0.095514 0.029614 0.000000
vn 0.090022 0.043543 0.000000
vn 0.090295 0.042975 0.000000
vn 0.090022 0.043543 0.000000
vn 0.081643 -0.057744 0.000000
vn 0.075279 -0.065826 0.000000
vn 0.082006 -0.057228 0.000000
vn 0.073404 -0.067911 0.000000
vn 0.073404 -0.067911 0.000000
vn 0.062442 -0.078109 0.000000
vn 0.062442 -0.078109 0.000000
vn 0.050080 -0.086556 0.000000
vn 0.050080 -0.086556 0.000000
vn 0.036596 -0.093063 0.000000
vn 0.036596 -0.093063 0.000000
vn 0.022291 -0.097484 0.000000
vn 0.022291 -0.097484 0.000000
vn 0.007486 -0.099719 0.000000
vn 0.007486 -0.099719 0.000000
vn -0.007486 -0.099719 0.000000
vn -0.007486 -0.099719 0.000000
vn -0.022291 -0.097484 0.000000
vn -0.022291 -0.097484 0.000000
vn -0.036596 -0.093063 0.000000
vn -0.036596 -0.093063 0.000000
vn -0.050080 -0.086556 0.000000
vn -0.050080 -0.086556 0.000000
vn -0.062442 -0.078109 0.000000
vn -0.062442 -0.078109 0.000000
vn -0.073404 -0.067911 0.000000
vn -0.073404 -0.067911 0.000000
vn -0.082721 -0.056190 0.000000
vn -0.073404 -0.067911 0.000000
vn -0.082365 -0.056710 0.000000
vn -0.082006 -0.057228 0.000000
vn -0.081643 -0.057744 0.000000
vn -0.075279 -0.065826 0.000000
vn -0.067966 -0.073353 0.000000
vn -0.062442 -0.078109 0.000000
vn -0.059742 -0.080193 0.000000
vn -0.050080 -0.086556 0.000000
vn -0.050640 -0.086230 0.000000
vn -0.040037 -0.091635 0.000000
vn -0.036596 -0.093063 0.000000
vn -0.034079 -0.094014 0.000000
vn -0.027745 -0.096074 0.000000
vn -0.022291 -0.097484 0.000000
vn -0.021087 -0.097751 0.000000
vn -0.014182 -0.098989 0.000000
vn -0.007486 -0.099719 0.000000
vn -0.007118 -0.099746 0.000000
vn 0.000000 -0.100000 0.000000
vn 0.007486 -0.099719 0.000000
vn 0.007118 -0.099746 0.000000
vn 0.014182 -0.098989 0.000000
vn 0.022291 -0.097484 0.000000
vn 0.021087 -0.097751 0.000000
vn 0.027745 -0.096074 0.000000
vn 0.036596 -0.093063 0.000000
vn 0.034079 -0.094014 0.000000
vn 0.040037 -0.091635 0.000000
vn 0.050080 -0.086556 0.000000
vn 0.050640 -0.086230 0.000000
vn 0.059742 -0.080193 0.000000
vn 0.062442 -0.078109 0.000000
vn 0.067966 -0.073353 0.000000
vn -0.082721 -0.056190 0.000000
vn 0.073404 -0.067911 0.000000
vn 0.082721 -0.056190 0.000000
vn 0.082365 -0.056710 0.000000
vn 0.082721 -0.056190 0.000000
vn -0.097478 -0.022317 0.000000
vn -0.097478 -0.022317 0.000000
vn -0.099090 -0.013463 0.000000
vn -0.099090 -0.013463 0.000000
vn -0.099899 -0.004500 0.000000
vn -0.099899 -0.004500 0.000000
vn -0.099899 0.004500 0.000000
vn -0.099899 0.004500 0.000000
vn -0.099090 0.013463 0.000000
vn -0.099090 0.013463 0.000000
vn -0.097478 0.022317 0.000000
vn -0.097478 0.022317 0.000000
vn -0.099090 0.013463 0.000000
vn -0.099899 0.004500 0.000000
vn -0.099899 -0.004500 0.000000
vn -0.099090 -0.013463 0.000000
vn -0.068066 0.073260 0.000000
vn -0.068066 0.073260 0.000000
vn -0.061204 0.079083 0.000000
vn -0.061204 0.079083 0.000000
vn -0.053846 0.084265 0.000000
vn -0.053846 0.084265 0.000000
vn -0.046052 0.088765 0.000000
vn -0.046052 0.088765 0.000000
vn -0.037886 0.092546 0.000000
vn -0.037886 0.092546 0.000000
vn -0.029412 0.095577 0.000000
vn -0.029412 0.095577 0.000000
vn -0.037886 0.092546 0.000000
vn -0.046052 0.088765 0.000000
vn -0.053846 0.084265 0.000000
vn -0.061204 0.079083 0.000000
vn 0.029412 0.095577 0.000000
vn 0.029412 0.095577 0.000000
vn 0.037886 0.092546 0.000000
vn 0.037886 0.092546 0.000000
vn 0.046052 0.088765 0.000000
vn 0.046052 0.088765 0.000000
vn 0.053846 0.084265 0.000000
vn 0.053846 0.084265 0.000000
vn 0.061204 0.079083 0.000000
vn 0.061204 0.079083 0.000000
vn 0.068066 0.073260 0.000000
vn 0.068066 0.073260 0.000000
vn 0.061204 0.079083 0.000000
vn 0.053846 0.084265 0.000000
vn 0.046052 0.088765 0.000000
vn 0.037886 0.092546 0.000000
vn 0.097478 0.022317 0.000000
vn 0.097478 0.022317 0.000000
vn 0.099090 0.013463 0.000000
vn 0.099090 0.013463 0.000000
vn 0.099899 0.004500 0.000000
vn 0.099899 0.004500 0.000000
vn 0.099899 -0.004500 0.000000
vn 0.099899 -0.004500 0.000000
vn 0.099090 -0.013463 0.000000
vn 0.099090 -0.013463 0.000000
vn 0.097478 -0.022317 0.000000
vn 0.097478 -0.022317 0.000000
vn 0.099090 -0.013463 0.000000
vn 0.099899 -0.004500 0.000000
vn 0.099899 0.004500 0.000000
vn 0.099090 0.013463 0.000000
vn 0.068066 -0.073260 0.000000
vn 0.068066 -0.073260 0.000000
vn 0.061204 -0.079083 0.000000
vn 0.061204 -0.079083 0.000000
vn 0.053846 -0.084265 0.000000
vn 0.053846 -0.084265 0.000000
vn 0.046052 -0.088765 0.000000
vn 0.046052 -0.088765 0.000000
vn 0.037886 -0.092546 0.000000
vn 0.037886 -0.092546 0.000000
vn 0.029412 -0.095577 0.000000
vn 0.029412 -0.095577 0.000000
vn 0.037886 -0.092546 0.000000
vn 0.046052 -0.088765 0.000000
vn 0.053846 -0.084265 0.000000
vn 0.061204 -0.079083 0.000000
vn -0.029412 -0.095577 0.000000
vn -0.029412 -0.095577 0.000000
vn -0.037886 -0.092546 0.000000
vn -0.037886 -0.092546 0.000000
vn -0.046052 -0.088765 0.000000
vn -0.046052 -0.088765 0.000000
vn -0.053846 -0.084265 0.000000
vn -0.053846 -0.084265 0.000000
vn -0.061204 -0.079083 0.000000
vn -0.061204 -0.079083 0.000000
vn -0.068066 -0.073260 0.000000
vn -0.068066 -0.073260 0.000000
vn -0.061204 -0.079083 0.000000
vn -0.053846 -0.084265 0.000000
vn -0.046052 -0.088765 0.000000
vn -0.037886 -0.092546 0.000000
vn -0.031873 0.063120 0.070711
vn -0.030701 0.063698 0.070711
vn -0.027149 0.065291 0.070711
vn -0.025504 0.065951 0.070711
vn -0.023721 0.066613 0.070711
vn -0.020144 0.067781 0.070711
vn -0.021742 0.067285 0.070711
vn -0.019585 0.067944 0.070711
vn -0.017256 0.068573 0.070711
vn -0.014655 0.069175 0.070711
vn -0.014740 0.069157 0.070711
vn -0.012008 0.069684 0.070711
vn -0.009072 0.070126 0.070711
vn -0.035700 0.061037 0.070711
vn -0.036425 0.060607 0.070711
vn -0.040471 0.057984 0.070711
vn -0.040780 0.057767 0.070711
vn -0.044982 0.054559 0.070711
vn -0.044915 0.054614 0.070711
vn -0.048806 0.051166 0.070711
vn -0.049204 0.050784 0.070711
vn -0.052434 0.047441 0.070711
vn -0.053111 0.046683 0.070711
vn -0.055778 0.043460 0.070711
vn -0.056676 0.042282 0.070711
vn -0.058821 0.039244 0.070711
vn -0.059879 0.037611 0.070711
vn -0.061545 0.034816 0.070711
vn -0.062697 0.032698 0.070711
vn -0.063937 0.030200 0.070711
vn -0.065112 0.027575 0.070711
vn -0.065983 0.025420 0.070711
vn -0.067110 0.022275 0.070711
vn -0.067673 0.020503 0.070711
vn -0.068678 0.016833 0.070711
vn -0.068997 0.015475 0.070711
vn -0.069805 0.011282 0.070711
vn -0.069947 0.010363 0.070711
vn -0.070484 0.005659 0.070711
vn -0.070520 0.005196 0.070711
vn -0.070711 0.000000 0.070711
vn -0.070711 0.000000 0.070711
vn -0.070711 0.000000 0.070711
vn -0.070711 0.000000 0.070711
vn 0.058926 -0.039085 0.070711
vn 0.063348 -0.031416 0.070711
vn 0.062996 -0.032118 0.070711
vn 0.066483 -0.024083 0.070711
vn 0.066881 -0.022956 0.070711
vn 0.068772 -0.016444 0.070711
vn 0.069441 -0.013340 0.070711
vn 0.070186 -0.008595 0.070711
vn 0.070626 -0.003460 0.070711
vn 0.070708 -0.000637 0.070711
vn 0.070412 0.006489 0.070711
vn 0.070330 0.007329 0.070711
vn 0.069057 0.015202 0.070711
vn 0.068804 0.016310 0.070711
vn 0.066906 0.022881 0.070711
vn 0.065833 0.025807 0.070711
vn 0.063904 0.030270 0.070711
vn 0.061558 0.034793 0.070711
vn 0.060089 0.037273 0.070711
vn 0.056065 0.043090 0.070711
vn 0.055510 0.043802 0.070711
vn 0.050225 0.049774 0.070711
vn 0.049460 0.050534 0.070711
vn 0.044301 0.055113 0.070711
vn 0.041876 0.056977 0.070711
vn 0.037813 0.059751 0.070711
vn 0.033463 0.062291 0.070711
vn 0.030844 0.063629 0.070711
vn 0.024387 0.066372 0.070711
vn 0.023483 0.066697 0.070711
vn 0.015823 0.068918 0.070711
vn 0.014828 0.069138 0.070711
vn 0.007962 0.070261 0.070711
vn 0.004976 0.070535 0.070711
vn -0.000000 0.070711 0.070711
vn -0.004976 0.070535 0.070711
vn -0.007962 0.070261 0.070711
vn -0.014828 0.069138 0.070711
vn -0.015823 0.068918 0.070711
vn -0.024387 0.066372 0.070711
vn -0.023483 0.066697 0.070711
vn -0.030844 0.063629 0.070711
vn -0.033463 0.062291 0.070711
vn -0.037813 0.059751 0.070711
vn -0.041876 0.056977 0.070711
vn -0.044301 0.055113 0.070711
vn -0.049460 0.050534 0.070711
vn -0.050225 0.049774 0.070711
vn -0.056065 0.043090 0.070711
vn -0.055510 0.043802 0.070711
vn -0.060089 0.037273 0.070711
vn -0.061558 0.034793 0.070711
vn -0.063904 0.030270 0.070711
vn -0.065833 0.025807 0.070711
vn -0.066906 0.022881 0.070711
vn -0.068804 0.016310 0.070711
vn -0.069057 0.015202 0.070711
vn -0.070412 0.006489 0.070711
vn -0.070330 0.007329 0.070711
vn -0.070708 -0.000637 0.070711
vn -0.070626 -0.003460 0.070711
vn -0.070186 -0.008595 0.070711
vn -0.069441 -0.013340 0.070711
vn -0.068772 -0.016444 0.070711
vn -0.066881 -0.022956 0.070711
vn -0.066483 -0.024083 0.070711
vn -0.062996 -0.032118 0.070711
vn -0.063348 -0.031416 0.070711
vn -0.058930 -0.039080 0.070711
vn -0.057863 -0.040643 0.070711
vn -0.055850 -0.043368 0.070711
vn -0.051584 -0.048364 0.070711
vn -0.052045 -0.047867 0.070711
vn -0.047415 -0.052457 0.070711
vn -0.044284 -0.055126 0.070711
vn -0.041824 -0.057015 0.070711
vn -0.036107 -0.060797 0.070711
vn -0.035105 -0.061381 0.070711
vn -0.027215 -0.065264 0.070711
vn 0.057863 -0.040643 0.070711
vn 0.055867 -0.043347 0.070711
vn 0.051584 -0.048364 0.070711
vn 0.052107 -0.047800 0.070711
vn 0.047517 -0.052365 0.070711
vn 0.044284 -0.055126 0.070711
vn 0.041899 -0.056960 0.070711
vn 0.036107 -0.060797 0.070711
vn 0.035143 -0.061359 0.070711
vn 0.027215 -0.065264 0.070711
vn 0.070711 0.000000 0.070711
vn 0.070711 0.000000 0.070711
vn 0.070711 0.000000 0.070711
vn 0.070711 0.000000 0.070711
vn 0.009072 0.070126 0.070711
vn 0.014655 0.069175 0.070711
vn 0.012022 0.069681 0.070711
vn 0.014772 0.069151 0.070711
vn 0.017305 0.068561 0.070711
vn 0.020144 0.067781 0.070711
vn 0.019618 0.067935 0.070711
vn 0.021752 0.067282 0.070711
vn 0.025504 0.065951 0.070711
vn 0.023719 0.066614 0.070711
vn 0.027149 0.065291 0.070711
vn 0.030701 0.063698 0.070711
vn 0.031873 0.063120 0.070711
vn 0.035700 0.061037 0.070711
vn 0.036425 0.060607 0.070711
vn 0.040471 0.057984 0.070711
vn 0.040780 0.057767 0.070711
vn 0.044982 0.054559 0.070711
vn 0.044915 0.054614 0.070711
vn 0.048806 0.051166 0.070711
vn 0.049204 0.050784 0.070711
vn 0.052434 0.047441 0.070711
vn 0.053111 0.046683 0.070711
vn 0.055778 0.043460 0.070711
vn 0.056676 0.042282 0.070711
vn 0.058821 0.039244 0.070711
vn 0.059879 0.037611 0.070711
vn 0.061545 0.034816 0.070711
vn 0.062697 0.032698 0.070711
vn 0.063937 0.030200 0.070711
vn 0.065112 0.027575 0.070711
vn 0.065983 0.025420 0.070711
vn 0.067110 0.022275 0.070711
vn 0.067673 0.020503 0.070711
vn 0.068678 0.016833 0.070711
vn 0.068997 0.015475 0.070711
vn 0.069805 0.011282 0.070711
vn 0.069947 0.010363 0.070711
vn 0.070484 0.005659 0.070711
vn 0.070520 0.005196 0.070711
vn -0.100000 0.000000 0.000000
vn -0.100000 0.000000 0.000000
vn -0.100000 0.000000 0.000000
vn -0.100000 0.000000 0.000000
vn -0.099730 0.007348 -0.000000
vn -0.099730 0.007348 -0.000000
vn -0.098920 0.014656 -0.000000
vn -0.098920 0.014656 -0.000000
vn -0.097576 0.021885 -0.000000
vn -0.097576 0.021885 -0.000000
vn -0.095704 0.028996 -0.000000
vn -0.095704 0.028996 -0.000000
vn -0.093315 0.035950 -0.000000
vn -0.093315 0.035950 -0.000000
vn -0.090421 0.042709 -0.000000
vn -0.090421 0.042709 -0.000000
vn -0.087038 0.049238 -0.000000
vn -0.087038 0.049238 -0.000000
vn -0.083185 0.055500 -0.000000
vn -0.083185 0.055500 -0.000000
vn -0.078882 0.061462 -0.000000
vn -0.078882 0.061462 -0.000000
vn -0.074153 0.067092 -0.000000
vn -0.074153 0.067092 -0.000000
vn -0.069022 0.072360 -0.000000
vn -0.069022 0.072360 -0.000000
vn -0.063519 0.077236 -0.000000
vn -0.063519 0.077236 -0.000000
vn -0.057672 0.081694 -0.000000
vn -0.057672 0.081694 -0.000000
vn -0.051513 0.085711 -0.000000
vn -0.051513 0.085711 -0.000000
vn -0.045076 0.089265 -0.000000
vn -0.045076 0.089265 -0.000000
vn -0.038395 0.092335 -0.000000
vn -0.038395 0.092335 -0.000000
vn -0.089588 -0.044429 0.000000
vn -0.089588 -0.044429 0.000000
vn -0.094021 -0.034059 0.000000
vn -0.094021 -0.034059 0.000000
vn -0.097258 -0.023255 0.000000
vn -0.097258 -0.023255 0.000000
vn -0.099258 -0.012155 0.000000
vn -0.099258 -0.012155 0.000000
vn -0.099996 -0.000901 0.000000
vn -0.099996 -0.000901 0.000000
vn -0.099461 0.010365 -0.000000
vn -0.099461 0.010365 -0.000000
vn -0.097662 0.021498 -0.000000
vn -0.097662 0.021498 -0.000000
vn -0.094620 0.032359 -0.000000
vn -0.094620 0.032359 -0.000000
vn -0.090374 0.042808 -0.000000
vn -0.090374 0.042808 -0.000000
vn -0.084979 0.052712 -0.000000
vn -0.084979 0.052712 -0.000000
vn -0.078503 0.061946 -0.000000
vn -0.078503 0.061946 -0.000000
vn -0.071029 0.070391 -0.000000
vn -0.071029 0.070391 -0.000000
vn -0.062650 0.077942 -0.000000
vn -0.062650 0.077942 -0.000000
vn -0.053475 0.084501 -0.000000
vn -0.053475 0.084501 -0.000000
vn -0.043620 0.089985 -0.000000
vn -0.043620 0.089985 -0.000000
vn -0.033210 0.094324 -0.000000
vn -0.033210 0.094324 -0.000000
vn -0.022378 0.097464 -0.000000
vn -0.022378 0.097464 -0.000000
vn -0.011260 0.099364 -0.000000
vn -0.011260 0.099364 -0.000000
vn -0.000000 0.100000 -0.000000
vn -0.000000 0.100000 -0.000000
vn 0.011260 0.099364 0.000000
vn 0.011260 0.099364 0.000000
vn 0.022378 0.097464 0.000000
vn 0.022378 0.097464 0.000000
vn 0.033210 0.094324 0.000000
vn 0.033210 0.094324 0.000000
vn 0.043620 0.089985 0.000000
vn 0.043620 0.089985 0.000000
vn 0.053475 0.084501 0.000000
vn 0.053475 0.084501 0.000000
vn 0.062650 0.077942 0.000000
vn 0.062650 0.077942 0.000000
vn 0.071029 0.070391 0.000000
vn 0.071029 0.070391 0.000000
vn 0.078503 0.061946 0.000000
vn 0.078503 0.061946 0.000000
vn 0.084979 0.052712 0.000000
vn 0.084979 0.052712 0.000000
vn 0.090374 0.042808 0.000000
vn 0.090374 0.042808 0.000000
vn 0.094620 0.032359 0.000000
vn 0.094620 0.032359 0.000000
vn 0.097662 0.021498 0.000000
vn 0.097662 0.021498 0.000000
vn 0.099461 0.010365 0.000000
vn 0.099461 0.010365 0.000000
vn 0.099996 -0.000901 0.000000
vn 0.099996 -0.000901 0.000000
vn 0.099258 -0.012155 0.000000
vn 0.099258 -0.012155 0.000000
vn 0.097258 -0.023255 0.000000
vn 0.097258 -0.023255 0.000000
vn 0.094021 -0.034059 0.000000
vn 0.094021 -0.034059 0.000000
vn 0.089588 -0.044429 0.000000
vn 0.089588 -0.044429 0.000000
vn 0.094021 -0.034059 0.000000
vn 0.097258 -0.023255 0.000000
vn 0.099258 -0.012155 0.000000
vn 0.099996 -0.000901 0.000000
vn 0.099461 0.010365 0.000000
vn 0.097662 0.021498 0.000000
vn 0.094620 0.032359 0.000000
vn 0.090374 0.042808 0.000000
vn 0.084979 0.052712 0.000000
vn 0.078503 0.061946 0.000000
vn 0.071029 0.070391 0.000000
vn 0.062650 0.077942 0.000000
vn 0.053475 0.084501 0.000000
vn 0.043620 0.089985 0.000000
vn 0.033210 0.094324 0.000000
vn 0.022378 0.097464 0.000000
vn 0.011260 0.099364 0.000000
vn -0.000000 0.100000 -0.000000
vn -0.011260 0.099364 -0.000000
vn -0.022378 0.097464 -0.000000
vn -0.033210 0.094324 -0.000000
vn -0.043620 0.089985 -0.000000
vn -0.053475 0.084501 -0.000000
vn -0.062650 0.077942 -0.000000
vn -0.071029 0.070391 -0.000000
vn -0.078503 0.061946 -0.000000
vn -0.084979 0.052712 -0.000000
vn -0.090374 0.042808 -0.000000
vn -0.094620 0.032359 -0.000000
vn -0.097662 0.021498 -0.000000
vn -0.099461 0.010365 -0.000000
vn -0.099996 -0.000901 0.000000
vn -0.099258 -0.012155 0.000000
vn -0.097258 -0.023255 0.000000
vn -0.094021 -0.034059 0.000000
vn 0.038395 0.092335 0.000000
vn 0.038395 0.092335 0.000000
vn 0.045076 0.089265 0.000000
vn 0.045076 0.089265 0.000000
vn 0.051513 0.085711 0.000000
vn 0.051513 0.085711 0.000000
vn 0.057672 0.081694 0.000000
vn 0.057672 0.081694 0.000000
vn 0.063519 0.077236 0.000000
vn 0.063519 0.077236 0.000000
vn 0.069022 0.072360 0.000000
vn 0.069022 0.072360 0.000000
vn 0.074153 0.067092 0.000000
vn 0.074153 0.067092 0.000000
vn 0.078882 0.061462 0.000000
vn 0.078882 0.061462 0.000000
vn 0.083185 0.055500 0.000000
vn 0.083185 0.055500 0.000000
vn 0.087038 0.049238 0.000000
vn 0.087038 0.049238 0.000000
vn 0.090421 0.042709 0.000000
vn 0.090421 0.042709 0.000000
vn 0.093315 0.035950 0.000000
vn 0.093315 0.035950 0.000000
vn 0.095704 0.028996 0.000000
vn 0.095704 0.028996 0.000000
vn 0.097576 0.021885 0.000000
vn 0.097576 0.021885 0.000000
vn 0.098920 0.014656 0.000000
vn 0.098920 0.014656 0.000000
vn 0.099730 0.007348 0.000000
vn 0.099730 0.007348 0.000000
vn 0.100000 0.000000 0.000000
vn 0.100000 0.000000 0.000000
vn 0.100000 0.000000 0.000000
vn 0.100000 0.000000 0.000000
vn 0.027215 -0.065264 -0.070711
vn 0.036107 -0.060797 -0.070711
vn 0.035150 -0.061355 -0.070711
vn 0.041915 -0.056948 -0.070711
vn 0.044284 -0.055126 -0.070711
vn 0.047541 -0.052344 -0.070711
vn 0.051584 -0.048364 -0.070711
vn 0.052132 -0.047773 -0.070711
vn 0.055877 -0.043333 -0.070711
vn 0.057863 -0.040643 -0.070711
vn 0.058929 -0.039081 -0.070711
vn 0.062996 -0.032118 -0.070711
vn 0.063348 -0.031416 -0.070711
vn 0.066483 -0.024083 -0.070711
vn 0.066881 -0.022956 -0.070711
vn 0.068772 -0.016444 -0.070711
vn 0.069441 -0.013340 -0.070711
vn 0.070186 -0.008595 -0.070711
vn 0.070626 -0.003460 -0.070711
vn 0.070708 -0.000637 -0.070711
vn 0.070412 0.006489 -0.070711
vn 0.070330 0.007329 -0.070711
vn 0.069057 0.015202 -0.070711
vn 0.068804 0.016310 -0.070711
vn 0.066906 0.022881 -0.070711
vn 0.065833 0.025807 -0.070711
vn 0.063904 0.030270 -0.070711
vn 0.061558 0.034793 -0.070711
vn 0.060089 0.037273 -0.070711
vn 0.056065 0.043090 -0.070711
vn 0.055510 0.043802 -0.070711
vn 0.050225 0.049774 -0.070711
vn 0.049460 0.050534 -0.070711
vn 0.044301 0.055113 -0.070711
vn 0.041876 0.056977 -0.070711
vn 0.037813 0.059751 -0.070711
vn 0.033463 0.062291 -0.070711
vn 0.030844 0.063629 -0.070711
vn 0.024387 0.066372 -0.070711
vn 0.023483 0.066697 -0.070711
vn 0.015823 0.068918 -0.070711
vn 0.014828 0.069138 -0.070711
vn 0.007962 0.070261 -0.070711
vn 0.004976 0.070535 -0.070711
vn -0.000000 0.070711 -0.070711
vn -0.004976 0.070535 -0.070711
vn -0.007962 0.070261 -0.070711
vn -0.014828 0.069138 -0.070711
vn -0.015823 0.068918 -0.070711
vn -0.024387 0.066372 -0.070711
vn -0.023483 0.066697 -0.070711
vn -0.030844 0.063629 -0.070711
vn -0.033463 0.062291 -0.070711
vn -0.037813 0.059751 -0.070711
vn -0.041876 0.056977 -0.070711
vn -0.044301 0.055113 -0.070711
vn -0.049460 0.050534 -0.070711
vn -0.050225 0.049774 -0.070711
vn -0.056065 0.043090 -0.070711
vn -0.055510 0.043802 -0.070711
vn -0.060089 0.037273 -0.070711
vn -0.061558 0.034793 -0.070711
vn -0.063904 0.030270 -0.070711
vn -0.065833 0.025807 -0.070711
vn -0.066906 0.022881 -0.070711
vn -0.068804 0.016310 -0.070711
vn -0.069057 0.015202 -0.070711
vn -0.070412 0.006489 -0.070711
vn -0.070330 0.007329 -0.070711
vn -0.070708 -0.000637 -0.070711
vn -0.070626 -0.003460 -0.070711
vn -0.070186 -0.008595 -0.070711
vn -0.069441 -0.013340 -0.070711
vn -0.068772 -0.016444 -0.070711
vn -0.066881 -0.022956 -0.070711
vn -0.066483 -0.024083 -0.070711
vn -0.062996 -0.032118 -0.070711
vn -0.063348 -0.031416 -0.070711
vn -0.058926 -0.039085 -0.070711
vn -0.057863 -0.040643 -0.070711
vn -0.055867 -0.043347 -0.070711
vn -0.051584 -0.048364 -0.070711
vn -0.052107 -0.047800 -0.070711
vn -0.047517 -0.052365 -0.070711
vn -0.044284 -0.055126 -0.070711
vn -0.041899 -0.056960 -0.070711
vn -0.036107 -0.060797 -0.070711
vn -0.035143 -0.061359 -0.070711
vn -0.027215 -0.065264 -0.070711
vn -0.070711 0.000000 -0.070711
vn -0.070711 0.000000 -0.070711
vn -0.070711 0.000000 -0.070711
vn -0.070711 0.000000 -0.070711
vn -0.009072 0.070126 -0.070711
vn -0.014655 0.069175 -0.070711
vn -0.012022 0.069681 -0.070711
vn -0.014772 0.069151 -0.070711
vn -0.017305 0.068561 -0.070711
vn -0.020144 0.067781 -0.070711
vn -0.019618 0.067935 -0.070711
vn -0.021752 0.067282 -0.070711
vn -0.025504 0.065951 -0.070711
vn -0.023719 0.066614 -0.070711
vn -0.027149 0.065291 -0.070711
vn -0.030701 0.063698 -0.070711
vn -0.031873 0.063120 -0.070711
vn -0.035700 0.061037 -0.070711
vn -0.036425 0.060607 -0.070711
vn -0.040471 0.057984 -0.070711
vn -0.040780 0.057767 -0.070711
vn -0.044982 0.054559 -0.070711
vn -0.044915 0.054614 -0.070711
vn -0.048806 0.051166 -0.070711
vn -0.049204 0.050784 -0.070711
vn -0.052434 0.047441 -0.070711
vn -0.053111 0.046683 -0.070711
vn -0.055778 0.043460 -0.070711
vn -0.056676 0.042282 -0.070711
vn -0.058821 0.039244 -0.070711
vn -0.059879 0.037611 -0.070711
vn -0.061545 0.034816 -0.070711
vn -0.062697 0.032698 -0.070711
vn -0.063937 0.030200 -0.070711
vn -0.065112 0.027575 -0.070711
vn -0.065983 0.025420 -0.070711
vn -0.067110 0.022275 -0.070711
vn -0.067673 0.020503 -0.070711
vn -0.068678 0.016833 -0.070711
vn -0.068997 0.015475 -0.070711
vn -0.069805 0.011282 -0.070711
vn -0.069947 0.010363 -0.070711
vn -0.070484 0.005659 -0.070711
vn -0.070520 0.005196 -0.070711
vn 0.031873 0.063120 -0.070711
vn 0.030701 0.063698 -0.070711
vn 0.027149 0.065291 -0.070711
vn 0.025504 0.065951 -0.070711
vn 0.023721 0.066613 -0.070711
vn 0.020144 0.067781 -0.070711
vn 0.021759 0.067280 -0.070711
vn 0.019632 0.067931 -0.070711
vn 0.017316 0.068558 -0.070711
vn 0.014655 0.069175 -0.070711
vn 0.014778 0.069149 -0.070711
vn 0.012025 0.069681 -0.070711
vn 0.009072 0.070126 -0.070711
vn 0.035700 0.061037 -0.070711
vn 0.036425 0.060607 -0.070711
vn 0.040471 0.057984 -0.070711
vn 0.040780 0.057767 -0.070711
vn 0.044982 0.054559 -0.070711
vn 0.044915 0.054614 -0.070711
vn 0.048806 0.051166 -0.070711
vn 0.049204 0.050784 -0.070711
vn 0.052434 0.047441 -0.070711
vn 0.053111 0.046683 -0.070711
vn 0.055778 0.043460 -0.070711
vn 0.056676 0.042282 -0.070711
vn 0.058821 0.039244 -0.070711
vn 0.059879 0.037611 -0.070711
vn 0.061545 0.034816 -0.070711
vn 0.062697 0.032698 -0.070711
vn 0.063937 0.030200 -0.070711
vn 0.065112 0.027575 -0.070711
vn 0.065983 0.025420 -0.070711
vn 0.067110 0.022275 -0.070711
vn 0.067673 0.020503 -0.070711
vn 0.068678 0.016833 -0.070711
vn 0.068997 0.015475 -0.070711
vn 0.069805 0.011282 -0.070711
vn 0.069947 0.010363 -0.070711
vn 0.070484 0.005659 -0.070711
vn 0.070520 0.005196 -0.070711
vn 0.070711 0.000000 -0.070711
vn 0.070711 0.000000 -0.070711
vn 0.070711 0.000000 -0.070711
vn 0.070711 0.000000 -0.070711
vn 0.000000 0.100000 0.000000
vn 0.000000 0.100000 0.000000
vn 0.000000 0.100000 0.000000
vn 0.000000 0.100000 0.000000
vn 0.000000 0.100000 0.000000
vn 0.000000 0.100000 0.000000
vn 0.100000 0.000000 0.000000
vn 0.100000 0.000000 0.000000
vn 0.100000 0.000000 0.000000
vn 0.100000 0.000000 0.000000
vn -0.097930 -0.020243 0.000000
vn -0.098078 -0.019511 0.000000
vn -0.100000 -0.000000 0.000000
vn -0.098078 -0.019511 0.000000
vn -0.100000 -0.000000 0.000000
vn -0.098078 -0.019511 0.000000
vn -0.097930 -0.020243 0.000000
vn -0.092909 -0.036986 0.000000
vn -0.092406 -0.038225 0.000000
vn -0.085837 -0.051303 0.000000
vn -0.084948 -0.052762 0.000000
vn -0.078165 -0.062372 0.000000
vn -0.076974 -0.063836 0.000000
vn -0.070742 -0.070680 0.000000
vn -0.062499 -0.078063 0.000000
vn -0.063974 -0.076859 0.000000
vn -0.057984 -0.081473 0.000000
vn -0.063974 -0.076859 0.000000
vn -0.057984 -0.081473 0.000000
vn -0.063974 -0.076859 0.000000
vn -0.057984 -0.081473 0.000000
vn -0.062499 -0.078063 0.000000
vn -0.051264 -0.085861 0.000000
vn -0.092909 -0.036986 0.000000
vn -0.092406 -0.038225 0.000000
vn -0.085837 -0.051303 0.000000
vn -0.084948 -0.052762 0.000000
vn -0.078165 -0.062372 0.000000
vn -0.076974 -0.063836 0.000000
vn -0.070742 -0.070680 0.000000
vn -0.042841 -0.090358 0.000000
vn -0.048206 -0.087614 0.000000
vn -0.052754 -0.084953 0.000000
vn -0.052754 -0.084953 0.000000
vn -0.052754 -0.084953 0.000000
vn -0.051264 -0.085861 0.000000
vn -0.036456 -0.093118 0.000000
vn -0.040789 -0.091303 0.000000
vn -0.044247 -0.089678 0.000000
vn -0.044247 -0.089678 0.000000
vn -0.048206 -0.087614 0.000000
vn -0.044247 -0.089678 0.000000
vn -0.048206 -0.087614 0.000000
vn -0.042841 -0.090358 0.000000
vn -0.031502 -0.094909 0.000000
vn -0.035073 -0.093648 0.000000
vn -0.037753 -0.092600 0.000000
vn -0.037753 -0.092600 0.000000
vn -0.040789 -0.091303 0.000000
vn -0.037753 -0.092600 0.000000
vn -0.040789 -0.091303 0.000000
vn -0.036456 -0.093118 0.000000
vn -0.027561 -0.096127 0.000000
vn -0.028658 -0.095805 0.000000
vn -0.030568 -0.095214 0.000000
vn -0.032693 -0.094505 0.000000
vn -0.030568 -0.095214 0.000000
vn -0.032693 -0.094505 0.000000
vn -0.030568 -0.095214 0.000000
vn -0.032693 -0.094505 0.000000
vn -0.031502 -0.094909 0.000000
vn -0.024354 -0.096989 0.000000
vn -0.025370 -0.096728 0.000000
vn -0.026935 -0.096304 0.000000
vn -0.026935 -0.096304 0.000000
vn -0.028658 -0.095805 0.000000
vn -0.026935 -0.096304 0.000000
vn -0.028658 -0.095805 0.000000
vn -0.027561 -0.096127 0.000000
vn -0.021690 -0.097619 0.000000
vn -0.022637 -0.097404 0.000000
vn -0.023944 -0.097091 0.000000
vn -0.023944 -0.097091 0.000000
vn -0.025370 -0.096728 0.000000
vn -0.023944 -0.097091 0.000000
vn -0.025370 -0.096728 0.000000
vn -0.024354 -0.096989 0.000000
vn -0.019436 -0.098093 0.000000
vn -0.020325 -0.097913 0.000000
vn -0.021435 -0.097676 0.000000
vn -0.021435 -0.097676 0.000000
vn -0.022637 -0.097404 0.000000
vn -0.021435 -0.097676 0.000000
vn -0.022637 -0.097404 0.000000
vn -0.021690 -0.097619 0.000000
vn -0.017500 -0.098457 0.000000
vn -0.018339 -0.098304 0.000000
vn -0.019296 -0.098121 0.000000
vn -0.019296 -0.098121 0.000000
vn -0.020325 -0.097913 0.000000
vn -0.019296 -0.098121 0.000000
vn -0.020325 -0.097913 0.000000
vn -0.019436 -0.098093 0.000000
vn -0.015812 -0.098742 0.000000
vn -0.016609 -0.098611 0.000000
vn -0.017446 -0.098467 0.000000
vn -0.017446 -0.098467 0.000000
vn -0.018339 -0.098304 0.000000
vn -0.017446 -0.098467 0.000000
vn -0.018339 -0.098304 0.000000
vn -0.017500 -0.098457 0.000000
vn -0.014322 -0.098969 0.000000
vn -0.015084 -0.098856 0.000000
vn -0.015824 -0.098740 0.000000
vn -0.015824 -0.098740 0.000000
vn -0.016609 -0.098611 0.000000
vn -0.015824 -0.098740 0.000000
vn -0.016609 -0.098611 0.000000
vn -0.015812 -0.098742 0.000000
vn -0.012992 -0.099152 0.000000
vn -0.013724 -0.099054 0.000000
vn -0.014385 -0.098960 0.000000
vn -0.014385 -0.098960 0.000000
vn -0.015084 -0.098856 0.000000
vn -0.014385 -0.098960 0.000000
vn -0.015084 -0.098856 0.000000
vn -0.014322 -0.098969 0.000000
vn -0.011793 -0.099302 0.000000
vn -0.012500 -0.099216 0.000000
vn -0.013097 -0.099139 0.000000
vn -0.013097 -0.099139 0.000000
vn -0.013724 -0.099054 0.000000
vn -0.013097 -0.099139 0.000000
vn -0.013724 -0.099054 0.000000
vn -0.012992 -0.099152 0.000000
vn -0.010702 -0.099426 0.000000
vn -0.011388 -0.099349 0.000000
vn -0.011931 -0.099286 0.000000
vn -0.011931 -0.099286 0.000000
vn -0.012500 -0.099216 0.000000
vn -0.011931 -0.099286 0.000000
vn -0.012500 -0.099216 0.000000
vn -0.011793 -0.099302 0.000000
vn -0.009701 -0.099528 0.000000
vn -0.010369 -0.099461 0.000000
vn -0.010868 -0.099408 0.000000
vn -0.010868 -0.099408 0.000000
vn -0.011388 -0.099349 0.000000
vn -0.010868 -0.099408 0.000000
vn -0.011388 -0.099349 0.000000
vn -0.010702 -0.099426 0.000000
vn -0.008774 -0.099614 0.000000
vn -0.009429 -0.099555 0.000000
vn -0.009890 -0.099510 0.000000
vn -0.009890 -0.099510 0.000000
vn -0.010369 -0.099461 0.000000
vn -0.009890 -0.099510 0.000000
vn -0.010369 -0.099461 0.000000
vn -0.009701 -0.099528 0.000000
vn -0.007911 -0.099687 0.000000
vn -0.008139 -0.099668 0.000000
vn -0.008554 -0.099633 0.000000
vn -0.008984 -0.099596 0.000000
vn -0.008554 -0.099633 0.000000
vn -0.008984 -0.099596 0.000000
vn -0.008554 -0.099633 0.000000
vn -0.008984 -0.099596 0.000000
vn -0.008774 -0.099614 0.000000
vn -0.009429 -0.099555 0.000000
vn -0.007100 -0.099748 0.000000
vn -0.007345 -0.099730 0.000000
vn -0.007736 -0.099700 0.000000
vn -0.007736 -0.099700 0.000000
vn -0.008139 -0.099668 0.000000
vn -0.007736 -0.099700 0.000000
vn -0.008139 -0.099668 0.000000
vn -0.007911 -0.099687 0.000000
vn -0.006335 -0.099799 0.000000
vn -0.006595 -0.099782 0.000000
vn -0.006965 -0.099757 0.000000
vn -0.006965 -0.099757 0.000000
vn -0.007345 -0.099730 0.000000
vn -0.006965 -0.099757 0.000000
vn -0.007345 -0.099730 0.000000
vn -0.007100 -0.099748 0.000000
vn -0.004913 -0.099879 0.000000
vn -0.005539 -0.099846 0.000000
vn -0.005883 -0.099827 0.000000
vn -0.006235 -0.099805 0.000000
vn -0.005883 -0.099827 0.000000
vn -0.006235 -0.099805 0.000000
vn -0.005883 -0.099827 0.000000
vn -0.006235 -0.099805 0.000000
vn -0.006335 -0.099799 0.000000
vn -0.006595 -0.099782 0.000000
vn -0.003600 -0.099935 0.000000
vn -0.004231 -0.099910 0.000000
vn -0.004549 -0.099896 0.000000
vn -0.004872 -0.099881 0.000000
vn -0.004549 -0.099896 0.000000
vn -0.004872 -0.099881 0.000000
vn -0.004549 -0.099896 0.000000
vn -0.004872 -0.099881 0.000000
vn -0.004913 -0.099879 0.000000
vn -0.005202 -0.099865 0.000000
vn -0.005539 -0.099846 0.000000
vn -0.005539 -0.099846 0.000000
vn -0.002362 -0.099972 0.000000
vn -0.003006 -0.099955 0.000000
vn -0.003306 -0.099945 0.000000
vn -0.003610 -0.099935 0.000000
vn -0.003306 -0.099945 0.000000
vn -0.003610 -0.099935 0.000000
vn -0.003306 -0.099945 0.000000
vn -0.003610 -0.099935 0.000000
vn -0.003600 -0.099935 0.000000
vn -0.003918 -0.099923 0.000000
vn -0.004231 -0.099910 0.000000
vn -0.004231 -0.099910 0.000000
vn -0.001170 -0.099993 0.000000
vn -0.001838 -0.099983 0.000000
vn -0.002126 -0.099977 0.000000
vn -0.002416 -0.099971 0.000000
vn -0.002126 -0.099977 0.000000
vn -0.002416 -0.099971 0.000000
vn -0.002126 -0.099977 0.000000
vn -0.002416 -0.099971 0.000000
vn -0.002362 -0.099972 0.000000
vn -0.002710 -0.099963 0.000000
vn -0.003006 -0.099955 0.000000
vn -0.003006 -0.099955 0.000000
vn 0.000000 -0.100000 0.000000
vn -0.000702 -0.099998 0.000000
vn -0.000984 -0.099995 0.000000
vn -0.001267 -0.099992 0.000000
vn -0.000984 -0.099995 0.000000
vn -0.001267 -0.099992 0.000000
vn -0.000984 -0.099995 0.000000
vn -0.001267 -0.099992 0.000000
vn -0.001170 -0.099993 0.000000
vn -0.001551 -0.099988 0.000000
vn -0.001838 -0.099983 0.000000
vn -0.001838 -0.099983 0.000000
vn 0.001170 -0.099993 0.000000
vn 0.000702 -0.099998 0.000000
vn 0.000421 -0.099999 0.000000
vn 0.000140 -0.100000 0.000000
vn 0.000421 -0.099999 0.000000
vn 0.000140 -0.100000 0.000000
vn 0.000421 -0.099999 0.000000
vn 0.000140 -0.100000 0.000000
vn 0.000000 -0.100000 0.000000
vn -0.000140 -0.100000 0.000000
vn -0.000421 -0.099999 0.000000
vn -0.000421 -0.099999 0.000000
vn -0.000702 -0.099998 0.000000
vn 0.002362 -0.099972 0.000000
vn 0.001838 -0.099983 0.000000
vn 0.001551 -0.099988 0.000000
vn 0.001267 -0.099992 0.000000
vn 0.001551 -0.099988 0.000000
vn 0.001267 -0.099992 0.000000
vn 0.001551 -0.099988 0.000000
vn 0.001267 -0.099992 0.000000
vn 0.001170 -0.099993 0.000000
vn 0.000984 -0.099995 0.000000
vn 0.000702 -0.099998 0.000000
vn 0.000702 -0.099998 0.000000
vn 0.003600 -0.099935 0.000000
vn 0.003006 -0.099955 0.000000
vn 0.002710 -0.099963 0.000000
vn 0.002416 -0.099971 0.000000
vn 0.002710 -0.099963 0.000000
vn 0.002416 -0.099971 0.000000
vn 0.002710 -0.099963 0.000000
vn 0.002416 -0.099971 0.000000
vn 0.002362 -0.099972 0.000000
vn 0.002126 -0.099977 0.000000
vn 0.001838 -0.099983 0.000000
vn 0.001838 -0.099983 0.000000
vn 0.004913 -0.099879 0.000000
vn 0.004231 -0.099910 0.000000
vn 0.003918 -0.099923 0.000000
vn 0.003610 -0.099935 0.000000
vn 0.003918 -0.099923 0.000000
vn 0.003610 -0.099935 0.000000
vn 0.003918 -0.099923 0.000000
vn 0.003610 -0.099935 0.000000
vn 0.003600 -0.099935 0.000000
vn 0.003306 -0.099945 0.000000
vn 0.003006 -0.099955 0.000000
vn 0.003006 -0.099955 0.000000
vn 0.006335 -0.099799 0.000000
vn 0.005539 -0.099846 0.000000
vn 0.005202 -0.099865 0.000000
vn 0.004872 -0.099881 0.000000
vn 0.005202 -0.099865 0.000000
vn 0.004872 -0.099881 0.000000
vn 0.005202 -0.099865 0.000000
vn 0.004872 -0.099881 0.000000
vn 0.004913 -0.099879 0.000000
vn 0.004549 -0.099896 0.000000
vn 0.004231 -0.099910 0.000000
vn 0.004231 -0.099910 0.000000
vn 0.007100 -0.099748 0.000000
vn 0.006595 -0.099782 0.000000
vn 0.006235 -0.099805 0.000000
vn 0.005883 -0.099827 0.000000
vn 0.006235 -0.099805 0.000000
vn 0.005883 -0.099827 0.000000
vn 0.006235 -0.099805 0.000000
vn 0.005883 -0.099827 0.000000
vn 0.006335 -0.099799 0.000000
vn 0.005539 -0.099846 0.000000
vn 0.007911 -0.099687 0.000000
vn 0.007345 -0.099730 0.000000
vn 0.006965 -0.099757 0.000000
vn 0.006965 -0.099757 0.000000
vn 0.006595 -0.099782 0.000000
vn 0.006965 -0.099757 0.000000
vn 0.006595 -0.099782 0.000000
vn 0.007100 -0.099748 0.000000
vn 0.008774 -0.099614 0.000000
vn 0.008139 -0.099668 0.000000
vn 0.007736 -0.099700 0.000000
vn 0.007736 -0.099700 0.000000
vn 0.007345 -0.099730 0.000000
vn 0.007736 -0.099700 0.000000
vn 0.007345 -0.099730 0.000000
vn 0.007911 -0.099687 0.000000
vn 0.009701 -0.099528 0.000000
vn 0.009429 -0.099555 0.000000
vn 0.008984 -0.099596 0.000000
vn 0.008554 -0.099633 0.000000
vn 0.008984 -0.099596 0.000000
vn 0.008554 -0.099633 0.000000
vn 0.008984 -0.099596 0.000000
vn 0.008554 -0.099633 0.000000
vn 0.008774 -0.099614 0.000000
vn 0.008139 -0.099668 0.000000
vn 0.010702 -0.099426 0.000000
vn 0.010369 -0.099461 0.000000
vn 0.009890 -0.099510 0.000000
vn 0.009890 -0.099510 0.000000
vn 0.009429 -0.099555 0.000000
vn 0.009890 -0.099510 0.000000
vn 0.009429 -0.099555 0.000000
vn 0.009701 -0.099528 0.000000
vn 0.011793 -0.099302 0.000000
vn 0.011388 -0.099349 0.000000
vn 0.010868 -0.099408 0.000000
vn 0.010868 -0.099408 0.000000
vn 0.010369 -0.099461 0.000000
vn 0.010868 -0.099408 0.000000
vn 0.010369 -0.099461 0.000000
vn 0.010702 -0.099426 0.000000
vn 0.012992 -0.099152 0.000000
vn 0.012500 -0.099216 0.000000
vn 0.011931 -0.099286 0.000000
vn 0.011931 -0.099286 0.000000
vn 0.011388 -0.099349 0.000000
vn 0.011931 -0.099286 0.000000
vn 0.011388 -0.099349 0.000000
vn 0.011793 -0.099302 0.000000
vn 0.014322 -0.098969 0.000000
vn 0.013724 -0.099054 0.000000
vn 0.013097 -0.099139 0.000000
vn 0.013097 -0.099139 0.000000
vn 0.012500 -0.099216 0.000000
vn 0.013097 -0.099139 0.000000
vn 0.012500 -0.099216 0.000000
vn 0.012992 -0.099152 0.000000
vn 0.015812 -0.098742 0.000000
vn 0.015084 -0.098856 0.000000
vn 0.014385 -0.098960 0.000000
vn 0.014385 -0.098960 0.000000
vn 0.013724 -0.099054 0.000000
vn 0.014385 -0.098960 0.000000
vn 0.013724 -0.099054 0.000000
vn 0.014322 -0.098969 0.000000
vn 0.017500 -0.098457 0.000000
vn 0.016609 -0.098611 0.000000
vn 0.015824 -0.098740 0.000000
vn 0.015824 -0.098740 0.000000
vn 0.015084 -0.098856 0.000000
vn 0.015824 -0.098740 0.000000
vn 0.015084 -0.098856 0.000000
vn 0.015812 -0.098742 0.000000
vn 0.019436 -0.098093 0.000000
vn 0.018339 -0.098304 0.000000
vn 0.017446 -0.098467 0.000000
vn 0.017446 -0.098467 0.000000
vn 0.016609 -0.098611 0.000000
vn 0.017446 -0.098467 0.000000
vn 0.016609 -0.098611 0.000000
vn 0.017500 -0.098457 0.000000
vn 0.021690 -0.097619 0.000000
vn 0.020325 -0.097913 0.000000
vn 0.019296 -0.098121 0.000000
vn 0.019296 -0.098121 0.000000
vn 0.018339 -0.098304 0.000000
vn 0.019296 -0.098121 0.000000
vn 0.018339 -0.098304 0.000000
vn 0.019436 -0.098093 0.000000
vn 0.024354 -0.096989 0.000000
vn 0.022637 -0.097404 0.000000
vn 0.021435 -0.097676 0.000000
vn 0.021435 -0.097676 0.000000
vn 0.020325 -0.097913 0.000000
vn 0.021435 -0.097676 0.000000
vn 0.020325 -0.097913 0.000000
vn 0.021690 -0.097619 0.000000
vn 0.027561 -0.096127 0.000000
vn 0.025370 -0.096728 0.000000
vn 0.023944 -0.097091 0.000000
vn 0.023944 -0.097091 0.000000
vn 0.022637 -0.097404 0.000000
vn 0.023944 -0.097091 0.000000
vn 0.022637 -0.097404 0.000000
vn 0.024354 -0.096989 0.000000
vn 0.031502 -0.094909 0.000000
vn 0.028658 -0.095805 0.000000
vn 0.026935 -0.096304 0.000000
vn 0.026935 -0.096304 0.000000
vn 0.025370 -0.096728 0.000000
vn 0.026935 -0.096304 0.000000
vn 0.025370 -0.096728 0.000000
vn 0.027561 -0.096127 0.000000
vn 0.036456 -0.093118 0.000000
vn 0.032693 -0.094505 0.000000
vn 0.030568 -0.095214 0.000000
vn 0.030568 -0.095214 0.000000
vn 0.028658 -0.095805 0.000000
vn 0.030568 -0.095214 0.000000
vn 0.028658 -0.095805 0.000000
vn 0.031502 -0.094909 0.000000
vn 0.042841 -0.090358 0.000000
vn 0.040789 -0.091303 0.000000
vn 0.037753 -0.092600 0.000000
vn 0.035073 -0.093648 0.000000
vn 0.037753 -0.092600 0.000000
vn 0.035073 -0.093648 0.000000
vn 0.037753 -0.092600 0.000000
vn 0.035073 -0.093648 0.000000
vn 0.036456 -0.093118 0.000000
vn 0.051264 -0.085861 0.000000
vn 0.048206 -0.087614 0.000000
vn 0.044247 -0.089678 0.000000
vn 0.044247 -0.089678 0.000000
vn 0.040789 -0.091303 0.000000
vn 0.044247 -0.089678 0.000000
vn 0.040789 -0.091303 0.000000
vn 0.042841 -0.090358 0.000000
vn 0.062499 -0.078063 0.000000
vn 0.057984 -0.081473 0.000000
vn 0.052754 -0.084953 0.000000
vn 0.052754 -0.084953 0.000000
vn 0.048206 -0.087614 0.000000
vn 0.052754 -0.084953 0.000000
vn 0.048206 -0.087614 0.000000
vn 0.051264 -0.085861 0.000000
vn 0.076974 -0.063836 0.000000
vn 0.070742 -0.070680 0.000000
vn 0.063974 -0.076859 0.000000
vn 0.063974 -0.076859 0.000000
vn 0.057984 -0.081473 0.000000
vn 0.063974 -0.076859 0.000000
vn 0.057984 -0.081473 0.000000
vn 0.062499 -0.078063 0.000000
vn 0.078165 -0.062372 0.000000
vn 0.084948 -0.052762 0.000000
vn 0.085837 -0.051303 0.000000
vn 0.092406 -0.038225 0.000000
vn 0.092909 -0.036986 0.000000
vn 0.097930 -0.020243 0.000000
vn 0.098078 -0.019511 0.000000
vn 0.098078 -0.019511 0.000000
vn 0.098078 -0.019511 0.000000
vn 0.097930 -0.020243 0.000000
vn 0.092909 -0.036986 0.000000
vn 0.092406 -0.038225 0.000000
vn 0.085837 -0.051303 0.000000
vn 0.084948 -0.052762 0.000000
vn 0.078165 -0.062372 0.000000
vn 0.076974 -0.063836 0.000000
vn 0.070742 -0.070680 0.000000
vn -0.000702 -0.099998 0.000000
vn -0.035073 -0.093648 0.000000
vn -0.035073 -0.093648 0.000000
vn -0.009429 -0.099555 0.000000
vn -0.005202 -0.099865 0.000000
vn -0.003918 -0.099923 0.000000
vn -0.003918 -0.099923 0.000000
vn -0.002710 -0.099963 0.000000
vn -0.002710 -0.099963 0.000000
vn -0.001551 -0.099988 0.000000
vn -0.001551 -0.099988 0.000000
vn -0.000421 -0.099999 0.000000
vn -0.000140 -0.100000 0.000000
vn 0.000984 -0.099995 0.000000
vn 0.002126 -0.099977 0.000000
vn 0.003306 -0.099945 0.000000
vn 0.004549 -0.099896 0.000000
vn 0.004549 -0.099896 0.000000
vn 0.008139 -0.099668 0.000000
vn 0.032693 -0.094505 0.000000
vn 0.032693 -0.094505 0.000000
vn -0.092909 -0.036986 0.000000
vn -0.085837 -0.051303 0.000000
vn -0.078165 -0.062372 0.000000
vn -0.070742 -0.070680 0.000000
vn -0.006595 -0.099782 0.000000
vn -0.005202 -0.099865 0.000000
vn -0.000140 -0.100000 0.000000
vn 0.000984 -0.099995 0.000000
vn 0.002126 -0.099977 0.000000
vn 0.003306 -0.099945 0.000000
vn 0.005539 -0.099846 0.000000
vn 0.070742 -0.070680 0.000000
vn 0.078165 -0.062372 0.000000
vn 0.085837 -0.051303 0.000000
vn 0.092909 -0.036986 0.000000
vn -0.100000 0.000000 0.000000
vn -0.100000 0.000000 0.000000
vn 0.000000 0.100000 0.000000
vn 0.000000 0.100000 0.000000
vn 0.000000 0.100000 0.000000
vn 0.000000 0.100000 0.000000
vn 0.000000 0.100000 0.000000
vn 0.000000 0.100000 0.000000
vn 0.000000 0.000000 0.100000
vn 0.000000 0.000000 0.100000
vn 0.000000 0.000000 0.100000
vn 0.000000 0.000000 0.100000
vn 0.000000 0.000000 0.100000
vn 0.000000 0.000000 0.100000
vn 0.000000 0.000000 0.100000
vn 0.000000 0.000000 0.100000
vn 0.000000 0.000000 0.100000
vn 0.000000 0.000000 0.100000
vn 0.000000 0.000000 0.100000
vn 0.000000 0.000000 0.100000
vn 0.000000 0.000000 0.100000
vn 0.000000 0.000000 0.100000
vn 0.000000 0.000000 0.100000
vn 0.000000 0.000000 0.100000
vn 0.000000 0.000000 0.100000
vn 0.000000 0.000000 0.100000
vn 0.000000 0.000000 0.100000
vn 0.000000 0.000000 0.100000
vn 0.000000 0.000000 0.100000
vn 0.000000 0.000000 0.100000
vn 0.000000 0.000000 0.100000
vn 0.000000 0.000000 0.100000
vn 0.000000 0.000000 0.100000
vn 0.000000 0.000000 0.100000
vn 0.000000 0.000000 0.100000
vn 0.000000 0.000000 0.100000
vn 0.000000 0.000000 0.100000
vn 0.000000 0.000000 0.100000
vn 0.000000 0.000000 0.100000
vn 0.000000 0.000000 0.100000
vn 0.000000 0.000000 0.100000
vn 0.000000 0.000000 0.100000
vn 0.000000 0.000000 0.100000
vn 0.000000 0.000000 0.100000
vn 0.000000 0.000000 0.100000
vn 0.000000 0.000000 0.100000
vn 0.000000 0.000000 0.100000
vn 0.000000 0.000000 0.100000
vn 0.000000 0.000000 0.100000
vn 0.000000 0.000000 0.100000
vn 0.000000 0.000000 0.100000
vn 0.000000 0.000000 0.100000
vn 0.000000 0.000000 0.100000
vn 0.000000 0.000000 0.100000
vn 0.000000 0.000000 0.100000
vn 0.000000 0.000000 0.100000
vn 0.000000 0.000000 0.100000
vn 0.000000 0.000000 0.100000
vn 0.000000 0.000000 0.100000
vn 0.000000 0.000000 0.100000
vn 0.000000 0.000000 0.100000
vn 0.000000 0.000000 0.100000
vn 0.000000 0.000000 0.100000
vn 0.000000 0.000000 0.100000
vn 0.000000 0.000000 0.100000
vn 0.000000 0.000000 0.100000
vn 0.000000 0.000000 0.100000
vn 0.000000 0.000000 0.100000
vn 0.000000 0.000000 0.100000
vn 0.000000 0.000000 0.100000
vn 0.000000 0.000000 0.100000
vn 0.000000 0.000000 0.100000
vn 0.000000 0.000000 0.100000
vn 0.000000 0.000000 0.100000
vn 0.000000 0.000000 0.100000
vn 0.000000 0.000000 0.100000
vn 0.000000 0.000000 0.100000
vn 0.000000 0.000000 0.100000
vn 0.000000 0.000000 0.100000
vn 0.000000 0.000000 0.100000
vn 0.000000 0.000000 0.100000
vn 0.000000 0.000000 0.100000
vn 0.000000 0.000000 0.100000
vn 0.000000 0.000000 0.100000
vn 0.000000 0.000000 0.100000
vn 0.000000 0.000000 0.100000
vn 0.000000 0.000000 0.100000
vn 0.000000 0.000000 0.100000
vn 0.000000 0.000000 0.100000
vn 0.000000 0.000000 0.100000
vn 0.000000 0.000000 0.100000
vn 0.000000 0.000000 0.100000
vn 0.000000 0.000000 0.100000
vn 0.000000 0.000000 0.100000
vn 0.000000 0.000000 0.100000
vn 0.000000 0.000000 0.100000
vn 0.000000 0.000000 0.100000
vn 0.000000 0.000000 0.100000
vn 0.000000 0.000000 0.100000
vn 0.000000 0.000000 0.100000
vn 0.000000 0.000000 0.100000
vn 0.000000 0.000000 0.100000
vn 0.000000 0.000000 0.100000
vn 0.000000 0.000000 0.100000
vn 0.000000 0.000000 0.100000
vn 0.000000 0.000000 0.100000
vn 0.000000 0.000000 0.100000
vn 0.000000 0.000000 0.100000
vn 0.000000 0.000000 0.100000
vn 0.000000 0.000000 0.100000
vn 0.000000 0.000000 0.100000
vn 0.000000 0.000000 0.100000
vn 0.000000 0.000000 0.100000
vn 0.000000 0.000000 0.100000
vn 0.000000 0.000000 0.100000
vn 0.000000 0.000000 0.100000
vn 0.000000 0.000000 0.100000
vn 0.000000 0.000000 0.100000
vn 0.000000 0.000000 0.100000
vn 0.000000 0.000000 0.100000
vn 0.000000 0.000000 0.100000
vn 0.000000 0.000000 0.100000
vn 0.000000 0.000000 0.100000
vn 0.000000 0.000000 0.100000
vn 0.000000 0.000000 0.100000
vn 0.000000 0.000000 0.100000
vn 0.000000 0.000000 0.100000
vn 0.000000 0.000000 0.100000
vn 0.000000 0.000000 0.100000
vn 0.000000 0.000000 0.100000
vn 0.000000 0.000000 0.100000
vn 0.000000 0.000000 0.100000
vn 0.000000 0.000000 0.100000
vn 0.000000 0.000000 0.100000
vn 0.000000 0.000000 0.100000
vn 0.000000 0.000000 0.100000
vn 0.000000 0.000000 0.100000
vn 0.000000 0.000000 0.100000
vn 0.000000 0.000000 0.100000
vn 0.000000 0.000000 0.100000
vn 0.000000 0.000000 0.100000
vn 0.000000 0.000000 0.100000
vn 0.000000 0.000000 0.100000
vn 0.000000 0.000000 0.100000
vn 0.000000 0.000000 0.100000
vn 0.000000 0.000000 0.100000
vn 0.000000 0.000000 0.100000
vn 0.000000 0.000000 0.100000
vn 0.000000 0.000000 0.100000
vn 0.000000 0.000000 0.100000
vn 0.000000 0.000000 0.100000
vn 0.000000 0.000000 0.100000
vn 0.000000 0.000000 0.100000
vn 0.000000 0.000000 0.100000
vn 0.000000 0.000000 0.100000
vn 0.000000 0.000000 0.100000
vn 0.000000 0.000000 0.100000
vn 0.000000 0.000000 0.100000
vn 0.000000 0.000000 0.100000
vn 0.000000 0.000000 0.100000
vn 0.000000 0.000000 0.100000
vn 0.000000 0.000000 0.100000
vn 0.000000 0.000000 0.100000
vn 0.000000 0.000000 0.100000
vn 0.000000 0.000000 0.100000
vn 0.000000 0.000000 0.100000
vn 0.000000 0.000000 0.100000
vn 0.000000 0.000000 0.100000
vn 0.000000 0.000000 0.100000
vn 0.000000 0.000000 0.100000
vn 0.000000 0.000000 0.100000
vn 0.000000 0.000000 0.100000
vn 0.000000 0.000000 0.100000
vn 0.000000 0.000000 0.100000
vn 0.000000 0.000000 0.100000
vn 0.000000 0.000000 0.100000
vn 0.000000 0.000000 0.100000
vn 0.000000 0.000000 0.100000
vn 0.000000 0.000000 0.100000
vn 0.000000 0.000000 0.100000
vn 0.000000 0.000000 0.100000
vn 0.000000 0.000000 0.100000
vn 0.000000 0.000000 0.100000
vn 0.000000 0.000000 0.100000
vn 0.000000 0.000000 0.100000
vn 0.000000 0.000000 0.100000
vn 0.000000 0.000000 0.100000
vn 0.000000 0.000000 0.100000
vn 0.000000 0.000000 0.100000
vn 0.000000 0.000000 0.100000
vn 0.000000 0.000000 0.100000
vn 0.000000 0.000000 0.100000
vn 0.000000 0.000000 0.100000
vn 0.000000 0.000000 0.100000
vn 0.000000 0.000000 0.100000
vn 0.000000 0.000000 0.100000
vn 0.000000 0.000000 0.100000
vn 0.000000 0.000000 0.100000
vn 0.000000 0.000000 0.100000
vn 0.000000 0.000000 0.100000
vn 0.000000 0.000000 0.100000
vn 0.000000 0.000000 0.100000
vn 0.000000 0.000000 0.100000
vn 0.000000 0.000000 0.100000
vn 0.000000 0.000000 0.100000
vn 0.000000 0.000000 0.100000
vn 0.000000 0.000000 0.100000
vn 0.000000 0.000000 0.100000
vn 0.000000 0.000000 0.100000
vn 0.000000 0.000000 0.100000
vn 0.000000 0.000000 0.100000
vn 0.000000 0.000000 0.100000
vn 0.000000 0.000000 0.100000
vn 0.000000 0.000000 0.100000
vn 0.000000 0.000000 0.100000
vn 0.000000 0.000000 0.100000
vn 0.000000 0.000000 0.100000
vn 0.000000 0.000000 0.100000
vn 0.000000 0.000000 0.100000
vn 0.000000 0.000000 0.100000
vn 0.000000 0.000000 0.100000
vn 0.000000 0.000000 0.100000
vn 0.000000 0.000000 0.100000
vn 0.000000 0.000000 0.100000
vn 0.000000 0.000000 0.100000
vn 0.000000 0.000000 0.100000
vn 0.000000 0.000000 0.100000
vn 0.000000 0.000000 0.100000
vn 0.000000 0.000000 0.100000
vn 0.000000 0.000000 0.100000
vn 0.000000 0.000000 0.100000
vn 0.000000 0.000000 0.100000
vn 0.000000 0.000000 0.100000
vn 0.000000 0.000000 0.100000
vn 0.000000 0.000000 0.100000
vn 0.000000 0.000000 0.100000
vn 0.000000 0.000000 0.100000
vn 0.000000 0.000000 0.100000
vn 0.000000 0.000000 0.100000
vn 0.000000 0.000000 0.100000
vn 0.000000 0.000000 0.100000
vn 0.000000 0.000000 0.100000
vn 0.000000 0.000000 0.100000
vn 0.000000 0.000000 0.100000
vn 0.000000 0.000000 0.100000
vn 0.000000 0.000000 0.100000
vn 0.000000 0.000000 0.100000
vn 0.000000 0.000000 0.100000
vn 0.000000 0.000000 0.100000
vn 0.000000 0.000000 0.100000
vn 0.000000 0.000000 0.100000
vn 0.000000 0.000000 0.100000
vn 0.000000 0.000000 0.100000
vn 0.000000 0.000000 0.100000
vn 0.000000 0.000000 0.100000
vn 0.000000 0.000000 -0.100000
vn 0.000000 0.000000 -0.100000
vn 0.000000 0.000000 -0.100000
vn 0.000000 0.000000 -0.100000
vn 0.000000 0.000000 -0.100000
vn 0.000000 0.000000 -0.100000
vn 0.000000 0.000000 -0.100000
vn 0.000000 0.000000 -0.100000
vn 0.000000 0.000000 -0.100000
vn 0.000000 0.000000 -0.100000
vn 0.000000 0.000000 -0.100000
vn 0.000000 0.000000 -0.100000
vn 0.000000 0.000000 -0.100000
vn 0.000000 0.000000 -0.100000
vn 0.000000 0.000000 -0.100000
vn 0.000000 0.000000 -0.100000
vn 0.000000 0.000000 -0.100000
vn 0.000000 0.000000 -0.100000
vn 0.000000 0.000000 -0.100000
vn 0.000000 0.000000 -0.100000
vn 0.000000 0.000000 -0.100000
vn 0.000000 0.000000 -0.100000
vn 0.000000 0.000000 -0.100000
vn 0.000000 0.000000 -0.100000
vn 0.000000 0.000000 -0.100000
vn 0.000000 0.000000 -0.100000
vn 0.000000 0.000000 -0.100000
vn 0.000000 0.000000 -0.100000
vn 0.000000 0.000000 -0.100000
vn 0.000000 0.000000 -0.100000
vn 0.000000 0.000000 -0.100000
vn 0.000000 0.000000 -0.100000
vn 0.000000 0.000000 -0.100000
vn 0.000000 0.000000 -0.100000
vn 0.000000 0.000000 -0.100000
vn 0.000000 0.000000 -0.100000
vn 0.000000 0.000000 -0.100000
vn 0.000000 0.000000 -0.100000
vn 0.000000 0.000000 -0.100000
vn 0.000000 0.000000 -0.100000
vn 0.000000 0.000000 -0.100000
vn 0.000000 0.000000 -0.100000
vn 0.000000 0.000000 -0.100000
vn 0.000000 0.000000 -0.100000
vn 0.000000 0.000000 -0.100000
vn 0.000000 0.000000 -0.100000
vn 0.000000 0.000000 -0.100000
vn 0.000000 0.000000 -0.100000
vn 0.000000 0.000000 -0.100000
vn 0.000000 0.000000 -0.100000
vn 0.000000 0.000000 -0.100000
vn 0.000000 0.000000 -0.100000
vn 0.000000 0.000000 -0.100000
vn 0.000000 0.000000 -0.100000
vn 0.000000 0.000000 -0.100000
vn 0.000000 0.000000 -0.100000
vn 0.000000 0.000000 -0.100000
vn 0.000000 0.000000 -0.100000
vn 0.000000 0.000000 -0.100000
vn 0.000000 0.000000 -0.100000
vn 0.000000 0.000000 -0.100000
vn 0.000000 0.000000 -0.100000
vn 0.000000 0.000000 -0.100000
vn 0.000000 0.000000 -0.100000
vn 0.000000 0.000000 -0.100000
vn 0.000000 0.000000 -0.100000
vn 0.000000 0.000000 -0.100000
vn 0.000000 0.000000 -0.100000
vn 0.000000 0.000000 -0.100000
vn 0.000000 0.000000 -0.100000
vn 0.000000 0.000000 -0.100000
vn 0.000000 0.000000 -0.100000
vn 0.000000 0.000000 -0.100000
vn 0.000000 0.000000 -0.100000
vn 0.000000 0.000000 -0.100000
vn 0.000000 0.000000 -0.100000
vn 0.000000 0.000000 -0.100000
vn 0.000000 0.000000 -0.100000
vn 0.000000 0.000000 -0.100000
vn 0.000000 0.000000 -0.100000
vn 0.000000 0.000000 -0.100000
vn 0.000000 0.000000 -0.100000
vn 0.000000 0.000000 -0.100000
vn 0.000000 0.000000 -0.100000
vn 0.000000 0.000000 -0.100000
vn 0.000000 0.000000 -0.100000
vn 0.000000 0.000000 -0.100000
vn 0.000000 0.000000 -0.100000
vn 0.000000 0.000000 -0.100000
vn 0.000000 0.000000 -0.100000
vn 0.000000 0.000000 -0.100000
vn 0.000000 0.000000 -0.100000
vn 0.000000 0.000000 -0.100000
vn 0.000000 0.000000 -0.100000
vn 0.000000 0.000000 -0.100000
vn 0.000000 0.000000 -0.100000
vn 0.000000 0.000000 -0.100000
vn 0.000000 0.000000 -0.100000
vn 0.000000 0.000000 -0.100000
vn 0.000000 0.000000 -0.100000
vn 0.000000 0.000000 -0.100000
vn 0.000000 0.000000 -0.100000
vn 0.000000 0.000000 -0.100000
vn 0.000000 0.000000 -0.100000
vn 0.000000 0.000000 -0.100000
vn 0.000000 0.000000 -0.100000
vn 0.000000 0.000000 -0.100000
vn 0.000000 0.000000 -0.100000
vn 0.000000 0.000000 -0.100000
vn 0.000000 0.000000 -0.100000
vn 0.000000 0.000000 -0.100000
vn 0.000000 0.000000 -0.100000
vn 0.000000 0.000000 -0.100000
vn 0.000000 0.000000 -0.100000
vn 0.000000 0.000000 -0.100000
vn 0.000000 0.000000 -0.100000
vn 0.000000 0.000000 -0.100000
vn 0.000000 0.000000 -0.100000
vn 0.000000 0.000000 -0.100000
vn 0.000000 0.000000 -0.100000
vn 0.000000 0.000000 -0.100000
vn 0.000000 0.000000 -0.100000
vn 0.000000 0.000000 -0.100000
vn 0.000000 0.000000 -0.100000
vn 0.000000 0.000000 -0.100000
vn 0.000000 0.000000 -0.100000
vn 0.000000 0.000000 -0.100000
vn 0.000000 0.000000 -0.100000
vn 0.000000 0.000000 -0.100000
vn 0.000000 0.000000 -0.100000
vn 0.000000 0.000000 -0.100000
vn 0.000000 0.000000 -0.100000
vn 0.000000 0.000000 -0.100000
vn 0.000000 0.000000 -0.100000
vn 0.000000 0.000000 -0.100000
vn 0.000000 0.000000 -0.100000
vn 0.000000 0.000000 -0.100000
vn 0.000000 0.000000 -0.100000
vn 0.000000 0.000000 -0.100000
vn 0.000000 0.000000 -0.100000
vn 0.000000 0.000000 -0.100000
vn 0.000000 0.000000 -0.100000
vn 0.000000 0.000000 -0.100000
vn 0.000000 0.000000 -0.100000
vn 0.000000 0.000000 -0.100000
vn 0.000000 0.000000 -0.100000
vn 0.000000 0.000000 -0.100000
vn 0.000000 0.000000 -0.100000
vn 0.000000 0.000000 -0.100000
vn 0.000000 0.000000 -0.100000
vn 0.000000 0.000000 -0.100000
vn 0.000000 0.000000 -0.100000
vn 0.000000 0.000000 -0.100000
vn 0.000000 0.000000 -0.100000
vn 0.000000 0.000000 -0.100000
vn 0.000000 0.000000 -0.100000
vn 0.000000 0.000000 -0.100000
vn 0.000000 0.000000 -0.100000
vn 0.000000 0.000000 -0.100000
vn 0.000000 0.000000 -0.100000
vn 0.000000 0.000000 -0.100000
vn 0.000000 0.000000 -0.100000
vn 0.000000 0.000000 -0.100000
vn 0.000000 0.000000 -0.100000
vn 0.000000 0.000000 -0.100000
vn 0.000000 0.000000 -0.100000
vn 0.000000 0.000000 -0.100000
vn 0.000000 0.000000 -0.100000
vn 0.000000 0.000000 -0.100000
vn 0.000000 0.000000 -0.100000
vn 0.000000 0.000000 -0.100000
vn 0.000000 0.000000 -0.100000
vn 0.000000 0.000000 -0.100000
vn 0.000000 0.000000 -0.100000
vn 0.000000 0.000000 -0.100000
vn 0.000000 0.000000 -0.100000
vn 0.000000 0.000000 -0.100000
vn 0.000000 0.000000 -0.100000
vn 0.000000 0.000000 -0.100000
vn 0.000000 0.000000 -0.100000
vn 0.000000 0.000000 -0.100000
vn 0.000000 0.000000 -0.100000
vn 0.000000 0.000000 -0.100000
vn 0.000000 0.000000 -0.100000
vn 0.000000 0.000000 -0.100000
vn 0.000000 0.000000 -0.100000
vn 0.000000 0.000000 -0.100000
vn 0.000000 0.000000 -0.100000
vn 0.000000 0.000000 -0.100000
vn 0.000000 0.000000 -0.100000
vn 0.000000 0.000000 -0.100000
vn 0.000000 0.000000 -0.100000
vn 0.000000 0.000000 -0.100000
vn 0.000000 0.000000 -0.100000
vn 0.000000 0.000000 -0.100000
vn 0.000000 0.000000 -0.100000
vn 0.000000 0.000000 -0.100000
vn 0.000000 0.000000 -0.100000
vn 0.000000 0.000000 -0.100000
vn 0.000000 0.000000 -0.100000
vn 0.000000 0.000000 -0.100000
vn 0.000000 0.000000 -0.100000
vn 0.000000 0.000000 -0.100000
vn 0.000000 0.000000 -0.100000
vn 0.000000 0.000000 -0.100000
vn 0.000000 0.000000 -0.100000
vn 0.000000 0.000000 -0.100000
vn 0.000000 0.000000 -0.100000
vn 0.000000 0.000000 -0.100000
vn 0.000000 0.000000 -0.100000
vn 0.000000 0.000000 -0.100000
vn 0.000000 0.000000 -0.100000
vn 0.000000 0.000000 -0.100000
vn 0.000000 0.000000 -0.100000
vn 0.000000 0.000000 -0.100000
vn 0.000000 0.000000 -0.100000
vn 0.000000 0.000000 -0.100000
vn 0.000000 0.000000 -0.100000
vn 0.000000 0.000000 -0.100000
vn 0.000000 0.000000 -0.100000
vn 0.000000 0.000000 -0.100000
vn 0.000000 0.000000 -0.100000
vn 0.000000 0.000000 -0.100000
vn 0.000000 0.000000 -0.100000
vn 0.000000 0.000000 -0.100000
vn 0.000000 0.000000 -0.100000
vn 0.000000 0.000000 -0.100000
vn 0.000000 0.000000 -0.100000
vn 0.000000 0.000000 -0.100000
vn 0.000000 0.000000 -0.100000
vn 0.000000 0.000000 -0.100000
vn 0.000000 0.000000 -0.100000
vn 0.000000 0.000000 -0.100000
vn 0.000000 0.000000 -0.100000
vn 0.000000 0.000000 -0.100000
vn 0.000000 0.000000 -0.100000
vn 0.000000 0.000000 -0.100000
vn 0.000000 0.000000 -0.100000
vn 0.000000 0.000000 -0.100000
vn 0.000000 0.000000 -0.100000
vn 0.000000 0.000000 -0.100000
vn 0.000000 0.000000 -0.100000
vn 0.000000 0.000000 -0.100000
vn 0.000000 0.000000 -0.100000
vn 0.000000 0.000000 -0.100000
vn 0.000000 0.000000 -0.100000
vn 0.000000 0.000000 -0.100000
usemtl ABS_(White)
f 2/1/1 3/2/2 1/3/3
f 1/3/3 3/2/2 29/4/4
f 29/4/4 3/2/2 4/5/5
f 29/4/4 4/5/5 5/6/6
f 5/6/6 6/7/7 29/4/4
f 29/4/4 6/7/7 28/8/8
f 28/8/8 6/7/7 7/9/9
f 28/8/8 7/9/9 8/10/10
f 8/10/10 9/11/11 28/8/8
f 28/8/8 9/11/11 27/12/12
f 27/12/12 9/11/11 10/13/13
f 27/12/12 10/13/13 11/14/14
f 11/14/14 12/15/15 27/12/12
f 27/12/12 12/15/15 26/16/16
f 26/16/16 12/15/15 13/17/17
f 26/16/16 13/17/17 14/18/18
f 14/18/18 15/19/19 26/16/16
f 26/16/16 15/19/19 25/20/20
f 25/20/20 15/19/19 16/21/21
f 25/20/20 16/21/21 17/22/22
f 17/22/22 18/23/23 25/20/20
f 25/20/20 18/23/23 24/24/24
f 24/24/24 18/23/23 19/25/25
f 24/24/24 19/25/25 20/26/26
f 20/26/26 21/27/27 24/24/24
f 24/24/24 21/27/27 22/28/28
f 24/24/24 22/28/28 23/29/29
f 31/30/30 32/31/31 30/32/32
f 30/32/32 32/31/31 58/33/33
f 58/33/33 32/31/31 33/34/34
f 58/33/33 33/34/34 34/35/35
f 34/35/35 35/36/36 58/33/33
f 58/33/33 35/36/36 57/37/37
f 57/37/37 35/36/36 36/38/38
f 57/37/37 36/38/38 37/39/39
f 37/39/39 38/40/40 57/37/37
f 57/37/37 38/40/40 56/41/41
f 56/41/41 38/40/40 39/42/42
f 56/41/41 39/42/42 40/43/43
f 40/43/43 41/44/44 56/41/41
f 56/41/41 41/44/44 55/45/45
f 55/45/45 41/44/44 42/46/46
f 55/45/45 42/46/46 43/47/47
f 43/47/47 44/48/48 55/45/45
f 55/45/45 44/48/48 54/49/49
f 54/49/49 44/48/48 45/50/50
f 54/49/49 45/50/50 46/51/51
f 46/51/51 47/52/52 54/49/49
f 54/49/49 47/52/52 53/53/53
f 53/53/53 47/52/52 48/54/54
f 53/53/53 48/54/54 49/55/55
f 49/55/55 50/56/56 53/53/53
f 53/53/53 50/56/56 51/57/57
f 53/53/53 51/57/57 52/58/58
f 60/59/59 61/60/60 59/61/61
f 59/61/61 61/60/60 87/62/62
f 87/62/62 61/60/60 62/63/63
f 87/62/62 62/63/63 63/64/64
f 63/64/64 64/65/65 87/62/62
f 87/62/62 64/65/65 86/66/66
f 86/66/66 64/65/65 65/67/67
f 86/66/66 65/67/67 66/68/68
f 66/68/68 67/69/69 86/66/66
f 86/66/66 67/69/69 85/70/70
f 85/70/70 67/69/69 68/71/71
f 85/70/70 68/71/71 69/72/72
f 69/72/72 70/73/73 85/70/70
f 85/70/70 70/73/73 84/74/74
f 84/74/74 70/73/73 71/75/75
f 84/74/74 71/75/75 72/76/76
f 72/76/76 73/77/77 84/74/74
f 84/74/74 73/77/77 83/78/78
f 83/78/78 73/77/77 74/79/79
f 83/78/78 74/79/79 75/80/80
f 75/80/80 76/81/81 83/78/78
f 83/78/78 76/81/81 82/82/82
f 82/82/82 76/81/81 77/83/83
f 82/82/82 77/83/83 78/84/84
f 78/84/84 79/85/85 82/82/82
f 82/82/82 79/85/85 80/86/86
f 82/82/82 80/86/86 81/87/87
f 89/88/88 90/89/89 88/90/90
f 88/90/90 90/89/89 116/91/91
f 116/91/91 90/89/89 91/92/92
f 116/91/91 91/92/92 92/93/93
f 92/93/93 93/94/94 116/91/91
f 116/91/91 93/94/94 115/95/95
f 115/95/95 93/94/94 94/96/96
f 115/95/95 94/96/96 95/97/97
f 95/97/97 96/98/98 115/95/95
f 115/95/95 96/98/98 114/99/99
f 114/99/99 96/98/98 97/100/100
f 114/99/99 97/100/100 98/101/101
f 98/101/101 99/102/102 114/99/99
f 114/99/99 99/102/102 113/103/103
f 113/103/103 99/102/102 100/104/104
f 113/103/103 100/104/104 101/105/105
f 101/105/105 102/106/106 113/103/103
f 113/103/103 102/106/106 112/107/107
f 112/107/107 102/106/106 103/108/108
f 112/107/107 103/108/108 104/109/109
f 104/109/109 105/110/110 112/107/107
f 112/107/107 105/110/110 111/111/111
f 111/111/111 105/110/110 106/112/112
f 111/111/111 106/112/112 107/113/113
f 107/113/113 108/114/114 111/111/111
f 111/111/111 108/114/114 109/115/115
f 111/111/111 109/115/115 110/116/116
f 118/117/117 119/118/118 117/119/119
f 117/119/119 119/118/118 145/120/120
f 145/120/120 119/118/118 120/121/121
f 145/120/120 120/121/121 121/122/122
f 121/122/122 122/123/123 145/120/120
f 145/120/120 122/123/123 144/124/124
f 144/124/124 122/123/123 123/125/125
f 144/124/124 123/125/125 124/126/126
f 124/126/126 125/127/127 144/124/124
f 144/124/124 125/127/127 143/128/128
f 143/128/128 125/127/127 126/129/129
f 143/128/128 126/129/129 127/130/130
f 127/130/130 128/131/131 143/128/128
f 143/128/128 128/131/131 142/132/132
f 142/132/132 128/131/131 129/133/133
f 142/132/132 129/133/133 130/134/134
f 130/134/134 131/135/135 142/132/132
f 142/132/132 131/135/135 141/136/136
f 141/136/136 131/135/135 132/137/137
f 141/136/136 132/137/137 133/138/138
f 133/138/138 134/139/139 141/136/136
f 141/136/136 134/139/139 140/140/140
f 140/140/140 134/139/139 135/141/141
f 140/140/140 135/141/141 136/142/142
f 136/142/142 137/143/143 140/140/140
f 140/140/140 137/143/143 138/144/144
f 140/140/140 138/144/144 139/145/145
f 147/146/146 148/147/147 146/148/148
f 146/148/148 148/147/147 174/149/149
f 174/149/149 148/147/147 149/150/150
f 174/149/149 149/150/150 150/151/151
f 150/151/151 151/152/152 174/149/149
f 174/149/149 151/152/152 173/153/153
f 173/153/153 151/152/152 152/154/154
f 173/153/153 152/154/154 153/155/155
f 153/155/155 154/156/156 173/153/153
f 173/153/153 154/156/156 172/157/157
f 172/157/157 154/156/156 155/158/158
f 172/157/157 155/158/158 156/159/159
f 156/159/159 157/160/160 172/157/157
f 172/157/157 157/160/160 171/161/161
f 171/161/161 157/160/160 158/162/162
f 171/161/161 158/162/162 159/163/163
f 159/163/163 160/164/164 171/161/161
f 171/161/161 160/164/164 170/165/165
f 170/165/165 160/164/164 161/166/166
f 170/165/165 161/166/166 162/167/167
f 162/167/167 163/168/168 170/165/165
f 170/165/165 163/168/168 169/169/169
f 169/169/169 163/168/168 164/170/170
f 169/169/169 164/170/170 165/171/171
f 165/171/171 166/172/172 169/169/169
f 169/169/169 166/172/172 167/173/173
f 169/169/169 167/173/173 168/174/174
f 168/175/175 167/176/176 194/177/177
f 194/177/177 167/176/176 195/178/178
f 194/177/177 195/178/178 196/179/179
f 196/179/179 195/178/178 198/180/180
f 196/179/179 198/180/180 189/181/181
f 189/181/181 198/180/180 188/182/182
f 188/182/182 198/180/180 200/183/183
f 188/182/182 200/183/183 187/184/184
f 187/184/184 200/183/183 202/185/185
f 187/184/184 202/185/185 186/186/186
f 186/186/186 202/185/185 204/187/187
f 186/186/186 204/187/187 185/188/188
f 185/188/188 204/187/187 206/189/189
f 185/188/188 206/189/189 184/190/190
f 184/190/190 206/189/189 208/191/191
f 184/190/190 208/191/191 183/192/192
f 183/192/192 208/191/191 210/193/193
f 183/192/192 210/193/193 182/194/194
f 182/194/194 210/193/193 212/195/195
f 182/194/194 212/195/195 181/196/196
f 181/196/196 212/195/195 214/197/197
f 181/196/196 214/197/197 180/198/198
f 180/198/198 214/197/197 216/199/199
f 180/198/198 216/199/199 179/200/200
f 179/200/200 216/199/199 218/201/201
f 179/200/200 218/201/201 178/202/202
f 178/202/202 218/201/201 217/203/203
f 178/202/202 217/203/203 176/204/204
f 176/204/204 217/203/203 175/205/205
f 175/205/205 217/203/203 146/206/206
f 146/206/206 217/203/203 147/207/207
f 147/207/207 217/203/203 148/208/208
f 148/208/208 217/203/203 215/209/209
f 148/208/208 215/209/209 149/210/210
f 149/210/210 215/209/209 213/211/211
f 149/210/210 213/211/211 150/212/212
f 150/212/212 213/211/211 151/213/213
f 151/213/213 213/211/211 211/214/214
f 151/213/213 211/214/214 152/215/215
f 152/215/215 211/214/214 153/216/216
f 153/216/216 211/214/214 209/217/217
f 153/216/216 209/217/217 154/218/218
f 154/218/218 209/217/217 155/219/219
f 155/219/219 209/217/217 207/220/220
f 155/219/219 207/220/220 156/221/221
f 156/221/221 207/220/220 157/222/222
f 157/222/222 207/220/220 205/223/223
f 157/222/222 205/223/223 158/224/224
f 158/224/224 205/223/223 159/225/225
f 159/225/225 205/223/223 203/226/226
f 159/225/225 203/226/226 160/227/227
f 160/227/227 203/226/226 161/228/228
f 161/228/228 203/226/226 201/229/229
f 161/228/228 201/229/229 162/230/230
f 162/230/230 201/229/229 163/231/231
f 163/231/231 201/229/229 199/232/232
f 163/231/231 199/232/232 164/233/233
f 164/233/233 199/232/232 165/234/234
f 165/234/234 199/232/232 197/235/235
f 165/234/234 197/235/235 166/236/236
f 166/236/236 197/235/235 195/178/178
f 166/236/236 195/178/178 167/176/176
f 176/204/204 177/237/237 178/202/202
f 189/181/181 190/238/238 196/179/179
f 196/179/179 190/238/238 194/177/177
f 190/238/238 191/239/239 194/177/177
f 194/177/177 191/239/239 193/240/240
f 193/240/240 191/239/239 192/241/241
f 200/183/183 198/180/180 197/235/235
f 197/235/235 198/180/180 195/178/178
f 202/185/185 200/183/183 199/232/232
f 199/232/232 200/183/183 197/235/235
f 204/187/187 202/185/185 201/229/229
f 201/229/229 202/185/185 199/232/232
f 206/189/189 204/187/187 203/226/226
f 203/226/226 204/187/187 201/229/229
f 208/191/191 206/189/189 205/223/223
f 205/223/223 206/189/189 203/226/226
f 210/193/193 208/191/191 207/220/220
f 207/220/220 208/191/191 205/223/223
f 212/195/195 210/193/193 209/217/217
f 209/217/217 210/193/193 207/220/220
f 214/197/197 212/195/195 211/214/214
f 211/214/214 212/195/195 209/217/217
f 216/199/199 214/197/197 213/211/211
f 213/211/211 214/197/197 211/214/214
f 218/201/201 216/199/199 215/209/209
f 215/209/209 216/199/199 213/211/211
f 217/203/203 218/201/201 215/209/209
f 139/242/242 138/243/243 238/244/244
f 238/244/244 138/243/243 239/245/245
f 238/244/244 239/245/245 240/246/246
f 240/246/246 239/245/245 242/247/247
f 240/246/246 242/247/247 233/248/248
f 233/248/248 242/247/247 232/249/249
f 232/249/249 242/247/247 244/250/250
f 232/249/249 244/250/250 231/251/251
f 231/251/251 244/250/250 246/252/252
f 231/251/251 246/252/252 230/253/253
f 230/253/253 246/252/252 248/254/254
f 230/253/253 248/254/254 229/255/255
f 229/255/255 248/254/254 250/256/256
f 229/255/255 250/256/256 228/257/257
f 228/257/257 250/256/256 252/258/258
f 228/257/257 252/258/258 227/259/259
f 227/259/259 252/258/258 254/260/260
f 227/259/259 254/260/260 226/261/261
f 226/261/261 254/260/260 256/262/262
f 226/261/261 256/262/262 225/263/263
f 225/263/263 256/262/262 258/264/264
f 225/263/263 258/264/264 224/265/265
f 224/265/265 258/264/264 260/266/266
f 224/265/265 260/266/266 223/267/267
f 223/267/267 260/266/266 262/268/268
f 223/267/267 262/268/268 222/269/269
f 222/269/269 262/268/268 261/270/270
f 222/269/269 261/270/270 220/271/271
f 220/271/271 261/270/270 219/272/272
f 219/272/272 261/270/270 117/273/273
f 117/273/273 261/270/270 118/274/274
f 118/274/274 261/270/270 119/275/275
f 119/275/275 261/270/270 259/276/276
f 119/275/275 259/276/276 120/277/277
f 120/277/277 259/276/276 257/278/278
f 120/277/277 257/278/278 121/279/279
f 121/279/279 257/278/278 122/280/280
f 122/280/280 257/278/278 255/281/281
f 122/280/280 255/281/281 123/282/282
f 123/282/282 255/281/281 124/283/283
f 124/283/283 255/281/281 253/284/284
f 124/283/283 253/284/284 125/285/285
f 125/285/285 253/284/284 126/286/286
f 126/286/286 253/284/284 251/287/287
f 126/286/286 251/287/287 127/288/288
f 127/288/288 251/287/287 128/289/289
f 128/289/289 251/287/287 249/290/290
f 128/289/289 249/290/290 129/291/291
f 129/291/291 249/290/290 130/292/292
f 130/292/292 249/290/290 247/293/293
f 130/292/292 247/293/293 131/294/294
f 131/294/294 247/293/293 132/295/295
f 132/295/295 247/293/293 245/296/296
f 132/295/295 245/296/296 133/297/297
f 133/297/297 245/296/296 134/298/298
f 134/298/298 245/296/296 243/299/299
f 134/298/298 243/299/299 135/300/300
f 135/300/300 243/299/299 136/301/301
f 136/301/301 243/299/299 241/302/302
f 136/301/301 241/302/302 137/303/303
f 137/303/303 241/302/302 239/245/245
f 137/303/303 239/245/245 138/243/243
f 220/271/271 221/304/304 222/269/269
f 233/248/248 234/305/305 240/246/246
f 240/246/246 234/305/305 238/244/244
f 234/305/305 235/306/306 238/244/244
f 238/244/244 235/306/306 237/307/307
f 237/307/307 235/306/306 236/308/308
f 244/250/250 242/247/247 241/302/302
f 241/302/302 242/247/247 239/245/245
f 246/252/252 244/250/250 243/299/299
f 243/299/299 244/250/250 241/302/302
f 248/254/254 246/252/252 245/296/296
f 245/296/296 246/252/252 243/299/299
f 250/256/256 248/254/254 247/293/293
f 247/293/293 248/254/254 245/296/296
f 252/258/258 250/256/256 249/290/290
f 249/290/290 250/256/256 247/293/293
f 254/260/260 252/258/258 251/287/287
f 251/287/287 252/258/258 249/290/290
f 256/262/262 254/260/260 253/284/284
f 253/284/284 254/260/260 251/287/287
f 258/264/264 256/262/262 255/281/281
f 255/281/281 256/262/262 253/284/284
f 260/266/266 258/264/264 257/278/278
f 257/278/278 258/264/264 255/281/281
f 262/268/268 260/266/266 259/276/276
f 259/276/276 260/266/266 257/278/278
f 261/270/270 262/268/268 259/276/276
f 110/309/309 109/310/310 282/311/311
f 282/311/311 109/310/310 283/312/312
f 282/311/311 283/312/312 284/313/313
f 284/313/313 283/312/312 286/314/314
f 284/313/313 286/314/314 277/315/315
f 277/315/315 286/314/314 276/316/316
f 276/316/316 286/314/314 288/317/317
f 276/316/316 288/317/317 275/318/318
f 275/318/318 288/317/317 290/319/319
f 275/318/318 290/319/319 274/320/320
f 274/320/320 290/319/319 292/321/321
f 274/320/320 292/321/321 273/322/322
f 273/322/322 292/321/321 294/323/323
f 273/322/322 294/323/323 272/324/324
f 272/324/324 294/323/323 296/325/325
f 272/324/324 296/325/325 271/326/326
f 271/326/326 296/325/325 298/327/327
f 271/326/326 298/327/327 270/328/328
f 270/328/328 298/327/327 300/329/329
f 270/328/328 300/329/329 269/330/330
f 269/330/330 300/329/329 302/331/331
f 269/330/330 302/331/331 268/332/332
f 268/332/332 302/331/331 304/333/333
f 268/332/332 304/333/333 267/334/334
f 267/334/334 304/333/333 306/335/335
f 267/334/334 306/335/335 266/336/336
f 266/336/336 306/335/335 305/337/337
f 266/336/336 305/337/337 264/338/338
f 264/338/338 305/337/337 263/339/339
f 263/339/339 305/337/337 88/340/340
f 88/340/340 305/337/337 89/341/341
f 89/341/341 305/337/337 90/342/342
f 90/342/342 305/337/337 303/343/343
f 90/342/342 303/343/343 91/344/344
f 91/344/344 303/343/343 301/345/345
f 91/344/344 301/345/345 92/346/346
f 92/346/346 301/345/345 93/347/347
f 93/347/347 301/345/345 299/348/348
f 93/347/347 299/348/348 94/349/349
f 94/349/349 299/348/348 95/350/350
f 95/350/350 299/348/348 297/351/351
f 95/350/350 297/351/351 96/352/352
f 96/352/352 297/351/351 97/353/353
f 97/353/353 297/351/351 295/354/354
f 97/353/353 295/354/354 98/355/355
f 98/355/355 295/354/354 99/356/356
f 99/356/356 295/354/354 293/357/357
f 99/356/356 293/357/357 100/358/358
f 100/358/358 293/357/357 101/359/359
f 101/359/359 293/357/357 291/360/360
f 101/359/359 291/360/360 102/361/361
f 102/361/361 291/360/360 103/362/362
f 103/362/362 291/360/360 289/363/363
f 103/362/362 289/363/363 104/364/364
f 104/364/364 289/363/363 105/365/365
f 105/365/365 289/363/363 287/366/366
f 105/365/365 287/366/366 106/367/367
f 106/367/367 287/366/366 107/368/368
f 107/368/368 287/366/366 285/369/369
f 107/368/368 285/369/369 108/370/370
f 108/370/370 285/369/369 283/312/312
f 108/370/370 283/312/312 109/310/310
f 264/338/338 265/371/371 266/336/336
f 277/315/315 278/372/372 284/313/313
f 284/313/313 278/372/372 282/311/311
f 278/372/372 279/373/373 282/311/311
f 282/311/311 279/373/373 281/374/374
f 281/374/374 279/373/373 280/375/375
f 288/317/317 286/314/314 285/369/369
f 285/369/369 286/314/314 283/312/312
f 290/319/319 288/317/317 287/366/366
f 287/366/366 288/317/317 285/369/369
f 292/321/321 290/319/319 289/363/363
f 289/363/363 290/319/319 287/366/366
f 294/323/323 292/321/321 291/360/360
f 291/360/360 292/321/321 289/363/363
f 296/325/325 294/323/323 293/357/357
f 293/357/357 294/323/323 291/360/360
f 298/327/327 296/325/325 295/354/354
f 295/354/354 296/325/325 293/357/357
f 300/329/329 298/327/327 297/351/351
f 297/351/351 298/327/327 295/354/354
f 302/331/331 300/329/329 299/348/348
f 299/348/348 300/329/329 297/351/351
f 304/333/333 302/331/331 301/345/345
f 301/345/345 302/331/331 299/348/348
f 306/335/335 304/333/333 303/343/343
f 303/343/343 304/333/333 301/345/345
f 305/337/337 306/335/335 303/343/343
f 81/376/376 80/377/377 326/378/378
f 326/378/378 80/377/377 327/379/379
f 326/378/378 327/379/379 328/380/380
f 328/380/380 327/379/379 330/381/381
f 328/380/380 330/381/381 321/382/382
f 321/382/382 330/381/381 320/383/383
f 320/383/383 330/381/381 332/384/384
f 320/383/383 332/384/384 319/385/385
f 319/385/385 332/384/384 334/386/386
f 319/385/385 334/386/386 318/387/387
f 318/387/387 334/386/386 336/388/388
f 318/387/387 336/388/388 317/389/389
f 317/389/389 336/388/388 338/390/390
f 317/389/389 338/390/390 316/391/391
f 316/391/391 338/390/390 340/392/392
f 316/391/391 340/392/392 315/393/393
f 315/393/393 340/392/392 342/394/394
f 315/393/393 342/394/394 314/395/395
f 314/395/395 342/394/394 344/396/396
f 314/395/395 344/396/396 313/397/397
f 313/397/397 344/396/396 346/398/398
f 313/397/397 346/398/398 312/399/399
f 312/399/399 346/398/398 348/400/400
f 312/399/399 348/400/400 311/401/401
f 311/401/401 348/400/400 350/402/402
f 311/401/401 350/402/402 310/403/403
f 310/403/403 350/402/402 349/404/404
f 310/403/403 349/404/404 308/405/405
f 308/405/405 349/404/404 307/406/406
f 307/406/406 349/404/404 59/407/407
f 59/407/407 349/404/404 60/408/408
f 60/408/408 349/404/404 61/409/409
f 61/409/409 349/404/404 347/410/410
f 61/409/409 347/410/410 62/411/411
f 62/411/411 347/410/410 345/412/412
f 62/411/411 345/412/412 63/413/413
f 63/413/413 345/412/412 64/414/414
f 64/414/414 345/412/412 343/415/415
f 64/414/414 343/415/415 65/416/416
f 65/416/416 343/415/415 66/417/417
f 66/417/417 343/415/415 341/418/418
f 66/417/417 341/418/418 67/419/419
f 67/419/419 341/418/418 68/420/420
f 68/420/420 341/418/418 339/421/421
f 68/420/420 339/421/421 69/422/422
f 69/422/422 339/421/421 70/423/423
f 70/423/423 339/421/421 337/424/424
f 70/423/423 337/424/424 71/425/425
f 71/425/425 337/424/424 72/426/426
f 72/426/426 337/424/424 335/427/427
f 72/426/426 335/427/427 73/428/428
f 73/428/428 335/427/427 74/429/429
f 74/429/429 335/427/427 333/430/430
f 74/429/429 333/430/430 75/431/431
f 75/431/431 333/430/430 76/432/432
f 76/432/432 333/430/430 331/433/433
f 76/432/432 331/433/433 77/434/434
f 77/434/434 331/433/433 78/435/435
f 78/435/435 331/433/433 329/436/436
f 78/435/435 329/436/436 79/437/437
f 79/437/437 329/436/436 327/379/379
f 79/437/437 327/379/379 80/377/377
f 308/405/405 309/438/438 310/403/403
f 321/382/382 322/439/439 328/380/380
f 328/380/380 322/439/439 326/378/378
f 322/439/439 323/440/440 326/378/378
f 326/378/378 323/440/440 325/441/441
f 325/441/441 323/440/440 324/442/442
f 332/384/384 330/381/381 329/436/436
f 329/436/436 330/381/381 327/379/379
f 334/386/386 332/384/384 331/433/433
f 331/433/433 332/384/384 329/436/436
f 336/388/388 334/386/386 333/430/430
f 333/430/430 334/386/386 331/433/433
f 338/390/390 336/388/388 335/427/427
f 335/427/427 336/388/388 333/430/430
f 340/392/392 338/390/390 337/424/424
f 337/424/424 338/390/390 335/427/427
f 342/394/394 340/392/392 339/421/421
f 339/421/421 340/392/392 337/424/424
f 344/396/396 342/394/394 341/418/418
f 341/418/418 342/394/394 339/421/421
f 346/398/398 344/396/396 343/415/415
f 343/415/415 344/396/396 341/418/418
f 348/400/400 346/398/398 345/412/412
f 345/412/412 346/398/398 343/415/415
f 350/402/402 348/400/400 347/410/410
f 347/410/410 348/400/400 345/412/412
f 349/404/404 350/402/402 347/410/410
f 52/443/443 51/444/444 370/445/445
f 370/445/445 51/444/444 371/446/446
f 370/445/445 371/446/446 372/447/447
f 372/447/447 371/446/446 374/448/448
f 372/447/447 374/448/448 365/449/449
f 365/449/449 374/448/448 364/450/450
f 364/450/450 374/448/448 376/451/451
f 364/450/450 376/451/451 363/452/452
f 363/452/452 376/451/451 378/453/453
f 363/452/452 378/453/453 362/454/454
f 362/454/454 378/453/453 380/455/455
f 362/454/454 380/455/455 361/456/456
f 361/456/456 380/455/455 382/457/457
f 361/456/456 382/457/457 360/458/458
f 360/458/458 382/457/457 384/459/459
f 360/458/458 384/459/459 359/460/460
f 359/460/460 384/459/459 386/461/461
f 359/460/460 386/461/461 358/462/462
f 358/462/462 386/461/461 388/463/463
f 358/462/462 388/463/463 357/464/464
f 357/464/464 388/463/463 390/465/465
f 357/464/464 390/465/465 356/466/466
f 356/466/466 390/465/465 392/467/467
f 356/466/466 392/467/467 355/468/468
f 355/468/468 392/467/467 394/469/469
f 355/468/468 394/469/469 354/470/470
f 354/470/470 394/469/469 393/471/471
f 354/470/470 393/471/471 352/472/472
f 352/472/472 393/471/471 351/473/473
f 351/473/473 393/471/471 30/474/474
f 30/474/474 393/471/471 31/475/475
f 31/475/475 393/471/471 32/476/476
f 32/476/476 393/471/471 391/477/477
f 32/476/476 391/477/477 33/478/478
f 33/478/478 391/477/477 389/479/479
f 33/478/478 389/479/479 34/480/480
f 34/480/480 389/479/479 35/481/481
f 35/481/481 389/479/479 387/482/482
f 35/481/481 387/482/482 36/483/483
f 36/483/483 387/482/482 37/484/484
f 37/484/484 387/482/482 385/485/485
f 37/484/484 385/485/485 38/486/486
f 38/486/486 385/485/485 39/487/487
f 39/487/487 385/485/485 383/488/488
f 39/487/487 383/488/488 40/489/489
f 40/489/489 383/488/488 41/490/490
f 41/490/490 383/488/488 381/491/491
f 41/490/490 381/491/491 42/492/492
f 42/492/492 381/491/491 43/493/493
f 43/493/493 381/491/491 379/494/494
f 43/493/493 379/494/494 44/495/495
f 44/495/495 379/494/494 45/496/496
f 45/496/496 379/494/494 377/497/497
f 45/496/496 377/497/497 46/498/498
f 46/498/498 377/497/497 47/499/499
f 47/499/499 377/497/497 375/500/500
f 47/499/499 375/500/500 48/501/501
f 48/501/501 375/500/500 49/502/502
f 49/502/502 375/500/500 373/503/503
f 49/502/502 373/503/503 50/504/504
f 50/504/504 373/503/503 371/446/446
f 50/504/504 371/446/446 51/444/444
f 352/472/472 353/505/505 354/470/470
f 365/449/449 366/506/506 372/447/447
f 372/447/447 366/506/506 370/445/445
f 366/506/506 367/507/507 370/445/445
f 370/445/445 367/507/507 369/508/508
f 369/508/508 367/507/507 368/509/509
f 376/451/451 374/448/448 373/503/503
f 373/503/503 374/448/448 371/446/446
f 378/453/453 376/451/451 375/500/500
f 375/500/500 376/451/451 373/503/503
f 380/455/455 378/453/453 377/497/497
f 377/497/497 378/453/453 375/500/500
f 382/457/457 380/455/455 379/494/494
f 379/494/494 380/455/455 377/497/497
f 384/459/459 382/457/457 381/491/491
f 381/491/491 382/457/457 379/494/494
f 386/461/461 384/459/459 383/488/488
f 383/488/488 384/459/459 381/491/491
f 388/463/463 386/461/461 385/485/485
f 385/485/485 386/461/461 383/488/488
f 390/465/465 388/463/463 387/482/482
f 387/482/482 388/463/463 385/485/485
f 392/467/467 390/465/465 389/479/479
f 389/479/479 390/465/465 387/482/482
f 394/469/469 392/467/467 391/477/477
f 391/477/477 392/467/467 389/479/479
f 393/471/471 394/469/469 391/477/477
f 23/510/510 22/511/511 414/512/512
f 414/512/512 22/511/511 415/513/513
f 414/512/512 415/513/513 416/514/514
f 416/514/514 415/513/513 418/515/515
f 416/514/514 418/515/515 409/516/516
f 409/516/516 418/515/515 408/517/517
f 408/517/517 418/515/515 420/518/518
f 408/517/517 420/518/518 407/519/519
f 407/519/519 420/518/518 422/520/520
f 407/519/519 422/520/520 406/521/521
f 406/521/521 422/520/520 424/522/522
f 406/521/521 424/522/522 405/523/523
f 405/523/523 424/522/522 426/524/524
f 405/523/523 426/524/524 404/525/525
f 404/525/525 426/524/524 428/526/526
f 404/525/525 428/526/526 403/527/527
f 403/527/527 428/526/526 430/528/528
f 403/527/527 430/528/528 402/529/529
f 402/529/529 430/528/528 432/530/530
f 402/529/529 432/530/530 401/531/531
f 401/531/531 432/530/530 434/532/532
f 401/531/531 434/532/532 400/533/533
f 400/533/533 434/532/532 436/534/534
f 400/533/533 436/534/534 399/535/535
f 399/535/535 436/534/534 438/536/536
f 399/535/535 438/536/536 398/537/537
f 398/537/537 438/536/536 437/538/538
f 398/537/537 437/538/538 396/539/539
f 396/539/539 437/538/538 395/540/540
f 395/540/540 437/538/538 1/541/541
f 1/541/541 437/538/538 2/542/542
f 2/542/542 437/538/538 3/543/543
f 3/543/543 437/538/538 435/544/544
f 3/543/543 435/544/544 4/545/545
f 4/545/545 435/544/544 433/546/546
f 4/545/545 433/546/546 5/547/547
f 5/547/547 433/546/546 6/548/548
f 6/548/548 433/546/546 431/549/549
f 6/548/548 431/549/549 7/550/550
f 7/550/550 431/549/549 8/551/551
f 8/551/551 431/549/549 429/552/552
f 8/551/551 429/552/552 9/553/553
f 9/553/553 429/552/552 10/554/554
f 10/554/554 429/552/552 427/555/555
f 10/554/554 427/555/555 11/556/556
f 11/556/556 427/555/555 12/557/557
f 12/557/557 427/555/555 425/558/558
f 12/557/557 425/558/558 13/559/559
f 13/559/559 425/558/558 14/560/560
f 14/560/560 425/558/558 423/561/561
f 14/560/560 423/561/561 15/562/562
f 15/562/562 423/561/561 16/563/563
f 16/563/563 423/561/561 421/564/564
f 16/563/563 421/564/564 17/565/565
f 17/565/565 421/564/564 18/566/566
f 18/566/566 421/564/564 419/567/567
f 18/566/566 419/567/567 19/568/568
f 19/568/568 419/567/567 20/569/569
f 20/569/569 419/567/567 417/570/570
f 20/569/569 417/570/570 21/571/571
f 21/571/571 417/570/570 415/513/513
f 21/571/571 415/513/513 22/511/511
f 396/539/539 397/572/572 398/537/537
f 409/516/516 410/573/573 416/514/514
f 416/514/514 410/573/573 414/512/512
f 410/573/573 411/574/574 414/512/512
f 414/512/512 411/574/574 413/575/575
f 413/575/575 411/574/574 412/576/576
f 420/518/518 418/515/515 417/570/570
f 417/570/570 418/515/515 415/513/513
f 422/520/520 420/518/518 419/567/567
f 419/567/567 420/518/518 417/570/570
f 424/522/522 422/520/520 421/564/564
f 421/564/564 422/520/520 419/567/567
f 426/524/524 424/522/522 423/561/561
f 423/561/561 424/522/522 421/564/564
f 428/526/526 426/524/524 425/558/558
f 425/558/558 426/524/524 423/561/561
f 430/528/528 428/526/526 427/555/555
f 427/555/555 428/526/526 425/558/558
f 432/530/530 430/528/528 429/552/552
f 429/552/552 430/528/528 427/555/555
f 434/532/532 432/530/530 431/549/549
f 431/549/549 432/530/530 429/552/552
f 436/534/534 434/532/532 433/546/546
f 433/546/546 434/532/532 431/549/549
f 438/536/536 436/534/534 435/544/544
f 435/544/544 436/534/534 433/546/546
f 437/538/538 438/536/536 435/544/544
f 192/577/577 191/578/578 447/579/579
f 447/579/579 191/578/578 439/580/580
f 447/579/579 439/580/580 448/581/581
f 448/581/581 439/580/580 440/582/582
f 448/581/581 440/582/582 449/583/583
f 449/583/583 440/582/582 441/584/584
f 449/583/583 441/584/584 450/585/585
f 450/585/585 441/584/584 442/586/586
f 450/585/585 442/586/586 222/587/587
f 222/587/587 221/588/588 450/585/585
f 450/585/585 221/588/588 443/589/589
f 450/585/585 443/589/589 449/583/583
f 449/583/583 443/589/589 444/590/590
f 449/583/583 444/590/590 448/581/581
f 448/581/581 444/590/590 445/591/591
f 448/581/581 445/591/591 447/579/579
f 447/579/579 445/591/591 446/592/592
f 447/579/579 446/592/592 192/577/577
f 236/593/593 235/594/594 459/595/595
f 459/595/595 235/594/594 451/596/596
f 459/595/595 451/596/596 460/597/597
f 460/597/597 451/596/596 452/598/598
f 460/597/597 452/598/598 461/599/599
f 461/599/599 452/598/598 453/600/600
f 461/599/599 453/600/600 462/601/601
f 462/601/601 453/600/600 454/602/602
f 462/601/601 454/602/602 266/603/603
f 266/603/603 265/604/604 462/601/601
f 462/601/601 265/604/604 455/605/605
f 462/601/601 455/605/605 461/599/599
f 461/599/599 455/605/605 456/606/606
f 461/599/599 456/606/606 460/597/597
f 460/597/597 456/606/606 457/607/607
f 460/597/597 457/607/607 459/595/595
f 459/595/595 457/607/607 458/608/608
f 459/595/595 458/608/608 236/593/593
f 280/609/609 279/610/610 471/611/611
f 471/611/611 279/610/610 463/612/612
f 471/611/611 463/612/612 472/613/613
f 472/613/613 463/612/612 464/614/614
f 472/613/613 464/614/614 473/615/615
f 473/615/615 464/614/614 465/616/616
f 473/615/615 465/616/616 474/617/617
f 474/617/617 465/616/616 466/618/618
f 474/617/617 466/618/618 310/619/619
f 310/619/619 309/620/620 474/617/617
f 474/617/617 309/620/620 467/621/621
f 474/617/617 467/621/621 473/615/615
f 473/615/615 467/621/621 468/622/622
f 473/615/615 468/622/622 472/613/613
f 472/613/613 468/622/622 469/623/623
f 472/613/613 469/623/623 471/611/611
f 471/611/611 469/623/623 470/624/624
f 471/611/611 470/624/624 280/609/609
f 324/625/625 323/626/626 483/627/627
f 483/627/627 323/626/626 475/628/628
f 483/627/627 475/628/628 484/629/629
f 484/629/629 475/628/628 476/630/630
f 484/629/629 476/630/630 485/631/631
f 485/631/631 476/630/630 477/632/632
f 485/631/631 477/632/632 486/633/633
f 486/633/633 477/632/632 478/634/634
f 486/633/633 478/634/634 354/635/635
f 354/635/635 353/636/636 486/633/633
f 486/633/633 353/636/636 479/637/637
f 486/633/633 479/637/637 485/631/631
f 485/631/631 479/637/637 480/638/638
f 485/631/631 480/638/638 484/629/629
f 484/629/629 480/638/638 481/639/639
f 484/629/629 481/639/639 483/627/627
f 483/627/627 481/639/639 482/640/640
f 483/627/627 482/640/640 324/625/625
f 368/641/641 367/642/642 495/643/643
f 495/643/643 367/642/642 487/644/644
f 495/643/643 487/644/644 496/645/645
f 496/645/645 487/644/644 488/646/646
f 496/645/645 488/646/646 497/647/647
f 497/647/647 488/646/646 489/648/648
f 497/647/647 489/648/648 498/649/649
f 498/649/649 489/648/648 490/650/650
f 498/649/649 490/650/650 398/651/651
f 398/651/651 397/652/652 498/649/649
f 498/649/649 397/652/652 491/653/653
f 498/649/649 491/653/653 497/647/647
f 497/647/647 491/653/653 492/654/654
f 497/647/647 492/654/654 496/645/645
f 496/645/645 492/654/654 493/655/655
f 496/645/645 493/655/655 495/643/643
f 495/643/643 493/655/655 494/656/656
f 495/643/643 494/656/656 368/641/641
f 412/657/657 411/658/658 507/659/659
f 507/659/659 411/658/658 499/660/660
f 507/659/659 499/660/660 508/661/661
f 508/661/661 499/660/660 500/662/662
f 508/661/661 500/662/662 509/663/663
f 509/663/663 500/662/662 501/664/664
f 509/663/663 501/664/664 510/665/665
f 510/665/665 501/664/664 502/666/666
f 510/665/665 502/666/666 178/667/667
f 178/667/667 177/668/668 510/665/665
f 510/665/665 177/668/668 503/669/669
f 510/665/665 503/669/669 509/663/663
f 509/663/663 503/669/669 504/670/670
f 509/663/663 504/670/670 508/661/661
f 508/661/661 504/670/670 505/671/671
f 508/661/661 505/671/671 507/659/659
f 507/659/659 505/671/671 506/672/672
f 507/659/659 506/672/672 412/657/657
f 512/673/673 542/674/674 511/675/675
f 511/675/675 542/674/674 543/676/676
f 511/675/675 543/676/676 552/677/677
f 552/677/677 543/676/676 544/678/678
f 552/677/677 544/678/678 551/679/679
f 551/679/679 544/678/678 550/680/680
f 550/680/680 544/678/678 549/681/681
f 549/681/681 544/678/678 545/682/682
f 549/681/681 545/682/682 548/683/683
f 548/683/683 545/682/682 547/684/684
f 547/684/684 545/682/682 546/685/685
f 542/674/674 512/673/673 541/686/686
f 541/686/686 512/673/673 513/687/687
f 541/686/686 513/687/687 540/688/688
f 540/688/688 513/687/687 514/689/689
f 540/688/688 514/689/689 539/690/690
f 539/690/690 514/689/689 515/691/691
f 539/690/690 515/691/691 516/692/692
f 539/690/690 516/692/692 538/693/693
f 538/693/693 516/692/692 517/694/694
f 538/693/693 517/694/694 537/695/695
f 537/695/695 517/694/694 518/696/696
f 537/695/695 518/696/696 536/697/697
f 536/697/697 518/696/696 519/698/698
f 536/697/697 519/698/698 535/699/699
f 535/699/699 519/698/698 520/700/700
f 535/699/699 520/700/700 534/701/701
f 534/701/701 520/700/700 521/702/702
f 534/701/701 521/702/702 533/703/703
f 533/703/703 521/702/702 522/704/704
f 533/703/703 522/704/704 532/705/705
f 532/705/705 522/704/704 523/706/706
f 532/705/705 523/706/706 531/707/707
f 531/707/707 523/706/706 524/708/708
f 531/707/707 524/708/708 530/709/709
f 530/709/709 524/708/708 525/710/710
f 530/709/709 525/710/710 529/711/711
f 529/711/711 525/710/710 526/712/712
f 529/711/711 526/712/712 528/713/713
f 528/713/713 526/712/712 527/714/714
f 553/715/715 554/716/716 527/717/714
f 527/717/714 554/716/716 528/718/713
f 635/719/717 555/720/718 624/721/719
f 624/721/719 555/720/718 556/722/720
f 624/721/719 556/722/720 623/723/721
f 623/723/721 556/722/720 557/724/722
f 623/723/721 557/724/722 622/725/723
f 622/725/723 557/724/722 558/726/724
f 622/725/723 558/726/724 621/727/725
f 621/727/725 558/726/724 559/728/726
f 621/727/725 559/728/726 620/729/727
f 620/729/727 559/728/726 560/730/728
f 620/729/727 560/730/728 561/731/729
f 620/729/727 561/731/729 619/732/730
f 619/732/730 561/731/729 562/733/731
f 619/732/730 562/733/731 618/734/732
f 618/734/732 562/733/731 563/735/733
f 618/734/732 563/735/733 617/736/734
f 617/736/734 563/735/733 564/737/735
f 617/736/734 564/737/735 616/738/736
f 616/738/736 564/737/735 565/739/737
f 616/738/736 565/739/737 566/740/738
f 616/738/736 566/740/738 615/741/739
f 615/741/739 566/740/738 567/742/740
f 615/741/739 567/742/740 614/743/741
f 614/743/741 567/742/740 568/744/742
f 614/743/741 568/744/742 613/745/743
f 613/745/743 568/744/742 569/746/744
f 613/745/743 569/746/744 612/747/745
f 612/747/745 569/746/744 570/748/746
f 612/747/745 570/748/746 571/749/747
f 612/747/745 571/749/747 611/750/748
f 611/750/748 571/749/747 572/751/749
f 611/750/748 572/751/749 610/752/750
f 610/752/750 572/751/749 573/753/751
f 610/752/750 573/753/751 609/754/752
f 609/754/752 573/753/751 574/755/753
f 609/754/752 574/755/753 608/756/754
f 608/756/754 574/755/753 575/757/755
f 608/756/754 575/757/755 607/758/756
f 607/758/756 575/757/755 576/759/757
f 607/758/756 576/759/757 577/760/758
f 607/758/756 577/760/758 606/761/759
f 606/761/759 577/760/758 578/762/760
f 606/761/759 578/762/760 605/763/761
f 605/763/761 578/762/760 579/764/762
f 605/763/761 579/764/762 604/765/763
f 604/765/763 579/764/762 580/766/764
f 604/765/763 580/766/764 603/767/765
f 603/767/765 580/766/764 581/768/766
f 603/767/765 581/768/766 582/769/767
f 603/767/765 582/769/767 602/770/768
f 602/770/768 582/769/767 583/771/769
f 602/770/768 583/771/769 601/772/770
f 601/772/770 583/771/769 584/773/771
f 601/772/770 584/773/771 600/774/772
f 600/774/772 584/773/771 585/775/773
f 600/774/772 585/775/773 599/776/774
f 599/776/774 585/775/773 586/777/775
f 599/776/774 586/777/775 587/778/776
f 599/776/774 587/778/776 598/779/777
f 598/779/777 587/778/776 588/780/778
f 598/779/777 588/780/778 597/781/779
f 597/781/779 588/780/778 589/782/780
f 597/781/779 589/782/780 596/783/781
f 596/783/781 589/782/780 590/784/782
f 596/783/781 590/784/782 595/785/783
f 595/785/783 590/784/782 511/786/784
f 595/785/783 511/786/784 552/787/785
f 595/785/783 552/787/785 594/788/786
f 594/788/786 552/787/785 551/789/787
f 594/788/786 551/789/787 593/790/788
f 593/790/788 551/789/787 550/791/789
f 593/790/788 550/791/789 549/792/790
f 593/790/788 549/792/790 592/793/791
f 592/793/791 549/792/790 548/794/792
f 592/793/791 548/794/792 591/795/793
f 591/795/793 548/794/792 547/796/794
f 591/795/793 547/796/794 546/797/795
f 624/721/719 625/798/796 635/719/717
f 635/719/717 625/798/796 634/799/797
f 634/799/797 625/798/796 626/800/798
f 634/799/797 626/800/798 633/801/799
f 633/801/799 626/800/798 632/802/800
f 632/802/800 626/800/798 627/803/801
f 632/802/800 627/803/801 631/804/802
f 631/804/802 627/803/801 628/805/803
f 631/804/802 628/805/803 630/806/804
f 630/806/804 628/805/803 629/807/805
f 636/808/806 637/809/807 639/810/808
f 639/810/808 637/809/807 638/811/809
f 629/812/810 640/813/811 630/814/812
f 630/814/812 640/813/811 631/815/813
f 631/815/813 640/813/811 632/816/814
f 632/816/814 640/813/811 641/817/815
f 632/816/814 641/817/815 633/818/816
f 633/818/816 641/817/815 634/819/817
f 634/819/817 641/817/815 642/820/818
f 634/819/817 642/820/818 635/821/819
f 635/821/819 642/820/818 555/822/820
f 555/822/820 642/820/818 643/823/821
f 555/822/820 643/823/821 671/824/822
f 671/824/822 643/823/821 644/825/823
f 671/824/822 644/825/823 670/826/824
f 670/826/824 644/825/823 645/827/825
f 670/826/824 645/827/825 669/828/826
f 669/828/826 645/827/825 646/829/827
f 669/828/826 646/829/827 668/830/828
f 668/830/828 646/829/827 667/831/829
f 667/831/829 646/829/827 647/832/830
f 667/831/829 647/832/830 666/833/831
f 666/833/831 647/832/830 648/834/832
f 666/833/831 648/834/832 665/835/833
f 665/835/833 648/834/832 649/836/834
f 665/835/833 649/836/834 664/837/835
f 664/837/835 649/836/834 650/838/836
f 664/837/835 650/838/836 663/839/837
f 663/839/837 650/838/836 651/840/838
f 663/839/837 651/840/838 662/841/839
f 662/841/839 651/840/838 652/842/840
f 662/841/839 652/842/840 661/843/841
f 661/843/841 652/842/840 653/844/842
f 661/843/841 653/844/842 660/845/843
f 660/845/843 653/844/842 654/846/844
f 660/845/843 654/846/844 659/847/845
f 659/847/845 654/846/844 655/848/846
f 659/847/845 655/848/846 658/849/847
f 658/849/847 655/848/846 656/850/848
f 658/849/847 656/850/848 657/851/849
f 657/851/849 656/850/848 639/852/808
f 657/851/849 639/852/808 638/853/809
f 553/854/850 527/855/851 673/856/852
f 673/856/852 527/855/851 672/857/853
f 672/858/853 527/859/851 689/860/854
f 689/860/854 527/859/851 526/861/855
f 689/860/854 526/861/855 688/862/856
f 688/862/856 526/861/855 525/863/857
f 688/862/856 525/863/857 687/864/858
f 687/864/858 525/863/857 524/865/859
f 687/864/858 524/865/859 686/866/860
f 686/866/860 524/865/859 523/867/861
f 686/866/860 523/867/861 685/868/862
f 685/868/862 523/867/861 522/869/863
f 685/868/862 522/869/863 684/870/864
f 684/870/864 522/869/863 521/871/865
f 684/870/864 521/871/865 683/872/866
f 683/872/866 521/871/865 520/873/867
f 683/872/866 520/873/867 682/874/868
f 682/874/868 520/873/867 519/875/869
f 682/874/868 519/875/869 681/876/870
f 681/876/870 519/875/869 518/877/871
f 681/876/870 518/877/871 680/878/872
f 680/878/872 518/877/871 517/879/873
f 680/878/872 517/879/873 679/880/874
f 679/880/874 517/879/873 516/881/875
f 679/880/874 516/881/875 678/882/876
f 678/882/876 516/881/875 515/883/877
f 678/882/876 515/883/877 677/884/878
f 677/884/878 515/883/877 514/885/879
f 677/884/878 514/885/879 676/886/880
f 676/886/880 514/885/879 513/887/881
f 676/886/880 513/887/881 675/888/882
f 675/888/882 513/887/881 512/889/883
f 675/888/882 512/889/883 674/890/884
f 674/890/884 512/889/883 511/891/885
f 674/892/886 511/893/887 726/894/888
f 726/894/888 511/893/887 590/895/889
f 726/894/888 590/895/889 727/896/890
f 727/896/890 590/895/889 589/897/891
f 727/896/890 589/897/891 728/898/892
f 728/898/892 589/897/891 588/899/893
f 728/898/892 588/899/893 729/900/894
f 729/900/894 588/899/893 587/901/895
f 729/900/894 587/901/895 730/902/896
f 730/902/896 587/901/895 586/903/897
f 730/902/896 586/903/897 731/904/898
f 731/904/898 586/903/897 585/905/899
f 731/904/898 585/905/899 732/906/900
f 732/906/900 585/905/899 584/907/901
f 732/906/900 584/907/901 733/908/902
f 733/908/902 584/907/901 583/909/903
f 733/908/902 583/909/903 734/910/904
f 734/910/904 583/909/903 582/911/905
f 734/910/904 582/911/905 735/912/906
f 735/912/906 582/911/905 581/913/907
f 735/912/906 581/913/907 736/914/908
f 736/914/908 581/913/907 580/915/909
f 736/914/908 580/915/909 737/916/910
f 737/916/910 580/915/909 579/917/911
f 737/916/910 579/917/911 738/918/912
f 738/918/912 579/917/911 578/919/913
f 738/918/912 578/919/913 739/920/914
f 739/920/914 578/919/913 577/921/915
f 739/920/914 577/921/915 740/922/916
f 740/922/916 577/921/915 576/923/917
f 740/922/916 576/923/917 741/924/918
f 741/924/918 576/923/917 575/925/919
f 741/924/918 575/925/919 742/926/920
f 742/926/920 575/925/919 574/927/921
f 742/926/920 574/927/921 743/928/922
f 743/928/922 574/927/921 573/929/923
f 743/928/922 573/929/923 744/930/924
f 744/930/924 573/929/923 572/931/925
f 744/930/924 572/931/925 745/932/926
f 745/932/926 572/931/925 571/933/927
f 745/932/926 571/933/927 746/934/928
f 746/934/928 571/933/927 570/935/929
f 746/934/928 570/935/929 747/936/930
f 747/936/930 570/935/929 569/937/931
f 747/936/930 569/937/931 748/938/932
f 748/938/932 569/937/931 568/939/933
f 748/938/932 568/939/933 749/940/934
f 749/940/934 568/939/933 567/941/935
f 749/940/934 567/941/935 750/942/936
f 750/942/936 567/941/935 566/943/937
f 750/942/936 566/943/937 751/944/938
f 751/944/938 566/943/937 565/945/939
f 751/944/938 565/945/939 752/946/940
f 752/946/940 565/945/939 564/947/941
f 752/946/940 564/947/941 753/948/942
f 753/948/942 564/947/941 563/949/943
f 753/948/942 563/949/943 754/950/944
f 754/950/944 563/949/943 562/951/945
f 754/950/944 562/951/945 755/952/946
f 755/952/946 562/951/945 561/953/947
f 755/952/946 561/953/947 756/954/948
f 756/954/948 561/953/947 560/955/949
f 756/954/948 560/955/949 757/956/950
f 757/956/950 560/955/949 559/957/951
f 757/956/950 559/957/951 758/958/952
f 758/958/952 559/957/951 558/959/953
f 758/958/952 558/959/953 759/960/954
f 759/960/954 558/959/953 557/961/955
f 759/960/954 557/961/955 760/962/956
f 760/962/956 557/961/955 556/963/957
f 760/962/956 556/963/957 555/964/958
f 555/964/958 690/965/959 760/962/956
f 760/962/956 690/965/959 691/966/960
f 760/962/956 691/966/960 759/960/954
f 759/960/954 691/966/960 692/967/961
f 759/960/954 692/967/961 758/958/952
f 758/958/952 692/967/961 693/968/962
f 758/958/952 693/968/962 757/956/950
f 757/956/950 693/968/962 694/969/963
f 757/956/950 694/969/963 756/954/948
f 756/954/948 694/969/963 695/970/964
f 756/954/948 695/970/964 755/952/946
f 755/952/946 695/970/964 696/971/965
f 755/952/946 696/971/965 754/950/944
f 754/950/944 696/971/965 697/972/966
f 754/950/944 697/972/966 753/948/942
f 753/948/942 697/972/966 698/973/967
f 753/948/942 698/973/967 752/946/940
f 752/946/940 698/973/967 699/974/968
f 752/946/940 699/974/968 751/944/938
f 751/944/938 699/974/968 700/975/969
f 751/944/938 700/975/969 750/942/936
f 750/942/936 700/975/969 701/976/970
f 750/942/936 701/976/970 749/940/934
f 749/940/934 701/976/970 702/977/971
f 749/940/934 702/977/971 748/938/932
f 748/938/932 702/977/971 703/978/972
f 748/938/932 703/978/972 747/936/930
f 747/936/930 703/978/972 704/979/973
f 747/936/930 704/979/973 746/934/928
f 746/934/928 704/979/973 705/980/974
f 746/934/928 705/980/974 745/932/926
f 745/932/926 705/980/974 706/981/975
f 745/932/926 706/981/975 744/930/924
f 744/930/924 706/981/975 707/982/976
f 744/930/924 707/982/976 743/928/922
f 743/928/922 707/982/976 708/983/977
f 743/928/922 708/983/977 742/926/920
f 742/926/920 708/983/977 709/984/978
f 742/926/920 709/984/978 741/924/918
f 741/924/918 709/984/978 710/985/979
f 741/924/918 710/985/979 740/922/916
f 740/922/916 710/985/979 711/986/980
f 740/922/916 711/986/980 739/920/914
f 739/920/914 711/986/980 712/987/981
f 739/920/914 712/987/981 738/918/912
f 738/918/912 712/987/981 713/988/982
f 738/918/912 713/988/982 737/916/910
f 737/916/910 713/988/982 714/989/983
f 737/916/910 714/989/983 736/914/908
f 736/914/908 714/989/983 715/990/984
f 736/914/908 715/990/984 735/912/906
f 735/912/906 715/990/984 716/991/985
f 735/912/906 716/991/985 734/910/904
f 734/910/904 716/991/985 717/992/986
f 734/910/904 717/992/986 733/908/902
f 733/908/902 717/992/986 718/993/987
f 733/908/902 718/993/987 732/906/900
f 732/906/900 718/993/987 719/994/988
f 732/906/900 719/994/988 731/904/898
f 731/904/898 719/994/988 720/995/989
f 731/904/898 720/995/989 730/902/896
f 730/902/896 720/995/989 721/996/990
f 730/902/896 721/996/990 729/900/894
f 729/900/894 721/996/990 722/997/991
f 729/900/894 722/997/991 728/898/892
f 728/898/892 722/997/991 723/998/992
f 728/898/892 723/998/992 727/896/890
f 727/896/890 723/998/992 724/999/993
f 727/896/890 724/999/993 726/894/888
f 726/894/888 724/999/993 725/1000/994
f 726/894/888 725/1000/994 674/892/886
f 690/1001/995 555/1002/996 776/1003/997
f 776/1003/997 555/1002/996 671/1004/998
f 776/1003/997 671/1004/998 775/1005/999
f 775/1005/999 671/1004/998 670/1006/1000
f 775/1005/999 670/1006/1000 774/1007/1001
f 774/1007/1001 670/1006/1000 669/1008/1002
f 774/1007/1001 669/1008/1002 773/1009/1003
f 773/1009/1003 669/1008/1002 668/1010/1004
f 773/1009/1003 668/1010/1004 772/1011/1005
f 772/1011/1005 668/1010/1004 667/1012/1006
f 772/1011/1005 667/1012/1006 771/1013/1007
f 771/1013/1007 667/1012/1006 666/1014/1008
f 771/1013/1007 666/1014/1008 770/1015/1009
f 770/1015/1009 666/1014/1008 665/1016/1010
f 770/1015/1009 665/1016/1010 769/1017/1011
f 769/1017/1011 665/1016/1010 664/1018/1012
f 769/1017/1011 664/1018/1012 768/1019/1013
f 768/1019/1013 664/1018/1012 663/1020/1014
f 768/1019/1013 663/1020/1014 767/1021/1015
f 767/1021/1015 663/1020/1014 662/1022/1016
f 767/1021/1015 662/1022/1016 766/1023/1017
f 766/1023/1017 662/1022/1016 661/1024/1018
f 766/1023/1017 661/1024/1018 765/1025/1019
f 765/1025/1019 661/1024/1018 660/1026/1020
f 765/1025/1019 660/1026/1020 764/1027/1021
f 764/1027/1021 660/1026/1020 659/1028/1022
f 764/1027/1021 659/1028/1022 763/1029/1023
f 763/1029/1023 659/1028/1022 658/1030/1024
f 763/1029/1023 658/1030/1024 762/1031/1025
f 762/1031/1025 658/1030/1024 657/1032/1026
f 762/1031/1025 657/1032/1026 761/1033/1027
f 761/1033/1027 657/1032/1026 638/1034/1028
f 638/1035/1028 637/1036/1029 761/1037/1027
f 761/1037/1027 637/1036/1029 777/1038/1030
f 778/1039/1031 779/1040/1032 829/1041/1033
f 829/1041/1033 779/1040/1032 828/1042/1034
f 828/1042/1034 779/1040/1032 780/1043/1035
f 828/1042/1034 780/1043/1035 827/1044/1036
f 827/1044/1036 780/1043/1035 781/1045/1037
f 827/1044/1036 781/1045/1037 826/1046/1038
f 826/1046/1038 781/1045/1037 825/1047/1039
f 825/1047/1039 781/1045/1037 782/1048/1040
f 825/1047/1039 782/1048/1040 824/1049/1041
f 824/1049/1041 782/1048/1040 783/1050/1042
f 824/1049/1041 783/1050/1042 690/1051/1043
f 690/1051/1043 783/1050/1042 691/1052/1044
f 691/1052/1044 783/1050/1042 784/1053/1045
f 691/1052/1044 784/1053/1045 692/1054/1046
f 692/1054/1046 784/1053/1045 785/1055/1047
f 692/1054/1046 785/1055/1047 693/1056/1048
f 693/1056/1048 785/1055/1047 786/1057/1049
f 693/1056/1048 786/1057/1049 694/1058/1050
f 694/1058/1050 786/1057/1049 787/1059/1051
f 694/1058/1050 787/1059/1051 695/1060/1052
f 695/1060/1052 787/1059/1051 696/1061/1053
f 696/1061/1053 787/1059/1051 788/1062/1054
f 696/1061/1053 788/1062/1054 697/1063/1055
f 697/1063/1055 788/1062/1054 789/1064/1056
f 697/1063/1055 789/1064/1056 698/1065/1057
f 698/1065/1057 789/1064/1056 790/1066/1058
f 698/1065/1057 790/1066/1058 699/1067/1059
f 699/1067/1059 790/1066/1058 791/1068/1060
f 699/1067/1059 791/1068/1060 700/1069/1061
f 700/1069/1061 791/1068/1060 701/1070/1062
f 701/1070/1062 791/1068/1060 792/1071/1063
f 701/1070/1062 792/1071/1063 702/1072/1064
f 702/1072/1064 792/1071/1063 793/1073/1065
f 702/1072/1064 793/1073/1065 703/1074/1066
f 703/1074/1066 793/1073/1065 794/1075/1067
f 703/1074/1066 794/1075/1067 704/1076/1068
f 704/1076/1068 794/1075/1067 795/1077/1069
f 704/1076/1068 795/1077/1069 705/1078/1070
f 705/1078/1070 795/1077/1069 706/1079/1071
f 706/1079/1071 795/1077/1069 796/1080/1072
f 706/1079/1071 796/1080/1072 707/1081/1073
f 707/1081/1073 796/1080/1072 797/1082/1074
f 707/1081/1073 797/1082/1074 708/1083/1075
f 708/1083/1075 797/1082/1074 798/1084/1076
f 708/1083/1075 798/1084/1076 709/1085/1077
f 709/1085/1077 798/1084/1076 799/1086/1078
f 709/1085/1077 799/1086/1078 710/1087/1079
f 710/1087/1079 799/1086/1078 800/1088/1080
f 710/1087/1079 800/1088/1080 711/1089/1081
f 711/1089/1081 800/1088/1080 712/1090/1082
f 712/1090/1082 800/1088/1080 801/1091/1083
f 712/1090/1082 801/1091/1083 713/1092/1084
f 713/1092/1084 801/1091/1083 802/1093/1085
f 713/1092/1084 802/1093/1085 714/1094/1086
f 714/1094/1086 802/1093/1085 803/1095/1087
f 714/1094/1086 803/1095/1087 715/1096/1088
f 715/1096/1088 803/1095/1087 804/1097/1089
f 715/1096/1088 804/1097/1089 716/1098/1090
f 716/1098/1090 804/1097/1089 717/1099/1091
f 717/1099/1091 804/1097/1089 805/1100/1092
f 717/1099/1091 805/1100/1092 718/1101/1093
f 718/1101/1093 805/1100/1092 806/1102/1094
f 718/1101/1093 806/1102/1094 719/1103/1095
f 719/1103/1095 806/1102/1094 807/1104/1096
f 719/1103/1095 807/1104/1096 720/1105/1097
f 720/1105/1097 807/1104/1096 808/1106/1098
f 720/1105/1097 808/1106/1098 721/1107/1099
f 721/1107/1099 808/1106/1098 722/1108/1100
f 722/1108/1100 808/1106/1098 809/1109/1101
f 722/1108/1100 809/1109/1101 723/1110/1102
f 723/1110/1102 809/1109/1101 810/1111/1103
f 723/1110/1102 810/1111/1103 724/1112/1104
f 724/1112/1104 810/1111/1103 811/1113/1105
f 724/1112/1104 811/1113/1105 725/1114/1106
f 725/1114/1106 811/1113/1105 812/1115/1107
f 725/1114/1106 812/1115/1107 674/1116/1108
f 674/1116/1108 812/1115/1107 823/1117/1109
f 823/1117/1109 812/1115/1107 813/1118/1110
f 823/1117/1109 813/1118/1110 822/1119/1111
f 822/1119/1111 813/1118/1110 814/1120/1112
f 822/1119/1111 814/1120/1112 821/1121/1113
f 821/1121/1113 814/1120/1112 820/1122/1114
f 820/1122/1114 814/1120/1112 815/1123/1115
f 820/1122/1114 815/1123/1115 819/1124/1116
f 819/1124/1116 815/1123/1115 816/1125/1117
f 819/1124/1116 816/1125/1117 818/1126/1118
f 818/1126/1118 816/1125/1117 817/1127/1119
f 830/1128/1120 673/1129/1121 831/1130/1122
f 831/1130/1122 673/1129/1121 672/1131/1123
f 817/1132/1124 832/1133/1125 818/1134/1126
f 818/1134/1126 832/1133/1125 819/1135/1127
f 819/1135/1127 832/1133/1125 820/1136/1128
f 820/1136/1128 832/1133/1125 833/1137/1129
f 820/1136/1128 833/1137/1129 821/1138/1130
f 821/1138/1130 833/1137/1129 822/1139/1131
f 822/1139/1131 833/1137/1129 834/1140/1132
f 822/1139/1131 834/1140/1132 823/1141/1133
f 823/1141/1133 834/1140/1132 674/1142/1134
f 674/1142/1134 834/1140/1132 835/1143/1135
f 674/1142/1134 835/1143/1135 675/1144/1136
f 675/1144/1136 835/1143/1135 836/1145/1137
f 675/1144/1136 836/1145/1137 676/1146/1138
f 676/1146/1138 836/1145/1137 837/1147/1139
f 676/1146/1138 837/1147/1139 677/1148/1140
f 677/1148/1140 837/1147/1139 838/1149/1141
f 677/1148/1140 838/1149/1141 678/1150/1142
f 678/1150/1142 838/1149/1141 679/1151/1143
f 679/1151/1143 838/1149/1141 839/1152/1144
f 679/1151/1143 839/1152/1144 680/1153/1145
f 680/1153/1145 839/1152/1144 840/1154/1146
f 680/1153/1145 840/1154/1146 681/1155/1147
f 681/1155/1147 840/1154/1146 841/1156/1148
f 681/1155/1147 841/1156/1148 682/1157/1149
f 682/1157/1149 841/1156/1148 842/1158/1150
f 682/1157/1149 842/1158/1150 683/1159/1151
f 683/1159/1151 842/1158/1150 843/1160/1152
f 683/1159/1151 843/1160/1152 684/1161/1153
f 684/1161/1153 843/1160/1152 844/1162/1154
f 684/1161/1153 844/1162/1154 685/1163/1155
f 685/1163/1155 844/1162/1154 845/1164/1156
f 685/1163/1155 845/1164/1156 686/1165/1157
f 686/1165/1157 845/1164/1156 846/1166/1158
f 686/1165/1157 846/1166/1158 687/1167/1159
f 687/1167/1159 846/1166/1158 847/1168/1160
f 687/1167/1159 847/1168/1160 688/1169/1161
f 688/1169/1161 847/1168/1160 848/1170/1162
f 688/1169/1161 848/1170/1162 689/1171/1163
f 689/1171/1163 848/1170/1162 831/1172/1122
f 689/1171/1163 831/1172/1122 672/1173/1123
f 776/1174/1164 863/1175/1165 690/1176/1166
f 690/1176/1166 863/1175/1165 864/1177/1167
f 690/1176/1166 864/1177/1167 824/1178/1168
f 824/1178/1168 864/1177/1167 865/1179/1169
f 824/1178/1168 865/1179/1169 825/1180/1170
f 825/1180/1170 865/1179/1169 826/1181/1171
f 826/1181/1171 865/1179/1169 827/1182/1172
f 827/1182/1172 865/1179/1169 866/1183/1173
f 827/1182/1172 866/1183/1173 828/1184/1174
f 828/1184/1174 866/1183/1173 829/1185/1175
f 829/1185/1175 866/1183/1173 778/1186/1176
f 863/1175/1165 776/1174/1164 862/1187/1177
f 862/1187/1177 776/1174/1164 775/1188/1178
f 862/1187/1177 775/1188/1178 861/1189/1179
f 861/1189/1179 775/1188/1178 774/1190/1180
f 861/1189/1179 774/1190/1180 860/1191/1181
f 860/1191/1181 774/1190/1180 773/1192/1182
f 860/1191/1181 773/1192/1182 772/1193/1183
f 860/1191/1181 772/1193/1183 859/1194/1184
f 859/1194/1184 772/1193/1183 771/1195/1185
f 859/1194/1184 771/1195/1185 858/1196/1186
f 858/1196/1186 771/1195/1185 770/1197/1187
f 858/1196/1186 770/1197/1187 857/1198/1188
f 857/1198/1188 770/1197/1187 769/1199/1189
f 857/1198/1188 769/1199/1189 856/1200/1190
f 856/1200/1190 769/1199/1189 768/1201/1191
f 856/1200/1190 768/1201/1191 855/1202/1192
f 855/1202/1192 768/1201/1191 767/1203/1193
f 855/1202/1192 767/1203/1193 854/1204/1194
f 854/1204/1194 767/1203/1193 766/1205/1195
f 854/1204/1194 766/1205/1195 853/1206/1196
f 853/1206/1196 766/1205/1195 765/1207/1197
f 853/1206/1196 765/1207/1197 852/1208/1198
f 852/1208/1198 765/1207/1197 764/1209/1199
f 852/1208/1198 764/1209/1199 851/1210/1200
f 851/1210/1200 764/1209/1199 763/1211/1201
f 851/1210/1200 763/1211/1201 850/1212/1202
f 850/1212/1202 763/1211/1201 762/1213/1203
f 850/1212/1202 762/1213/1203 849/1214/1204
f 849/1214/1204 762/1213/1203 761/1215/1205
f 777/1216/1206 867/1217/1207 761/1218/1205
f 761/1218/1205 867/1217/1207 849/1219/1204
f 867/1220/1208 777/1221/1209 868/1222/1210
f 868/1222/1210 777/1221/1209 637/1223/1211
f 868/1222/1210 637/1223/1211 869/1224/1212
f 869/1224/1212 637/1223/1211 636/1225/1213
f 870/1226/1214 868/1227/1215 871/1228/1216
f 871/1228/1216 868/1227/1215 869/1229/1217
f 873/1230/1218 1088/1231/1219 872/1232/1220
f 872/1232/1220 1088/1231/1219 1089/1233/1221
f 872/1232/1220 1089/1233/1221 987/1234/1222
f 987/1234/1222 1089/1233/1221 1090/1235/1223
f 987/1234/1222 1090/1235/1223 986/1236/1224
f 986/1236/1224 1090/1235/1223 1093/1237/1225
f 986/1236/1224 1093/1237/1225 985/1238/1226
f 985/1238/1226 1093/1237/1225 1096/1239/1227
f 985/1238/1226 1096/1239/1227 984/1240/1228
f 984/1240/1228 1096/1239/1227 1099/1241/1229
f 984/1240/1228 1099/1241/1229 983/1242/1230
f 983/1242/1230 1099/1241/1229 988/1243/1231
f 983/1242/1230 988/1243/1231 982/1244/1232
f 982/1244/1232 988/1243/1231 1102/1245/1233
f 982/1244/1232 1102/1245/1233 990/1246/1234
f 990/1246/1234 1102/1245/1233 1103/1247/1235
f 990/1246/1234 1103/1247/1235 1101/1248/1236
f 1101/1248/1236 1103/1247/1235 1104/1249/1237
f 1101/1248/1236 1104/1249/1237 991/1250/1238
f 991/1250/1238 1104/1249/1237 877/1251/1239
f 991/1250/1238 877/1251/1239 878/1252/1240
f 1088/1231/1219 873/1230/1218 1091/1253/1241
f 1091/1253/1241 873/1230/1218 874/1254/1242
f 1091/1253/1241 874/1254/1242 1094/1255/1243
f 1094/1255/1243 874/1254/1242 875/1256/1244
f 1094/1255/1243 875/1256/1244 1097/1257/1245
f 1097/1257/1245 875/1256/1244 876/1258/1246
f 1097/1257/1245 876/1258/1246 989/1259/1247
f 989/1259/1247 876/1258/1246 877/1251/1239
f 989/1259/1247 877/1251/1239 1104/1249/1237
f 879/1260/1248 993/1261/1249 878/1252/1240
f 878/1252/1240 993/1261/1249 1108/1262/1250
f 878/1252/1240 1108/1262/1250 991/1250/1238
f 991/1250/1238 1108/1262/1250 1107/1263/1251
f 991/1250/1238 1107/1263/1251 1101/1248/1236
f 1101/1248/1236 1107/1263/1251 1106/1264/1252
f 1101/1248/1236 1106/1264/1252 990/1246/1234
f 990/1246/1234 1106/1264/1252 981/1265/1253
f 990/1246/1234 981/1265/1253 982/1244/1232
f 880/1266/1254 995/1267/1255 879/1260/1248
f 879/1260/1248 995/1267/1255 1112/1268/1256
f 879/1260/1248 1112/1268/1256 993/1261/1249
f 993/1261/1249 1112/1268/1256 1111/1269/1257
f 993/1261/1249 1111/1269/1257 1105/1270/1258
f 1105/1270/1258 1111/1269/1257 1110/1271/1259
f 1105/1270/1258 1110/1271/1259 992/1272/1260
f 992/1272/1260 1110/1271/1259 980/1273/1261
f 992/1272/1260 980/1273/1261 981/1265/1253
f 881/1274/1262 997/1275/1263 880/1266/1254
f 880/1266/1254 997/1275/1263 1117/1276/1264
f 880/1266/1254 1117/1276/1264 995/1267/1255
f 995/1267/1255 1117/1276/1264 1116/1277/1265
f 995/1267/1255 1116/1277/1265 1109/1278/1266
f 1109/1278/1266 1116/1277/1265 1115/1279/1267
f 1109/1278/1266 1115/1279/1267 994/1280/1268
f 994/1280/1268 1115/1279/1267 979/1281/1269
f 994/1280/1268 979/1281/1269 980/1273/1261
f 882/1282/1270 999/1283/1271 881/1274/1262
f 881/1274/1262 999/1283/1271 1118/1284/1272
f 881/1274/1262 1118/1284/1272 1122/1285/1273
f 1122/1285/1273 1118/1284/1272 1119/1286/1274
f 1122/1285/1273 1119/1286/1274 1121/1287/1275
f 1121/1287/1275 1119/1286/1274 1120/1288/1276
f 1121/1287/1275 1120/1288/1276 996/1289/1277
f 996/1289/1277 1120/1288/1276 978/1290/1278
f 996/1289/1277 978/1290/1278 979/1281/1269
f 883/1291/1279 1001/1292/1280 882/1282/1270
f 882/1282/1270 1001/1292/1280 1123/1293/1281
f 882/1282/1270 1123/1293/1281 999/1283/1271
f 999/1283/1271 1123/1293/1281 1124/1294/1282
f 999/1283/1271 1124/1294/1282 1126/1295/1283
f 1126/1295/1283 1124/1294/1282 1125/1296/1284
f 1126/1295/1283 1125/1296/1284 998/1297/1285
f 998/1297/1285 1125/1296/1284 977/1298/1286
f 998/1297/1285 977/1298/1286 978/1290/1278
f 884/1299/1287 1003/1300/1288 883/1291/1279
f 883/1291/1279 1003/1300/1288 1127/1301/1289
f 883/1291/1279 1127/1301/1289 1001/1292/1280
f 1001/1292/1280 1127/1301/1289 1128/1302/1290
f 1001/1292/1280 1128/1302/1290 1130/1303/1291
f 1130/1303/1291 1128/1302/1290 1129/1304/1292
f 1130/1303/1291 1129/1304/1292 1000/1305/1293
f 1000/1305/1293 1129/1304/1292 976/1306/1294
f 1000/1305/1293 976/1306/1294 977/1298/1286
f 885/1307/1295 1005/1308/1296 884/1299/1287
f 884/1299/1287 1005/1308/1296 1131/1309/1297
f 884/1299/1287 1131/1309/1297 1003/1300/1288
f 1003/1300/1288 1131/1309/1297 1132/1310/1298
f 1003/1300/1288 1132/1310/1298 1134/1311/1299
f 1134/1311/1299 1132/1310/1298 1133/1312/1300
f 1134/1311/1299 1133/1312/1300 1002/1313/1301
f 1002/1313/1301 1133/1312/1300 975/1314/1302
f 1002/1313/1301 975/1314/1302 976/1306/1294
f 886/1315/1303 1007/1316/1304 885/1307/1295
f 885/1307/1295 1007/1316/1304 1135/1317/1305
f 885/1307/1295 1135/1317/1305 1005/1308/1296
f 1005/1308/1296 1135/1317/1305 1136/1318/1306
f 1005/1308/1296 1136/1318/1306 1138/1319/1307
f 1138/1319/1307 1136/1318/1306 1137/1320/1308
f 1138/1319/1307 1137/1320/1308 1004/1321/1309
f 1004/1321/1309 1137/1320/1308 974/1322/1310
f 1004/1321/1309 974/1322/1310 975/1314/1302
f 887/1323/1311 1009/1324/1312 886/1315/1303
f 886/1315/1303 1009/1324/1312 1139/1325/1313
f 886/1315/1303 1139/1325/1313 1007/1316/1304
f 1007/1316/1304 1139/1325/1313 1140/1326/1314
f 1007/1316/1304 1140/1326/1314 1142/1327/1315
f 1142/1327/1315 1140/1326/1314 1141/1328/1316
f 1142/1327/1315 1141/1328/1316 1006/1329/1317
f 1006/1329/1317 1141/1328/1316 973/1330/1318
f 1006/1329/1317 973/1330/1318 974/1322/1310
f 888/1331/1319 1011/1332/1320 887/1323/1311
f 887/1323/1311 1011/1332/1320 1146/1333/1321
f 887/1323/1311 1146/1333/1321 1009/1324/1312
f 1009/1324/1312 1146/1333/1321 1145/1334/1322
f 1009/1324/1312 1145/1334/1322 1383/1335/1323
f 1383/1335/1323 1145/1334/1322 1144/1336/1324
f 1383/1335/1323 1144/1336/1324 1008/1337/1325
f 1008/1337/1325 1144/1336/1324 972/1338/1326
f 1008/1337/1325 972/1338/1326 973/1330/1318
f 889/1339/1327 1013/1340/1328 888/1331/1319
f 888/1331/1319 1013/1340/1328 1150/1341/1329
f 888/1331/1319 1150/1341/1329 1011/1332/1320
f 1011/1332/1320 1150/1341/1329 1149/1342/1330
f 1011/1332/1320 1149/1342/1330 1143/1343/1331
f 1143/1343/1331 1149/1342/1330 1148/1344/1332
f 1143/1343/1331 1148/1344/1332 1010/1345/1333
f 1010/1345/1333 1148/1344/1332 971/1346/1334
f 1010/1345/1333 971/1346/1334 972/1338/1326
f 890/1347/1335 1015/1348/1336 889/1339/1327
f 889/1339/1327 1015/1348/1336 1154/1349/1337
f 889/1339/1327 1154/1349/1337 1013/1340/1328
f 1013/1340/1328 1154/1349/1337 1153/1350/1338
f 1013/1340/1328 1153/1350/1338 1147/1351/1339
f 1147/1351/1339 1153/1350/1338 1152/1352/1340
f 1147/1351/1339 1152/1352/1340 1012/1353/1341
f 1012/1353/1341 1152/1352/1340 970/1354/1342
f 1012/1353/1341 970/1354/1342 971/1346/1334
f 891/1355/1343 1017/1356/1344 890/1347/1335
f 890/1347/1335 1017/1356/1344 1158/1357/1345
f 890/1347/1335 1158/1357/1345 1015/1348/1336
f 1015/1348/1336 1158/1357/1345 1157/1358/1346
f 1015/1348/1336 1157/1358/1346 1151/1359/1347
f 1151/1359/1347 1157/1358/1346 1156/1360/1348
f 1151/1359/1347 1156/1360/1348 1014/1361/1349
f 1014/1361/1349 1156/1360/1348 969/1362/1350
f 1014/1361/1349 969/1362/1350 970/1354/1342
f 892/1363/1351 1019/1364/1352 891/1355/1343
f 891/1355/1343 1019/1364/1352 1162/1365/1353
f 891/1355/1343 1162/1365/1353 1017/1356/1344
f 1017/1356/1344 1162/1365/1353 1161/1366/1354
f 1017/1356/1344 1161/1366/1354 1155/1367/1355
f 1155/1367/1355 1161/1366/1354 1160/1368/1356
f 1155/1367/1355 1160/1368/1356 1016/1369/1357
f 1016/1369/1357 1160/1368/1356 968/1370/1358
f 1016/1369/1357 968/1370/1358 969/1362/1350
f 893/1371/1359 1021/1372/1360 892/1363/1351
f 892/1363/1351 1021/1372/1360 1166/1373/1361
f 892/1363/1351 1166/1373/1361 1019/1364/1352
f 1019/1364/1352 1166/1373/1361 1165/1374/1362
f 1019/1364/1352 1165/1374/1362 1159/1375/1363
f 1159/1375/1363 1165/1374/1362 1164/1376/1364
f 1159/1375/1363 1164/1376/1364 1018/1377/1365
f 1018/1377/1365 1164/1376/1364 967/1378/1366
f 1018/1377/1365 967/1378/1366 968/1370/1358
f 894/1379/1367 1023/1380/1368 893/1371/1359
f 893/1371/1359 1023/1380/1368 1167/1381/1369
f 893/1371/1359 1167/1381/1369 1172/1382/1370
f 1172/1382/1370 1167/1381/1369 1168/1383/1371
f 1172/1382/1370 1168/1383/1371 1171/1384/1372
f 1171/1384/1372 1168/1383/1371 1169/1385/1373
f 1171/1384/1372 1169/1385/1373 1170/1386/1374
f 1170/1386/1374 1169/1385/1373 966/1387/1375
f 1170/1386/1374 966/1387/1375 1020/1388/1376
f 1020/1388/1376 966/1387/1375 967/1378/1366
f 1020/1388/1376 967/1378/1366 1164/1376/1364
f 895/1389/1377 1025/1390/1378 894/1379/1367
f 894/1379/1367 1025/1390/1378 1173/1391/1379
f 894/1379/1367 1173/1391/1379 1023/1380/1368
f 1023/1380/1368 1173/1391/1379 1174/1392/1380
f 1023/1380/1368 1174/1392/1380 1176/1393/1381
f 1176/1393/1381 1174/1392/1380 1175/1394/1382
f 1176/1393/1381 1175/1394/1382 1022/1395/1383
f 1022/1395/1383 1175/1394/1382 965/1396/1384
f 1022/1395/1383 965/1396/1384 966/1387/1375
f 896/1397/1385 1027/1398/1386 895/1389/1377
f 895/1389/1377 1027/1398/1386 1177/1399/1387
f 895/1389/1377 1177/1399/1387 1025/1390/1378
f 1025/1390/1378 1177/1399/1387 1178/1400/1388
f 1025/1390/1378 1178/1400/1388 1180/1401/1389
f 1180/1401/1389 1178/1400/1388 1179/1402/1390
f 1180/1401/1389 1179/1402/1390 1024/1403/1391
f 1024/1403/1391 1179/1402/1390 964/1404/1392
f 1024/1403/1391 964/1404/1392 965/1396/1384
f 897/1405/1393 1029/1406/1394 896/1397/1385
f 896/1397/1385 1029/1406/1394 1381/1407/1395
f 896/1397/1385 1381/1407/1395 1181/1408/1396
f 1181/1408/1396 1381/1407/1395 1382/1409/1397
f 1181/1408/1396 1382/1409/1397 1182/1410/1398
f 1182/1410/1398 1382/1409/1397 1028/1411/1399
f 1182/1410/1398 1028/1411/1399 1183/1412/1400
f 1183/1412/1400 1028/1411/1399 963/1413/1401
f 1183/1412/1400 963/1413/1401 1026/1414/1402
f 1026/1414/1402 963/1413/1401 964/1404/1392
f 1026/1414/1402 964/1404/1392 1179/1402/1390
f 898/1415/1403 1374/1416/1404 897/1405/1393
f 897/1405/1393 1374/1416/1404 1378/1417/1405
f 897/1405/1393 1378/1417/1405 1185/1418/1406
f 1185/1418/1406 1378/1417/1405 1377/1419/1407
f 1185/1418/1406 1377/1419/1407 1186/1420/1408
f 1186/1420/1408 1377/1419/1407 1030/1421/1409
f 1186/1420/1408 1030/1421/1409 1187/1422/1410
f 1187/1422/1410 1030/1421/1409 962/1423/1411
f 1187/1422/1410 962/1423/1411 1188/1424/1412
f 1188/1424/1412 962/1423/1411 1379/1425/1413
f 1188/1424/1412 1379/1425/1413 1380/1426/1414
f 1380/1426/1414 1379/1425/1413 1382/1409/1397
f 1380/1426/1414 1382/1409/1397 1381/1407/1395
f 899/1427/1415 1370/1428/1416 898/1415/1403
f 898/1415/1403 1370/1428/1416 1191/1429/1417
f 898/1415/1403 1191/1429/1417 1196/1430/1418
f 1196/1430/1418 1191/1429/1417 1192/1431/1419
f 1196/1430/1418 1192/1431/1419 1195/1432/1420
f 1195/1432/1420 1192/1431/1419 1193/1433/1421
f 1195/1432/1420 1193/1433/1421 1194/1434/1422
f 1194/1434/1422 1193/1433/1421 961/1435/1423
f 1194/1434/1422 961/1435/1423 1372/1436/1424
f 1372/1436/1424 961/1435/1423 1375/1437/1425
f 1372/1436/1424 1375/1437/1425 1376/1438/1426
f 1376/1438/1426 1375/1437/1425 1377/1419/1407
f 1376/1438/1426 1377/1419/1407 1378/1417/1405
f 900/1439/1427 1366/1440/1428 899/1427/1415
f 899/1427/1415 1366/1440/1428 1197/1441/1429
f 899/1427/1415 1197/1441/1429 1202/1442/1430
f 1202/1442/1430 1197/1441/1429 1198/1443/1431
f 1202/1442/1430 1198/1443/1431 1201/1444/1432
f 1201/1444/1432 1198/1443/1431 1199/1445/1433
f 1201/1444/1432 1199/1445/1433 1200/1446/1434
f 1200/1446/1434 1199/1445/1433 960/1447/1435
f 1200/1446/1434 960/1447/1435 1368/1448/1436
f 1368/1448/1436 960/1447/1435 1032/1449/1437
f 1368/1448/1436 1032/1449/1437 1371/1450/1438
f 1371/1450/1438 1032/1449/1437 1192/1431/1419
f 1371/1450/1438 1192/1431/1419 1191/1429/1417
f 901/1451/1439 1362/1452/1440 900/1439/1427
f 900/1439/1427 1362/1452/1440 1203/1453/1441
f 900/1439/1427 1203/1453/1441 1208/1454/1442
f 1208/1454/1442 1203/1453/1441 1204/1455/1443
f 1208/1454/1442 1204/1455/1443 1207/1456/1444
f 1207/1456/1444 1204/1455/1443 1205/1457/1445
f 1207/1456/1444 1205/1457/1445 1206/1458/1446
f 1206/1458/1446 1205/1457/1445 959/1459/1447
f 1206/1458/1446 959/1459/1447 1364/1460/1448
f 1364/1460/1448 959/1459/1447 1034/1461/1449
f 1364/1460/1448 1034/1461/1449 1367/1462/1450
f 1367/1462/1450 1034/1461/1449 1198/1443/1431
f 1367/1462/1450 1198/1443/1431 1197/1441/1429
f 902/1463/1451 1039/1464/1452 901/1451/1439
f 901/1451/1439 1039/1464/1452 1358/1465/1453
f 901/1451/1439 1358/1465/1453 1209/1466/1454
f 1209/1466/1454 1358/1465/1453 1359/1467/1455
f 1209/1466/1454 1359/1467/1455 1210/1468/1456
f 1210/1468/1456 1359/1467/1455 1038/1469/1457
f 1210/1468/1456 1038/1469/1457 1211/1470/1458
f 1211/1470/1458 1038/1469/1457 958/1471/1459
f 1211/1470/1458 958/1471/1459 1212/1472/1460
f 1212/1472/1460 958/1471/1459 1360/1473/1461
f 1212/1472/1460 1360/1473/1461 1361/1474/1462
f 1361/1474/1462 1360/1473/1461 1363/1475/1463
f 1361/1474/1462 1363/1475/1463 1362/1452/1440
f 1362/1452/1440 1363/1475/1463 1203/1453/1441
f 903/1476/1464 1041/1477/1465 902/1463/1451
f 902/1463/1451 1041/1477/1465 1354/1478/1466
f 902/1463/1451 1354/1478/1466 1215/1479/1467
f 1215/1479/1467 1354/1478/1466 1355/1480/1468
f 1215/1479/1467 1355/1480/1468 1216/1481/1469
f 1216/1481/1469 1355/1480/1468 1040/1482/1470
f 1216/1481/1469 1040/1482/1470 1217/1483/1471
f 1217/1483/1471 1040/1482/1470 957/1484/1472
f 1217/1483/1471 957/1484/1472 1218/1485/1473
f 1218/1485/1473 957/1484/1472 1356/1486/1474
f 1218/1485/1473 1356/1486/1474 1357/1487/1475
f 1357/1487/1475 1356/1486/1474 1359/1467/1455
f 1357/1487/1475 1359/1467/1455 1358/1465/1453
f 904/1488/1476 1043/1489/1477 903/1476/1464
f 903/1476/1464 1043/1489/1477 1350/1490/1478
f 903/1476/1464 1350/1490/1478 1221/1491/1479
f 1221/1491/1479 1350/1490/1478 1351/1492/1480
f 1221/1491/1479 1351/1492/1480 1222/1493/1481
f 1222/1493/1481 1351/1492/1480 1042/1494/1482
f 1222/1493/1481 1042/1494/1482 1223/1495/1483
f 1223/1495/1483 1042/1494/1482 956/1496/1484
f 1223/1495/1483 956/1496/1484 1224/1497/1485
f 1224/1497/1485 956/1496/1484 1352/1498/1486
f 1224/1497/1485 1352/1498/1486 1353/1499/1487
f 1353/1499/1487 1352/1498/1486 1355/1480/1468
f 1353/1499/1487 1355/1480/1468 1354/1478/1466
f 905/1500/1488 1343/1501/1489 904/1488/1476
f 904/1488/1476 1343/1501/1489 1347/1502/1490
f 904/1488/1476 1347/1502/1490 1227/1503/1491
f 1227/1503/1491 1347/1502/1490 1346/1504/1492
f 1227/1503/1491 1346/1504/1492 1228/1505/1493
f 1228/1505/1493 1346/1504/1492 1044/1506/1494
f 1228/1505/1493 1044/1506/1494 1229/1507/1495
f 1229/1507/1495 1044/1506/1494 955/1508/1496
f 1229/1507/1495 955/1508/1496 1230/1509/1497
f 1230/1509/1497 955/1508/1496 1348/1510/1498
f 1230/1509/1497 1348/1510/1498 1349/1511/1499
f 1349/1511/1499 1348/1510/1498 1351/1492/1480
f 1349/1511/1499 1351/1492/1480 1350/1490/1478
f 906/1512/1500 1339/1513/1501 905/1500/1488
f 905/1500/1488 1339/1513/1501 1233/1514/1502
f 905/1500/1488 1233/1514/1502 1238/1515/1503
f 1238/1515/1503 1233/1514/1502 1234/1516/1504
f 1238/1515/1503 1234/1516/1504 1237/1517/1505
f 1237/1517/1505 1234/1516/1504 1235/1518/1506
f 1237/1517/1505 1235/1518/1506 1236/1519/1507
f 1236/1519/1507 1235/1518/1506 954/1520/1508
f 1236/1519/1507 954/1520/1508 1341/1521/1509
f 1341/1521/1509 954/1520/1508 1344/1522/1510
f 1341/1521/1509 1344/1522/1510 1345/1523/1511
f 1345/1523/1511 1344/1522/1510 1346/1504/1492
f 1345/1523/1511 1346/1504/1492 1347/1502/1490
f 907/1524/1512 1049/1525/1513 906/1512/1500
f 906/1512/1500 1049/1525/1513 1242/1526/1514
f 906/1512/1500 1242/1526/1514 1047/1527/1515
f 1047/1527/1515 1242/1526/1514 1241/1528/1516
f 1047/1527/1515 1241/1528/1516 1338/1529/1517
f 1338/1529/1517 1241/1528/1516 1240/1530/1518
f 1338/1529/1517 1240/1530/1518 1337/1531/1519
f 1337/1531/1519 1240/1530/1518 953/1532/1520
f 1337/1531/1519 953/1532/1520 1046/1533/1521
f 1046/1533/1521 953/1532/1520 954/1520/1508
f 1046/1533/1521 954/1520/1508 1235/1518/1506
f 908/1534/1522 1051/1535/1523 907/1524/1512
f 907/1524/1512 1051/1535/1523 1246/1536/1524
f 907/1524/1512 1246/1536/1524 1049/1525/1513
f 1049/1525/1513 1246/1536/1524 1245/1537/1525
f 1049/1525/1513 1245/1537/1525 1239/1538/1526
f 1239/1538/1526 1245/1537/1525 1244/1539/1527
f 1239/1538/1526 1244/1539/1527 1048/1540/1528
f 1048/1540/1528 1244/1539/1527 952/1541/1529
f 1048/1540/1528 952/1541/1529 953/1532/1520
f 909/1542/1530 1053/1543/1531 908/1534/1522
f 908/1534/1522 1053/1543/1531 1250/1544/1532
f 908/1534/1522 1250/1544/1532 1051/1535/1523
f 1051/1535/1523 1250/1544/1532 1249/1545/1533
f 1051/1535/1523 1249/1545/1533 1243/1546/1534
f 1243/1546/1534 1249/1545/1533 1248/1547/1535
f 1243/1546/1534 1248/1547/1535 1050/1548/1536
f 1050/1548/1536 1248/1547/1535 951/1549/1537
f 1050/1548/1536 951/1549/1537 952/1541/1529
f 910/1550/1538 1055/1551/1539 909/1542/1530
f 909/1542/1530 1055/1551/1539 1251/1552/1540
f 909/1542/1530 1251/1552/1540 1256/1553/1541
f 1256/1553/1541 1251/1552/1540 1252/1554/1542
f 1256/1553/1541 1252/1554/1542 1255/1555/1543
f 1255/1555/1543 1252/1554/1542 1253/1556/1544
f 1255/1555/1543 1253/1556/1544 1254/1557/1545
f 1254/1557/1545 1253/1556/1544 950/1558/1546
f 1254/1557/1545 950/1558/1546 1052/1559/1547
f 1052/1559/1547 950/1558/1546 951/1549/1537
f 1052/1559/1547 951/1549/1537 1248/1547/1535
f 911/1560/1548 1057/1561/1549 910/1550/1538
f 910/1550/1538 1057/1561/1549 1257/1562/1550
f 910/1550/1538 1257/1562/1550 1055/1551/1539
f 1055/1551/1539 1257/1562/1550 1258/1563/1551
f 1055/1551/1539 1258/1563/1551 1260/1564/1552
f 1260/1564/1552 1258/1563/1551 1259/1565/1553
f 1260/1564/1552 1259/1565/1553 1054/1566/1554
f 1054/1566/1554 1259/1565/1553 949/1567/1555
f 1054/1566/1554 949/1567/1555 950/1558/1546
f 912/1568/1556 1059/1569/1557 911/1560/1548
f 911/1560/1548 1059/1569/1557 1261/1570/1558
f 911/1560/1548 1261/1570/1558 1057/1561/1549
f 1057/1561/1549 1261/1570/1558 1262/1571/1559
f 1057/1561/1549 1262/1571/1559 1264/1572/1560
f 1264/1572/1560 1262/1571/1559 1263/1573/1561
f 1264/1572/1560 1263/1573/1561 1056/1574/1562
f 1056/1574/1562 1263/1573/1561 948/1575/1563
f 1056/1574/1562 948/1575/1563 949/1567/1555
f 913/1576/1564 1061/1577/1565 912/1568/1556
f 912/1568/1556 1061/1577/1565 1265/1578/1566
f 912/1568/1556 1265/1578/1566 1059/1569/1557
f 1059/1569/1557 1265/1578/1566 1266/1579/1567
f 1059/1569/1557 1266/1579/1567 1268/1580/1568
f 1268/1580/1568 1266/1579/1567 1267/1581/1569
f 1268/1580/1568 1267/1581/1569 1058/1582/1570
f 1058/1582/1570 1267/1581/1569 947/1583/1571
f 1058/1582/1570 947/1583/1571 948/1575/1563
f 914/1584/1572 1063/1585/1573 913/1576/1564
f 913/1576/1564 1063/1585/1573 1269/1586/1574
f 913/1576/1564 1269/1586/1574 1061/1577/1565
f 1061/1577/1565 1269/1586/1574 1270/1587/1575
f 1061/1577/1565 1270/1587/1575 1272/1588/1576
f 1272/1588/1576 1270/1587/1575 1271/1589/1577
f 1272/1588/1576 1271/1589/1577 1060/1590/1578
f 1060/1590/1578 1271/1589/1577 946/1591/1579
f 1060/1590/1578 946/1591/1579 947/1583/1571
f 915/1592/1580 1065/1593/1581 914/1584/1572
f 914/1584/1572 1065/1593/1581 1273/1594/1582
f 914/1584/1572 1273/1594/1582 1063/1585/1573
f 1063/1585/1573 1273/1594/1582 1274/1595/1583
f 1063/1585/1573 1274/1595/1583 1276/1596/1584
f 1276/1596/1584 1274/1595/1583 1275/1597/1585
f 1276/1596/1584 1275/1597/1585 1062/1598/1586
f 1062/1598/1586 1275/1597/1585 945/1599/1587
f 1062/1598/1586 945/1599/1587 946/1591/1579
f 916/1600/1588 1067/1601/1589 915/1592/1580
f 915/1592/1580 1067/1601/1589 1277/1602/1590
f 915/1592/1580 1277/1602/1590 1065/1593/1581
f 1065/1593/1581 1277/1602/1590 1278/1603/1591
f 1065/1593/1581 1278/1603/1591 1280/1604/1592
f 1280/1604/1592 1278/1603/1591 1279/1605/1593
f 1280/1604/1592 1279/1605/1593 1064/1606/1594
f 1064/1606/1594 1279/1605/1593 944/1607/1595
f 1064/1606/1594 944/1607/1595 945/1599/1587
f 917/1608/1596 1069/1609/1597 916/1600/1588
f 916/1600/1588 1069/1609/1597 1284/1610/1598
f 916/1600/1588 1284/1610/1598 1067/1601/1589
f 1067/1601/1589 1284/1610/1598 1283/1611/1599
f 1067/1601/1589 1283/1611/1599 1336/1612/1600
f 1336/1612/1600 1283/1611/1599 1282/1613/1601
f 1336/1612/1600 1282/1613/1601 1066/1614/1602
f 1066/1614/1602 1282/1613/1601 943/1615/1603
f 1066/1614/1602 943/1615/1603 944/1607/1595
f 918/1616/1604 1071/1617/1605 917/1608/1596
f 917/1608/1596 1071/1617/1605 1288/1618/1606
f 917/1608/1596 1288/1618/1606 1069/1609/1597
f 1069/1609/1597 1288/1618/1606 1287/1619/1607
f 1069/1609/1597 1287/1619/1607 1281/1620/1608
f 1281/1620/1608 1287/1619/1607 1286/1621/1609
f 1281/1620/1608 1286/1621/1609 1068/1622/1610
f 1068/1622/1610 1286/1621/1609 942/1623/1611
f 1068/1622/1610 942/1623/1611 943/1615/1603
f 919/1624/1612 1073/1625/1613 918/1616/1604
f 918/1616/1604 1073/1625/1613 1292/1626/1614
f 918/1616/1604 1292/1626/1614 1071/1617/1605
f 1071/1617/1605 1292/1626/1614 1291/1627/1615
f 1071/1617/1605 1291/1627/1615 1285/1628/1616
f 1285/1628/1616 1291/1627/1615 1290/1629/1617
f 1285/1628/1616 1290/1629/1617 1070/1630/1618
f 1070/1630/1618 1290/1629/1617 941/1631/1619
f 1070/1630/1618 941/1631/1619 942/1623/1611
f 920/1632/1620 1075/1633/1621 919/1624/1612
f 919/1624/1612 1075/1633/1621 1296/1634/1622
f 919/1624/1612 1296/1634/1622 1073/1625/1613
f 1073/1625/1613 1296/1634/1622 1295/1635/1623
f 1073/1625/1613 1295/1635/1623 1289/1636/1624
f 1289/1636/1624 1295/1635/1623 1294/1637/1625
f 1289/1636/1624 1294/1637/1625 1072/1638/1626
f 1072/1638/1626 1294/1637/1625 940/1639/1627
f 1072/1638/1626 940/1639/1627 941/1631/1619
f 921/1640/1628 1077/1641/1629 920/1632/1620
f 920/1632/1620 1077/1641/1629 1300/1642/1630
f 920/1632/1620 1300/1642/1630 1075/1633/1621
f 1075/1633/1621 1300/1642/1630 1299/1643/1631
f 1075/1633/1621 1299/1643/1631 1293/1644/1632
f 1293/1644/1632 1299/1643/1631 1298/1645/1633
f 1293/1644/1632 1298/1645/1633 1074/1646/1634
f 1074/1646/1634 1298/1645/1633 939/1647/1635
f 1074/1646/1634 939/1647/1635 940/1639/1627
f 922/1648/1636 1079/1649/1637 921/1640/1628
f 921/1640/1628 1079/1649/1637 1305/1650/1638
f 921/1640/1628 1305/1650/1638 1077/1641/1629
f 1077/1641/1629 1305/1650/1638 1304/1651/1639
f 1077/1641/1629 1304/1651/1639 1297/1652/1640
f 1297/1652/1640 1304/1651/1639 1303/1653/1641
f 1297/1652/1640 1303/1653/1641 1076/1654/1642
f 1076/1654/1642 1303/1653/1641 938/1655/1643
f 1076/1654/1642 938/1655/1643 939/1647/1635
f 923/1656/1644 1081/1657/1645 922/1648/1636
f 922/1648/1636 1081/1657/1645 1306/1658/1646
f 922/1648/1636 1306/1658/1646 1310/1659/1647
f 1310/1659/1647 1306/1658/1646 1307/1660/1648
f 1310/1659/1647 1307/1660/1648 1309/1661/1649
f 1309/1661/1649 1307/1660/1648 1308/1662/1650
f 1309/1661/1649 1308/1662/1650 1078/1663/1651
f 1078/1663/1651 1308/1662/1650 937/1664/1652
f 1078/1663/1651 937/1664/1652 938/1655/1643
f 924/1665/1653 1083/1666/1654 923/1656/1644
f 923/1656/1644 1083/1666/1654 1311/1667/1655
f 923/1656/1644 1311/1667/1655 1081/1657/1645
f 1081/1657/1645 1311/1667/1655 1312/1668/1656
f 1081/1657/1645 1312/1668/1656 1314/1669/1657
f 1314/1669/1657 1312/1668/1656 1313/1670/1658
f 1314/1669/1657 1313/1670/1658 1080/1671/1659
f 1080/1671/1659 1313/1670/1658 936/1672/1660
f 1080/1671/1659 936/1672/1660 937/1664/1652
f 925/1673/1661 1085/1674/1662 924/1665/1653
f 924/1665/1653 1085/1674/1662 1315/1675/1663
f 924/1665/1653 1315/1675/1663 1083/1666/1654
f 1083/1666/1654 1315/1675/1663 1316/1676/1664
f 1083/1666/1654 1316/1676/1664 1318/1677/1665
f 1318/1677/1665 1316/1676/1664 1317/1678/1666
f 1318/1677/1665 1317/1678/1666 1082/1679/1667
f 1082/1679/1667 1317/1678/1666 935/1680/1668
f 1082/1679/1667 935/1680/1668 936/1672/1660
f 926/1681/1669 1087/1682/1670 925/1673/1661
f 925/1673/1661 1087/1682/1670 1319/1683/1671
f 925/1673/1661 1319/1683/1671 1085/1674/1662
f 1085/1674/1662 1319/1683/1671 1320/1684/1672
f 1085/1674/1662 1320/1684/1672 1322/1685/1673
f 1322/1685/1673 1320/1684/1672 1321/1686/1674
f 1322/1685/1673 1321/1686/1674 1084/1687/1675
f 1084/1687/1675 1321/1686/1674 934/1688/1676
f 1084/1687/1675 934/1688/1676 935/1680/1668
f 1087/1682/1670 926/1681/1669 1323/1689/1677
f 1323/1689/1677 926/1681/1669 927/1690/1678
f 1323/1689/1677 927/1690/1678 1327/1691/1679
f 1327/1691/1679 927/1690/1678 928/1692/1680
f 1327/1691/1679 928/1692/1680 1330/1693/1681
f 1330/1693/1681 928/1692/1680 929/1694/1682
f 1330/1693/1681 929/1694/1682 1333/1695/1683
f 1333/1695/1683 929/1694/1682 870/1696/1214
f 1333/1695/1683 870/1696/1214 1334/1697/1684
f 1334/1697/1684 870/1696/1214 871/1698/1216
f 1334/1697/1684 871/1698/1216 1335/1699/1685
f 1335/1699/1685 871/1698/1216 930/1700/1686
f 1335/1699/1685 930/1700/1686 1332/1701/1687
f 1332/1701/1687 930/1700/1686 931/1702/1688
f 1332/1701/1687 931/1702/1688 1329/1703/1689
f 1329/1703/1689 931/1702/1688 932/1704/1690
f 1329/1703/1689 932/1704/1690 1325/1705/1691
f 1325/1705/1691 932/1704/1690 933/1706/1692
f 1325/1705/1691 933/1706/1692 1086/1707/1693
f 1086/1707/1693 933/1706/1692 934/1688/1676
f 1086/1707/1693 934/1688/1676 1321/1686/1674
f 954/1520/1508 955/1508/1496 1344/1522/1510
f 1344/1522/1510 955/1508/1496 1044/1506/1494
f 1344/1522/1510 1044/1506/1494 1346/1504/1492
f 955/1508/1496 956/1496/1484 1348/1510/1498
f 1348/1510/1498 956/1496/1484 1042/1494/1482
f 1348/1510/1498 1042/1494/1482 1351/1492/1480
f 956/1496/1484 957/1484/1472 1352/1498/1486
f 1352/1498/1486 957/1484/1472 1040/1482/1470
f 1352/1498/1486 1040/1482/1470 1355/1480/1468
f 957/1484/1472 958/1471/1459 1356/1486/1474
f 1356/1486/1474 958/1471/1459 1038/1469/1457
f 1356/1486/1474 1038/1469/1457 1359/1467/1455
f 1360/1473/1461 958/1471/1459 1036/1708/1694
f 1036/1708/1694 958/1471/1459 959/1459/1447
f 1036/1708/1694 959/1459/1447 1205/1457/1445
f 959/1459/1447 960/1447/1435 1034/1461/1449
f 1034/1461/1449 960/1447/1435 1199/1445/1433
f 1034/1461/1449 1199/1445/1433 1198/1443/1431
f 960/1447/1435 961/1435/1423 1032/1449/1437
f 1032/1449/1437 961/1435/1423 1193/1433/1421
f 1032/1449/1437 1193/1433/1421 1192/1431/1419
f 961/1435/1423 962/1423/1411 1375/1437/1425
f 1375/1437/1425 962/1423/1411 1030/1421/1409
f 1375/1437/1425 1030/1421/1409 1377/1419/1407
f 962/1423/1411 963/1413/1401 1379/1425/1413
f 1379/1425/1413 963/1413/1401 1028/1411/1399
f 1379/1425/1413 1028/1411/1399 1382/1409/1397
f 996/1289/1277 979/1281/1269 1114/1709/1695
f 1114/1709/1695 979/1281/1269 1115/1279/1267
f 1114/1709/1695 1115/1279/1267 1116/1277/1265
f 881/1274/1262 1122/1285/1273 997/1275/1263
f 997/1275/1263 1122/1285/1273 1121/1287/1275
f 997/1275/1263 1121/1287/1275 1113/1710/1696
f 1113/1710/1696 1121/1287/1275 996/1289/1277
f 1113/1710/1696 996/1289/1277 1114/1709/1695
f 978/1290/1278 1120/1288/1276 998/1297/1285
f 998/1297/1285 1120/1288/1276 1119/1286/1274
f 998/1297/1285 1119/1286/1274 1126/1295/1283
f 1126/1295/1283 1119/1286/1274 1118/1284/1272
f 1126/1295/1283 1118/1284/1272 999/1283/1271
f 977/1298/1286 1125/1296/1284 1000/1305/1293
f 1000/1305/1293 1125/1296/1284 1124/1294/1282
f 1000/1305/1293 1124/1294/1282 1130/1303/1291
f 1130/1303/1291 1124/1294/1282 1123/1293/1281
f 1130/1303/1291 1123/1293/1281 1001/1292/1280
f 976/1306/1294 1129/1304/1292 1002/1313/1301
f 1002/1313/1301 1129/1304/1292 1128/1302/1290
f 1002/1313/1301 1128/1302/1290 1134/1311/1299
f 1134/1311/1299 1128/1302/1290 1127/1301/1289
f 1134/1311/1299 1127/1301/1289 1003/1300/1288
f 975/1314/1302 1133/1312/1300 1004/1321/1309
f 1004/1321/1309 1133/1312/1300 1132/1310/1298
f 1004/1321/1309 1132/1310/1298 1138/1319/1307
f 1138/1319/1307 1132/1310/1298 1131/1309/1297
f 1138/1319/1307 1131/1309/1297 1005/1308/1296
f 974/1322/1310 1137/1320/1308 1006/1329/1317
f 1006/1329/1317 1137/1320/1308 1136/1318/1306
f 1006/1329/1317 1136/1318/1306 1142/1327/1315
f 1142/1327/1315 1136/1318/1306 1135/1317/1305
f 1142/1327/1315 1135/1317/1305 1007/1316/1304
f 973/1330/1318 1141/1328/1316 1008/1337/1325
f 1008/1337/1325 1141/1328/1316 1140/1326/1314
f 1008/1337/1325 1140/1326/1314 1383/1335/1323
f 1383/1335/1323 1140/1326/1314 1139/1325/1313
f 1383/1335/1323 1139/1325/1313 1009/1324/1312
f 893/1371/1359 1172/1382/1370 1021/1372/1360
f 1021/1372/1360 1172/1382/1370 1171/1384/1372
f 1021/1372/1360 1171/1384/1372 1163/1711/1697
f 1163/1711/1697 1171/1384/1372 1170/1386/1374
f 1163/1711/1697 1170/1386/1374 1020/1388/1376
f 966/1387/1375 1169/1385/1373 1022/1395/1383
f 1022/1395/1383 1169/1385/1373 1168/1383/1371
f 1022/1395/1383 1168/1383/1371 1176/1393/1381
f 1176/1393/1381 1168/1383/1371 1167/1381/1369
f 1176/1393/1381 1167/1381/1369 1023/1380/1368
f 965/1396/1384 1175/1394/1382 1024/1403/1391
f 1024/1403/1391 1175/1394/1382 1174/1392/1380
f 1024/1403/1391 1174/1392/1380 1180/1401/1389
f 1180/1401/1389 1174/1392/1380 1173/1391/1379
f 1180/1401/1389 1173/1391/1379 1025/1390/1378
f 1027/1398/1386 896/1397/1385 1181/1408/1396
f 1029/1406/1394 897/1405/1393 1190/1712/1698
f 1190/1712/1698 897/1405/1393 1185/1418/1406
f 1190/1712/1698 1185/1418/1406 1186/1420/1408
f 1376/1438/1426 1378/1417/1405 1374/1416/1404
f 898/1415/1403 1196/1430/1418 1031/1713/1699
f 1031/1713/1699 1196/1430/1418 1195/1432/1420
f 1031/1713/1699 1195/1432/1420 1373/1714/1700
f 1373/1714/1700 1195/1432/1420 1194/1434/1422
f 1373/1714/1700 1194/1434/1422 1372/1436/1424
f 1371/1450/1438 1191/1429/1417 1370/1428/1416
f 899/1427/1415 1202/1442/1430 1033/1715/1701
f 1033/1715/1701 1202/1442/1430 1201/1444/1432
f 1033/1715/1701 1201/1444/1432 1369/1716/1702
f 1369/1716/1702 1201/1444/1432 1200/1446/1434
f 1369/1716/1702 1200/1446/1434 1368/1448/1436
f 1367/1462/1450 1197/1441/1429 1366/1440/1428
f 900/1439/1427 1208/1454/1442 1035/1717/1703
f 1035/1717/1703 1208/1454/1442 1207/1456/1444
f 1035/1717/1703 1207/1456/1444 1365/1718/1704
f 1365/1718/1704 1207/1456/1444 1206/1458/1446
f 1365/1718/1704 1206/1458/1446 1364/1460/1448
f 1037/1719/1705 901/1451/1439 1214/1720/1706
f 1214/1720/1706 901/1451/1439 1209/1466/1454
f 1214/1720/1706 1209/1466/1454 1210/1468/1456
f 1039/1464/1452 902/1463/1451 1220/1721/1707
f 1220/1721/1707 902/1463/1451 1215/1479/1467
f 1220/1721/1707 1215/1479/1467 1216/1481/1469
f 1041/1477/1465 903/1476/1464 1226/1722/1708
f 1226/1722/1708 903/1476/1464 1221/1491/1479
f 1226/1722/1708 1221/1491/1479 1222/1493/1481
f 1043/1489/1477 904/1488/1476 1232/1723/1709
f 1232/1723/1709 904/1488/1476 1227/1503/1491
f 1232/1723/1709 1227/1503/1491 1228/1505/1493
f 1345/1523/1511 1347/1502/1490 1343/1501/1489
f 905/1500/1488 1238/1515/1503 1045/1724/1710
f 1045/1724/1710 1238/1515/1503 1237/1517/1505
f 1045/1724/1710 1237/1517/1505 1342/1725/1711
f 1342/1725/1711 1237/1517/1505 1236/1519/1507
f 1342/1725/1711 1236/1519/1507 1341/1521/1509
f 1048/1540/1528 953/1532/1520 1240/1530/1518
f 1339/1513/1501 906/1512/1500 1047/1527/1515
f 909/1542/1530 1256/1553/1541 1053/1543/1531
f 1053/1543/1531 1256/1553/1541 1255/1555/1543
f 1053/1543/1531 1255/1555/1543 1247/1726/1712
f 1247/1726/1712 1255/1555/1543 1254/1557/1545
f 1247/1726/1712 1254/1557/1545 1052/1559/1547
f 950/1558/1546 1253/1556/1544 1054/1566/1554
f 1054/1566/1554 1253/1556/1544 1252/1554/1542
f 1054/1566/1554 1252/1554/1542 1260/1564/1552
f 1260/1564/1552 1252/1554/1542 1251/1552/1540
f 1260/1564/1552 1251/1552/1540 1055/1551/1539
f 949/1567/1555 1259/1565/1553 1056/1574/1562
f 1056/1574/1562 1259/1565/1553 1258/1563/1551
f 1056/1574/1562 1258/1563/1551 1264/1572/1560
f 1264/1572/1560 1258/1563/1551 1257/1562/1550
f 1264/1572/1560 1257/1562/1550 1057/1561/1549
f 948/1575/1563 1263/1573/1561 1058/1582/1570
f 1058/1582/1570 1263/1573/1561 1262/1571/1559
f 1058/1582/1570 1262/1571/1559 1268/1580/1568
f 1268/1580/1568 1262/1571/1559 1261/1570/1558
f 1268/1580/1568 1261/1570/1558 1059/1569/1557
f 947/1583/1571 1267/1581/1569 1060/1590/1578
f 1060/1590/1578 1267/1581/1569 1266/1579/1567
f 1060/1590/1578 1266/1579/1567 1272/1588/1576
f 1272/1588/1576 1266/1579/1567 1265/1578/1566
f 1272/1588/1576 1265/1578/1566 1061/1577/1565
f 946/1591/1579 1271/1589/1577 1062/1598/1586
f 1062/1598/1586 1271/1589/1577 1270/1587/1575
f 1062/1598/1586 1270/1587/1575 1276/1596/1584
f 1276/1596/1584 1270/1587/1575 1269/1586/1574
f 1276/1596/1584 1269/1586/1574 1063/1585/1573
f 945/1599/1587 1275/1597/1585 1064/1606/1594
f 1064/1606/1594 1275/1597/1585 1274/1595/1583
f 1064/1606/1594 1274/1595/1583 1280/1604/1592
f 1280/1604/1592 1274/1595/1583 1273/1594/1582
f 1280/1604/1592 1273/1594/1582 1065/1593/1581
f 944/1607/1595 1279/1605/1593 1066/1614/1602
f 1066/1614/1602 1279/1605/1593 1278/1603/1591
f 1066/1614/1602 1278/1603/1591 1336/1612/1600
f 1336/1612/1600 1278/1603/1591 1277/1602/1590
f 1336/1612/1600 1277/1602/1590 1067/1601/1589
f 1078/1663/1651 938/1655/1643 1302/1727/1713
f 1302/1727/1713 938/1655/1643 1303/1653/1641
f 1302/1727/1713 1303/1653/1641 1304/1651/1639
f 922/1648/1636 1310/1659/1647 1079/1649/1637
f 1079/1649/1637 1310/1659/1647 1309/1661/1649
f 1079/1649/1637 1309/1661/1649 1301/1728/1714
f 1301/1728/1714 1309/1661/1649 1078/1663/1651
f 1301/1728/1714 1078/1663/1651 1302/1727/1713
f 937/1664/1652 1308/1662/1650 1080/1671/1659
f 1080/1671/1659 1308/1662/1650 1307/1660/1648
f 1080/1671/1659 1307/1660/1648 1314/1669/1657
f 1314/1669/1657 1307/1660/1648 1306/1658/1646
f 1314/1669/1657 1306/1658/1646 1081/1657/1645
f 936/1672/1660 1313/1670/1658 1082/1679/1667
f 1082/1679/1667 1313/1670/1658 1312/1668/1656
f 1082/1679/1667 1312/1668/1656 1318/1677/1665
f 1318/1677/1665 1312/1668/1656 1311/1667/1655
f 1318/1677/1665 1311/1667/1655 1083/1666/1654
f 935/1680/1668 1317/1678/1666 1084/1687/1675
f 1084/1687/1675 1317/1678/1666 1316/1676/1664
f 1084/1687/1675 1316/1676/1664 1322/1685/1673
f 1322/1685/1673 1316/1676/1664 1315/1675/1663
f 1322/1685/1673 1315/1675/1663 1085/1674/1662
f 1093/1237/1225 1090/1235/1223 1089/1233/1221
f 1089/1233/1221 1088/1231/1219 1092/1729/1715
f 1092/1729/1715 1088/1231/1219 1091/1253/1241
f 1092/1729/1715 1091/1253/1241 1095/1730/1716
f 1095/1730/1716 1091/1253/1241 1094/1255/1243
f 1095/1730/1716 1094/1255/1243 1098/1731/1717
f 1098/1731/1717 1094/1255/1243 1097/1257/1245
f 1098/1731/1717 1097/1257/1245 1100/1732/1718
f 1100/1732/1718 1097/1257/1245 989/1259/1247
f 1100/1732/1718 989/1259/1247 1103/1247/1235
f 1103/1247/1235 989/1259/1247 1104/1249/1237
f 1096/1239/1227 1093/1237/1225 1092/1729/1715
f 1092/1729/1715 1093/1237/1225 1089/1233/1221
f 1096/1239/1227 1092/1729/1715 1095/1730/1716
f 1099/1241/1229 1096/1239/1227 1095/1730/1716
f 1099/1241/1229 1095/1730/1716 1098/1731/1717
f 988/1243/1231 1099/1241/1229 1098/1731/1717
f 988/1243/1231 1098/1731/1717 1100/1732/1718
f 1102/1245/1233 988/1243/1231 1100/1732/1718
f 1102/1245/1233 1100/1732/1718 1103/1247/1235
f 992/1272/1260 981/1265/1253 1106/1264/1252
f 1107/1263/1251 1108/1262/1250 1105/1270/1258
f 1105/1270/1258 1108/1262/1250 993/1261/1249
f 1106/1264/1252 1107/1263/1251 992/1272/1260
f 992/1272/1260 1107/1263/1251 1105/1270/1258
f 994/1280/1268 980/1273/1261 1110/1271/1259
f 1111/1269/1257 1112/1268/1256 1109/1278/1266
f 1109/1278/1266 1112/1268/1256 995/1267/1255
f 1110/1271/1259 1111/1269/1257 994/1280/1268
f 994/1280/1268 1111/1269/1257 1109/1278/1266
f 1116/1277/1265 1117/1276/1264 1113/1710/1696
f 1113/1710/1696 1117/1276/1264 997/1275/1263
f 1113/1710/1696 1114/1709/1695 1116/1277/1265
f 1145/1334/1322 1146/1333/1321 1143/1343/1331
f 1143/1343/1331 1146/1333/1321 1011/1332/1320
f 1144/1336/1324 1145/1334/1322 1010/1345/1333
f 1010/1345/1333 1145/1334/1322 1143/1343/1331
f 1012/1353/1341 971/1346/1334 1148/1344/1332
f 972/1338/1326 1144/1336/1324 1010/1345/1333
f 1149/1342/1330 1150/1341/1329 1147/1351/1339
f 1147/1351/1339 1150/1341/1329 1013/1340/1328
f 1148/1344/1332 1149/1342/1330 1012/1353/1341
f 1012/1353/1341 1149/1342/1330 1147/1351/1339
f 1014/1361/1349 970/1354/1342 1152/1352/1340
f 1153/1350/1338 1154/1349/1337 1151/1359/1347
f 1151/1359/1347 1154/1349/1337 1015/1348/1336
f 1152/1352/1340 1153/1350/1338 1014/1361/1349
f 1014/1361/1349 1153/1350/1338 1151/1359/1347
f 1016/1369/1357 969/1362/1350 1156/1360/1348
f 1157/1358/1346 1158/1357/1345 1155/1367/1355
f 1155/1367/1355 1158/1357/1345 1017/1356/1344
f 1156/1360/1348 1157/1358/1346 1016/1369/1357
f 1016/1369/1357 1157/1358/1346 1155/1367/1355
f 1018/1377/1365 968/1370/1358 1160/1368/1356
f 1161/1366/1354 1162/1365/1353 1159/1375/1363
f 1159/1375/1363 1162/1365/1353 1019/1364/1352
f 1160/1368/1356 1161/1366/1354 1018/1377/1365
f 1018/1377/1365 1161/1366/1354 1159/1375/1363
f 1165/1374/1362 1166/1373/1361 1163/1711/1697
f 1163/1711/1697 1166/1373/1361 1021/1372/1360
f 1164/1376/1364 1165/1374/1362 1020/1388/1376
f 1020/1388/1376 1165/1374/1362 1163/1711/1697
f 1026/1414/1402 1179/1402/1390 1178/1400/1388
f 1178/1400/1388 1177/1399/1387 1184/1733/1719
f 1184/1733/1719 1177/1399/1387 1027/1398/1386
f 1184/1733/1719 1027/1398/1386 1182/1410/1398
f 1182/1410/1398 1027/1398/1386 1181/1408/1396
f 1182/1410/1398 1183/1412/1400 1184/1733/1719
f 1184/1733/1719 1183/1412/1400 1026/1414/1402
f 1184/1733/1719 1026/1414/1402 1178/1400/1388
f 1186/1420/1408 1187/1422/1410 1189/1734/1720
f 1189/1734/1720 1187/1422/1410 1188/1424/1412
f 1189/1734/1720 1188/1424/1412 1380/1426/1414
f 1029/1406/1394 1190/1712/1698 1189/1734/1720
f 1189/1734/1720 1190/1712/1698 1186/1420/1408
f 1029/1406/1394 1189/1734/1720 1380/1426/1414
f 898/1415/1403 1031/1713/1699 1374/1416/1404
f 1374/1416/1404 1031/1713/1699 1373/1714/1700
f 1374/1416/1404 1373/1714/1700 1376/1438/1426
f 1376/1438/1426 1373/1714/1700 1372/1436/1424
f 899/1427/1415 1033/1715/1701 1370/1428/1416
f 1370/1428/1416 1033/1715/1701 1369/1716/1702
f 1370/1428/1416 1369/1716/1702 1371/1450/1438
f 1371/1450/1438 1369/1716/1702 1368/1448/1436
f 1036/1708/1694 1205/1457/1445 1204/1455/1443
f 1036/1708/1694 1204/1455/1443 1363/1475/1463
f 1363/1475/1463 1204/1455/1443 1203/1453/1441
f 900/1439/1427 1035/1717/1703 1366/1440/1428
f 1366/1440/1428 1035/1717/1703 1365/1718/1704
f 1366/1440/1428 1365/1718/1704 1367/1462/1450
f 1367/1462/1450 1365/1718/1704 1364/1460/1448
f 1210/1468/1456 1211/1470/1458 1213/1735/1721
f 1213/1735/1721 1211/1470/1458 1212/1472/1460
f 1213/1735/1721 1212/1472/1460 1361/1474/1462
f 1037/1719/1705 1214/1720/1706 1213/1735/1721
f 1213/1735/1721 1214/1720/1706 1210/1468/1456
f 1037/1719/1705 1213/1735/1721 1361/1474/1462
f 1361/1474/1462 1362/1452/1440 1037/1719/1705
f 1037/1719/1705 1362/1452/1440 901/1451/1439
f 1216/1481/1469 1217/1483/1471 1219/1736/1722
f 1219/1736/1722 1217/1483/1471 1218/1485/1473
f 1219/1736/1722 1218/1485/1473 1357/1487/1475
f 1039/1464/1452 1220/1721/1707 1219/1736/1722
f 1219/1736/1722 1220/1721/1707 1216/1481/1469
f 1039/1464/1452 1219/1736/1722 1357/1487/1475
f 1222/1493/1481 1223/1495/1483 1225/1737/1723
f 1225/1737/1723 1223/1495/1483 1224/1497/1485
f 1225/1737/1723 1224/1497/1485 1353/1499/1487
f 1041/1477/1465 1226/1722/1708 1225/1737/1723
f 1225/1737/1723 1226/1722/1708 1222/1493/1481
f 1041/1477/1465 1225/1737/1723 1353/1499/1487
f 1228/1505/1493 1229/1507/1495 1231/1738/1724
f 1231/1738/1724 1229/1507/1495 1230/1509/1497
f 1231/1738/1724 1230/1509/1497 1349/1511/1499
f 1043/1489/1477 1232/1723/1709 1231/1738/1724
f 1231/1738/1724 1232/1723/1709 1228/1505/1493
f 1043/1489/1477 1231/1738/1724 1349/1511/1499
f 1046/1533/1521 1235/1518/1506 1234/1516/1504
f 1234/1516/1504 1233/1514/1502 1340/1739/1725
f 1340/1739/1725 1233/1514/1502 1339/1513/1501
f 1340/1739/1725 1339/1513/1501 1338/1529/1517
f 1338/1529/1517 1339/1513/1501 1047/1527/1515
f 905/1500/1488 1045/1724/1710 1343/1501/1489
f 1343/1501/1489 1045/1724/1710 1342/1725/1711
f 1343/1501/1489 1342/1725/1711 1345/1523/1511
f 1345/1523/1511 1342/1725/1711 1341/1521/1509
f 1241/1528/1516 1242/1526/1514 1239/1538/1526
f 1239/1538/1526 1242/1526/1514 1049/1525/1513
f 1240/1530/1518 1241/1528/1516 1048/1540/1528
f 1048/1540/1528 1241/1528/1516 1239/1538/1526
f 1050/1548/1536 952/1541/1529 1244/1539/1527
f 1245/1537/1525 1246/1536/1524 1243/1546/1534
f 1243/1546/1534 1246/1536/1524 1051/1535/1523
f 1244/1539/1527 1245/1537/1525 1050/1548/1536
f 1050/1548/1536 1245/1537/1525 1243/1546/1534
f 1249/1545/1533 1250/1544/1532 1247/1726/1712
f 1247/1726/1712 1250/1544/1532 1053/1543/1531
f 1248/1547/1535 1249/1545/1533 1052/1559/1547
f 1052/1559/1547 1249/1545/1533 1247/1726/1712
f 1283/1611/1599 1284/1610/1598 1281/1620/1608
f 1281/1620/1608 1284/1610/1598 1069/1609/1597
f 1282/1613/1601 1283/1611/1599 1068/1622/1610
f 1068/1622/1610 1283/1611/1599 1281/1620/1608
f 1070/1630/1618 942/1623/1611 1286/1621/1609
f 943/1615/1603 1282/1613/1601 1068/1622/1610
f 1287/1619/1607 1288/1618/1606 1285/1628/1616
f 1285/1628/1616 1288/1618/1606 1071/1617/1605
f 1286/1621/1609 1287/1619/1607 1070/1630/1618
f 1070/1630/1618 1287/1619/1607 1285/1628/1616
f 1072/1638/1626 941/1631/1619 1290/1629/1617
f 1291/1627/1615 1292/1626/1614 1289/1636/1624
f 1289/1636/1624 1292/1626/1614 1073/1625/1613
f 1290/1629/1617 1291/1627/1615 1072/1638/1626
f 1072/1638/1626 1291/1627/1615 1289/1636/1624
f 1074/1646/1634 940/1639/1627 1294/1637/1625
f 1295/1635/1623 1296/1634/1622 1293/1644/1632
f 1293/1644/1632 1296/1634/1622 1075/1633/1621
f 1294/1637/1625 1295/1635/1623 1074/1646/1634
f 1074/1646/1634 1295/1635/1623 1293/1644/1632
f 1076/1654/1642 939/1647/1635 1298/1645/1633
f 1299/1643/1631 1300/1642/1630 1297/1652/1640
f 1297/1652/1640 1300/1642/1630 1077/1641/1629
f 1298/1645/1633 1299/1643/1631 1076/1654/1642
f 1076/1654/1642 1299/1643/1631 1297/1652/1640
f 1304/1651/1639 1305/1650/1638 1301/1728/1714
f 1301/1728/1714 1305/1650/1638 1079/1649/1637
f 1301/1728/1714 1302/1727/1713 1304/1651/1639
f 1086/1707/1693 1321/1686/1674 1320/1684/1672
f 1320/1684/1672 1319/1683/1671 1326/1740/1726
f 1326/1740/1726 1319/1683/1671 1087/1682/1670
f 1326/1740/1726 1087/1682/1670 1324/1741/1727
f 1324/1741/1727 1087/1682/1670 1323/1689/1677
f 1324/1741/1727 1323/1689/1677 1328/1742/1728
f 1328/1742/1728 1323/1689/1677 1327/1691/1679
f 1328/1742/1728 1327/1691/1679 1331/1743/1729
f 1331/1743/1729 1327/1691/1679 1330/1693/1681
f 1331/1743/1729 1330/1693/1681 1334/1697/1684
f 1334/1697/1684 1330/1693/1681 1333/1695/1683
f 1324/1741/1727 1325/1705/1691 1326/1740/1726
f 1326/1740/1726 1325/1705/1691 1086/1707/1693
f 1326/1740/1726 1086/1707/1693 1320/1684/1672
f 1325/1705/1691 1324/1741/1727 1329/1703/1689
f 1329/1703/1689 1324/1741/1727 1328/1742/1728
f 1329/1703/1689 1328/1742/1728 1332/1701/1687
f 1332/1701/1687 1328/1742/1728 1331/1743/1729
f 1332/1701/1687 1331/1743/1729 1335/1699/1685
f 1335/1699/1685 1331/1743/1729 1334/1697/1684
f 1340/1739/1725 1338/1529/1517 1337/1531/1519
f 1234/1516/1504 1340/1739/1725 1046/1533/1521
f 1046/1533/1521 1340/1739/1725 1337/1531/1519
f 1350/1490/1478 1043/1489/1477 1349/1511/1499
f 1354/1478/1466 1041/1477/1465 1353/1499/1487
f 1358/1465/1453 1039/1464/1452 1357/1487/1475
f 1036/1708/1694 1363/1475/1463 1360/1473/1461
f 1381/1407/1395 1029/1406/1394 1380/1426/1414
f 1384/1744/1730 872/1745/1220 1385/1746/1731
f 1385/1746/1731 872/1745/1220 987/1747/1222
f 830/1748/1732 1384/1749/1733 673/1750/1734
f 673/1750/1734 1384/1749/1733 553/1751/1735
f 553/1751/1735 1384/1749/1733 1385/1752/1736
f 553/1751/1735 1385/1752/1736 554/1753/1737
f 146/1754/1738 174/1755/1739 175/1756/1740
f 175/1756/1740 174/1755/1739 176/1757/1741
f 176/1757/1741 174/1755/1739 177/1758/1742
f 177/1758/1742 174/1755/1739 647/1759/1743
f 177/1758/1742 647/1759/1743 646/1760/1744
f 174/1755/1739 173/1761/1745 647/1759/1743
f 647/1759/1743 173/1761/1745 648/1762/1746
f 648/1762/1746 173/1761/1745 649/1763/1747
f 649/1763/1747 173/1761/1745 172/1764/1748
f 649/1763/1747 172/1764/1748 650/1765/1749
f 650/1765/1749 172/1764/1748 171/1766/1750
f 650/1765/1749 171/1766/1750 651/1767/1751
f 651/1767/1751 171/1766/1750 170/1768/1752
f 651/1767/1751 170/1768/1752 652/1769/1753
f 652/1769/1753 170/1768/1752 169/1770/1754
f 652/1769/1753 169/1770/1754 653/1771/1755
f 653/1771/1755 169/1770/1754 192/1772/1756
f 653/1771/1755 192/1772/1756 654/1773/1757
f 654/1773/1757 192/1772/1756 446/1774/1758
f 654/1773/1757 446/1774/1758 655/1775/1759
f 655/1775/1759 446/1774/1758 656/1776/1760
f 656/1776/1760 446/1774/1758 445/1777/1761
f 656/1776/1760 445/1777/1761 639/1778/1762
f 639/1778/1762 445/1777/1761 444/1779/1763
f 639/1778/1762 444/1779/1763 443/1780/1764
f 168/1781/1765 194/1782/1766 169/1770/1754
f 169/1770/1754 194/1782/1766 193/1783/1767
f 169/1770/1754 193/1783/1767 192/1772/1756
f 443/1780/1764 221/1784/1768 639/1778/1762
f 639/1778/1762 221/1784/1768 145/1785/1769
f 639/1778/1762 145/1785/1769 144/1786/1770
f 221/1784/1768 220/1787/1771 145/1785/1769
f 145/1785/1769 220/1787/1771 219/1788/1772
f 145/1785/1769 219/1788/1772 117/1789/1773
f 144/1786/1770 143/1790/1774 639/1778/1762
f 639/1778/1762 143/1790/1774 636/1791/1775
f 636/1791/1775 143/1790/1774 142/1792/1776
f 636/1791/1775 142/1792/1776 141/1793/1777
f 141/1793/1777 140/1794/1778 636/1791/1775
f 636/1791/1775 140/1794/1778 236/1795/1779
f 636/1791/1775 236/1795/1779 458/1796/1780
f 139/1797/1781 238/1798/1782 140/1794/1778
f 140/1794/1778 238/1798/1782 237/1799/1783
f 140/1794/1778 237/1799/1783 236/1795/1779
f 458/1796/1780 457/1800/1784 636/1791/1775
f 636/1791/1775 457/1800/1784 456/1801/1785
f 636/1791/1775 456/1801/1785 954/1802/1786
f 954/1802/1786 456/1801/1785 455/1803/1787
f 954/1802/1786 455/1803/1787 955/1804/1788
f 955/1804/1788 455/1803/1787 265/1805/1789
f 955/1804/1788 265/1805/1789 956/1806/1790
f 956/1806/1790 265/1805/1789 116/1807/1791
f 956/1806/1790 116/1807/1791 957/1808/1792
f 957/1808/1792 116/1807/1791 115/1809/1793
f 957/1808/1792 115/1809/1793 114/1810/1794
f 265/1805/1789 264/1811/1795 116/1807/1791
f 116/1807/1791 264/1811/1795 263/1812/1796
f 116/1807/1791 263/1812/1796 88/1813/1797
f 957/1808/1792 114/1810/1794 958/1814/1798
f 958/1814/1798 114/1810/1794 113/1815/1799
f 958/1814/1798 113/1815/1799 959/1816/1800
f 959/1816/1800 113/1815/1799 112/1817/1801
f 959/1816/1800 112/1817/1801 111/1818/1802
f 110/1819/1803 282/1820/1804 111/1818/1802
f 111/1818/1802 282/1820/1804 281/1821/1805
f 111/1818/1802 281/1821/1805 280/1822/1806
f 470/1823/1807 961/1824/1808 280/1822/1806
f 280/1822/1806 961/1824/1808 960/1825/1809
f 280/1822/1806 960/1825/1809 111/1818/1802
f 111/1818/1802 960/1825/1809 959/1816/1800
f 961/1824/1808 470/1823/1807 962/1826/1810
f 962/1826/1810 470/1823/1807 469/1827/1811
f 962/1826/1810 469/1827/1811 554/1828/1812
f 554/1828/1812 469/1827/1811 468/1829/1813
f 554/1828/1812 468/1829/1813 467/1830/1814
f 467/1830/1814 309/1831/1815 554/1828/1812
f 554/1828/1812 309/1831/1815 87/1832/1816
f 554/1828/1812 87/1832/1816 86/1833/1817
f 309/1831/1815 308/1834/1818 87/1832/1816
f 87/1832/1816 308/1834/1818 307/1835/1819
f 87/1832/1816 307/1835/1819 59/1836/1820
f 86/1833/1817 85/1837/1821 554/1828/1812
f 554/1828/1812 85/1837/1821 84/1838/1822
f 554/1828/1812 84/1838/1822 528/1839/1823
f 528/1839/1823 84/1838/1822 83/1840/1824
f 528/1839/1823 83/1840/1824 82/1841/1825
f 81/1842/1826 326/1843/1827 82/1841/1825
f 82/1841/1825 326/1843/1827 325/1844/1828
f 82/1841/1825 325/1844/1828 324/1845/1829
f 82/1841/1825 324/1845/1829 528/1839/1823
f 528/1839/1823 324/1845/1829 482/1846/1830
f 528/1839/1823 482/1846/1830 481/1847/1831
f 481/1847/1831 480/1848/1832 528/1839/1823
f 528/1839/1823 480/1848/1832 529/1849/1833
f 529/1849/1833 480/1848/1832 479/1850/1834
f 529/1849/1833 479/1850/1834 530/1851/1835
f 530/1851/1835 479/1850/1834 531/1852/1836
f 531/1852/1836 479/1850/1834 353/1853/1837
f 531/1852/1836 353/1853/1837 532/1854/1838
f 532/1854/1838 353/1853/1837 58/1855/1839
f 532/1854/1838 58/1855/1839 533/1856/1840
f 533/1856/1840 58/1855/1839 57/1857/1841
f 533/1856/1840 57/1857/1841 534/1858/1842
f 534/1858/1842 57/1857/1841 56/1859/1843
f 534/1858/1842 56/1859/1843 535/1860/1844
f 535/1860/1844 56/1859/1843 55/1861/1845
f 535/1860/1844 55/1861/1845 536/1862/1846
f 536/1862/1846 55/1861/1845 54/1863/1847
f 536/1862/1846 54/1863/1847 537/1864/1848
f 537/1864/1848 54/1863/1847 538/1865/1849
f 538/1865/1849 54/1863/1847 53/1866/1850
f 538/1865/1849 53/1866/1850 368/1867/1851
f 368/1867/1851 53/1866/1850 369/1868/1852
f 369/1868/1852 53/1866/1850 370/1869/1853
f 370/1869/1853 53/1866/1850 52/1870/1854
f 353/1853/1837 352/1871/1855 58/1855/1839
f 58/1855/1839 352/1871/1855 351/1872/1856
f 58/1855/1839 351/1872/1856 30/1873/1857
f 494/1874/1858 540/1875/1859 368/1867/1851
f 368/1867/1851 540/1875/1859 539/1876/1860
f 368/1867/1851 539/1876/1860 538/1865/1849
f 540/1875/1859 494/1874/1858 541/1877/1861
f 541/1877/1861 494/1874/1858 493/1878/1862
f 541/1877/1861 493/1878/1862 542/1879/1863
f 542/1879/1863 493/1878/1862 492/1880/1864
f 542/1879/1863 492/1880/1864 543/1881/1865
f 543/1881/1865 492/1880/1864 491/1882/1866
f 543/1881/1865 491/1882/1866 544/1883/1867
f 544/1883/1867 491/1882/1866 397/1884/1868
f 544/1883/1867 397/1884/1868 545/1885/1869
f 545/1885/1869 397/1884/1868 29/1886/1870
f 545/1885/1869 29/1886/1870 546/1887/1871
f 546/1887/1871 29/1886/1870 28/1888/1872
f 546/1887/1871 28/1888/1872 27/1889/1873
f 397/1884/1868 396/1890/1874 29/1886/1870
f 29/1886/1870 396/1890/1874 395/1891/1875
f 29/1886/1870 395/1891/1875 1/1892/1876
f 27/1889/1873 26/1893/1877 546/1887/1871
f 546/1887/1871 26/1893/1877 629/1894/1878
f 546/1887/1871 629/1894/1878 609/1895/1879
f 609/1895/1879 629/1894/1878 610/1896/1880
f 610/1896/1880 629/1894/1878 611/1897/1881
f 611/1897/1881 629/1894/1878 612/1898/1882
f 612/1898/1882 629/1894/1878 613/1899/1883
f 613/1899/1883 629/1894/1878 628/1900/1884
f 613/1899/1883 628/1900/1884 614/1901/1885
f 614/1901/1885 628/1900/1884 627/1902/1886
f 614/1901/1885 627/1902/1886 615/1903/1887
f 615/1903/1887 627/1902/1886 626/1904/1888
f 615/1903/1887 626/1904/1888 616/1905/1889
f 616/1905/1889 626/1904/1888 625/1906/1890
f 616/1905/1889 625/1906/1890 617/1907/1891
f 617/1907/1891 625/1906/1890 624/1908/1892
f 617/1907/1891 624/1908/1892 618/1909/1893
f 618/1909/1893 624/1908/1892 623/1910/1894
f 618/1909/1893 623/1910/1894 619/1911/1895
f 619/1911/1895 623/1910/1894 622/1912/1896
f 619/1911/1895 622/1912/1896 620/1913/1897
f 620/1913/1897 622/1912/1896 621/1914/1898
f 26/1893/1877 25/1915/1899 629/1894/1878
f 629/1894/1878 25/1915/1899 24/1916/1900
f 629/1894/1878 24/1916/1900 640/1917/1901
f 640/1917/1901 24/1916/1900 412/1918/1902
f 640/1917/1901 412/1918/1902 641/1919/1903
f 641/1919/1903 412/1918/1902 506/1920/1904
f 641/1919/1903 506/1920/1904 642/1921/1905
f 642/1921/1905 506/1920/1904 505/1922/1906
f 642/1921/1905 505/1922/1906 643/1923/1907
f 643/1923/1907 505/1922/1906 504/1924/1908
f 643/1923/1907 504/1924/1908 644/1925/1909
f 644/1925/1909 504/1924/1908 503/1926/1910
f 644/1925/1909 503/1926/1910 645/1927/1911
f 645/1927/1911 503/1926/1910 177/1758/1742
f 645/1927/1911 177/1758/1742 646/1760/1744
f 23/1928/1912 414/1929/1913 24/1916/1900
f 24/1916/1900 414/1929/1913 413/1930/1914
f 24/1916/1900 413/1930/1914 412/1918/1902
f 1385/1931/1915 975/1932/1916 554/1828/1812
f 554/1828/1812 975/1932/1916 974/1933/1917
f 554/1828/1812 974/1933/1917 973/1934/1918
f 987/1935/1919 979/1936/1920 1385/1931/1915
f 1385/1931/1915 979/1936/1920 978/1937/1921
f 1385/1931/1915 978/1937/1921 977/1938/1922
f 986/1939/1923 985/1940/1924 987/1935/1919
f 987/1935/1919 985/1940/1924 984/1941/1925
f 987/1935/1919 984/1941/1925 983/1942/1926
f 983/1942/1926 982/1943/1927 987/1935/1919
f 987/1935/1919 982/1943/1927 981/1944/1928
f 987/1935/1919 981/1944/1928 980/1945/1929
f 980/1945/1929 979/1936/1920 987/1935/1919
f 977/1938/1922 976/1946/1930 1385/1931/1915
f 1385/1931/1915 976/1946/1930 975/1932/1916
f 973/1934/1918 972/1947/1931 554/1828/1812
f 554/1828/1812 972/1947/1931 971/1948/1932
f 554/1828/1812 971/1948/1932 970/1949/1933
f 970/1949/1933 969/1950/1934 554/1828/1812
f 554/1828/1812 969/1950/1934 968/1951/1935
f 554/1828/1812 968/1951/1935 967/1952/1936
f 967/1952/1936 966/1953/1937 554/1828/1812
f 554/1828/1812 966/1953/1937 965/1954/1938
f 554/1828/1812 965/1954/1938 964/1955/1939
f 964/1955/1939 963/1956/1940 554/1828/1812
f 554/1828/1812 963/1956/1940 962/1826/1810
f 954/1802/1786 953/1957/1941 636/1791/1775
f 636/1791/1775 953/1957/1941 952/1958/1942
f 636/1791/1775 952/1958/1942 951/1959/1943
f 951/1959/1943 950/1960/1944 636/1791/1775
f 636/1791/1775 950/1960/1944 949/1961/1945
f 636/1791/1775 949/1961/1945 948/1962/1946
f 948/1962/1946 947/1963/1947 636/1791/1775
f 636/1791/1775 947/1963/1947 946/1964/1948
f 636/1791/1775 946/1964/1948 945/1965/1949
f 945/1965/1949 944/1966/1950 636/1791/1775
f 636/1791/1775 944/1966/1950 943/1967/1951
f 636/1791/1775 943/1967/1951 942/1968/1952
f 942/1968/1952 941/1969/1953 636/1791/1775
f 636/1791/1775 941/1969/1953 869/1970/1954
f 869/1970/1954 941/1969/1953 940/1971/1955
f 869/1970/1954 940/1971/1955 939/1972/1956
f 939/1972/1956 938/1973/1957 869/1970/1954
f 869/1970/1954 938/1973/1957 937/1974/1958
f 869/1970/1954 937/1974/1958 871/1975/1959
f 871/1975/1959 937/1974/1958 936/1976/1960
f 871/1975/1959 936/1976/1960 935/1977/1961
f 935/1977/1961 934/1978/1962 871/1975/1959
f 871/1975/1959 934/1978/1962 933/1979/1963
f 871/1975/1959 933/1979/1963 932/1980/1964
f 932/1980/1964 931/1981/1965 871/1975/1959
f 871/1975/1959 931/1981/1965 930/1982/1966
f 609/1895/1879 608/1983/1967 546/1887/1871
f 546/1887/1871 608/1983/1967 607/1984/1968
f 546/1887/1871 607/1984/1968 606/1985/1969
f 546/1887/1871 606/1985/1969 591/1986/1970
f 591/1986/1970 606/1985/1969 605/1987/1971
f 591/1986/1970 605/1987/1971 592/1988/1972
f 592/1988/1972 605/1987/1971 604/1989/1973
f 592/1988/1972 604/1989/1973 593/1990/1974
f 593/1990/1974 604/1989/1973 603/1991/1975
f 593/1990/1974 603/1991/1975 594/1992/1976
f 594/1992/1976 603/1991/1975 602/1993/1977
f 594/1992/1976 602/1993/1977 595/1994/1978
f 595/1994/1978 602/1993/1977 601/1995/1979
f 595/1994/1978 601/1995/1979 596/1996/1980
f 596/1996/1980 601/1995/1979 600/1997/1981
f 596/1996/1980 600/1997/1981 597/1998/1982
f 597/1998/1982 600/1997/1981 599/1999/1983
f 597/1998/1982 599/1999/1983 598/2000/1984
f 322/2001/1985 310/2002/1986 323/2003/1987
f 323/2003/1987 310/2002/1986 830/2004/1988
f 323/2003/1987 830/2004/1988 831/2005/1989
f 322/2001/1985 321/2006/1990 310/2002/1986
f 310/2002/1986 321/2006/1990 320/2007/1991
f 310/2002/1986 320/2007/1991 319/2008/1992
f 319/2008/1992 318/2009/1993 310/2002/1986
f 310/2002/1986 318/2009/1993 317/2010/1994
f 310/2002/1986 317/2010/1994 316/2011/1995
f 310/2002/1986 316/2011/1995 311/2012/1996
f 311/2012/1996 316/2011/1995 315/2013/1997
f 311/2012/1996 315/2013/1997 312/2014/1998
f 312/2014/1998 315/2013/1997 314/2015/1999
f 312/2014/1998 314/2015/1999 313/2016/2000
f 310/2002/1986 466/2017/2001 830/2004/1988
f 830/2004/1988 466/2017/2001 465/2018/2002
f 830/2004/1988 465/2018/2002 464/2019/2003
f 830/2004/1988 464/2019/2003 897/2020/2004
f 897/2020/2004 464/2019/2003 463/2021/2005
f 897/2020/2004 463/2021/2005 898/2022/2006
f 898/2022/2006 463/2021/2005 279/2023/2007
f 898/2022/2006 279/2023/2007 899/2024/2008
f 899/2024/2008 279/2023/2007 900/2025/2009
f 900/2025/2009 279/2023/2007 901/2026/2010
f 901/2026/2010 279/2023/2007 266/2027/2011
f 901/2026/2010 266/2027/2011 902/2028/2012
f 902/2028/2012 266/2027/2011 903/2029/2013
f 903/2029/2013 266/2027/2011 904/2030/2014
f 904/2030/2014 266/2027/2011 454/2031/2015
f 904/2030/2014 454/2031/2015 905/2032/2016
f 905/2032/2016 454/2031/2015 453/2033/2017
f 905/2032/2016 453/2033/2017 867/2034/2018
f 867/2034/2018 453/2033/2017 452/2035/2019
f 867/2034/2018 452/2035/2019 451/2036/2020
f 278/2037/2021 277/2038/2022 279/2023/2007
f 279/2023/2007 277/2038/2022 276/2039/2023
f 279/2023/2007 276/2039/2023 275/2040/2024
f 275/2040/2024 274/2041/2025 279/2023/2007
f 279/2023/2007 274/2041/2025 273/2042/2026
f 279/2023/2007 273/2042/2026 272/2043/2027
f 272/2043/2027 271/2044/2028 279/2023/2007
f 279/2023/2007 271/2044/2028 270/2045/2029
f 279/2023/2007 270/2045/2029 269/2046/2030
f 269/2046/2030 268/2047/2031 279/2023/2007
f 279/2023/2007 268/2047/2031 267/2048/2032
f 279/2023/2007 267/2048/2032 266/2027/2011
f 451/2036/2020 235/2049/2033 867/2034/2018
f 867/2034/2018 235/2049/2033 222/2050/2034
f 867/2034/2018 222/2050/2034 849/2051/2035
f 849/2051/2035 222/2050/2034 442/2052/2036
f 849/2051/2035 442/2052/2036 441/2053/2037
f 234/2054/2038 229/2055/2039 235/2049/2033
f 235/2049/2033 229/2055/2039 228/2056/2040
f 235/2049/2033 228/2056/2040 227/2057/2041
f 229/2055/2039 234/2054/2038 230/2058/2042
f 230/2058/2042 234/2054/2038 233/2059/2043
f 230/2058/2042 233/2059/2043 231/2060/2044
f 231/2060/2044 233/2059/2043 232/2061/2045
f 227/2057/2041 226/2062/2046 235/2049/2033
f 235/2049/2033 226/2062/2046 225/2063/2047
f 235/2049/2033 225/2063/2047 224/2064/2048
f 224/2064/2048 223/2065/2049 235/2049/2033
f 235/2049/2033 223/2065/2049 222/2050/2034
f 441/2053/2037 440/2066/2050 849/2051/2035
f 849/2051/2035 440/2066/2050 850/2067/2051
f 850/2067/2051 440/2066/2050 439/2068/2052
f 850/2067/2051 439/2068/2052 851/2069/2053
f 851/2069/2053 439/2068/2052 852/2070/2054
f 852/2070/2054 439/2068/2052 191/2071/2055
f 852/2070/2054 191/2071/2055 853/2072/2056
f 853/2072/2056 191/2071/2055 854/2073/2057
f 854/2073/2057 191/2071/2055 855/2074/2058
f 855/2074/2058 191/2071/2055 856/2075/2059
f 856/2075/2059 191/2071/2055 190/2076/2060
f 856/2075/2059 190/2076/2060 189/2077/2061
f 189/2077/2061 188/2078/2062 856/2075/2059
f 856/2075/2059 188/2078/2062 857/2079/2063
f 857/2079/2063 188/2078/2062 187/2080/2064
f 857/2079/2063 187/2080/2064 186/2081/2065
f 186/2081/2065 185/2082/2066 857/2079/2063
f 857/2079/2063 185/2082/2066 184/2083/2067
f 857/2079/2063 184/2083/2067 183/2084/2068
f 183/2084/2068 182/2085/2069 857/2079/2063
f 857/2079/2063 182/2085/2069 181/2086/2070
f 857/2079/2063 181/2086/2070 180/2087/2071
f 180/2087/2071 179/2088/2072 857/2079/2063
f 857/2079/2063 179/2088/2072 178/2089/2073
f 857/2079/2063 178/2089/2073 858/2090/2074
f 858/2090/2074 178/2089/2073 859/2091/2075
f 859/2091/2075 178/2089/2073 860/2092/2076
f 860/2092/2076 178/2089/2073 861/2093/2077
f 861/2093/2077 178/2089/2073 502/2094/2078
f 861/2093/2077 502/2094/2078 862/2095/2079
f 862/2095/2079 502/2094/2078 501/2096/2080
f 862/2095/2079 501/2096/2080 863/2097/2081
f 863/2097/2081 501/2096/2080 500/2098/2082
f 863/2097/2081 500/2098/2082 864/2099/2083
f 864/2099/2083 500/2098/2082 499/2100/2084
f 864/2099/2083 499/2100/2084 865/2101/2085
f 865/2101/2085 499/2100/2084 411/2102/2086
f 865/2101/2085 411/2102/2086 866/2103/2087
f 866/2103/2087 411/2102/2086 778/2104/2088
f 778/2104/2088 411/2102/2086 410/2105/2089
f 778/2104/2088 410/2105/2089 409/2106/2090
f 409/2106/2090 408/2107/2091 778/2104/2088
f 778/2104/2088 408/2107/2091 407/2108/2092
f 778/2104/2088 407/2108/2092 406/2109/2093
f 406/2109/2093 405/2110/2094 778/2104/2088
f 778/2104/2088 405/2110/2094 404/2111/2095
f 778/2104/2088 404/2111/2095 817/2112/2096
f 817/2112/2096 404/2111/2095 403/2113/2097
f 817/2112/2096 403/2113/2097 402/2114/2098
f 402/2114/2098 401/2115/2099 817/2112/2096
f 817/2112/2096 401/2115/2099 400/2116/2100
f 817/2112/2096 400/2116/2100 399/2117/2101
f 399/2117/2101 398/2118/2102 817/2112/2096
f 817/2112/2096 398/2118/2102 832/2119/2103
f 832/2119/2103 398/2118/2102 833/2120/2104
f 833/2120/2104 398/2118/2102 490/2121/2105
f 833/2120/2104 490/2121/2105 834/2122/2106
f 834/2122/2106 490/2121/2105 489/2123/2107
f 834/2122/2106 489/2123/2107 835/2124/2108
f 835/2124/2108 489/2123/2107 488/2125/2109
f 835/2124/2108 488/2125/2109 836/2126/2110
f 836/2126/2110 488/2125/2109 487/2127/2111
f 836/2126/2110 487/2127/2111 837/2128/2112
f 837/2128/2112 487/2127/2111 367/2129/2113
f 837/2128/2112 367/2129/2113 838/2130/2114
f 838/2130/2114 367/2129/2113 839/2131/2115
f 839/2131/2115 367/2129/2113 840/2132/2116
f 840/2132/2116 367/2129/2113 841/2133/2117
f 841/2133/2117 367/2129/2113 366/2134/2118
f 841/2133/2117 366/2134/2118 365/2135/2119
f 365/2135/2119 364/2136/2120 841/2133/2117
f 841/2133/2117 364/2136/2120 363/2137/2121
f 841/2133/2117 363/2137/2121 362/2138/2122
f 362/2138/2122 361/2139/2123 841/2133/2117
f 841/2133/2117 361/2139/2123 360/2140/2124
f 841/2133/2117 360/2140/2124 359/2141/2125
f 359/2141/2125 358/2142/2126 841/2133/2117
f 841/2133/2117 358/2142/2126 357/2143/2127
f 841/2133/2117 357/2143/2127 842/2144/2128
f 842/2144/2128 357/2143/2127 356/2145/2129
f 842/2144/2128 356/2145/2129 355/2146/2130
f 355/2146/2130 354/2147/2131 842/2144/2128
f 842/2144/2128 354/2147/2131 843/2148/2132
f 843/2148/2132 354/2147/2131 844/2149/2133
f 844/2149/2133 354/2147/2131 845/2150/2134
f 845/2150/2134 354/2147/2131 846/2151/2135
f 846/2151/2135 354/2147/2131 478/2152/2136
f 846/2151/2135 478/2152/2136 847/2153/2137
f 847/2153/2137 478/2152/2136 848/2154/2138
f 848/2154/2138 478/2152/2136 477/2155/2139
f 848/2154/2138 477/2155/2139 831/2005/1989
f 831/2005/1989 477/2155/2139 476/2156/2140
f 831/2005/1989 476/2156/2140 475/2157/2141
f 475/2157/2141 323/2003/1987 831/2005/1989
f 868/2158/2142 918/2159/2143 867/2034/2018
f 867/2034/2018 918/2159/2143 917/2160/2144
f 867/2034/2018 917/2160/2144 916/2161/2145
f 870/2162/2146 922/2163/2147 868/2158/2142
f 868/2158/2142 922/2163/2147 921/2164/2148
f 868/2158/2142 921/2164/2148 920/2165/2149
f 929/2166/2150 928/2167/2151 870/2162/2146
f 870/2162/2146 928/2167/2151 927/2168/2152
f 870/2162/2146 927/2168/2152 926/2169/2153
f 926/2169/2153 925/2170/2154 870/2162/2146
f 870/2162/2146 925/2170/2154 924/2171/2155
f 870/2162/2146 924/2171/2155 923/2172/2156
f 923/2172/2156 922/2163/2147 870/2162/2146
f 920/2165/2149 919/2173/2157 868/2158/2142
f 868/2158/2142 919/2173/2157 918/2159/2143
f 916/2161/2145 915/2174/2158 867/2034/2018
f 867/2034/2018 915/2174/2158 914/2175/2159
f 867/2034/2018 914/2175/2159 913/2176/2160
f 913/2176/2160 912/2177/2161 867/2034/2018
f 867/2034/2018 912/2177/2161 911/2178/2162
f 867/2034/2018 911/2178/2162 910/2179/2163
f 910/2179/2163 909/2180/2164 867/2034/2018
f 867/2034/2018 909/2180/2164 908/2181/2165
f 867/2034/2018 908/2181/2165 907/2182/2166
f 907/2182/2166 906/2183/2167 867/2034/2018
f 867/2034/2018 906/2183/2167 905/2032/2016
f 897/2020/2004 896/2184/2168 830/2004/1988
f 830/2004/1988 896/2184/2168 895/2185/2169
f 830/2004/1988 895/2185/2169 894/2186/2170
f 894/2186/2170 893/2187/2171 830/2004/1988
f 830/2004/1988 893/2187/2171 892/2188/2172
f 830/2004/1988 892/2188/2172 891/2189/2173
f 891/2189/2173 890/2190/2174 830/2004/1988
f 830/2004/1988 890/2190/2174 889/2191/2175
f 830/2004/1988 889/2191/2175 888/2192/2176
f 888/2192/2176 887/2193/2177 830/2004/1988
f 830/2004/1988 887/2193/2177 886/2194/2178
f 830/2004/1988 886/2194/2178 885/2195/2179
f 885/2195/2179 884/2196/2180 830/2004/1988
f 830/2004/1988 884/2196/2180 1384/2197/2181
f 1384/2197/2181 884/2196/2180 883/2198/2182
f 1384/2197/2181 883/2198/2182 882/2199/2183
f 882/2199/2183 881/2200/2184 1384/2197/2181
f 1384/2197/2181 881/2200/2184 880/2201/2185
f 1384/2197/2181 880/2201/2185 872/2202/2186
f 872/2202/2186 880/2201/2185 879/2203/2187
f 872/2202/2186 879/2203/2187 878/2204/2188
f 878/2204/2188 877/2205/2189 872/2202/2186
f 872/2202/2186 877/2205/2189 876/2206/2190
f 872/2202/2186 876/2206/2190 875/2207/2191
f 875/2207/2191 874/2208/2192 872/2202/2186
f 872/2202/2186 874/2208/2192 873/2209/2193
f 816/2210/2194 801/2211/2195 817/2112/2096
f 817/2112/2096 801/2211/2195 800/2212/2196
f 817/2112/2096 800/2212/2196 799/2213/2197
f 801/2211/2195 816/2210/2194 802/2214/2198
f 802/2214/2198 816/2210/2194 815/2215/2199
f 802/2214/2198 815/2215/2199 803/2216/2200
f 803/2216/2200 815/2215/2199 814/2217/2201
f 803/2216/2200 814/2217/2201 804/2218/2202
f 804/2218/2202 814/2217/2201 813/2219/2203
f 804/2218/2202 813/2219/2203 805/2220/2204
f 805/2220/2204 813/2219/2203 812/2221/2205
f 805/2220/2204 812/2221/2205 806/2222/2206
f 806/2222/2206 812/2221/2205 811/2223/2207
f 806/2222/2206 811/2223/2207 807/2224/2208
f 807/2224/2208 811/2223/2207 810/2225/2209
f 807/2224/2208 810/2225/2209 808/2226/2210
f 808/2226/2210 810/2225/2209 809/2227/2211
f 799/2213/2197 798/2228/2212 817/2112/2096
f 817/2112/2096 798/2228/2212 797/2229/2213
f 817/2112/2096 797/2229/2213 778/2104/2088
f 778/2104/2088 797/2229/2213 796/2230/2214
f 778/2104/2088 796/2230/2214 795/2231/2215
f 795/2231/2215 794/2232/2216 778/2104/2088
f 778/2104/2088 794/2232/2216 779/2233/2217
f 779/2233/2217 794/2232/2216 793/2234/2218
f 779/2233/2217 793/2234/2218 780/2235/2219
f 780/2235/2219 793/2234/2218 792/2236/2220
f 780/2235/2219 792/2236/2220 781/2237/2221
f 781/2237/2221 792/2236/2220 791/2238/2222
f 781/2237/2221 791/2238/2222 782/2239/2223
f 782/2239/2223 791/2238/2222 790/2240/2224
f 782/2239/2223 790/2240/2224 783/2241/2225
f 783/2241/2225 790/2240/2224 789/2242/2226
f 783/2241/2225 789/2242/2226 784/2243/2227
f 784/2243/2227 789/2242/2226 788/2244/2228
f 784/2243/2227 788/2244/2228 785/2245/2229
f 785/2245/2229 788/2244/2228 787/2246/2230
f 785/2245/2229 787/2246/2230 786/2247/2231
# 1385 vertices
# 2247 texture params
# 2231 normals
# 2770 facets

# 1 groups
