# WaveFront *.obj file (generated by Autodesk ATF)

mtllib Dock Liftbar.mtl

g Dock Liftbar

v 26.087379 -52.500000 -16.845555
v 26.000000 -52.412621 -16.790943
v 26.000000 -60.500000 -16.790943
v 30.000000 -60.500000 -19.290943
v 30.000000 -52.500000 -19.290943
v 26.087379 -52.500000 -16.736331
v 30.000000 -52.500000 -14.290943
v 30.000000 -60.500000 -14.290943
v -26.087379 -52.500000 -16.736331
v -26.000000 -52.412621 -16.790943
v -26.000000 -60.500000 -16.790943
v -30.000000 -60.500000 -14.290943
v -30.000000 -52.500000 -14.290943
v -26.087379 -52.500000 -16.845555
v -30.000000 -52.500000 -19.290943
v -30.000000 -60.500000 -19.290943
v 26.087379 -52.500000 -37.400000
v 21.087379 -47.500000 -32.400000
v 21.043690 -47.456310 -32.400000
v 21.043690 -47.456310 15.600000
v 21.087379 -47.500000 15.600000
v 26.087379 -52.500000 10.600000
v 30.000000 -60.500000 -57.000000
v 30.000000 -60.575961 -57.868241
v 30.000000 -60.801537 -58.710101
v 30.000000 -61.169873 -59.500000
v 30.000000 -61.669778 -60.213938
v 30.000000 -62.286062 -60.830222
v 30.000000 -63.000000 -61.330127
v 30.000000 -63.789899 -61.698463
v 30.000000 -64.631759 -61.924039
v 30.000000 -65.500000 -62.000000
v 30.000000 -67.500000 -62.000000
v 30.000000 -67.500000 -82.000000
v 30.000000 -65.932073 -81.917828
v 30.000000 -64.381325 -81.672214
v 30.000000 -62.864745 -81.265848
v 30.000000 -61.398950 -80.703182
v 30.000000 -60.000000 -79.990381
v 30.000000 -58.683221 -79.135255
v 30.000000 -57.463041 -78.147172
v 30.000000 -56.352828 -77.036959
v 30.000000 -55.364745 -75.816779
v 30.000000 -54.509619 -74.500000
v 30.000000 -53.796818 -73.101050
v 30.000000 -53.234152 -71.635255
v 30.000000 -52.827786 -70.118675
v 30.000000 -52.582172 -68.567927
v 30.000000 -52.500000 -67.000000
v 30.000000 -52.500000 -60.000000
v 30.000000 -52.423141 -59.219639
v 30.000000 -52.195518 -58.469266
v 30.000000 -51.825878 -57.777719
v 30.000000 -51.328427 -57.171573
v 30.000000 -50.722281 -56.674122
v 30.000000 -50.030734 -56.304482
v 30.000000 -49.280361 -56.076859
v 30.000000 -48.500000 -56.000000
v 30.000000 -32.208204 -56.000000
v 30.000000 -31.746400 -55.964243
v 30.000000 -31.295604 -55.857825
v 30.000000 -30.866563 -55.683282
v 30.000000 -27.500000 -54.000000
v 30.000000 -27.500000 -52.000000
v 30.000000 -52.500000 -52.000000
v 30.000000 -54.000000 -51.538747
v 30.000000 -59.000000 -51.538747
v 30.000000 -59.000000 -40.538747
v 30.000000 -54.000000 -40.538747
v -26.087379 -52.500000 10.600000
v -21.087379 -47.500000 15.600000
v -21.043690 -47.456310 15.600000
v -21.043690 -47.456310 -32.400000
v -21.087379 -47.500000 -32.400000
v -26.087379 -52.500000 -37.400000
v -30.000000 -52.500000 10.600000
v 28.000000 -52.500000 -52.000000
v 25.600000 -52.500000 -54.400000
v -25.600000 -52.500000 -54.400000
v -28.000000 -52.500000 -52.000000
v -30.000000 -52.500000 -52.000000
v -16.700000 -52.500000 -37.400000
v -16.700000 -52.500000 -40.000000
v -7.000000 -52.500000 -40.000000
v -7.000000 -52.500000 -41.710051
v -7.023852 -52.500000 -41.891224
v -7.093782 -52.500000 -42.060051
v -7.205025 -52.500000 -42.205025
v -8.805025 -52.500000 -43.805025
v -8.916268 -52.500000 -43.950000
v -8.986199 -52.500000 -44.118827
v -9.010051 -52.500000 -44.300000
v -8.986199 -52.500000 -44.481173
v -8.916268 -52.500000 -44.650000
v -8.805025 -52.500000 -44.794975
v -8.660051 -52.500000 -44.906218
v -8.491224 -52.500000 -44.976148
v -8.310051 -52.500000 -45.000000
v -4.250000 -52.500000 -45.000000
v -4.250000 -52.500000 -42.795550
v 4.250000 -52.500000 -42.795550
v 4.250000 -52.500000 -45.000000
v 8.310051 -52.500000 -45.000000
v 8.491224 -52.500000 -44.976148
v 8.660051 -52.500000 -44.906218
v 8.805025 -52.500000 -44.794975
v 8.916268 -52.500000 -44.650000
v 8.986199 -52.500000 -44.481173
v 9.010051 -52.500000 -44.300000
v 8.986199 -52.500000 -44.118827
v 8.916268 -52.500000 -43.950000
v 8.805025 -52.500000 -43.805025
v 7.205025 -52.500000 -42.205025
v 7.093782 -52.500000 -42.060051
v 7.023852 -52.500000 -41.891224
v 7.000000 -52.500000 -41.710051
v 7.000000 -52.500000 -40.000000
v 16.700000 -52.500000 -40.000000
v 16.700000 -52.500000 -37.400000
v -30.000000 -60.500000 -2.900000
v -30.000000 -63.500000 0.100000
v -30.000000 -63.500000 30.600000
v -30.000000 -60.500000 30.600000
v -30.000000 -60.500000 19.600000
v -30.000000 -53.500000 19.600000
v -30.000000 -53.500000 23.600000
v -30.000000 -48.500000 23.600000
v -30.000000 -46.500000 21.600000
v -30.000000 -46.500000 15.600000
v -30.000000 -47.500000 15.600000
v -30.000000 -53.800000 -1.738747
v -30.000000 -53.800000 9.661253
v -30.000000 -59.200000 9.661253
v -30.000000 -59.200000 -1.738747
v -30.000000 -53.800000 -51.738747
v -30.000000 -59.200000 -51.738747
v -29.500000 -58.700000 -51.238747
v -29.500000 -54.300000 -51.238747
v -30.000000 -59.200000 -40.338747
v -30.000000 -53.800000 -40.338747
v -29.500000 -54.300000 -40.838747
v -29.500000 -58.700000 -40.838747
v -26.517157 -58.700000 -40.838747
v -26.517157 -58.700000 -51.238747
v -26.517157 -54.300000 -40.838747
v -30.000000 -27.500000 -52.000000
v -30.000000 -27.500000 -54.000000
v -30.000000 -30.866563 -55.683282
v -30.000000 -31.295604 -55.857825
v -30.000000 -31.746400 -55.964243
v -30.000000 -32.208204 -56.000000
v -30.000000 -48.500000 -56.000000
v -30.000000 -49.280361 -56.076859
v -30.000000 -50.030734 -56.304482
v -30.000000 -50.722281 -56.674122
v -30.000000 -51.328427 -57.171573
v -30.000000 -51.825878 -57.777719
v -30.000000 -52.195518 -58.469266
v -30.000000 -52.423141 -59.219639
v -30.000000 -52.500000 -60.000000
v -30.000000 -52.500000 -67.000000
v -30.000000 -52.582172 -68.567927
v -30.000000 -52.827786 -70.118675
v -30.000000 -53.234152 -71.635255
v -30.000000 -53.796818 -73.101050
v -30.000000 -54.509619 -74.500000
v -30.000000 -55.364745 -75.816779
v -30.000000 -56.352828 -77.036959
v -30.000000 -57.463041 -78.147172
v -30.000000 -58.683221 -79.135255
v -30.000000 -60.000000 -79.990381
v -30.000000 -61.398950 -80.703182
v -30.000000 -62.864745 -81.265848
v -30.000000 -64.381325 -81.672214
v -30.000000 -65.932073 -81.917828
v -30.000000 -67.500000 -82.000000
v -30.000000 -67.500000 -62.000000
v -30.000000 -65.500000 -62.000000
v -30.000000 -64.631759 -61.924039
v -30.000000 -63.789899 -61.698463
v -30.000000 -63.000000 -61.330127
v -30.000000 -62.286062 -60.830222
v -30.000000 -61.669778 -60.213938
v -30.000000 -61.169873 -59.500000
v -30.000000 -60.801537 -58.710101
v -30.000000 -60.575961 -57.868241
v -30.000000 -60.500000 -57.000000
v -29.500000 -54.300000 -1.238747
v -29.500000 -54.300000 9.161253
v -29.500000 -58.700000 -1.238747
v -29.500000 -58.700000 9.161253
v -26.517157 -54.300000 9.161253
v -26.517157 -58.700000 9.161253
v -26.517157 -54.300000 -1.238747
v -26.517157 -54.300000 -51.238747
v -26.517157 -58.700000 -1.238747
v -25.000000 -57.182843 7.644096
v -25.000000 -57.182843 0.278411
v -25.000000 -55.817157 7.644096
v -25.000000 -55.817157 0.278411
v -25.000000 -57.182843 -42.355904
v -25.000000 -57.182843 -49.721589
v -25.000000 -55.817157 -42.355904
v -25.000000 -55.817157 -49.721589
v 35.000000 -56.900000 0.561253
v 35.000000 -56.900000 7.361253
v 33.400000 -58.500000 8.961253
v 33.400000 -58.500000 -1.038747
v 35.000000 -56.100000 7.361253
v 33.400000 -54.500000 8.961253
v 35.000000 -56.100000 0.561253
v 33.400000 -54.500000 -1.038747
v 30.500000 -58.500000 -1.038747
v 30.500000 -54.500000 -1.038747
v 30.500000 -58.500000 8.961253
v 35.000000 -56.900000 -49.438747
v 35.000000 -56.900000 -42.638747
v 33.400000 -58.500000 -41.038747
v 33.400000 -58.500000 -51.038747
v 35.000000 -56.100000 -42.638747
v 33.400000 -54.500000 -41.038747
v 35.000000 -56.100000 -49.438747
v 33.400000 -54.500000 -51.038747
v 30.500000 -58.500000 -51.038747
v 30.500000 -54.500000 -51.038747
v 30.500000 -58.500000 -41.038747
v 30.500000 -54.500000 -41.038747
v 30.000000 -52.500000 10.600000
v 30.000000 -47.500000 15.600000
v 30.000000 -46.500000 15.600000
v 30.000000 -46.500000 21.600000
v 30.000000 -48.500000 23.600000
v 30.000000 -53.500000 23.600000
v 30.000000 -53.500000 19.600000
v 30.000000 -60.500000 19.600000
v 30.000000 -60.500000 30.600000
v 30.000000 -63.500000 30.600000
v 30.000000 -63.500000 0.100000
v 30.000000 -60.500000 -2.900000
v 30.000000 -54.000000 -1.538747
v 30.000000 -59.000000 -1.538747
v 30.000000 -59.000000 9.461253
v 30.000000 -54.000000 9.461253
v 30.500000 -54.500000 8.961253
v 18.500000 -46.500000 21.600000
v 16.500000 -48.500000 21.600000
v 18.500000 -48.500000 23.600000
v 16.500000 -53.500000 21.600000
v 18.500000 -53.500000 23.600000
v 18.500000 -46.500000 15.600000
v 16.500000 -48.500000 15.600000
v 16.700000 -51.800000 15.600000
v 16.700000 -53.500000 15.600000
v 16.500000 -53.500000 15.600000
v -18.500000 -46.500000 21.600000
v -18.500000 -48.500000 23.600000
v -16.500000 -48.500000 21.600000
v -18.500000 -53.500000 23.600000
v -16.500000 -53.500000 21.600000
v -16.500000 -48.500000 15.600000
v -18.500000 -46.500000 15.600000
v -16.700000 -53.500000 19.600000
v -16.700000 -53.500000 15.600000
v -16.500000 -53.500000 15.600000
v 15.000000 -49.280361 -56.076859
v 0.000000 -49.280361 -56.076859
v -15.000000 -49.280361 -56.076859
v 15.000000 -50.030734 -56.304482
v 0.000000 -50.030734 -56.304482
v -15.000000 -50.030734 -56.304482
v 15.000000 -50.722281 -56.674122
v 0.000000 -50.722281 -56.674122
v -15.000000 -50.722281 -56.674122
v 15.000000 -51.328427 -57.171573
v 0.000000 -51.328427 -57.171573
v -15.000000 -51.328427 -57.171573
v 15.000000 -51.825878 -57.777719
v 0.000000 -51.825878 -57.777719
v -15.000000 -51.825878 -57.777719
v 15.000000 -52.195518 -58.469266
v 0.000000 -52.195518 -58.469266
v -15.000000 -52.195518 -58.469266
v 15.000000 -52.423141 -59.219639
v 0.000000 -52.423141 -59.219639
v -15.000000 -52.423141 -59.219639
v -0.000000 -52.500000 -67.000000
v -0.499360 -52.499837 -67.025815
v -1.005580 -52.500046 -67.103540
v -1.508401 -52.501675 -67.233599
v -1.997569 -52.505784 -67.416407
v -2.463704 -52.514195 -67.650242
v -2.899566 -52.528894 -67.928222
v -3.298230 -52.551621 -68.242703
v -3.654141 -52.584266 -68.587426
v -3.976958 -52.630403 -68.971593
v -4.264673 -52.692372 -69.392633
v -4.510402 -52.771984 -69.843039
v -4.707390 -52.871074 -70.315243
v -4.852726 -52.990142 -70.800391
v -4.947844 -53.126856 -71.288459
v -4.994406 -53.278600 -71.769389
v -4.994170 -53.444050 -72.236979
v -4.949043 -53.627950 -72.704853
v -4.860005 -53.828554 -73.169877
v -4.727913 -54.042899 -73.625454
v -4.553634 -54.268013 -74.064998
v -4.339270 -54.500102 -74.482889
v -4.089399 -54.734161 -74.875222
v -3.502551 -55.187972 -75.568176
v -3.167275 -55.402590 -75.868286
v -2.792305 -55.611744 -76.146377
v -2.381986 -55.807315 -76.395376
v -1.941057 -55.980917 -76.607842
v -1.474419 -56.123862 -76.776983
v -0.989502 -56.230306 -76.899802
v -0.495096 -56.296738 -76.974681
v -0.000000 -56.319660 -77.000000
v 0.495096 -56.296738 -76.974681
v 0.989502 -56.230306 -76.899802
v 1.474419 -56.123862 -76.776983
v 1.941057 -55.980917 -76.607842
v 2.381986 -55.807315 -76.395376
v 2.792305 -55.611744 -76.146377
v 3.167275 -55.402590 -75.868286
v 3.502551 -55.187972 -75.568176
v 4.089399 -54.734161 -74.875222
v 4.339270 -54.500102 -74.482889
v 4.553634 -54.268013 -74.064998
v 4.727913 -54.042899 -73.625454
v 4.860005 -53.828554 -73.169877
v 4.949043 -53.627950 -72.704853
v 4.994170 -53.444050 -72.236979
v 4.994406 -53.278600 -71.769389
v 4.947844 -53.126856 -71.288459
v 4.852726 -52.990142 -70.800391
v 4.707390 -52.871074 -70.315243
v 4.510402 -52.771984 -69.843039
v 4.264673 -52.692372 -69.392633
v 3.976958 -52.630403 -68.971593
v 3.654141 -52.584266 -68.587426
v 3.298230 -52.551621 -68.242703
v 2.899566 -52.528894 -67.928222
v 2.463704 -52.514195 -67.650242
v 1.997569 -52.505784 -67.416407
v 1.508401 -52.501675 -67.233599
v 1.005580 -52.500046 -67.103540
v 0.499360 -52.499837 -67.025815
v -0.000000 -56.352828 -77.036959
v -0.000000 -57.463041 -78.147172
v -0.000000 -58.683221 -79.135255
v -0.000000 -60.000000 -79.990381
v -0.000000 -61.398950 -80.703182
v -0.000000 -62.864745 -81.265848
v -0.000000 -64.381325 -81.672214
v -0.000000 -65.932073 -81.917828
v -15.000000 -60.575961 -57.868241
v -0.000000 -60.575961 -57.868241
v 15.000000 -60.575961 -57.868241
v -15.000000 -60.801537 -58.710101
v -0.000000 -60.801537 -58.710101
v 15.000000 -60.801537 -58.710101
v -15.000000 -61.169873 -59.500000
v -0.000000 -61.169873 -59.500000
v 15.000000 -61.169873 -59.500000
v -15.000000 -61.669778 -60.213938
v -0.000000 -61.669778 -60.213938
v 15.000000 -61.669778 -60.213938
v -15.000000 -62.286062 -60.830222
v -0.000000 -62.286062 -60.830222
v 15.000000 -62.286062 -60.830222
v -15.000000 -63.000000 -61.330127
v -0.000000 -63.000000 -61.330127
v 15.000000 -63.000000 -61.330127
v -15.000000 -63.789899 -61.698463
v -0.000000 -63.789899 -61.698463
v 15.000000 -63.789899 -61.698463
v -15.000000 -64.631759 -61.924039
v -0.000000 -64.631759 -61.924039
v 15.000000 -64.631759 -61.924039
v 6.106202 -67.500000 -75.000000
v 10.106202 -71.500000 -75.000000
v 10.106202 -71.500000 -69.000000
v 6.106202 -67.500000 -69.000000
v 17.500000 -71.500000 -75.000000
v 17.500000 -71.500000 -69.000000
v 17.500000 -67.500000 -75.000000
v -6.106202 -67.500000 -69.000000
v -10.106202 -71.500000 -69.000000
v -10.106202 -71.500000 -75.000000
v -6.106202 -67.500000 -75.000000
v -17.500000 -71.500000 -69.000000
v -17.500000 -71.500000 -75.000000
v -17.500000 -67.500000 -69.000000
v -17.500000 -67.500000 -75.000000
v 17.500000 -67.500000 -69.000000
v 5.000000 -56.500000 -72.000000
v 4.914865 -56.500000 -71.081252
v 4.662361 -56.500000 -70.193792
v 4.251086 -56.500000 -69.367839
v 3.695045 -56.500000 -68.631522
v 3.013173 -56.500000 -68.009914
v 2.228692 -56.500000 -67.524184
v 1.368315 -56.500000 -67.190872
v 0.461342 -56.500000 -67.021329
v -0.461342 -56.500000 -67.021329
v -1.368315 -56.500000 -67.190872
v -2.228692 -56.500000 -67.524184
v -3.013173 -56.500000 -68.009914
v -3.695045 -56.500000 -68.631522
v -4.251086 -56.500000 -69.367839
v -4.662361 -56.500000 -70.193792
v -4.914865 -56.500000 -71.081252
v -5.000000 -56.500000 -72.000000
v -4.914865 -56.500000 -72.918748
v -4.662361 -56.500000 -73.806208
v -4.251086 -56.500000 -74.632161
v -3.695045 -56.500000 -75.368478
v -3.013173 -56.500000 -75.990086
v -2.228692 -56.500000 -76.475816
v -1.368315 -56.500000 -76.809128
v -0.461342 -56.500000 -76.978671
v 0.461342 -56.500000 -76.978671
v 1.368315 -56.500000 -76.809128
v 2.228692 -56.500000 -76.475816
v 3.013173 -56.500000 -75.990086
v 3.695045 -56.500000 -75.368478
v 4.251086 -56.500000 -74.632161
v 4.662361 -56.500000 -73.806208
v 4.914865 -56.500000 -72.918748
v 2.750000 -56.500000 -72.000000
v 2.663604 -56.500000 -71.316103
v 2.409843 -56.500000 -70.675177
v 2.004664 -56.500000 -70.117495
v 1.473524 -56.500000 -69.678098
v 0.849797 -56.500000 -69.384595
v 0.172674 -56.500000 -69.255426
v -0.515299 -56.500000 -69.298710
v -1.170893 -56.500000 -69.511726
v -1.752916 -56.500000 -69.881089
v -2.224797 -56.500000 -70.383591
v -2.556885 -56.500000 -70.987657
v -2.728315 -56.500000 -71.655334
v -2.728315 -56.500000 -72.344666
v -2.556885 -56.500000 -73.012343
v -2.224797 -56.500000 -73.616409
v -1.752916 -56.500000 -74.118911
v -1.170893 -56.500000 -74.488274
v -0.515299 -56.500000 -74.701290
v 0.172674 -56.500000 -74.744574
v 0.849797 -56.500000 -74.615405
v 1.473524 -56.500000 -74.321902
v 2.004664 -56.500000 -73.882505
v 2.409843 -56.500000 -73.324823
v 2.663604 -56.500000 -72.683897
v 2.750000 -67.500000 -72.000000
v 2.663604 -67.500000 -71.316103
v 2.409843 -67.500000 -70.675177
v 2.004664 -67.500000 -70.117495
v 1.473524 -67.500000 -69.678098
v 0.849797 -67.500000 -69.384595
v 0.172674 -67.500000 -69.255426
v -0.515299 -67.500000 -69.298710
v -1.170893 -67.500000 -69.511726
v -1.752916 -67.500000 -69.881089
v -2.224797 -67.500000 -70.383591
v -2.556885 -67.500000 -70.987657
v -2.728315 -67.500000 -71.655334
v -2.728315 -67.500000 -72.344666
v -2.556885 -67.500000 -73.012343
v -2.224797 -67.500000 -73.616409
v -1.752916 -67.500000 -74.118911
v -1.170893 -67.500000 -74.488274
v -0.515299 -67.500000 -74.701290
v 0.172674 -67.500000 -74.744574
v 0.849797 -67.500000 -74.615405
v 1.473524 -67.500000 -74.321902
v 2.004664 -67.500000 -73.882505
v 2.409843 -67.500000 -73.324823
v 2.663604 -67.500000 -72.683897
v -0.000000 -47.082904 -56.000000
v -7.000000 -43.041452 -56.000000
v -7.000000 -43.041452 -54.400000
v -0.000000 -47.082904 -54.400000
v 7.000000 -43.041452 -56.000000
v 7.000000 -43.041452 -54.400000
v 7.000000 -34.958548 -56.000000
v 7.000000 -34.958548 -54.400000
v 2.236264 -32.208204 -56.000000
v 1.009619 -31.500000 -54.400000
v -0.000000 -30.917096 -53.817096
v -0.000000 -30.917096 -55.707959
v 1.089885 -31.546342 -55.926079
v -7.000000 -34.958548 -56.000000
v -2.236264 -32.208204 -56.000000
v -1.089885 -31.546342 -55.926079
v -1.009619 -31.500000 -54.400000
v -7.000000 -34.958548 -54.400000
v 25.600000 -31.500000 -54.400000
v 28.000000 -29.100000 -52.000000
v -28.000000 -29.100000 -52.000000
v -25.600000 -31.500000 -54.400000
v -15.000000 -31.518945 -55.919747
v 15.000000 -31.518945 -55.919747
v 16.700000 -51.800000 -36.700000
v 21.000000 -47.500000 -32.400000
v -16.700000 -51.800000 -36.700000
v -21.000000 -47.500000 -32.400000
v 7.205025 -60.500000 -42.205025
v 7.093782 -60.500000 -42.060051
v 7.023852 -60.500000 -41.891224
v 7.000000 -60.500000 -41.710051
v 7.023852 -56.500000 -41.891224
v 7.093782 -56.500000 -42.060051
v 7.000000 -60.500000 -40.000000
v 17.000000 -60.500000 -2.900000
v 19.500000 -60.500000 -5.400000
v 19.500000 -60.500000 -19.400000
v 16.700000 -60.500000 -19.400000
v 16.700000 -60.500000 -40.000000
v 8.805025 -60.500000 -43.805025
v 8.916268 -60.500000 -43.950000
v 8.986199 -60.500000 -44.118827
v 9.010051 -60.500000 -44.300000
v 8.986199 -60.500000 -44.481173
v 8.916268 -60.500000 -44.650000
v 8.805025 -60.500000 -44.794975
v 8.660051 -60.500000 -44.906218
v 8.491224 -60.500000 -44.976148
v 8.310051 -60.500000 -45.000000
v 4.250000 -60.500000 -45.000000
v 4.250000 -60.500000 -44.492520
v -4.250000 -60.500000 -44.492520
v -4.250000 -60.500000 -45.000000
v -8.310051 -60.500000 -45.000000
v -8.491224 -60.500000 -44.976148
v -8.660051 -60.500000 -44.906218
v -8.805025 -60.500000 -44.794975
v -8.916268 -60.500000 -44.650000
v -8.986199 -60.500000 -44.481173
v -9.010051 -60.500000 -44.300000
v -8.986199 -60.500000 -44.118827
v -8.916268 -60.500000 -43.950000
v -8.805025 -60.500000 -43.805025
v -7.205025 -60.500000 -42.205025
v -7.093782 -60.500000 -42.060051
v -7.023852 -60.500000 -41.891224
v -7.000000 -60.500000 -41.710051
v -7.000000 -60.500000 -40.000000
v -16.700000 -60.500000 -40.000000
v -16.700000 -60.500000 -19.400000
v -19.500000 -60.500000 -19.400000
v -19.500000 -60.500000 -5.400000
v -17.000000 -60.500000 -2.900000
v -7.093782 -56.500000 -42.060051
v -7.023852 -56.500000 -41.891224
v -8.491224 -56.500000 -44.976148
v -8.660051 -56.500000 -44.906218
v -8.805025 -56.500000 -44.794975
v -8.916268 -56.500000 -44.650000
v -8.986199 -56.500000 -44.481173
v -9.010051 -56.500000 -44.300000
v -8.986199 -56.500000 -44.118827
v -8.916268 -56.500000 -43.950000
v 8.491224 -56.500000 -44.976148
v 8.660051 -56.500000 -44.906218
v 8.805025 -56.500000 -44.794975
v 8.916268 -56.500000 -44.650000
v 8.986199 -56.500000 -44.481173
v 9.010051 -56.500000 -44.300000
v 8.986199 -56.500000 -44.118827
v 8.916268 -56.500000 -43.950000
v -17.112372 -52.500000 -2.900000
v -17.000000 -52.724745 -2.900000
v -17.000000 -52.500000 -2.900000
v 17.000000 -52.724745 -2.900000
v 17.112372 -52.500000 -2.900000
v 17.000000 -52.500000 -2.900000
v 17.224745 -52.500000 -3.124745
v -17.224745 -52.500000 -3.124745
v -16.700000 -54.500000 -19.400000
v -16.700000 -51.800000 -15.400000
v -16.700000 -53.214214 -14.400000
v -16.700000 -54.500000 -14.400000
v 16.700000 -54.500000 -19.400000
v 16.700000 -54.500000 -14.400000
v 16.700000 -53.214214 -14.400000
v 16.700000 -51.800000 -15.400000
v 15.500000 -60.500000 -2.900000
v 15.535426 -60.990675 -2.409325
v 15.640054 -61.493916 -1.906084
v 15.813348 -61.961764 -1.438236
v 16.088317 -62.425636 -0.974364
v 16.456571 -62.839155 -0.560845
v 16.961680 -63.188214 -0.211786
v 17.250511 -63.321139 -0.078861
v 17.565857 -63.416483 0.016483
v 17.912036 -63.478110 0.078110
v 18.255136 -63.500000 0.100000
v 17.893613 -63.500000 1.797725
v 17.374564 -63.500000 3.454095
v 16.702560 -63.500000 5.054526
v 15.883516 -63.500000 6.584931
v 14.924643 -63.500000 8.031835
v 13.834382 -63.500000 9.382502
v 12.622332 -63.500000 10.625041
v 11.299161 -63.500000 11.748514
v 9.876519 -63.500000 12.743029
v 8.366930 -63.500000 13.599833
v 6.783684 -63.500000 14.311381
v 5.140718 -63.500000 14.871410
v 3.452496 -63.500000 15.274990
v 1.733880 -63.500000 15.518568
v -0.000000 -63.500000 15.600000
v -1.733880 -63.500000 15.518568
v -3.452496 -63.500000 15.274990
v -5.140718 -63.500000 14.871410
v -6.783684 -63.500000 14.311381
v -8.366930 -63.500000 13.599833
v -9.876519 -63.500000 12.743029
v -11.299161 -63.500000 11.748514
v -12.622332 -63.500000 10.625041
v -13.834382 -63.500000 9.382502
v -14.924643 -63.500000 8.031835
v -15.883516 -63.500000 6.584931
v -16.702560 -63.500000 5.054526
v -17.374564 -63.500000 3.454095
v -17.893613 -63.500000 1.797725
v -18.255136 -63.500000 0.100000
v -17.912036 -63.478110 0.078110
v -17.565857 -63.416483 0.016483
v -17.250511 -63.321139 -0.078861
v -16.961680 -63.188214 -0.211786
v -16.456571 -62.839155 -0.560845
v -16.088317 -62.425636 -0.974364
v -15.813348 -61.961764 -1.438236
v -15.640054 -61.493916 -1.906084
v -15.535426 -60.990675 -2.409325
v -15.500000 -60.500000 -2.900000
v -15.415089 -60.500000 -1.279809
v -15.161288 -60.500000 0.322631
v -14.741376 -60.500000 1.889763
v -14.159955 -60.500000 3.404418
v -13.423394 -60.500000 4.850000
v -12.539763 -60.500000 6.210671
v -11.518745 -60.500000 7.471524
v -10.371524 -60.500000 8.618745
v -9.110671 -60.500000 9.639763
v -7.750000 -60.500000 10.523394
v -6.304418 -60.500000 11.259955
v -4.789763 -60.500000 11.841376
v -3.222631 -60.500000 12.261288
v -1.620191 -60.500000 12.515089
v -0.000000 -60.500000 12.600000
v 1.620191 -60.500000 12.515089
v 3.222631 -60.500000 12.261288
v 4.789763 -60.500000 11.841376
v 6.304418 -60.500000 11.259955
v 7.750000 -60.500000 10.523394
v 9.110671 -60.500000 9.639763
v 10.371524 -60.500000 8.618745
v 11.518745 -60.500000 7.471524
v 12.539763 -60.500000 6.210671
v 13.423394 -60.500000 4.850000
v 14.159955 -60.500000 3.404418
v 14.741376 -60.500000 1.889763
v 15.161288 -60.500000 0.322631
v 15.415089 -60.500000 -1.279809
v 14.426745 -63.424784 7.581644
v 12.600615 -61.167563 6.254882
v 15.733499 -61.801651 -1.483959
v 15.512515 -61.167563 -1.503848
v 16.921964 -63.202907 0.170884
v 16.578569 -63.202907 1.675394
v 16.362287 -62.845494 0.069317
v 15.894896 -62.370469 -0.015502
v 15.543228 -61.801651 -0.079320
v 15.324916 -61.167563 -0.118938
v 17.545863 -63.424784 0.284105
v 17.189807 -63.424784 1.844085
v 16.030250 -62.845494 1.524068
v 15.572343 -62.370469 1.397694
v 15.227811 -61.801651 1.302609
v 15.013930 -61.167563 1.243581
v 16.695350 -63.424784 3.365869
v 16.101694 -63.202907 3.143067
v 15.569146 -62.845494 2.943198
v 15.124411 -62.370469 2.776287
v 14.789790 -61.801651 2.650701
v 14.582061 -61.167563 2.572739
v 16.066471 -63.424784 4.837205
v 15.495177 -63.202907 4.562084
v 14.982689 -62.845494 4.315283
v 14.554707 -62.370469 4.109177
v 14.232689 -61.801651 3.954102
v 14.032785 -61.167563 3.857833
v 13.913756 -63.202907 7.208936
v 13.453573 -62.845494 6.874593
v 13.069270 -62.370469 6.595380
v 12.780117 -61.801651 6.385299
v 13.370792 -61.167563 5.088071
v 13.561536 -61.801651 5.201414
v 13.868644 -62.370469 5.384247
v 14.276738 -62.845494 5.627371
v 14.765372 -63.202907 5.918560
v 15.310063 -63.424784 6.243182
v 13.429100 -63.424784 8.832651
v 12.951586 -63.202907 8.415460
v 12.523225 -62.845494 8.041212
v 12.165497 -62.370469 7.728675
v 11.896340 -61.801651 7.493520
v 11.729251 -61.167563 7.347538
v 12.323331 -63.424784 9.989194
v 11.885136 -63.202907 9.530878
v 11.492047 -62.845494 9.119739
v 11.163775 -62.370469 8.776394
v 10.916781 -61.801651 8.518058
v 10.763450 -61.167563 8.357686
v 11.118343 -63.424784 11.041961
v 10.722995 -63.202907 10.546211
v 10.368343 -62.845494 10.101491
v 10.072169 -62.370469 9.730101
v 9.849327 -61.801651 9.450665
v 9.710989 -61.167563 9.277194
v 9.823836 -63.424784 11.982475
v 9.474518 -63.202907 11.453282
v 9.161158 -62.845494 10.978561
v 8.899468 -62.370469 10.582118
v 8.702571 -61.801651 10.283832
v 8.580340 -61.167563 10.098659
v 8.450233 -63.424784 12.803165
v 8.149759 -63.202907 12.244789
v 7.880213 -62.845494 11.743890
v 7.655114 -62.370469 11.325585
v 7.485748 -61.801651 11.010850
v 7.380607 -61.167563 10.815466
v 7.008594 -63.424784 13.497421
v 6.759382 -63.202907 12.914359
v 6.535822 -62.845494 12.391315
v 6.349125 -62.370469 11.954517
v 6.208653 -61.801651 11.625866
v 6.121450 -61.167563 11.421844
v 5.510526 -63.424784 14.059656
v 5.314582 -63.202907 13.456602
v 5.138808 -62.845494 12.915623
v 4.992017 -62.370469 12.463848
v 4.881570 -61.801651 12.123929
v 4.813007 -61.167563 11.912911
v 3.968091 -63.424784 14.485341
v 3.826993 -63.202907 13.867150
v 3.700419 -62.845494 13.312594
v 3.594716 -62.370469 12.849478
v 3.515184 -61.801651 12.501027
v 3.465812 -61.167563 12.284713
v 2.393706 -63.424784 14.771049
v 2.308591 -63.202907 14.142700
v 2.232236 -62.845494 13.579029
v 2.168472 -62.370469 13.108303
v 2.120495 -61.801651 12.754126
v 2.090712 -61.167563 12.534257
v 0.800049 -63.424784 14.914481
v 0.771601 -63.202907 14.281031
v 0.746081 -62.845494 13.712786
v 0.724769 -62.370469 13.238239
v 0.708734 -61.801651 12.881187
v 0.698779 -61.167563 12.659533
v -0.800049 -63.424784 14.914481
v -0.771601 -63.202907 14.281031
v -0.746081 -62.845494 13.712786
v -0.724769 -62.370469 13.238239
v -0.708734 -61.801651 12.881187
v -0.698779 -61.167563 12.659533
v -2.393706 -63.424784 14.771049
v -2.308591 -63.202907 14.142700
v -2.232236 -62.845494 13.579029
v -2.168472 -62.370469 13.108303
v -2.120495 -61.801651 12.754126
v -2.090712 -61.167563 12.534257
v -3.968091 -63.424784 14.485341
v -3.826993 -63.202907 13.867150
v -3.700419 -62.845494 13.312594
v -3.594716 -62.370469 12.849478
v -3.515184 -61.801651 12.501027
v -3.465812 -61.167563 12.284713
v -5.510526 -63.424784 14.059656
v -5.314582 -63.202907 13.456602
v -5.138808 -62.845494 12.915623
v -4.992017 -62.370469 12.463848
v -4.881570 -61.801651 12.123929
v -4.813007 -61.167563 11.912911
v -7.008594 -63.424784 13.497421
v -6.759382 -63.202907 12.914359
v -6.535822 -62.845494 12.391315
v -6.349125 -62.370469 11.954517
v -6.208653 -61.801651 11.625866
v -6.121450 -61.167563 11.421844
v -8.450233 -63.424784 12.803165
v -8.149759 -63.202907 12.244789
v -7.880213 -62.845494 11.743890
v -7.655114 -62.370469 11.325585
v -7.485748 -61.801651 11.010850
v -7.380607 -61.167563 10.815466
v -9.823836 -63.424784 11.982475
v -9.474518 -63.202907 11.453282
v -9.161158 -62.845494 10.978561
v -8.899468 -62.370469 10.582118
v -8.702571 -61.801651 10.283832
v -8.580340 -61.167563 10.098659
v -11.118343 -63.424784 11.041961
v -10.722995 -63.202907 10.546211
v -10.368343 -62.845494 10.101491
v -10.072169 -62.370469 9.730101
v -9.849327 -61.801651 9.450665
v -9.710989 -61.167563 9.277194
v -12.323331 -63.424784 9.989194
v -11.885136 -63.202907 9.530878
v -11.492047 -62.845494 9.119739
v -11.163775 -62.370469 8.776394
v -10.916781 -61.801651 8.518058
v -10.763450 -61.167563 8.357686
v -13.429100 -63.424784 8.832651
v -12.951586 -63.202907 8.415460
v -12.523225 -62.845494 8.041212
v -12.165497 -62.370469 7.728675
v -11.896340 -61.801651 7.493520
v -11.729251 -61.167563 7.347538
v -14.426745 -63.424784 7.581644
v -13.913756 -63.202907 7.208936
v -13.453573 -62.845494 6.874593
v -13.069270 -62.370469 6.595380
v -12.780117 -61.801651 6.385299
v -12.600615 -61.167563 6.254882
v -16.066471 -63.424784 4.837205
v -15.495177 -63.202907 4.562084
v -14.982689 -62.845494 4.315283
v -14.554707 -62.370469 4.109177
v -14.232689 -61.801651 3.954102
v -14.032785 -61.167563 3.857833
v -13.370792 -61.167563 5.088071
v -13.561536 -61.801651 5.201414
v -13.868644 -62.370469 5.384247
v -14.276738 -62.845494 5.627371
v -14.765372 -63.202907 5.918560
v -15.310063 -63.424784 6.243182
v -16.695350 -63.424784 3.365869
v -16.101694 -63.202907 3.143067
v -15.569146 -62.845494 2.943198
v -15.124411 -62.370469 2.776287
v -14.789790 -61.801651 2.650701
v -14.582061 -61.167563 2.572739
v -17.189807 -63.424784 1.844085
v -16.578569 -63.202907 1.675394
v -16.030250 -62.845494 1.524068
v -15.572343 -62.370469 1.397694
v -15.227811 -61.801651 1.302609
v -15.013930 -61.167563 1.243581
v -16.921964 -63.202907 0.170884
v -16.362287 -62.845494 0.069317
v -15.894896 -62.370469 -0.015502
v -15.543228 -61.801651 -0.079320
v -15.324916 -61.167563 -0.118938
v -17.545863 -63.424784 0.284105
v -15.733499 -61.801651 -1.483959
v -15.512515 -61.167563 -1.503848
v 16.700000 -60.500000 -2.600000
v 16.700000 -60.500000 19.600000
v 16.700000 -53.500000 19.600000
v 16.700000 -51.800000 -1.375255
v 16.700000 -53.024745 -2.600000
v -16.700000 -60.500000 19.600000
v -16.700000 -60.500000 -2.600000
v -16.700000 -53.024745 -2.600000
v -16.700000 -51.800000 -1.375255
v -16.700000 -51.800000 15.600000
v -19.500000 -49.000000 -15.400000
v -19.500000 -50.414214 -14.400000
v -19.500000 -54.500000 -14.400000
v -19.500000 -50.224745 -5.400000
v -19.500000 -49.000000 -4.175255
v 19.500000 -49.000000 -4.175255
v 19.500000 -50.224745 -5.400000
v 19.500000 -50.414214 -14.400000
v 19.500000 -49.000000 -15.400000
v 19.500000 -54.500000 -14.400000
v -19.500000 -54.500000 -19.400000
v 19.500000 -54.500000 -19.400000
vt -0.471699 0.808738 0.000000
vt -0.471699 0.000000 0.000000
vt -0.461395 0.800000 0.000000
vt -0.000000 0.000000 0.000000
vt -0.000000 0.800000 0.000000
vt -0.000000 0.808738 0.000000
vt -0.010304 0.800000 0.000000
vt -0.000000 0.000000 0.000000
vt -0.471699 0.000000 0.000000
vt -0.471699 0.800000 0.000000
vt -0.471699 0.808738 0.000000
vt -0.471699 0.000000 0.000000
vt -0.461395 0.800000 0.000000
vt -0.000000 0.000000 0.000000
vt 0.000000 0.800000 0.000000
vt 0.000000 0.808738 0.000000
vt -0.010304 0.800000 0.000000
vt 0.000000 0.000000 0.000000
vt -0.471699 0.000000 0.000000
vt -0.471699 0.800000 0.000000
vt 0.713285 3.633633 0.000000
vt 0.700928 3.639094 0.000000
vt 0.713285 0.900000 0.000000
vt 0.006179 0.400000 0.000000
vt 0.006179 5.200000 0.000000
vt 0.000000 0.400000 0.000000
vt 0.000000 5.200000 0.000000
vt 0.713285 3.644556 0.000000
vt 0.713285 5.700000 0.000000
vt 3.670906 1.100000 0.000000
vt 1.546125 0.950000 0.000000
vt 3.670906 0.300000 0.000000
vt 1.546125 0.450000 0.000000
vt 0.400000 0.300000 0.000000
vt 0.446125 0.450000 0.000000
vt -0.177772 0.232588 0.000000
vt -0.246927 0.269552 0.000000
vt -0.321964 0.292314 0.000000
vt 0.446125 0.950000 0.000000
vt -0.100000 1.100000 0.000000
vt -0.186824 1.107596 0.000000
vt -0.400000 0.300000 0.000000
vt -0.271010 1.130154 0.000000
vt -1.100000 0.300000 0.000000
vt -0.350000 1.166987 0.000000
vt -0.421394 1.216978 0.000000
vt -0.483022 1.278606 0.000000
vt -1.850000 0.500962 0.000000
vt -1.710105 0.429682 0.000000
vt -1.563525 0.373415 0.000000
vt -0.533013 1.350000 0.000000
vt -2.214717 0.796304 0.000000
vt -2.103696 0.685283 0.000000
vt -1.981678 0.586475 0.000000
vt -2.313525 0.918322 0.000000
vt -0.569846 1.428990 0.000000
vt -2.399038 1.050000 0.000000
vt -2.470318 1.189895 0.000000
vt -0.592404 1.513176 0.000000
vt -2.526585 1.336475 0.000000
vt -2.567221 1.488132 0.000000
vt -0.600000 1.600000 0.000000
vt -2.591783 1.643207 0.000000
vt -0.600000 1.800000 0.000000
vt -2.600000 1.800000 0.000000
vt -1.411868 0.332779 0.000000
vt -1.256793 0.308217 0.000000
vt -0.117157 0.182843 0.000000
vt -0.067412 0.122228 0.000000
vt -0.030448 0.053073 0.000000
vt -0.007686 -0.021964 0.000000
vt 0.000000 -0.100000 0.000000
vt 0.000000 -1.729180 0.000000
vt 0.003576 -1.775360 0.000000
vt 0.031672 -1.863344 0.000000
vt 0.400000 -2.200000 0.000000
vt 0.014218 -1.820440 0.000000
vt 0.200000 -2.200000 0.000000
vt 0.086638 3.644556 0.000000
vt 0.098995 3.639094 0.000000
vt 0.086638 5.700000 0.000000
vt 0.793744 5.200000 0.000000
vt 0.793744 0.400000 0.000000
vt 0.799923 0.400000 0.000000
vt 0.086638 3.633633 0.000000
vt 0.086638 0.900000 0.000000
vt 0.799923 5.200000 0.000000
vt -1.033633 -4.778738 0.000000
vt -0.789094 -5.170000 0.000000
vt 1.700000 -4.778738 0.000000
vt 1.700000 -5.170000 0.000000
vt -1.044556 0.438738 0.000000
vt -1.289094 0.830000 0.000000
vt -3.100000 0.438738 0.000000
vt -4.560000 0.830000 0.000000
vt -4.560000 0.630000 0.000000
vt -4.800000 0.390000 0.000000
vt -3.850622 -1.303995 0.000000
vt -3.839497 -1.289497 0.000000
vt -3.825000 -1.278373 0.000000
vt -4.800000 -4.730000 0.000000
vt -3.860000 -1.745000 0.000000
vt -3.860000 -1.338995 0.000000
vt -3.857615 -1.320878 0.000000
vt -4.560000 -4.970000 0.000000
vt -3.850622 -3.036005 0.000000
vt -3.857615 -3.019122 0.000000
vt -3.860000 -3.001005 0.000000
vt -4.560000 -5.170000 0.000000
vt -3.100000 -4.778738 0.000000
vt -3.360000 -3.840000 0.000000
vt -3.825000 -3.061627 0.000000
vt -3.808117 -3.068620 0.000000
vt -3.790000 -3.071005 0.000000
vt -3.771883 -3.068620 0.000000
vt -3.755000 -3.061627 0.000000
vt -3.740503 -3.050503 0.000000
vt -3.580503 -2.890503 0.000000
vt -3.531005 -2.870000 0.000000
vt -3.549122 -2.872385 0.000000
vt -1.289094 -5.170000 0.000000
vt -1.044556 -4.778738 0.000000
vt -3.100000 -3.840000 0.000000
vt -3.360000 -2.870000 0.000000
vt -3.566005 -2.879378 0.000000
vt -3.839497 -3.050503 0.000000
vt -3.860000 -2.595000 0.000000
vt -3.639555 -2.595000 0.000000
vt -3.639555 -1.745000 0.000000
vt -3.360000 -0.500000 0.000000
vt -3.808117 -1.271380 0.000000
vt -3.790000 -1.268995 0.000000
vt -3.771883 -1.271380 0.000000
vt -3.755000 -1.278373 0.000000
vt -3.740503 -1.289497 0.000000
vt -3.580503 -1.449497 0.000000
vt -3.531005 -1.470000 0.000000
vt -3.360000 -1.470000 0.000000
vt -3.566005 -1.460622 0.000000
vt -3.549122 -1.467615 0.000000
vt -3.100000 -0.500000 0.000000
vt 3.389094 1.100000 0.000000
vt 2.133875 0.970000 0.000000
vt 3.389094 0.300000 0.000000
vt 2.133875 0.430000 0.000000
vt 0.900000 0.300000 0.000000
vt 0.993875 0.430000 0.000000
vt 0.000000 0.400000 0.000000
vt 0.993875 0.970000 0.000000
vt 0.000000 1.100000 0.000000
vt 1.950000 1.400000 0.000000
vt -1.100000 1.400000 0.000000
vt 2.250000 1.100000 0.000000
vt -1.100000 1.100000 0.000000
vt -0.400000 0.400000 0.000000
vt -0.400000 -0.100000 0.000000
vt 0.400000 -0.200000 0.000000
vt -0.200000 -0.300000 0.000000
vt 0.400000 -0.300000 0.000000
vt -0.035355 0.020000 0.000000
vt -0.035355 -0.520000 0.000000
vt 0.035355 -0.030000 0.000000
vt 0.035355 -0.470000 0.000000
vt 0.035355 -0.180000 0.000000
vt -0.035355 -0.230000 0.000000
vt 0.035355 -0.720000 0.000000
vt -0.035355 -0.670000 0.000000
vt -6.051937 -0.035355 0.000000
vt -5.011937 -0.035355 0.000000
vt -6.101937 0.035355 0.000000
vt -4.961937 0.035355 0.000000
vt -6.601937 -0.035355 0.000000
vt -5.461937 -0.035355 0.000000
vt -6.551937 0.035355 0.000000
vt -5.511937 0.035355 0.000000
vt -6.020000 0.050000 0.000000
vt -4.980000 0.050000 0.000000
vt -6.020000 0.348284 0.000000
vt -4.980000 0.348284 0.000000
vt -0.420000 0.050000 0.000000
vt 0.020000 0.050000 0.000000
vt -0.420000 0.348284 0.000000
vt 0.020000 0.348284 0.000000
vt 7.660000 1.100000 0.000000
vt 3.889094 1.100000 0.000000
vt 5.993875 0.970000 0.000000
vt 3.889094 0.300000 0.000000
vt 5.993875 0.430000 0.000000
vt 7.160000 0.300000 0.000000
vt 7.133875 0.430000 0.000000
vt 7.737772 0.232588 0.000000
vt 7.806927 0.269552 0.000000
vt 7.160000 -2.200000 0.000000
vt 7.560000 -1.729180 0.000000
vt 7.560000 -0.100000 0.000000
vt 7.567686 -0.021964 0.000000
vt 7.360000 -2.200000 0.000000
vt 7.528328 -1.863344 0.000000
vt 7.545782 -1.820440 0.000000
vt 7.556424 -1.775360 0.000000
vt 7.590448 0.053073 0.000000
vt 7.627412 0.122228 0.000000
vt 7.677157 0.182843 0.000000
vt 7.881964 0.292314 0.000000
vt 7.133875 0.970000 0.000000
vt 7.746824 1.107596 0.000000
vt 7.960000 0.300000 0.000000
vt 7.831010 1.130154 0.000000
vt 8.660000 0.300000 0.000000
vt 7.910000 1.166987 0.000000
vt 7.981394 1.216978 0.000000
vt 8.816793 0.308217 0.000000
vt 8.971868 0.332779 0.000000
vt 9.123525 0.373415 0.000000
vt 9.270105 0.429682 0.000000
vt 9.410000 0.500962 0.000000
vt 8.043022 1.278606 0.000000
vt 9.541678 0.586475 0.000000
vt 9.663696 0.685283 0.000000
vt 9.774717 0.796304 0.000000
vt 8.093013 1.350000 0.000000
vt 9.873525 0.918322 0.000000
vt 8.129846 1.428990 0.000000
vt 9.959038 1.050000 0.000000
vt 10.030318 1.189895 0.000000
vt 8.152404 1.513176 0.000000
vt 10.086585 1.336475 0.000000
vt 10.127221 1.488132 0.000000
vt 8.160000 1.600000 0.000000
vt 10.151783 1.643207 0.000000
vt 8.160000 1.800000 0.000000
vt 10.160000 1.800000 0.000000
vt 0.038063 0.035355 0.000000
vt -1.101937 0.035355 0.000000
vt -0.011937 -0.035355 0.000000
vt -1.051937 -0.035355 0.000000
vt 0.035355 -0.470000 0.000000
vt 0.035355 -0.030000 0.000000
vt -0.035355 -0.520000 0.000000
vt -0.035355 0.020000 0.000000
vt 0.035355 -0.180000 0.000000
vt -0.035355 -0.230000 0.000000
vt 0.035355 -0.720000 0.000000
vt -0.035355 -0.670000 0.000000
vt -1.601937 -0.035355 0.000000
vt -0.461937 -0.035355 0.000000
vt -1.551937 0.035355 0.000000
vt -0.511937 0.035355 0.000000
vt -0.420000 0.050000 0.000000
vt 0.020000 0.050000 0.000000
vt -0.420000 0.348284 0.000000
vt 0.020000 0.348284 0.000000
vt -1.020000 0.050000 0.000000
vt 0.020000 0.050000 0.000000
vt -1.020000 0.348284 0.000000
vt 0.020000 0.348284 0.000000
vt -0.420000 0.050000 0.000000
vt 0.020000 0.050000 0.000000
vt -0.420000 0.348284 0.000000
vt 0.020000 0.348284 0.000000
vt -0.420000 0.050000 0.000000
vt 0.020000 0.050000 0.000000
vt -0.420000 0.348284 0.000000
vt 0.020000 0.348284 0.000000
vt 0.118284 0.093137 0.000000
vt -0.618284 0.093137 0.000000
vt 0.270000 -0.121421 0.000000
vt -0.770000 -0.121421 0.000000
vt -0.093137 -0.168284 0.000000
vt 0.121421 -0.320000 0.000000
vt -0.093137 -0.031716 0.000000
vt 0.121421 0.120000 0.000000
vt -0.118284 -0.093137 0.000000
vt 0.618284 -0.093137 0.000000
vt -0.270000 0.121421 0.000000
vt 0.770000 0.121421 0.000000
vt -0.121421 0.320000 0.000000
vt -0.121421 -0.120000 0.000000
vt 0.093137 0.168284 0.000000
vt 0.093137 0.031716 0.000000
vt -1.020000 0.050000 0.000000
vt 0.020000 0.050000 0.000000
vt -1.020000 0.348284 0.000000
vt 0.020000 0.348284 0.000000
vt -0.368284 -0.068284 0.000000
vt 0.368284 -0.068284 0.000000
vt -0.368284 0.068284 0.000000
vt 0.368284 0.068284 0.000000
vt 0.118284 0.093137 0.000000
vt -0.618284 0.093137 0.000000
vt 0.270000 -0.121421 0.000000
vt -0.770000 -0.121421 0.000000
vt -0.093137 -0.168284 0.000000
vt 0.121421 -0.320000 0.000000
vt -0.093137 -0.031716 0.000000
vt 0.121421 0.120000 0.000000
vt -0.118284 -0.093137 0.000000
vt 0.618284 -0.093137 0.000000
vt -0.270000 0.121421 0.000000
vt 0.770000 0.121421 0.000000
vt -0.121421 0.320000 0.000000
vt -0.121421 -0.120000 0.000000
vt 0.093137 0.168284 0.000000
vt 0.093137 0.031716 0.000000
vt -0.368284 -0.068284 0.000000
vt 0.368284 -0.068284 0.000000
vt -0.368284 0.068284 0.000000
vt 0.368284 0.068284 0.000000
vt 3.980000 0.050000 0.000000
vt 5.020000 0.050000 0.000000
vt 3.980000 0.348284 0.000000
vt 5.020000 0.348284 0.000000
vt 0.590000 0.113137 0.000000
vt -0.090000 0.113137 0.000000
vt 0.750000 -0.113137 0.000000
vt -0.250000 -0.113137 0.000000
vt 0.113137 -0.140000 0.000000
vt 0.113137 -0.060000 0.000000
vt -0.113137 -0.300000 0.000000
vt -0.113137 0.100000 0.000000
vt -0.590000 -0.113137 0.000000
vt 0.090000 -0.113137 0.000000
vt -0.750000 0.113137 0.000000
vt 0.250000 0.113137 0.000000
vt 0.113137 0.300000 0.000000
vt -0.113137 0.140000 0.000000
vt 0.113137 -0.100000 0.000000
vt -0.113137 0.060000 0.000000
vt 0.400000 0.340000 0.000000
vt 0.000000 0.340000 0.000000
vt 0.400000 0.050000 0.000000
vt 0.000000 0.050000 0.000000
vt 1.000000 0.340000 0.000000
vt 0.000000 0.340000 0.000000
vt 1.000000 0.050000 0.000000
vt 0.000000 0.050000 0.000000
vt -0.340000 -0.040000 0.000000
vt 0.340000 -0.040000 0.000000
vt -0.340000 0.040000 0.000000
vt 0.340000 0.040000 0.000000
vt 0.590000 0.113137 0.000000
vt -0.090000 0.113137 0.000000
vt 0.750000 -0.113137 0.000000
vt -0.250000 -0.113137 0.000000
vt 0.113137 -0.140000 0.000000
vt 0.113137 -0.060000 0.000000
vt -0.113137 -0.300000 0.000000
vt -0.113137 0.100000 0.000000
vt -0.590000 -0.113137 0.000000
vt 0.090000 -0.113137 0.000000
vt -0.750000 0.113137 0.000000
vt 0.250000 0.113137 0.000000
vt 0.113137 0.300000 0.000000
vt -0.113137 0.140000 0.000000
vt 0.113137 -0.100000 0.000000
vt -0.113137 0.060000 0.000000
vt 0.400000 0.340000 0.000000
vt 0.000000 0.340000 0.000000
vt 0.400000 0.050000 0.000000
vt 0.000000 0.050000 0.000000
vt 1.000000 0.340000 0.000000
vt 0.000000 0.340000 0.000000
vt 1.000000 0.050000 0.000000
vt 0.000000 0.050000 0.000000
vt -0.340000 -0.040000 0.000000
vt 0.340000 -0.040000 0.000000
vt -0.340000 0.040000 0.000000
vt 0.340000 0.040000 0.000000
vt 0.035355 -0.000000 0.000000
vt -0.035355 -0.050000 0.000000
vt 0.035355 -0.500000 0.000000
vt -0.035355 -0.450000 0.000000
vt -1.248063 -0.035355 0.000000
vt -0.248063 -0.035355 0.000000
vt -1.298063 0.035355 0.000000
vt -0.198063 0.035355 0.000000
vt -0.798063 -0.035355 0.000000
vt 0.301937 -0.035355 0.000000
vt -0.748063 0.035355 0.000000
vt 0.251937 0.035355 0.000000
vt -0.035355 -0.200000 0.000000
vt -0.035355 -0.700000 0.000000
vt 0.035355 -0.250000 0.000000
vt 0.035355 -0.650000 0.000000
vt 5.310000 1.100000 0.000000
vt 4.170906 1.100000 0.000000
vt 5.446125 0.950000 0.000000
vt 4.170906 0.300000 0.000000
vt 5.446125 0.450000 0.000000
vt 6.660000 0.300000 0.000000
vt 6.546125 0.450000 0.000000
vt 7.560000 0.400000 0.000000
vt 6.546125 0.950000 0.000000
vt 7.560000 1.100000 0.000000
vt 5.610000 1.400000 0.000000
vt 8.660000 1.400000 0.000000
vt 8.660000 1.100000 0.000000
vt 7.160000 -0.200000 0.000000
vt 7.960000 -0.100000 0.000000
vt 7.960000 0.400000 0.000000
vt 7.160000 -0.300000 0.000000
vt 7.760000 -0.300000 0.000000
vt 0.035355 -0.000000 0.000000
vt -0.035355 -0.050000 0.000000
vt 0.035355 -0.500000 0.000000
vt -0.035355 -0.450000 0.000000
vt -2.248063 0.035355 0.000000
vt -3.248063 0.035355 0.000000
vt -2.198063 -0.035355 0.000000
vt -3.298063 -0.035355 0.000000
vt -0.035355 -0.200000 0.000000
vt -0.035355 -0.700000 0.000000
vt 0.035355 -0.250000 0.000000
vt 0.035355 -0.650000 0.000000
vt -2.698063 0.035355 0.000000
vt -3.798063 0.035355 0.000000
vt -2.748063 -0.035355 0.000000
vt -3.748063 -0.035355 0.000000
vt 0.400000 0.340000 0.000000
vt 0.000000 0.340000 0.000000
vt 0.400000 0.050000 0.000000
vt 0.000000 0.050000 0.000000
vt 1.000000 0.340000 0.000000
vt 0.000000 0.340000 0.000000
vt 1.000000 0.050000 0.000000
vt 0.000000 0.050000 0.000000
vt 0.400000 0.340000 0.000000
vt 0.000000 0.340000 0.000000
vt 0.400000 0.050000 0.000000
vt 0.000000 0.050000 0.000000
vt 1.000000 0.340000 0.000000
vt 0.000000 0.340000 0.000000
vt 1.000000 0.050000 0.000000
vt 0.000000 0.050000 0.000000
vt -0.141421 0.244949 0.000000
vt -0.282843 -0.000000 0.000000
vt 0.000000 0.000000 0.000000
vt -0.141421 -0.175000 0.000000
vt 0.141421 -0.175000 0.000000
vt -0.141421 0.325000 0.000000
vt 0.141421 0.325000 0.000000
vt 2.175000 0.141421 0.000000
vt 1.025000 0.141421 0.000000
vt 2.175000 -0.141421 0.000000
vt 1.025000 -0.141421 0.000000
vt -0.800000 -0.141421 0.000000
vt -0.200000 -0.141421 0.000000
vt -0.800000 0.141421 0.000000
vt -0.200000 0.141421 0.000000
vt -1.850000 0.350000 0.000000
vt -2.104369 0.254369 0.000000
vt -1.650000 0.150000 0.000000
vt -1.670000 -0.180000 0.000000
vt -1.650000 -0.350000 0.000000
vt -1.670000 -0.350000 0.000000
vt -3.000000 0.350000 0.000000
vt -2.108738 0.250000 0.000000
vt -3.000000 0.250000 0.000000
vt 0.200000 0.200000 0.000000
vt 1.350000 0.200000 0.000000
vt 0.200000 0.800000 0.000000
vt 1.350000 0.800000 0.000000
vt -0.141421 0.244949 0.000000
vt -0.282843 0.000000 0.000000
vt 0.000000 0.000000 0.000000
vt -0.141421 -0.525000 0.000000
vt 0.141421 -0.525000 0.000000
vt -0.141421 -0.025000 0.000000
vt 0.141421 -0.025000 0.000000
vt 0.800000 0.141421 0.000000
vt 0.200000 0.141421 0.000000
vt 0.800000 -0.141421 0.000000
vt 0.200000 -0.141421 0.000000
vt -1.500000 -0.141421 0.000000
vt -0.350000 -0.141421 0.000000
vt -1.500000 0.141421 0.000000
vt -0.350000 0.141421 0.000000
vt 0.200000 0.000000 0.000000
vt 1.350000 0.400000 0.000000
vt 0.000000 0.200000 0.000000
vt 0.020000 0.400000 0.000000
vt 0.000000 0.800000 0.000000
vt 0.020000 0.800000 0.000000
vt 1.350000 0.000000 0.000000
vt -1.850000 0.150000 0.000000
vt -3.000000 0.150000 0.000000
vt -1.850000 -0.350000 0.000000
vt -3.000000 -0.350000 0.000000
vt -6.000000 0.235619 0.000000
vt -4.500000 0.235619 0.000000
vt -6.000000 0.314159 0.000000
vt -3.000000 0.235619 0.000000
vt -0.000000 0.314159 0.000000
vt -1.500000 0.235619 0.000000
vt 0.000000 0.235619 0.000000
vt 0.000000 0.157080 0.000000
vt -1.500000 0.157080 0.000000
vt 0.000000 0.078540 0.000000
vt -1.500000 0.078540 0.000000
vt 0.000000 0.000000 0.000000
vt -1.500000 0.000000 0.000000
vt 0.000000 -0.078540 0.000000
vt -1.500000 -0.078540 0.000000
vt 0.000000 -0.157080 0.000000
vt -1.500000 -0.157080 0.000000
vt 0.000000 -0.235619 0.000000
vt -1.500000 -0.235619 0.000000
vt 0.000000 -0.314159 0.000000
vt -3.000000 -0.235619 0.000000
vt -6.000000 -0.314159 0.000000
vt -4.500000 -0.235619 0.000000
vt -6.000000 -0.235619 0.000000
vt -6.000000 -0.157080 0.000000
vt -4.500000 -0.157080 0.000000
vt -6.000000 -0.078540 0.000000
vt -4.500000 -0.078540 0.000000
vt -6.000000 0.000000 0.000000
vt -4.500000 0.000000 0.000000
vt -6.000000 0.078540 0.000000
vt -4.500000 0.078540 0.000000
vt -6.000000 0.157080 0.000000
vt -4.500000 0.157080 0.000000
vt -3.000000 0.157080 0.000000
vt -3.000000 0.078540 0.000000
vt -3.000000 0.000000 0.000000
vt -3.000000 -0.078540 0.000000
vt -3.000000 -0.157080 0.000000
vt 1.500000 0.000000 0.000000
vt 2.200000 0.000000 0.000000
vt 1.500000 3.000000 0.000000
vt 2.200000 6.000000 0.000000
vt 1.500000 6.000000 0.000000
vt -6.000000 1.021018 0.000000
vt -3.246370 1.113052 0.000000
vt -6.000000 1.178097 0.000000
vt -3.199757 1.136451 0.000000
vt -3.150840 1.154737 0.000000
vt -6.000000 0.863938 0.000000
vt -3.426467 0.937802 0.000000
vt -3.397696 0.980362 0.000000
vt -3.365414 1.019056 0.000000
vt -6.000000 0.706858 0.000000
vt -3.485273 0.793852 0.000000
vt -3.470739 0.843810 0.000000
vt -3.451040 0.892061 0.000000
vt -6.000000 0.549779 0.000000
vt -3.499417 0.643125 0.000000
vt -3.499441 0.692728 0.000000
vt -3.494784 0.743162 0.000000
vt -6.000000 0.392699 0.000000
vt -3.472791 0.491847 0.000000
vt -3.486000 0.542200 0.000000
vt -3.494904 0.592849 0.000000
vt -6.000000 0.235619 0.000000
vt -3.408940 0.348969 0.000000
vt -3.433927 0.394657 0.000000
vt -3.455363 0.442461 0.000000
vt -6.000000 0.078540 0.000000
vt -3.238199 0.162766 0.000000
vt -3.279231 0.194430 0.000000
vt -3.316727 0.229228 0.000000
vt -6.000000 -0.078540 0.000000
vt -3.000000 -0.078540 0.000000
vt -3.000000 0.078540 0.000000
vt -3.000000 0.083506 0.000000
vt 0.000000 0.078540 0.000000
vt -2.950490 0.086921 0.000000
vt -2.901050 0.096931 0.000000
vt -2.852558 0.113183 0.000000
vt -2.805894 0.135329 0.000000
vt -2.761801 0.162766 0.000000
vt 0.000000 0.235619 0.000000
vt -2.720769 0.194430 0.000000
vt -2.683273 0.229228 0.000000
vt -2.649745 0.266124 0.000000
vt -2.591060 0.348969 0.000000
vt 0.000000 0.392699 0.000000
vt -2.566073 0.394657 0.000000
vt -2.544637 0.442461 0.000000
vt -2.527209 0.491847 0.000000
vt 0.000000 0.549779 0.000000
vt -2.514000 0.542200 0.000000
vt -2.505096 0.592849 0.000000
vt -2.500583 0.643125 0.000000
vt 0.000000 0.706858 0.000000
vt -2.500559 0.692728 0.000000
vt -2.505216 0.743162 0.000000
vt -2.514727 0.793852 0.000000
vt 0.000000 0.863938 0.000000
vt -2.529261 0.843810 0.000000
vt -2.548960 0.892061 0.000000
vt -2.573533 0.937802 0.000000
vt 0.000000 1.021018 0.000000
vt -2.602304 0.980362 0.000000
vt -2.634586 1.019056 0.000000
vt -2.670177 1.053684 0.000000
vt -2.710043 1.085215 0.000000
vt -2.753630 1.113052 0.000000
vt -0.000000 1.178097 0.000000
vt -2.800243 1.136451 0.000000
vt -2.849160 1.154737 0.000000
vt -2.899442 1.167743 0.000000
vt -2.950064 1.175516 0.000000
vt -3.000000 1.178097 0.000000
vt -3.000000 -0.235619 0.000000
vt -6.000000 -0.235619 0.000000
vt -3.000000 -0.392699 0.000000
vt -6.000000 -0.392699 0.000000
vt -3.000000 -0.549779 0.000000
vt -6.000000 -0.549779 0.000000
vt -3.000000 -0.706858 0.000000
vt -6.000000 -0.706858 0.000000
vt -3.000000 -0.863938 0.000000
vt -6.000000 -0.863938 0.000000
vt -3.000000 -1.021018 0.000000
vt -6.000000 -1.021018 0.000000
vt -6.000000 -1.178097 0.000000
vt -0.000000 -1.178097 0.000000
vt 0.000000 -1.021018 0.000000
vt 0.000000 -0.863938 0.000000
vt 0.000000 -0.706858 0.000000
vt 0.000000 -0.549779 0.000000
vt 0.000000 -0.392699 0.000000
vt 0.000000 -0.235619 0.000000
vt 0.000000 -0.078540 0.000000
vt -3.049510 0.086921 0.000000
vt -3.098950 0.096931 0.000000
vt -3.147442 0.113183 0.000000
vt -3.194106 0.135329 0.000000
vt -3.350255 0.266124 0.000000
vt -3.329823 1.053684 0.000000
vt -3.289957 1.085215 0.000000
vt -3.100558 1.167743 0.000000
vt -3.049936 1.175516 0.000000
vt -0.665000 0.305433 0.000000
vt 0.835000 0.305433 0.000000
vt -0.665000 0.392699 0.000000
vt 2.335000 0.305433 0.000000
vt 5.335000 0.392699 0.000000
vt 3.835000 0.305433 0.000000
vt 5.335000 0.305433 0.000000
vt 5.335000 0.218166 0.000000
vt 3.835000 0.218166 0.000000
vt 5.335000 0.130900 0.000000
vt 3.835000 0.130900 0.000000
vt 5.335000 0.043633 0.000000
vt 3.835000 0.043633 0.000000
vt 5.335000 -0.043633 0.000000
vt 3.835000 -0.043633 0.000000
vt 5.335000 -0.130900 0.000000
vt 3.835000 -0.130900 0.000000
vt 5.335000 -0.218166 0.000000
vt 3.835000 -0.218166 0.000000
vt 5.335000 -0.305433 0.000000
vt 3.835000 -0.305433 0.000000
vt 5.335000 -0.392699 0.000000
vt 2.335000 -0.305433 0.000000
vt -0.665000 -0.392699 0.000000
vt 0.835000 -0.305433 0.000000
vt -0.665000 -0.305433 0.000000
vt -0.665000 -0.218166 0.000000
vt 0.835000 -0.218166 0.000000
vt -0.665000 -0.130900 0.000000
vt 0.835000 -0.130900 0.000000
vt -0.665000 -0.043633 0.000000
vt 0.835000 -0.043633 0.000000
vt -0.665000 0.043633 0.000000
vt 0.835000 0.043633 0.000000
vt -0.665000 0.130900 0.000000
vt 0.835000 0.130900 0.000000
vt -0.665000 0.218166 0.000000
vt 0.835000 0.218166 0.000000
vt 2.335000 0.218166 0.000000
vt 2.335000 0.130900 0.000000
vt 2.335000 0.043633 0.000000
vt 2.335000 -0.043633 0.000000
vt 2.335000 -0.130900 0.000000
vt 2.335000 -0.218166 0.000000
vt 0.500000 0.000000 0.000000
vt 0.700000 0.000000 0.000000
vt 0.500000 6.000000 0.000000
vt 0.700000 6.000000 0.000000
vt -0.450000 -0.282843 0.000000
vt 0.150000 -0.282843 0.000000
vt -0.450000 0.282843 0.000000
vt 0.150000 0.282843 0.000000
vt -0.300000 1.010620 0.000000
vt 0.300000 1.010620 0.000000
vt -0.300000 1.750000 0.000000
vt 0.300000 1.750000 0.000000
vt 0.000000 0.000000 0.000000
vt 1.139380 0.000000 0.000000
vt 0.400000 0.400000 0.000000
vt 1.139380 0.400000 0.000000
vt -0.450000 -0.282843 0.000000
vt 0.150000 -0.282843 0.000000
vt -0.450000 0.282843 0.000000
vt 0.150000 0.282843 0.000000
vt 0.300000 -1.010620 0.000000
vt -0.300000 -1.010620 0.000000
vt 0.300000 -1.750000 0.000000
vt -0.300000 -1.750000 0.000000
vt 0.000000 0.000000 0.000000
vt 1.139380 0.000000 0.000000
vt 0.400000 0.400000 0.000000
vt 1.139380 0.400000 0.000000
vt 1.139380 0.000000 0.000000
vt 0.739380 0.400000 0.000000
vt 0.000000 0.000000 0.000000
vt 0.000000 0.400000 0.000000
vt 0.000000 0.000000 0.000000
vt 0.600000 0.000000 0.000000
vt 0.000000 0.400000 0.000000
vt 0.600000 0.400000 0.000000
vt 1.139380 0.000000 0.000000
vt 0.739380 0.400000 0.000000
vt 0.000000 0.000000 0.000000
vt 0.000000 0.400000 0.000000
vt 0.000000 0.000000 0.000000
vt 0.600000 0.000000 0.000000
vt 0.000000 0.400000 0.000000
vt 0.600000 0.400000 0.000000
vt -0.000016 -0.835426 0.000000
vt 0.400000 -0.831598 0.000000
vt 0.000000 -0.785398 0.000000
vt 0.400000 -0.739198 0.000000
vt -0.000016 -0.735371 0.000000
vt 0.000005 -0.684122 0.000000
vt 0.400000 -0.646798 0.000000
vt 0.000167 -0.632151 0.000000
vt 0.000578 -0.579903 0.000000
vt 0.400000 -0.554399 0.000000
vt 0.001419 -0.527724 0.000000
vt 0.400000 -0.461999 0.000000
vt 0.002889 -0.475994 0.000000
vt 0.005162 -0.425186 0.000000
vt 0.400000 -0.369599 0.000000
vt 0.008427 -0.375614 0.000000
vt 0.013040 -0.325407 0.000000
vt 0.400000 -0.277199 0.000000
vt 0.019237 -0.274375 0.000000
vt 0.027198 -0.223036 0.000000
vt 0.400000 -0.184800 0.000000
vt 0.037107 -0.171846 0.000000
vt 0.049014 -0.121172 0.000000
vt 0.400000 -0.092400 0.000000
vt 0.062686 -0.071414 0.000000
vt 0.077860 -0.023071 0.000000
vt 0.400000 0.000000 0.000000
vt 0.094405 0.023708 0.000000
vt 0.112795 0.070735 0.000000
vt 0.400000 0.092400 0.000000
vt 0.132855 0.118111 0.000000
vt 0.154290 0.165570 0.000000
vt 0.400000 0.184800 0.000000
vt 0.176801 0.212874 0.000000
vt 0.200010 0.259860 0.000000
vt 0.400000 0.277199 0.000000
vt 0.223416 0.306399 0.000000
vt 0.400000 0.369599 0.000000
vt 0.268797 0.397340 0.000000
vt 0.290259 0.442354 0.000000
vt 0.400000 0.461999 0.000000
vt 0.311174 0.489062 0.000000
vt 0.330732 0.537085 0.000000
vt 0.400000 0.554399 0.000000
vt 0.348092 0.586053 0.000000
vt 0.400000 0.646798 0.000000
vt 0.362386 0.635711 0.000000
vt 0.373031 0.685765 0.000000
vt 0.400000 0.739198 0.000000
vt 0.379674 0.735800 0.000000
vt 0.381966 0.785398 0.000000
vt 0.400000 0.831598 0.000000
vt 0.379674 0.834996 0.000000
vt 0.373031 0.885032 0.000000
vt 0.400000 0.923998 0.000000
vt 0.362386 0.935085 0.000000
vt 0.348092 0.984744 0.000000
vt 0.400000 1.016398 0.000000
vt 0.330732 1.033711 0.000000
vt 0.311174 1.081734 0.000000
vt 0.400000 1.108797 0.000000
vt 0.290259 1.128442 0.000000
vt 0.268797 1.173457 0.000000
vt 0.400000 1.201197 0.000000
vt 0.223416 1.264397 0.000000
vt 0.400000 1.293597 0.000000
vt 0.200010 1.310936 0.000000
vt 0.176801 1.357923 0.000000
vt 0.400000 1.385997 0.000000
vt 0.154290 1.405226 0.000000
vt 0.132855 1.452686 0.000000
vt 0.400000 1.478397 0.000000
vt 0.112795 1.500061 0.000000
vt 0.094405 1.547089 0.000000
vt 0.400000 1.570796 0.000000
vt 0.077860 1.593867 0.000000
vt 0.077860 -1.547726 0.000000
vt 0.400000 -1.570796 0.000000
vt 0.400000 -1.478397 0.000000
vt 0.062686 -1.499382 0.000000
vt 0.049014 -1.449624 0.000000
vt 0.400000 -1.385997 0.000000
vt 0.037107 -1.398950 0.000000
vt 0.027198 -1.347760 0.000000
vt 0.400000 -1.293597 0.000000
vt 0.019237 -1.296421 0.000000
vt 0.013040 -1.245390 0.000000
vt 0.400000 -1.201197 0.000000
vt 0.008427 -1.195182 0.000000
vt 0.005162 -1.145611 0.000000
vt 0.400000 -1.108797 0.000000
vt 0.002889 -1.094803 0.000000
vt 0.001419 -1.043072 0.000000
vt 0.400000 -1.016398 0.000000
vt 0.000578 -0.990893 0.000000
vt 0.400000 -0.923998 0.000000
vt 0.000167 -0.938645 0.000000
vt 0.000005 -0.886674 0.000000
vt -0.266360 0.068390 0.000000
vt -0.491487 0.091875 0.000000
vt -0.275000 0.000000 0.000000
vt -0.500000 0.000000 0.000000
vt -0.491487 -0.091875 0.000000
vt -0.466236 0.180621 0.000000
vt -0.240984 0.132482 0.000000
vt -0.425109 0.263216 0.000000
vt -0.200466 0.188250 0.000000
vt -0.369504 0.336848 0.000000
vt -0.301317 0.399009 0.000000
vt -0.147352 0.232190 0.000000
vt -0.222869 0.447582 0.000000
vt -0.084980 0.261541 0.000000
vt -0.136831 0.480913 0.000000
vt -0.017267 0.274457 0.000000
vt -0.046134 0.497867 0.000000
vt 0.046134 0.497867 0.000000
vt 0.051530 0.270129 0.000000
vt 0.136831 0.480913 0.000000
vt 0.117089 0.248827 0.000000
vt 0.222869 0.447582 0.000000
vt 0.301317 0.399009 0.000000
vt 0.175292 0.211891 0.000000
vt 0.369504 0.336848 0.000000
vt 0.222480 0.161641 0.000000
vt 0.425109 0.263216 0.000000
vt 0.255689 0.101234 0.000000
vt 0.466236 0.180621 0.000000
vt 0.491487 0.091875 0.000000
vt 0.272832 0.034467 0.000000
vt 0.500000 0.000000 0.000000
vt 0.272832 -0.034467 0.000000
vt 0.491487 -0.091875 0.000000
vt 0.255689 -0.101234 0.000000
vt 0.466236 -0.180621 0.000000
vt 0.425109 -0.263216 0.000000
vt 0.222480 -0.161641 0.000000
vt 0.369504 -0.336848 0.000000
vt 0.175292 -0.211891 0.000000
vt 0.301317 -0.399009 0.000000
vt 0.117089 -0.248827 0.000000
vt 0.222869 -0.447582 0.000000
vt 0.136831 -0.480913 0.000000
vt 0.051530 -0.270129 0.000000
vt 0.046134 -0.497867 0.000000
vt -0.017267 -0.274457 0.000000
vt -0.046134 -0.497867 0.000000
vt -0.136831 -0.480913 0.000000
vt -0.084980 -0.261541 0.000000
vt -0.222869 -0.447582 0.000000
vt -0.147352 -0.232190 0.000000
vt -0.301317 -0.399009 0.000000
vt -0.200466 -0.188250 0.000000
vt -0.369504 -0.336848 0.000000
vt -0.425109 -0.263216 0.000000
vt -0.240984 -0.132482 0.000000
vt -0.466236 -0.180621 0.000000
vt -0.266360 -0.068390 0.000000
vt 0.400000 0.794823 0.000000
vt 1.500000 0.794823 0.000000
vt 0.400000 0.863938 0.000000
vt 1.500000 0.863938 0.000000
vt 0.400000 -0.863938 0.000000
vt 1.500000 -0.863938 0.000000
vt 0.400000 -0.794823 0.000000
vt 1.500000 -0.794823 0.000000
vt 0.400000 -0.725708 0.000000
vt 1.500000 -0.725708 0.000000
vt 0.400000 -0.656593 0.000000
vt 1.500000 -0.656593 0.000000
vt 0.400000 -0.587478 0.000000
vt 1.500000 -0.587478 0.000000
vt 0.400000 -0.518363 0.000000
vt 1.500000 -0.518363 0.000000
vt 0.400000 -0.449248 0.000000
vt 1.500000 -0.449248 0.000000
vt 0.400000 -0.380133 0.000000
vt 1.500000 -0.380133 0.000000
vt 0.400000 -0.311018 0.000000
vt 1.500000 -0.311018 0.000000
vt 0.400000 -0.241903 0.000000
vt 1.500000 -0.241903 0.000000
vt 0.400000 -0.172788 0.000000
vt 1.500000 -0.172788 0.000000
vt 0.400000 -0.103673 0.000000
vt 1.500000 -0.103673 0.000000
vt 0.400000 -0.034558 0.000000
vt 1.500000 -0.034558 0.000000
vt 0.400000 0.034558 0.000000
vt 1.500000 0.034558 0.000000
vt 0.400000 0.103673 0.000000
vt 1.500000 0.103673 0.000000
vt 0.400000 0.172788 0.000000
vt 1.500000 0.172788 0.000000
vt 0.400000 0.241903 0.000000
vt 1.500000 0.241903 0.000000
vt 0.400000 0.311018 0.000000
vt 1.500000 0.311018 0.000000
vt 0.400000 0.380133 0.000000
vt 1.500000 0.380133 0.000000
vt 0.400000 0.449248 0.000000
vt 1.500000 0.449248 0.000000
vt 0.400000 0.518363 0.000000
vt 1.500000 0.518363 0.000000
vt 0.400000 0.587478 0.000000
vt 1.500000 0.587478 0.000000
vt 0.400000 0.656593 0.000000
vt 1.500000 0.656593 0.000000
vt 0.400000 0.725708 0.000000
vt 1.500000 0.725708 0.000000
vt 0.700000 2.389380 0.000000
vt 0.000000 0.000000 0.000000
vt 0.700000 1.250000 0.000000
vt 2.000000 0.000000 0.000000
vt 1.300000 1.250000 0.000000
vt 1.300000 2.389380 0.000000
vt 1.274457 3.017267 0.000000
vt 1.270129 2.948470 0.000000
vt 0.965533 2.727168 0.000000
vt 0.898766 2.744311 0.000000
vt 0.838359 2.777520 0.000000
vt 1.300000 3.610620 0.000000
vt 2.000000 6.000000 0.000000
vt 1.300000 4.750000 0.000000
vt 0.000000 6.000000 0.000000
vt 0.700000 4.750000 0.000000
vt 0.700000 3.610620 0.000000
vt 0.725543 3.017267 0.000000
vt 0.729871 2.948470 0.000000
vt 0.751173 2.882911 0.000000
vt 0.788109 2.824708 0.000000
vt 1.000000 3.275000 0.000000
vt 1.068390 3.266360 0.000000
vt 1.132482 3.240984 0.000000
vt 1.188250 3.200466 0.000000
vt 1.232190 3.147352 0.000000
vt 1.261541 3.084980 0.000000
vt 1.248827 2.882911 0.000000
vt 1.211891 2.824708 0.000000
vt 1.161641 2.777520 0.000000
vt 1.101234 2.744311 0.000000
vt 1.034467 2.727168 0.000000
vt 0.738459 3.084980 0.000000
vt 0.767810 3.147352 0.000000
vt 0.811750 3.200466 0.000000
vt 0.867518 3.240984 0.000000
vt 0.931610 3.266360 0.000000
vt 0.000000 0.400000 0.000000
vt -0.808290 0.400000 0.000000
vt 0.000000 0.240000 0.000000
vt -0.808290 0.240000 0.000000
vt -0.000000 0.400000 0.000000
vt -0.808290 0.400000 0.000000
vt -0.000000 0.240000 0.000000
vt -0.808290 0.240000 0.000000
vt -0.000000 0.400000 0.000000
vt -0.808290 0.400000 0.000000
vt -0.000000 0.240000 0.000000
vt -0.808290 0.240000 0.000000
vt -0.808290 0.400000 0.000000
vt -0.808290 0.240000 0.000000
vt -0.258222 0.400000 0.000000
vt -0.116581 0.240000 0.000000
vt -0.125849 0.392608 0.000000
vt -0.000000 0.370796 0.000000
vt 0.000000 0.181710 0.000000
vt 0.000000 0.400000 0.000000
vt -0.550069 0.400000 0.000000
vt 0.000000 0.240000 0.000000
vt -0.691710 0.240000 0.000000
vt -0.682441 0.392608 0.000000
vt -0.808290 0.370796 0.000000
vt -0.808290 0.181710 0.000000
vt 0.000000 0.400000 0.000000
vt -0.808290 0.400000 0.000000
vt 0.000000 0.240000 0.000000
vt -0.808290 0.240000 0.000000
vt 0.000000 -0.100000 0.000000
vt 3.000000 -0.241710 0.000000
vt 6.000000 -0.100000 0.000000
vt 3.700000 -0.645855 0.000000
vt 6.000000 -1.729180 0.000000
vt 3.700000 -1.454145 0.000000
vt 3.223626 -1.729180 0.000000
vt 2.300000 -0.645855 0.000000
vt 0.000000 -1.729180 0.000000
vt 2.300000 -1.454145 0.000000
vt 2.776374 -1.729180 0.000000
vt -0.100962 -0.169706 0.000000
vt -0.000000 -0.087271 0.000000
vt -2.560000 -0.169706 0.000000
vt -2.800000 0.169706 0.000000
vt 2.800000 0.169706 0.000000
vt 2.560000 -0.169706 0.000000
vt 0.100962 -0.169706 0.000000
vt 2.891012 0.002812 0.000000
vt 1.500000 -0.000000 0.000000
vt 3.000000 -0.063923 0.000000
vt -0.000000 -0.023182 0.000000
vt -0.000000 -0.069547 0.000000
vt 2.776374 0.069547 0.000000
vt -0.000000 0.069547 0.000000
vt -0.000000 0.023182 0.000000
vt 6.000000 -0.069547 0.000000
vt 4.500000 -0.000000 0.000000
vt 3.108988 0.002812 0.000000
vt 3.223626 0.069547 0.000000
vt 6.000000 0.023182 0.000000
vt 6.000000 0.069547 0.000000
vt 6.000000 -0.023182 0.000000
vt -6.000000 -0.152786 0.000000
vt -0.000000 -0.152786 0.000000
vt -6.000000 0.223607 0.000000
vt 0.000000 0.223607 0.000000
vt 0.200000 0.000000 0.000000
vt 0.400000 0.000000 0.000000
vt 0.200000 6.000000 0.000000
vt 0.400000 6.000000 0.000000
vt -0.169706 -0.585000 0.000000
vt 0.169706 -0.585000 0.000000
vt -0.169706 1.515000 0.000000
vt 0.169706 1.755000 0.000000
vt -0.169706 1.755000 0.000000
vt -0.169706 -0.585000 0.000000
vt 0.169706 1.515000 0.000000
vt 0.169706 -0.585000 0.000000
vt -2.100000 -0.100962 0.000000
vt -2.100000 -2.560000 0.000000
vt -1.754145 -0.700000 0.000000
vt -0.945855 -0.700000 0.000000
vt 0.000000 -2.560000 0.000000
vt -0.541710 -0.000000 0.000000
vt 0.000000 2.560000 0.000000
vt -0.945855 0.700000 0.000000
vt -2.100000 2.560000 0.000000
vt -1.754145 0.700000 0.000000
vt -2.100000 0.100962 0.000000
vt -1.033633 0.438738 0.000000
vt 1.700000 0.438738 0.000000
vt -0.789094 0.830000 0.000000
vt 1.700000 0.830000 0.000000
vt 0.070000 0.353553 0.000000
vt 0.061262 0.353553 0.000000
vt 0.500000 -0.254558 0.000000
vt -0.438738 -0.353553 0.000000
vt 0.500000 -0.353553 0.000000
vt 1.670000 -0.353553 0.000000
vt 2.608738 -0.353553 0.000000
vt 1.670000 -0.254558 0.000000
vt 2.108738 0.353553 0.000000
vt 2.100000 0.353553 0.000000
vt -0.070000 0.647816 0.000000
vt -0.061262 0.647816 0.000000
vt -0.065631 0.652184 0.000000
vt 2.500000 5.800000 0.000000
vt 2.500000 6.000000 0.000000
vt 0.160000 5.800000 0.000000
vt -0.000000 6.000000 0.000000
vt 0.000000 0.000000 0.000000
vt 0.160000 0.200000 0.000000
vt 2.500000 0.000000 0.000000
vt 2.500000 0.200000 0.000000
vt -0.000000 0.027489 0.000000
vt -0.800000 0.027489 0.000000
vt -0.400000 0.009163 0.000000
vt -0.800000 0.009163 0.000000
vt -0.400000 -0.009163 0.000000
vt -0.800000 -0.009163 0.000000
vt -0.800000 -0.027489 0.000000
vt -0.000000 -0.027489 0.000000
vt -0.000000 -0.009163 0.000000
vt -0.000000 0.009163 0.000000
vt 0.028995 0.000000 0.000000
vt 0.200000 0.000000 0.000000
vt 0.028995 0.800000 0.000000
vt 0.200000 0.800000 0.000000
vt -4.670000 3.389094 0.000000
vt -3.620000 2.500000 0.000000
vt -4.270000 3.639094 0.000000
vt -3.620000 3.900000 0.000000
vt -4.670000 3.889094 0.000000
vt -3.340000 5.960000 0.000000
vt -4.670000 7.660000 0.000000
vt -2.561627 6.425000 0.000000
vt -2.550503 6.439497 0.000000
vt -4.670000 2.250000 0.000000
vt -3.370000 2.250000 0.000000
vt -3.340000 3.900000 0.000000
vt -2.370000 5.960000 0.000000
vt -2.390503 6.180503 0.000000
vt -2.550503 6.340503 0.000000
vt -2.561627 6.355000 0.000000
vt -2.370000 6.131005 0.000000
vt -2.372385 6.149122 0.000000
vt -2.379378 6.166005 0.000000
vt -2.568620 6.371883 0.000000
vt -2.571005 6.390000 0.000000
vt -2.568620 6.408117 0.000000
vt -2.536005 6.450622 0.000000
vt -2.519122 6.457615 0.000000
vt -2.501005 6.460000 0.000000
vt -2.095000 6.460000 0.000000
vt -1.245000 6.460000 0.000000
vt 1.330000 7.660000 0.000000
vt -0.838995 6.460000 0.000000
vt -0.820878 6.457615 0.000000
vt -2.095000 6.409252 0.000000
vt -1.245000 6.409252 0.000000
vt -0.803995 6.450622 0.000000
vt -0.789497 6.439497 0.000000
vt -0.778373 6.425000 0.000000
vt 0.000000 5.960000 0.000000
vt -0.771380 6.408117 0.000000
vt -0.768995 6.390000 0.000000
vt -0.771380 6.371883 0.000000
vt -0.778373 6.355000 0.000000
vt -0.789497 6.340503 0.000000
vt -0.949497 6.180503 0.000000
vt -0.970000 5.960000 0.000000
vt -0.970000 6.131005 0.000000
vt -0.967615 6.149122 0.000000
vt -0.960622 6.166005 0.000000
vt 0.000000 3.900000 0.000000
vt 0.280000 3.900000 0.000000
vt 1.330000 3.889094 0.000000
vt 0.930000 3.639094 0.000000
vt 0.280000 2.500000 0.000000
vt 1.330000 3.389094 0.000000
vt 1.330000 2.250000 0.000000
vt 0.030000 2.250000 0.000000
vt -0.000000 0.027489 0.000000
vt -0.800000 0.027489 0.000000
vt -0.400000 0.009163 0.000000
vt -0.800000 0.009163 0.000000
vt -0.400000 -0.009163 0.000000
vt -0.800000 -0.009163 0.000000
vt -0.800000 -0.027489 0.000000
vt -0.000000 -0.027489 0.000000
vt -0.000000 -0.009163 0.000000
vt -0.000000 0.009163 0.000000
vt 0.171005 0.800000 0.000000
vt 0.000000 0.800000 0.000000
vt 0.171005 0.000000 0.000000
vt 0.000000 0.000000 0.000000
vt 0.550000 0.082467 0.000000
vt -0.250000 0.082467 0.000000
vt 0.150000 0.064141 0.000000
vt -0.250000 0.064141 0.000000
vt 0.150000 0.045815 0.000000
vt -0.250000 0.045815 0.000000
vt 0.150000 0.027489 0.000000
vt -0.250000 0.027489 0.000000
vt 0.150000 0.009163 0.000000
vt -0.250000 0.009163 0.000000
vt 0.150000 -0.009163 0.000000
vt -0.250000 -0.009163 0.000000
vt 0.150000 -0.027489 0.000000
vt -0.250000 -0.027489 0.000000
vt 0.150000 -0.045815 0.000000
vt -0.250000 -0.045815 0.000000
vt 0.150000 -0.064141 0.000000
vt -0.250000 -0.064141 0.000000
vt -0.250000 -0.082467 0.000000
vt 0.550000 -0.082467 0.000000
vt 0.550000 -0.064141 0.000000
vt 0.550000 -0.045815 0.000000
vt 0.550000 -0.027489 0.000000
vt 0.550000 -0.009163 0.000000
vt 0.550000 0.009163 0.000000
vt 0.550000 0.027489 0.000000
vt 0.550000 0.045815 0.000000
vt 0.550000 0.064141 0.000000
vt 0.028995 0.000000 0.000000
vt 0.255269 0.000000 0.000000
vt 0.028995 0.800000 0.000000
vt 0.255269 0.800000 0.000000
vt 0.250000 0.082467 0.000000
vt -0.550000 0.082467 0.000000
vt -0.150000 0.064141 0.000000
vt -0.550000 0.064141 0.000000
vt -0.150000 0.045815 0.000000
vt -0.550000 0.045815 0.000000
vt -0.150000 0.027489 0.000000
vt -0.550000 0.027489 0.000000
vt -0.150000 0.009163 0.000000
vt -0.550000 0.009163 0.000000
vt -0.150000 -0.009163 0.000000
vt -0.550000 -0.009163 0.000000
vt -0.150000 -0.027489 0.000000
vt -0.550000 -0.027489 0.000000
vt -0.150000 -0.045815 0.000000
vt -0.550000 -0.045815 0.000000
vt -0.150000 -0.064141 0.000000
vt -0.550000 -0.064141 0.000000
vt -0.550000 -0.082467 0.000000
vt 0.250000 -0.082467 0.000000
vt 0.250000 -0.064141 0.000000
vt 0.250000 -0.045815 0.000000
vt 0.250000 -0.027489 0.000000
vt 0.250000 -0.009163 0.000000
vt 0.250000 0.009163 0.000000
vt 0.250000 0.027489 0.000000
vt 0.250000 0.045815 0.000000
vt 0.250000 0.064141 0.000000
vt 0.395269 0.800000 0.000000
vt 0.168995 0.800000 0.000000
vt 0.395269 0.000000 0.000000
vt 0.168995 0.000000 0.000000
vt 0.004242 0.850000 0.000000
vt -0.813558 0.850000 0.000000
vt 0.004242 0.000000 0.000000
vt -0.813558 0.000000 0.000000
vt 0.220445 0.800000 0.000000
vt 0.000000 0.800000 0.000000
vt 0.050748 0.000000 0.000000
vt 0.000000 0.000000 0.000000
vt 1.288763 0.800000 0.000000
vt 1.300000 0.777526 0.000000
vt 1.300000 0.800000 0.000000
vt 0.000000 0.777526 0.000000
vt 0.011237 0.800000 0.000000
vt 0.000000 0.800000 0.000000
vt 2.655000 1.711237 0.000000
vt 2.632526 1.722474 0.000000
vt 2.655000 1.700000 0.000000
vt 2.632526 -1.722474 0.000000
vt 2.655000 -1.711237 0.000000
vt 2.655000 -1.700000 0.000000
vt 0.970000 0.800000 0.000000
vt 0.000000 0.800000 0.000000
vt 0.970000 0.000000 0.000000
vt 0.000000 0.000000 0.000000
vt 0.970000 0.800000 0.000000
vt 0.000000 0.800000 0.000000
vt 0.970000 0.000000 0.000000
vt 0.000000 0.000000 0.000000
vt -0.020445 0.800000 0.000000
vt 0.149252 0.000000 0.000000
vt 0.200000 0.800000 0.000000
vt 0.200000 0.000000 0.000000
vt 0.870000 3.900000 0.000000
vt 0.870000 5.960000 0.000000
vt 0.270000 3.900000 0.000000
vt 0.070000 5.700000 0.000000
vt -0.000000 5.630000 0.000000
vt 0.070000 5.960000 0.000000
vt 0.000000 3.500000 0.000000
vt 0.141421 3.400000 0.000000
vt 0.270000 3.400000 0.000000
vt 0.838995 0.300000 0.000000
vt 1.245000 0.300000 0.000000
vt 0.838995 1.100000 0.000000
vt 1.245000 1.100000 0.000000
vt 2.501005 1.100000 0.000000
vt 2.095000 1.100000 0.000000
vt 2.501005 0.300000 0.000000
vt 2.095000 0.300000 0.000000
vt 0.800000 5.960000 0.000000
vt 0.000000 5.960000 0.000000
vt 0.800000 5.700000 0.000000
vt 0.600000 3.900000 0.000000
vt 0.870000 5.630000 0.000000
vt 0.870000 3.500000 0.000000
vt 0.728579 3.400000 0.000000
vt 0.600000 3.400000 0.000000
vt 0.000000 3.900000 0.000000
vt 0.942478 2.572757 0.000000
vt 0.893143 2.521043 0.000000
vt 0.942478 2.401240 0.000000
vt 0.875158 2.425742 0.000000
vt 0.875158 2.278728 0.000000
vt 0.807838 2.425742 0.000000
vt 0.807838 2.278728 0.000000
vt 0.789768 2.421784 0.000000
vt 0.740518 2.278728 0.000000
vt 0.733165 2.377646 0.000000
vt 0.674184 2.341498 0.000000
vt 0.841100 2.468811 0.000000
vt 0.673198 2.278728 0.000000
vt 0.608768 2.315317 0.000000
vt 0.605879 2.278728 0.000000
vt 0.575349 2.307251 0.000000
vt 0.605879 2.131713 0.000000
vt 0.538559 2.278728 0.000000
vt 0.538559 2.131713 0.000000
vt 0.471239 2.152247 0.000000
vt 0.471239 1.998515 0.000000
vt 0.541291 2.303278 0.000000
vt 0.505548 2.302908 0.000000
vt 0.471239 2.305979 0.000000
vt 0.538559 1.984698 0.000000
vt 0.471239 1.844783 0.000000
vt 0.538559 1.837684 0.000000
vt 0.471239 1.691051 0.000000
vt 0.538559 1.690996 0.000000
vt 0.538559 1.543654 0.000000
vt 0.605879 1.690942 0.000000
vt 0.605879 1.543654 0.000000
vt 0.673198 1.690887 0.000000
vt 0.673198 1.543654 0.000000
vt 0.740518 1.690833 0.000000
vt 0.740518 1.543654 0.000000
vt 0.807838 1.690778 0.000000
vt 0.807838 1.543654 0.000000
vt 0.875158 1.690723 0.000000
vt 0.875158 1.543654 0.000000
vt 0.942478 1.715171 0.000000
vt 0.942478 1.543654 0.000000
vt 0.875158 1.396640 0.000000
vt 0.942478 1.372137 0.000000
vt 0.875158 1.249625 0.000000
vt 0.942478 1.200620 0.000000
vt 0.875158 1.102610 0.000000
vt 0.942478 1.029103 0.000000
vt 0.875158 0.955595 0.000000
vt 0.942478 0.857586 0.000000
vt 0.875158 0.808581 0.000000
vt 0.942478 0.686069 0.000000
vt 0.875158 0.661566 0.000000
vt 0.942478 0.514551 0.000000
vt 0.875158 0.514551 0.000000
vt 0.875158 0.367537 0.000000
vt 0.807838 0.514551 0.000000
vt 0.807838 0.367537 0.000000
vt 0.740518 0.514551 0.000000
vt 0.740518 0.367537 0.000000
vt 0.673198 0.514551 0.000000
vt 0.673198 0.367537 0.000000
vt 0.605879 0.514551 0.000000
vt 0.605879 0.367537 0.000000
vt 0.538559 0.514551 0.000000
vt 0.538559 0.367537 0.000000
vt 0.471239 0.461196 0.000000
vt 0.471239 0.307464 0.000000
vt 0.471239 1.537319 0.000000
vt 0.538559 1.396640 0.000000
vt 0.605879 1.396640 0.000000
vt 0.605879 1.249625 0.000000
vt 0.673198 1.249625 0.000000
vt 0.673198 1.102610 0.000000
vt 0.740518 1.102610 0.000000
vt 0.740518 0.955595 0.000000
vt 0.807838 0.955595 0.000000
vt 0.807838 0.808581 0.000000
vt 0.471239 1.383587 0.000000
vt 0.538559 1.249625 0.000000
vt 0.605879 1.102610 0.000000
vt 0.673198 0.955595 0.000000
vt 0.740518 0.808581 0.000000
vt 0.807838 0.661566 0.000000
vt 0.471239 1.229855 0.000000
vt 0.538559 1.102610 0.000000
vt 0.605879 0.955595 0.000000
vt 0.673198 0.808581 0.000000
vt 0.740518 0.661566 0.000000
vt 0.471239 1.076123 0.000000
vt 0.538559 0.955595 0.000000
vt 0.605879 0.808581 0.000000
vt 0.673198 0.661566 0.000000
vt 0.471239 0.922391 0.000000
vt 0.538559 0.808581 0.000000
vt 0.605879 0.661566 0.000000
vt 0.471239 0.768660 0.000000
vt 0.538559 0.661566 0.000000
vt 0.471239 0.614928 0.000000
vt 0.538559 0.220522 0.000000
vt 0.471239 0.153732 0.000000
vt 0.538559 0.073507 0.000000
vt 0.471239 0.000000 0.000000
vt 0.538559 -0.073507 0.000000
vt 0.471239 -0.153732 0.000000
vt 0.538559 -0.220522 0.000000
vt 0.471239 -0.307464 0.000000
vt 0.538559 -0.367537 0.000000
vt 0.471239 -0.461196 0.000000
vt 0.538559 -0.514551 0.000000
vt 0.471239 -0.614928 0.000000
vt 0.538559 -0.661566 0.000000
vt 0.471239 -0.768660 0.000000
vt 0.538559 -0.808581 0.000000
vt 0.471239 -0.922391 0.000000
vt 0.538559 -0.955595 0.000000
vt 0.471239 -1.076123 0.000000
vt 0.538559 -1.102610 0.000000
vt 0.471239 -1.229855 0.000000
vt 0.538559 -1.249625 0.000000
vt 0.471239 -1.383587 0.000000
vt 0.538559 -1.396640 0.000000
vt 0.471239 -1.537319 0.000000
vt 0.538559 -1.543654 0.000000
vt 0.471239 -1.691051 0.000000
vt 0.538559 -1.690996 0.000000
vt 0.538559 -1.837684 0.000000
vt 0.605879 -1.837684 0.000000
vt 0.605879 -1.984698 0.000000
vt 0.673198 -1.984698 0.000000
vt 0.673198 -2.131713 0.000000
vt 0.740518 -2.131713 0.000000
vt 0.740518 -2.278728 0.000000
vt 0.807838 -2.278728 0.000000
vt 0.807838 -2.425742 0.000000
vt 0.875158 -2.425742 0.000000
vt 0.841100 -2.468811 0.000000
vt 0.893143 -2.521043 0.000000
vt 0.471239 -1.844783 0.000000
vt 0.538559 -1.984698 0.000000
vt 0.605879 -2.131713 0.000000
vt 0.673198 -2.278728 0.000000
vt 0.733165 -2.377646 0.000000
vt 0.789768 -2.421784 0.000000
vt 0.471239 -1.998515 0.000000
vt 0.538559 -2.131713 0.000000
vt 0.605879 -2.278728 0.000000
vt 0.608768 -2.315317 0.000000
vt 0.674184 -2.341498 0.000000
vt 0.471239 -2.152247 0.000000
vt 0.538559 -2.278728 0.000000
vt 0.575349 -2.307251 0.000000
vt 0.541291 -2.303278 0.000000
vt 0.505548 -2.302908 0.000000
vt 0.471239 -2.305979 0.000000
vt 0.942478 -2.572757 0.000000
vt 0.942478 -2.401240 0.000000
vt 0.875158 -2.278728 0.000000
vt 0.942478 -2.229723 0.000000
vt 0.875158 -2.131713 0.000000
vt 0.942478 -2.058206 0.000000
vt 0.875158 -1.984698 0.000000
vt 0.942478 -1.886688 0.000000
vt 0.875158 -1.837684 0.000000
vt 0.942478 -1.715171 0.000000
vt 0.875158 -1.690723 0.000000
vt 0.942478 -1.543654 0.000000
vt 0.875158 -1.543654 0.000000
vt 0.875158 -1.396640 0.000000
vt 0.807838 -1.396640 0.000000
vt 0.807838 -1.249625 0.000000
vt 0.740518 -1.249625 0.000000
vt 0.740518 -1.102610 0.000000
vt 0.673198 -1.102610 0.000000
vt 0.673198 -0.955595 0.000000
vt 0.605879 -0.955595 0.000000
vt 0.605879 -0.808581 0.000000
vt 0.942478 -1.372137 0.000000
vt 0.875158 -1.249625 0.000000
vt 0.807838 -1.102610 0.000000
vt 0.740518 -0.955595 0.000000
vt 0.673198 -0.808581 0.000000
vt 0.605879 -0.661566 0.000000
vt 0.942478 -1.200620 0.000000
vt 0.875158 -1.102610 0.000000
vt 0.807838 -0.955595 0.000000
vt 0.740518 -0.808581 0.000000
vt 0.673198 -0.661566 0.000000
vt 0.605879 -0.514551 0.000000
vt 0.942478 -1.029103 0.000000
vt 0.875158 -0.955595 0.000000
vt 0.807838 -0.808581 0.000000
vt 0.740518 -0.661566 0.000000
vt 0.673198 -0.514551 0.000000
vt 0.605879 -0.367537 0.000000
vt 0.942478 -0.857586 0.000000
vt 0.875158 -0.808581 0.000000
vt 0.807838 -0.661566 0.000000
vt 0.740518 -0.514551 0.000000
vt 0.673198 -0.367537 0.000000
vt 0.605879 -0.220522 0.000000
vt 0.942478 -0.686069 0.000000
vt 0.875158 -0.661566 0.000000
vt 0.807838 -0.514551 0.000000
vt 0.740518 -0.367537 0.000000
vt 0.673198 -0.220522 0.000000
vt 0.605879 -0.073507 0.000000
vt 0.942478 -0.514551 0.000000
vt 0.875158 -0.514551 0.000000
vt 0.807838 -0.367537 0.000000
vt 0.740518 -0.220522 0.000000
vt 0.673198 -0.073507 0.000000
vt 0.605879 0.073507 0.000000
vt 0.875158 -0.367537 0.000000
vt 0.942478 -0.343034 0.000000
vt 0.875158 -0.220522 0.000000
vt 0.942478 -0.171517 0.000000
vt 0.875158 -0.073507 0.000000
vt 0.942478 0.000000 0.000000
vt 0.875158 0.073507 0.000000
vt 0.942478 0.171517 0.000000
vt 0.875158 0.220522 0.000000
vt 0.942478 0.343034 0.000000
vt 0.875158 1.837684 0.000000
vt 0.942478 1.886688 0.000000
vt 0.875158 1.984698 0.000000
vt 0.942478 2.058206 0.000000
vt 0.875158 2.131713 0.000000
vt 0.942478 2.229723 0.000000
vt 0.673198 2.131713 0.000000
vt 0.673198 1.984698 0.000000
vt 0.605879 1.984698 0.000000
vt 0.673198 1.837684 0.000000
vt 0.605879 1.837684 0.000000
vt 0.740518 2.131713 0.000000
vt 0.740518 1.984698 0.000000
vt 0.740518 1.837684 0.000000
vt 0.807838 2.131713 0.000000
vt 0.807838 1.984698 0.000000
vt 0.807838 1.837684 0.000000
vt 0.673198 1.396640 0.000000
vt 0.740518 1.396640 0.000000
vt 0.807838 1.396640 0.000000
vt 0.740518 1.249625 0.000000
vt 0.807838 1.249625 0.000000
vt 0.807838 1.102610 0.000000
vt 0.605879 0.220522 0.000000
vt 0.673198 0.220522 0.000000
vt 0.673198 0.073507 0.000000
vt 0.740518 0.220522 0.000000
vt 0.740518 0.073507 0.000000
vt 0.740518 -0.073507 0.000000
vt 0.807838 0.220522 0.000000
vt 0.807838 0.073507 0.000000
vt 0.807838 -0.073507 0.000000
vt 0.807838 -0.220522 0.000000
vt 0.605879 -1.102610 0.000000
vt 0.673198 -1.249625 0.000000
vt 0.740518 -1.396640 0.000000
vt 0.807838 -1.543654 0.000000
vt 0.605879 -1.249625 0.000000
vt 0.673198 -1.396640 0.000000
vt 0.740518 -1.543654 0.000000
vt 0.807838 -1.690778 0.000000
vt 0.605879 -1.396640 0.000000
vt 0.673198 -1.543654 0.000000
vt 0.740518 -1.690833 0.000000
vt 0.807838 -1.837684 0.000000
vt 0.605879 -1.543654 0.000000
vt 0.673198 -1.690887 0.000000
vt 0.740518 -1.837684 0.000000
vt 0.807838 -1.984698 0.000000
vt 0.605879 -1.690942 0.000000
vt 0.673198 -1.837684 0.000000
vt 0.740518 -1.984698 0.000000
vt 0.807838 -2.131713 0.000000
vt 0.050000 0.212132 0.000000
vt 0.053543 0.142740 0.000000
vt 0.200000 0.212132 0.000000
vt 0.064005 0.071571 0.000000
vt 1.500000 0.212132 0.000000
vt 0.081335 0.005407 0.000000
vt 0.108832 -0.060194 0.000000
vt 1.500000 -0.212132 0.000000
vt 0.145657 -0.118674 0.000000
vt 0.325514 -0.212132 0.000000
vt 0.196168 -0.168039 0.000000
vt 0.225051 -0.186837 0.000000
vt 0.256586 -0.200321 0.000000
vt 0.291204 -0.209036 0.000000
vt -1.016204 -0.209036 0.000000
vt -0.981586 -0.200321 0.000000
vt -1.050514 -0.212132 0.000000
vt -0.950051 -0.186837 0.000000
vt -0.921168 -0.168039 0.000000
vt -0.870657 -0.118674 0.000000
vt -2.225000 -0.212132 0.000000
vt -0.833832 -0.060194 0.000000
vt -2.225000 0.212132 0.000000
vt -0.806335 0.005407 0.000000
vt -0.789005 0.071571 0.000000
vt -0.925000 0.212132 0.000000
vt -0.778543 0.142740 0.000000
vt -0.775000 0.212132 0.000000
vt -1.825514 -1.375000 0.000000
vt -1.789361 -1.205227 0.000000
vt -3.000000 -1.375000 0.000000
vt -1.737456 -1.039591 0.000000
vt -1.670256 -0.879547 0.000000
vt -1.588352 -0.726507 0.000000
vt -1.492464 -0.581816 0.000000
vt -1.383438 -0.446750 0.000000
vt -3.000000 1.675000 0.000000
vt -1.262233 -0.322496 0.000000
vt -1.129916 -0.210149 0.000000
vt -0.987652 -0.110697 0.000000
vt -0.836693 -0.025017 0.000000
vt -0.678368 0.046138 0.000000
vt -0.514072 0.102141 0.000000
vt -0.345250 0.142499 0.000000
vt -0.173388 0.166857 0.000000
vt -0.000000 0.175000 0.000000
vt 3.000000 1.675000 0.000000
vt 0.173388 0.166857 0.000000
vt 0.345250 0.142499 0.000000
vt 0.514072 0.102141 0.000000
vt 0.678368 0.046138 0.000000
vt 0.836693 -0.025017 0.000000
vt 0.987652 -0.110697 0.000000
vt 1.129916 -0.210149 0.000000
vt 1.262233 -0.322496 0.000000
vt 1.383438 -0.446750 0.000000
vt 3.000000 -1.375000 0.000000
vt 1.492464 -0.581816 0.000000
vt 1.588352 -0.726507 0.000000
vt 1.670256 -0.879547 0.000000
vt 1.737456 -1.039591 0.000000
vt 1.789361 -1.205227 0.000000
vt 1.825514 -1.375000 0.000000
vt 0.747526 2.220000 0.000000
vt 0.000000 2.220000 0.000000
vt 0.700000 0.400000 0.000000
vt 0.000000 0.000000 0.000000
vt 0.700000 0.000000 0.000000
vt 0.870000 0.400000 0.000000
vt 0.870000 2.097526 0.000000
vt 0.170000 -0.000000 0.000000
vt 0.870000 0.000000 0.000000
vt 0.170000 0.400000 0.000000
vt 0.870000 2.220000 0.000000
vt 0.122474 2.220000 0.000000
vt 0.000000 2.097526 0.000000
vt 0.000000 0.400000 0.000000
vt -1.023738 0.353553 0.000000
vt -1.915000 0.353553 0.000000
vt -1.523738 -0.353553 0.000000
vt -1.915000 -0.353553 0.000000
vt 3.193738 0.353553 0.000000
vt 3.693738 -0.353553 0.000000
vt 4.085000 0.353553 0.000000
vt 4.085000 -0.353553 0.000000
vt 3.000000 0.350000 0.000000
vt 1.850000 0.350000 0.000000
vt 2.104369 0.254369 0.000000
vt 1.650000 0.150000 0.000000
vt 1.670000 -0.180000 0.000000
vt 1.650000 -0.350000 0.000000
vt 1.670000 -0.350000 0.000000
vt 2.108738 0.250000 0.000000
vt 3.000000 0.250000 0.000000
vt 0.000000 0.000000 0.000000
vt 6.000000 0.000000 0.000000
vt 0.000000 0.300000 0.000000
vt 6.000000 0.300000 0.000000
vt -1.670000 -2.420000 0.000000
vt -1.474138 -1.971024 0.000000
vt -1.670000 -0.200000 0.000000
vt -1.415995 -1.819558 0.000000
vt -1.342339 -1.675000 0.000000
vt -1.700000 -2.450000 0.000000
vt -1.550000 -2.450000 0.000000
vt -1.541509 -2.287981 0.000000
vt -1.516129 -2.127737 0.000000
vt -1.253976 -1.538933 0.000000
vt -1.151874 -1.412848 0.000000
vt -1.037152 -1.298126 0.000000
vt -0.911067 -1.196024 0.000000
vt -0.775000 -1.107661 0.000000
vt -0.630442 -1.034005 0.000000
vt -0.478976 -0.975862 0.000000
vt -0.322263 -0.933871 0.000000
vt -0.162019 -0.908491 0.000000
vt 0.000000 -0.900000 0.000000
vt 1.670000 -0.200000 0.000000
vt -3.000000 0.900000 0.000000
vt 3.000000 0.900000 0.000000
vt 3.000000 -0.200000 0.000000
vt 0.162019 -0.908491 0.000000
vt 0.322263 -0.933871 0.000000
vt 0.478976 -0.975862 0.000000
vt 0.630442 -1.034005 0.000000
vt 0.775000 -1.107661 0.000000
vt 0.911067 -1.196024 0.000000
vt 1.037152 -1.298126 0.000000
vt 1.151874 -1.412848 0.000000
vt 1.253976 -1.538933 0.000000
vt 1.342339 -1.675000 0.000000
vt 1.415995 -1.819558 0.000000
vt 1.474138 -1.971024 0.000000
vt 1.670000 -2.420000 0.000000
vt 1.516129 -2.127737 0.000000
vt 1.541509 -2.287981 0.000000
vt 1.550000 -2.450000 0.000000
vt 1.700000 -2.450000 0.000000
vt -3.000000 -0.200000 0.000000
vt -0.157517 0.100288 0.000000
vt -0.099782 0.263588 0.000000
vt -0.386136 0.423605 0.000000
vt -0.328401 0.586904 0.000000
vt -1.950000 0.108990 0.000000
vt -1.950000 -0.299589 0.000000
vt -1.670000 -0.171010 0.000000
vt -1.670000 -0.299589 0.000000
vt 0.306635 0.138563 0.000000
vt 0.126689 0.215244 0.000000
vt 0.281508 0.138563 0.000000
vt 0.236233 0.081080 0.000000
vt 0.276483 0.113944 0.000000
vt 0.611893 0.387805 0.000000
vt 0.502348 0.521969 0.000000
vt 0.614290 3.500000 0.000000
vt 0.614290 5.630000 0.000000
vt 0.218311 3.500000 0.000000
vt 0.006179 5.200000 0.000000
vt 0.000000 5.200000 0.000000
vt 0.218311 2.377526 0.000000
vt 0.000000 0.400000 0.000000
vt 0.614290 0.400000 0.000000
vt 0.614290 2.097526 0.000000
vt -0.568007 0.351973 0.000000
vt -0.527758 0.319109 0.000000
vt -0.573033 0.376592 0.000000
vt -0.418213 0.453273 0.000000
vt -0.598160 0.376592 0.000000
vt -0.793873 0.759998 0.000000
vt -0.903417 0.625834 0.000000
vt 0.197990 -0.449794 0.000000
vt 0.197990 0.297731 0.000000
vt 0.155563 -0.449794 0.000000
vt 0.155563 0.327731 0.000000
vt 0.123780 0.350206 0.000000
vt 0.155563 0.350206 0.000000
vt -0.197990 0.577731 0.000000
vt -0.197990 -0.449794 0.000000
vt 0.334847 0.351071 0.000000
vt 0.563467 0.674388 0.000000
vt 0.277112 0.514371 0.000000
vt 0.505732 0.837687 0.000000
vt 0.000000 2.097526 0.000000
vt 0.000000 0.400000 0.000000
vt 0.395980 2.377526 0.000000
vt 0.614290 0.400000 0.000000
vt 0.614290 5.200000 0.000000
vt 0.395980 3.500000 0.000000
vt 0.608112 5.200000 0.000000
vt 0.000000 5.630000 0.000000
vt 0.000000 3.500000 0.000000
vt 0.197990 0.142731 0.000000
vt -0.123780 -0.084794 0.000000
vt 0.197990 -0.884794 0.000000
vt -0.155563 -0.884794 0.000000
vt -0.155563 -0.107269 0.000000
vt -0.197990 -0.137269 0.000000
vt -0.155563 -0.084794 0.000000
vt -0.197990 -0.884794 0.000000
vt 1.950000 0.108990 0.000000
vt 1.670000 -0.171010 0.000000
vt 1.950000 -0.299589 0.000000
vt 1.670000 -0.299589 0.000000
vt -0.280000 -0.400000 0.000000
vt -0.000000 -0.400000 0.000000
vt -0.280000 0.100000 0.000000
vt -0.000000 0.100000 0.000000
vt -1.008579 -0.400000 0.000000
vt -1.027526 -1.300000 0.000000
vt -0.600000 -0.400000 0.000000
vt -0.000000 -1.300000 0.000000
vt -0.000000 0.100000 0.000000
vt -1.150000 -0.300000 0.000000
vt -1.150000 -1.422474 0.000000
vt -0.600000 0.100000 0.000000
vt 0.105000 0.300000 0.000000
vt -0.175000 0.300000 0.000000
vt 0.105000 -0.300000 0.000000
vt -0.175000 -0.300000 0.000000
vt -0.105000 -0.300000 0.000000
vt 0.175000 -0.300000 0.000000
vt -0.105000 0.300000 0.000000
vt 0.175000 0.300000 0.000000
vt -0.350000 -0.400000 0.000000
vt -0.070000 -0.400000 0.000000
vt -0.350000 0.100000 0.000000
vt -0.070000 0.100000 0.000000
vt -0.600000 0.100000 0.000000
vt -0.600000 -1.300000 0.000000
vt 0.000000 -0.400000 0.000000
vt 0.427526 -1.300000 0.000000
vt 0.408579 -0.400000 0.000000
vt 0.550000 -0.300000 0.000000
vt 0.550000 -1.422474 0.000000
vt -0.000000 0.100000 0.000000
vt -0.000000 0.000000 0.000000
vt 1.150000 0.000000 0.000000
vt 0.000000 0.400000 0.000000
vt 1.350000 0.200000 0.000000
vt 1.330000 0.400000 0.000000
vt 1.350000 0.800000 0.000000
vt 1.330000 0.800000 0.000000
vt 0.500000 0.800000 0.000000
vt 0.000000 0.800000 0.000000
vt 0.500000 0.200000 0.000000
vt 0.000000 0.200000 0.000000
vt 1.850000 -0.350000 0.000000
vt 3.000000 -0.350000 0.000000
vt 1.850000 0.150000 0.000000
vt 3.000000 0.150000 0.000000
vt 0.200000 0.200000 0.000000
vt 0.700000 0.200000 0.000000
vt 0.200000 0.800000 0.000000
vt 0.700000 0.800000 0.000000
vt 1.150000 0.800000 0.000000
vt 0.000000 0.800000 0.000000
vt 1.150000 0.200000 0.000000
vt 0.000000 0.200000 0.000000
vt -0.500000 -0.047816 0.000000
vt 0.830000 -0.047816 0.000000
vt -0.500000 0.652184 0.000000
vt 0.830000 0.652184 0.000000
vt 0.061262 0.647816 0.000000
vt 0.070000 0.647816 0.000000
vt 0.065631 0.652184 0.000000
vt -0.830000 -0.047816 0.000000
vt 0.500000 -0.047816 0.000000
vt -0.830000 0.652184 0.000000
vt 0.500000 0.652184 0.000000
vn 0.053000 -0.000000 0.084800
vn 0.053000 -0.000000 0.084800
vn 0.053000 -0.000000 0.084800
vn 0.053000 -0.000000 0.084800
vn 0.053000 -0.000000 0.084800
vn 0.053000 0.000000 -0.084800
vn 0.053000 0.000000 -0.084800
vn 0.053000 0.000000 -0.084800
vn 0.053000 0.000000 -0.084800
vn 0.053000 0.000000 -0.084800
vn -0.053000 0.000000 -0.084800
vn -0.053000 0.000000 -0.084800
vn -0.053000 0.000000 -0.084800
vn -0.053000 0.000000 -0.084800
vn -0.053000 0.000000 -0.084800
vn -0.053000 0.000000 0.084800
vn -0.053000 0.000000 0.084800
vn -0.053000 0.000000 0.084800
vn -0.053000 0.000000 0.084800
vn -0.053000 0.000000 0.084800
vn 0.070711 0.070711 0.000000
vn 0.070711 0.070711 0.000000
vn 0.070711 0.070711 0.000000
vn 0.070711 0.070711 0.000000
vn 0.070711 0.070711 0.000000
vn 0.070711 0.070711 0.000000
vn 0.070711 0.070711 0.000000
vn 0.070711 0.070711 0.000000
vn 0.070711 0.070711 0.000000
vn 0.100000 0.000000 0.000000
vn 0.100000 0.000000 0.000000
vn 0.100000 0.000000 0.000000
vn 0.100000 0.000000 0.000000
vn 0.100000 0.000000 0.000000
vn 0.100000 0.000000 0.000000
vn 0.100000 0.000000 0.000000
vn 0.100000 0.000000 0.000000
vn 0.100000 0.000000 0.000000
vn 0.100000 0.000000 0.000000
vn 0.100000 0.000000 0.000000
vn 0.100000 0.000000 0.000000
vn 0.100000 0.000000 0.000000
vn 0.100000 0.000000 0.000000
vn 0.100000 0.000000 0.000000
vn 0.100000 0.000000 0.000000
vn 0.100000 0.000000 0.000000
vn 0.100000 0.000000 0.000000
vn 0.100000 0.000000 0.000000
vn 0.100000 0.000000 0.000000
vn 0.100000 0.000000 0.000000
vn 0.100000 0.000000 0.000000
vn 0.100000 0.000000 0.000000
vn 0.100000 0.000000 0.000000
vn 0.100000 0.000000 0.000000
vn 0.100000 0.000000 0.000000
vn 0.100000 0.000000 0.000000
vn 0.100000 0.000000 0.000000
vn 0.100000 0.000000 0.000000
vn 0.100000 0.000000 0.000000
vn 0.100000 0.000000 0.000000
vn 0.100000 0.000000 0.000000
vn 0.100000 0.000000 0.000000
vn 0.100000 0.000000 0.000000
vn 0.100000 0.000000 0.000000
vn 0.100000 0.000000 0.000000
vn 0.100000 0.000000 0.000000
vn 0.100000 0.000000 0.000000
vn 0.100000 0.000000 0.000000
vn 0.100000 0.000000 0.000000
vn 0.100000 0.000000 0.000000
vn 0.100000 0.000000 0.000000
vn 0.100000 0.000000 0.000000
vn 0.100000 0.000000 0.000000
vn 0.100000 0.000000 0.000000
vn 0.100000 0.000000 0.000000
vn 0.100000 0.000000 0.000000
vn 0.100000 0.000000 0.000000
vn 0.100000 0.000000 0.000000
vn -0.070711 0.070711 0.000000
vn -0.070711 0.070711 0.000000
vn -0.070711 0.070711 0.000000
vn -0.070711 0.070711 0.000000
vn -0.070711 0.070711 0.000000
vn -0.070711 0.070711 0.000000
vn -0.070711 0.070711 0.000000
vn -0.070711 0.070711 0.000000
vn -0.070711 0.070711 0.000000
vn -0.000000 0.100000 -0.000000
vn -0.000000 0.100000 -0.000000
vn -0.000000 0.100000 -0.000000
vn -0.000000 0.100000 -0.000000
vn -0.000000 0.100000 -0.000000
vn -0.000000 0.100000 -0.000000
vn -0.000000 0.100000 -0.000000
vn -0.000000 0.100000 -0.000000
vn -0.000000 0.100000 -0.000000
vn -0.000000 0.100000 -0.000000
vn -0.000000 0.100000 -0.000000
vn -0.000000 0.100000 -0.000000
vn -0.000000 0.100000 -0.000000
vn -0.000000 0.100000 -0.000000
vn -0.000000 0.100000 -0.000000
vn -0.000000 0.100000 -0.000000
vn -0.000000 0.100000 -0.000000
vn -0.000000 0.100000 -0.000000
vn -0.000000 0.100000 -0.000000
vn -0.000000 0.100000 -0.000000
vn -0.000000 0.100000 -0.000000
vn -0.000000 0.100000 -0.000000
vn -0.000000 0.100000 -0.000000
vn -0.000000 0.100000 -0.000000
vn -0.000000 0.100000 -0.000000
vn -0.000000 0.100000 -0.000000
vn -0.000000 0.100000 -0.000000
vn -0.000000 0.100000 -0.000000
vn -0.000000 0.100000 -0.000000
vn -0.000000 0.100000 -0.000000
vn -0.000000 0.100000 -0.000000
vn -0.000000 0.100000 -0.000000
vn -0.000000 0.100000 -0.000000
vn -0.000000 0.100000 -0.000000
vn -0.000000 0.100000 -0.000000
vn -0.000000 0.100000 -0.000000
vn -0.000000 0.100000 -0.000000
vn -0.000000 0.100000 -0.000000
vn -0.000000 0.100000 -0.000000
vn -0.000000 0.100000 -0.000000
vn -0.000000 0.100000 -0.000000
vn -0.000000 0.100000 -0.000000
vn -0.000000 0.100000 -0.000000
vn -0.000000 0.100000 -0.000000
vn -0.000000 0.100000 -0.000000
vn -0.000000 0.100000 -0.000000
vn -0.000000 0.100000 -0.000000
vn -0.000000 0.100000 -0.000000
vn -0.000000 0.100000 -0.000000
vn -0.000000 0.100000 -0.000000
vn -0.000000 0.100000 -0.000000
vn -0.000000 0.100000 -0.000000
vn -0.000000 0.100000 -0.000000
vn -0.000000 0.100000 -0.000000
vn -0.100000 0.000000 -0.000000
vn -0.100000 0.000000 -0.000000
vn -0.100000 0.000000 -0.000000
vn -0.100000 0.000000 -0.000000
vn -0.100000 0.000000 -0.000000
vn -0.100000 0.000000 -0.000000
vn -0.100000 0.000000 -0.000000
vn -0.100000 0.000000 -0.000000
vn -0.100000 0.000000 -0.000000
vn -0.100000 0.000000 -0.000000
vn -0.100000 0.000000 -0.000000
vn -0.100000 0.000000 -0.000000
vn -0.100000 0.000000 -0.000000
vn -0.100000 0.000000 -0.000000
vn -0.100000 0.000000 -0.000000
vn -0.100000 0.000000 -0.000000
vn -0.100000 0.000000 -0.000000
vn -0.100000 0.000000 -0.000000
vn -0.070711 0.000000 0.070711
vn -0.070711 0.000000 0.070711
vn -0.070711 0.000000 0.070711
vn -0.070711 0.000000 0.070711
vn -0.070711 0.000000 -0.070711
vn -0.070711 0.000000 -0.070711
vn -0.070711 0.000000 -0.070711
vn -0.070711 0.000000 -0.070711
vn -0.070711 -0.070711 -0.000000
vn -0.070711 -0.070711 -0.000000
vn -0.070711 -0.070711 -0.000000
vn -0.070711 -0.070711 -0.000000
vn -0.070711 0.070711 -0.000000
vn -0.070711 0.070711 -0.000000
vn -0.070711 0.070711 -0.000000
vn -0.070711 0.070711 -0.000000
vn -0.000000 0.100000 -0.000000
vn -0.000000 0.100000 -0.000000
vn -0.000000 0.100000 -0.000000
vn -0.000000 0.100000 -0.000000
vn 0.000000 0.000000 -0.100000
vn 0.000000 0.000000 -0.100000
vn 0.000000 0.000000 -0.100000
vn 0.000000 0.000000 -0.100000
vn -0.100000 0.000000 -0.000000
vn -0.100000 0.000000 -0.000000
vn -0.100000 0.000000 -0.000000
vn -0.100000 0.000000 -0.000000
vn -0.100000 0.000000 -0.000000
vn -0.100000 0.000000 -0.000000
vn -0.100000 0.000000 -0.000000
vn -0.100000 0.000000 -0.000000
vn -0.100000 0.000000 -0.000000
vn -0.100000 0.000000 -0.000000
vn -0.100000 0.000000 -0.000000
vn -0.100000 0.000000 -0.000000
vn -0.100000 0.000000 -0.000000
vn -0.100000 0.000000 -0.000000
vn -0.100000 0.000000 -0.000000
vn -0.100000 0.000000 -0.000000
vn -0.100000 0.000000 -0.000000
vn -0.100000 0.000000 -0.000000
vn -0.100000 0.000000 -0.000000
vn -0.100000 0.000000 -0.000000
vn -0.100000 0.000000 -0.000000
vn -0.100000 0.000000 -0.000000
vn -0.100000 0.000000 -0.000000
vn -0.100000 0.000000 -0.000000
vn -0.100000 0.000000 -0.000000
vn -0.100000 0.000000 -0.000000
vn -0.100000 0.000000 -0.000000
vn -0.100000 0.000000 -0.000000
vn -0.100000 0.000000 -0.000000
vn -0.100000 0.000000 -0.000000
vn -0.100000 0.000000 -0.000000
vn -0.100000 0.000000 -0.000000
vn -0.100000 0.000000 -0.000000
vn -0.100000 0.000000 -0.000000
vn -0.100000 0.000000 -0.000000
vn -0.100000 0.000000 -0.000000
vn -0.100000 0.000000 -0.000000
vn -0.100000 0.000000 -0.000000
vn -0.100000 0.000000 -0.000000
vn -0.100000 0.000000 -0.000000
vn -0.100000 0.000000 -0.000000
vn -0.100000 0.000000 -0.000000
vn -0.100000 0.000000 -0.000000
vn -0.100000 0.000000 -0.000000
vn -0.100000 0.000000 -0.000000
vn -0.100000 0.000000 -0.000000
vn -0.100000 0.000000 -0.000000
vn -0.100000 0.000000 -0.000000
vn -0.100000 0.000000 -0.000000
vn -0.070711 -0.070711 -0.000000
vn -0.070711 -0.070711 -0.000000
vn -0.070711 -0.070711 -0.000000
vn -0.070711 -0.070711 -0.000000
vn -0.070711 0.000000 0.070711
vn -0.070711 0.000000 0.070711
vn -0.070711 0.000000 0.070711
vn -0.070711 0.000000 0.070711
vn -0.070711 0.000000 -0.070711
vn -0.070711 0.000000 -0.070711
vn -0.070711 0.000000 -0.070711
vn -0.070711 0.000000 -0.070711
vn -0.070711 0.070711 -0.000000
vn -0.070711 0.070711 -0.000000
vn -0.070711 0.070711 -0.000000
vn -0.070711 0.070711 -0.000000
vn -0.000000 0.000000 -0.100000
vn -0.000000 0.000000 -0.100000
vn -0.000000 0.000000 -0.100000
vn -0.000000 0.000000 -0.100000
vn 0.000000 -0.100000 0.000000
vn 0.000000 -0.100000 0.000000
vn 0.000000 -0.100000 0.000000
vn 0.000000 -0.100000 0.000000
vn 0.000000 0.000000 0.100000
vn 0.000000 0.000000 0.100000
vn 0.000000 0.000000 0.100000
vn 0.000000 0.000000 0.100000
vn 0.000000 0.000000 0.100000
vn 0.000000 0.000000 0.100000
vn 0.000000 0.000000 0.100000
vn 0.000000 0.000000 0.100000
vn -0.070711 0.070711 -0.000000
vn -0.070711 0.070711 -0.000000
vn -0.070711 0.070711 -0.000000
vn -0.070711 0.070711 -0.000000
vn -0.070711 0.000000 -0.070711
vn -0.070711 0.000000 -0.070711
vn -0.070711 0.000000 -0.070711
vn -0.070711 0.000000 -0.070711
vn -0.070711 -0.070711 0.000000
vn -0.070711 -0.070711 0.000000
vn -0.070711 -0.070711 0.000000
vn -0.070711 -0.070711 0.000000
vn -0.070711 0.000000 0.070711
vn -0.070711 0.000000 0.070711
vn -0.070711 0.000000 0.070711
vn -0.070711 0.000000 0.070711
vn -0.000000 0.100000 -0.000000
vn -0.000000 0.100000 -0.000000
vn -0.000000 0.100000 -0.000000
vn -0.000000 0.100000 -0.000000
vn -0.100000 0.000000 0.000000
vn -0.100000 0.000000 0.000000
vn -0.100000 0.000000 0.000000
vn -0.100000 0.000000 0.000000
vn -0.070711 0.070711 -0.000000
vn -0.070711 0.070711 -0.000000
vn -0.070711 0.070711 -0.000000
vn -0.070711 0.070711 -0.000000
vn -0.070711 0.000000 -0.070711
vn -0.070711 0.000000 -0.070711
vn -0.070711 0.000000 -0.070711
vn -0.070711 0.000000 -0.070711
vn -0.070711 -0.070711 0.000000
vn -0.070711 -0.070711 0.000000
vn -0.070711 -0.070711 0.000000
vn -0.070711 -0.070711 0.000000
vn -0.070711 0.000000 0.070711
vn -0.070711 0.000000 0.070711
vn -0.070711 0.000000 0.070711
vn -0.070711 0.000000 0.070711
vn -0.100000 0.000000 0.000000
vn -0.100000 0.000000 0.000000
vn -0.100000 0.000000 0.000000
vn -0.100000 0.000000 0.000000
vn 0.000000 -0.100000 0.000000
vn 0.000000 -0.100000 0.000000
vn 0.000000 -0.100000 0.000000
vn 0.000000 -0.100000 0.000000
vn 0.070711 -0.070711 0.000000
vn 0.070711 -0.070711 0.000000
vn 0.070711 -0.070711 0.000000
vn 0.070711 -0.070711 0.000000
vn 0.070711 -0.000000 0.070711
vn 0.070711 -0.000000 0.070711
vn 0.070711 -0.000000 0.070711
vn 0.070711 -0.000000 0.070711
vn 0.070711 0.070711 0.000000
vn 0.070711 0.070711 0.000000
vn 0.070711 0.070711 0.000000
vn 0.070711 0.070711 0.000000
vn 0.070711 -0.000000 -0.070711
vn 0.070711 -0.000000 -0.070711
vn 0.070711 -0.000000 -0.070711
vn 0.070711 -0.000000 -0.070711
vn 0.000000 -0.000000 -0.100000
vn 0.000000 -0.000000 -0.100000
vn 0.000000 -0.000000 -0.100000
vn 0.000000 -0.000000 -0.100000
vn 0.000000 -0.100000 0.000000
vn 0.000000 -0.100000 0.000000
vn 0.000000 -0.100000 0.000000
vn 0.000000 -0.100000 0.000000
vn 0.100000 0.000000 0.000000
vn 0.100000 0.000000 0.000000
vn 0.100000 0.000000 0.000000
vn 0.100000 0.000000 0.000000
vn 0.070711 -0.070711 0.000000
vn 0.070711 -0.070711 0.000000
vn 0.070711 -0.070711 0.000000
vn 0.070711 -0.070711 0.000000
vn 0.070711 0.000000 0.070711
vn 0.070711 0.000000 0.070711
vn 0.070711 0.000000 0.070711
vn 0.070711 0.000000 0.070711
vn 0.070711 0.070711 0.000000
vn 0.070711 0.070711 0.000000
vn 0.070711 0.070711 0.000000
vn 0.070711 0.070711 0.000000
vn 0.070711 0.000000 -0.070711
vn 0.070711 0.000000 -0.070711
vn 0.070711 0.000000 -0.070711
vn 0.070711 0.000000 -0.070711
vn 0.000000 0.000000 -0.100000
vn 0.000000 0.000000 -0.100000
vn 0.000000 0.000000 -0.100000
vn 0.000000 0.000000 -0.100000
vn 0.000000 -0.100000 0.000000
vn 0.000000 -0.100000 0.000000
vn 0.000000 -0.100000 0.000000
vn 0.000000 -0.100000 0.000000
vn 0.100000 0.000000 0.000000
vn 0.100000 0.000000 0.000000
vn 0.100000 0.000000 0.000000
vn 0.100000 0.000000 0.000000
vn 0.070711 0.000000 -0.070711
vn 0.070711 0.000000 -0.070711
vn 0.070711 0.000000 -0.070711
vn 0.070711 0.000000 -0.070711
vn 0.070711 0.070711 0.000000
vn 0.070711 0.070711 0.000000
vn 0.070711 0.070711 0.000000
vn 0.070711 0.070711 0.000000
vn 0.070711 -0.070711 0.000000
vn 0.070711 -0.070711 0.000000
vn 0.070711 -0.070711 0.000000
vn 0.070711 -0.070711 0.000000
vn 0.070711 0.000000 0.070711
vn 0.070711 0.000000 0.070711
vn 0.070711 0.000000 0.070711
vn 0.070711 0.000000 0.070711
vn 0.100000 0.000000 0.000000
vn 0.100000 0.000000 0.000000
vn 0.100000 0.000000 0.000000
vn 0.100000 0.000000 0.000000
vn 0.100000 0.000000 0.000000
vn 0.100000 0.000000 0.000000
vn 0.100000 0.000000 0.000000
vn 0.100000 0.000000 0.000000
vn 0.100000 0.000000 0.000000
vn 0.100000 0.000000 0.000000
vn 0.100000 0.000000 0.000000
vn 0.100000 0.000000 0.000000
vn 0.100000 0.000000 0.000000
vn 0.100000 0.000000 0.000000
vn 0.100000 0.000000 0.000000
vn 0.100000 0.000000 0.000000
vn 0.100000 0.000000 0.000000
vn 0.100000 0.000000 0.000000
vn 0.070711 -0.000000 -0.070711
vn 0.070711 -0.000000 -0.070711
vn 0.070711 -0.000000 -0.070711
vn 0.070711 -0.000000 -0.070711
vn 0.070711 -0.070711 0.000000
vn 0.070711 -0.070711 0.000000
vn 0.070711 -0.070711 0.000000
vn 0.070711 -0.070711 0.000000
vn 0.070711 -0.000000 0.070711
vn 0.070711 -0.000000 0.070711
vn 0.070711 -0.000000 0.070711
vn 0.070711 -0.000000 0.070711
vn 0.070711 0.070711 0.000000
vn 0.070711 0.070711 0.000000
vn 0.070711 0.070711 0.000000
vn 0.070711 0.070711 0.000000
vn 0.000000 0.000000 0.100000
vn 0.000000 0.000000 0.100000
vn 0.000000 0.000000 0.100000
vn 0.000000 0.000000 0.100000
vn 0.000000 0.100000 0.000000
vn 0.000000 0.100000 0.000000
vn 0.000000 0.100000 0.000000
vn 0.000000 0.100000 0.000000
vn 0.000000 -0.000000 0.100000
vn 0.000000 -0.000000 0.100000
vn 0.000000 -0.000000 0.100000
vn 0.000000 -0.000000 0.100000
vn 0.000000 0.100000 0.000000
vn 0.000000 0.100000 0.000000
vn 0.000000 0.100000 0.000000
vn 0.000000 0.100000 0.000000
vn -0.057735 0.057735 0.057735
vn -0.057735 0.057735 0.057735
vn -0.057735 0.057735 0.057735
vn -0.070711 0.000000 0.070711
vn -0.070711 0.000000 0.070711
vn -0.070711 0.000000 0.070711
vn -0.070711 0.000000 0.070711
vn 0.000000 0.070711 0.070711
vn 0.000000 0.070711 0.070711
vn 0.000000 0.070711 0.070711
vn 0.000000 0.070711 0.070711
vn -0.070711 0.070711 0.000000
vn -0.070711 0.070711 0.000000
vn -0.070711 0.070711 0.000000
vn -0.070711 0.070711 0.000000
vn 0.000000 0.000000 -0.100000
vn 0.000000 0.000000 -0.100000
vn 0.000000 0.000000 -0.100000
vn 0.000000 0.000000 -0.100000
vn 0.000000 0.000000 -0.100000
vn 0.000000 0.000000 -0.100000
vn 0.000000 0.000000 -0.100000
vn 0.000000 0.000000 -0.100000
vn 0.000000 0.000000 -0.100000
vn 0.000000 0.100000 0.000000
vn 0.000000 0.100000 0.000000
vn 0.000000 0.100000 0.000000
vn 0.000000 0.100000 0.000000
vn 0.057735 0.057735 0.057735
vn 0.057735 0.057735 0.057735
vn 0.057735 0.057735 0.057735
vn 0.070711 0.000000 0.070711
vn 0.070711 0.000000 0.070711
vn 0.070711 0.000000 0.070711
vn 0.070711 0.000000 0.070711
vn 0.070711 0.070711 0.000000
vn 0.070711 0.070711 0.000000
vn 0.070711 0.070711 0.000000
vn 0.070711 0.070711 0.000000
vn 0.000000 0.070711 0.070711
vn 0.000000 0.070711 0.070711
vn 0.000000 0.070711 0.070711
vn 0.000000 0.070711 0.070711
vn 0.000000 -0.100000 0.000000
vn 0.000000 -0.100000 0.000000
vn 0.000000 -0.100000 0.000000
vn 0.000000 -0.100000 0.000000
vn 0.000000 -0.100000 0.000000
vn 0.000000 -0.100000 0.000000
vn 0.000000 -0.100000 0.000000
vn 0.000000 0.000000 0.100000
vn 0.000000 0.000000 0.100000
vn 0.000000 0.000000 0.100000
vn 0.000000 0.000000 0.100000
vn 0.000000 0.019509 -0.098079
vn 0.000000 0.019509 -0.098079
vn 0.000000 0.000000 -0.100000
vn 0.000000 0.019509 -0.098079
vn 0.000000 0.000000 -0.100000
vn 0.000000 0.019509 -0.098079
vn 0.000000 0.019509 -0.098079
vn 0.000000 0.038268 -0.092388
vn 0.000000 0.038268 -0.092388
vn 0.000000 0.055557 -0.083147
vn 0.000000 0.055557 -0.083147
vn 0.000000 0.070711 -0.070711
vn 0.000000 0.070711 -0.070711
vn 0.000000 0.083147 -0.055557
vn 0.000000 0.083147 -0.055557
vn 0.000000 0.092388 -0.038268
vn 0.000000 0.092388 -0.038268
vn 0.000000 0.098079 -0.019509
vn 0.000000 0.098079 -0.019509
vn 0.000000 0.100000 0.000000
vn 0.000000 0.098079 -0.019509
vn 0.000000 0.100000 0.000000
vn 0.000000 0.098079 -0.019509
vn 0.000000 0.098079 -0.019509
vn 0.000000 0.092388 -0.038268
vn 0.000000 0.092388 -0.038268
vn 0.000000 0.083147 -0.055557
vn 0.000000 0.083147 -0.055557
vn 0.000000 0.070711 -0.070711
vn 0.000000 0.070711 -0.070711
vn 0.000000 0.055557 -0.083147
vn 0.000000 0.055557 -0.083147
vn 0.000000 0.038268 -0.092388
vn 0.000000 0.038268 -0.092388
vn 0.000000 0.038268 -0.092388
vn 0.000000 0.055557 -0.083147
vn 0.000000 0.070711 -0.070711
vn 0.000000 0.083147 -0.055557
vn 0.000000 0.092388 -0.038268
vn 0.000000 0.100000 0.000000
vn 0.000000 0.100000 0.000000
vn 0.000000 0.100000 0.000000
vn -0.000000 0.099452 -0.010453
vn -0.000000 0.099906 -0.004335
vn -0.000000 0.099961 -0.002776
vn -0.000000 0.099988 -0.001557
vn -0.000000 0.097815 -0.020791
vn -0.000000 0.098720 -0.015951
vn -0.000000 0.099132 -0.013144
vn -0.000000 0.099438 -0.010583
vn -0.000000 0.095106 -0.030902
vn -0.000000 0.096737 -0.025337
vn -0.000000 0.097527 -0.022102
vn -0.000000 0.098187 -0.018954
vn -0.000000 0.091355 -0.040674
vn -0.000000 0.093707 -0.034914
vn -0.000000 0.094810 -0.031796
vn -0.000000 0.095826 -0.028591
vn -0.000000 0.086603 -0.050000
vn -0.000000 0.089716 -0.044171
vn -0.000000 0.091148 -0.041135
vn -0.000000 0.092485 -0.038034
vn -0.000000 0.080902 -0.058779
vn -0.000000 0.085108 -0.052503
vn -0.000000 0.086668 -0.049887
vn -0.000000 0.088213 -0.047100
vn -0.000000 0.074314 -0.066913
vn -0.000000 0.077953 -0.062637
vn -0.000000 0.079257 -0.060978
vn -0.000000 0.080651 -0.059123
vn -0.000000 0.066913 -0.074314
vn -0.000000 0.066913 -0.074314
vn -0.000000 0.074314 -0.066913
vn -0.000000 0.074536 -0.066667
vn -0.000000 0.074314 -0.066913
vn -0.000000 0.074687 -0.066497
vn -0.000000 0.075129 -0.065997
vn -0.000000 0.075840 -0.065179
vn -0.000000 0.076794 -0.064052
vn -0.000000 0.077953 -0.062637
vn -0.000000 0.080902 -0.058779
vn -0.000000 0.079257 -0.060978
vn -0.000000 0.080651 -0.059123
vn -0.000000 0.082080 -0.057121
vn -0.000000 0.085108 -0.052503
vn -0.000000 0.086603 -0.050000
vn -0.000000 0.086668 -0.049887
vn -0.000000 0.088213 -0.047100
vn -0.000000 0.089716 -0.044171
vn -0.000000 0.091355 -0.040674
vn -0.000000 0.091148 -0.041135
vn -0.000000 0.092485 -0.038034
vn -0.000000 0.093707 -0.034914
vn -0.000000 0.095106 -0.030902
vn -0.000000 0.094810 -0.031796
vn -0.000000 0.095826 -0.028591
vn -0.000000 0.096737 -0.025337
vn -0.000000 0.097815 -0.020791
vn -0.000000 0.097527 -0.022102
vn -0.000000 0.098187 -0.018954
vn -0.000000 0.098720 -0.015951
vn -0.000000 0.099452 -0.010453
vn -0.000000 0.099132 -0.013144
vn -0.000000 0.099438 -0.010583
vn -0.000000 0.099656 -0.008285
vn -0.000000 0.099808 -0.006188
vn -0.000000 0.099906 -0.004335
vn -0.000000 0.099961 -0.002776
vn -0.000000 0.099988 -0.001557
vn -0.000000 0.099998 -0.000690
vn -0.000000 0.100000 -0.000172
vn -0.000000 0.058779 -0.080902
vn -0.000000 0.058779 -0.080902
vn -0.000000 0.050000 -0.086603
vn -0.000000 0.050000 -0.086603
vn -0.000000 0.040674 -0.091355
vn -0.000000 0.040674 -0.091355
vn -0.000000 0.030902 -0.095106
vn -0.000000 0.030902 -0.095106
vn -0.000000 0.020791 -0.097815
vn -0.000000 0.020791 -0.097815
vn -0.000000 0.010453 -0.099452
vn -0.000000 0.010453 -0.099452
vn -0.000000 0.000000 -0.100000
vn -0.000000 0.000000 -0.100000
vn -0.000000 0.010453 -0.099452
vn -0.000000 0.020791 -0.097815
vn -0.000000 0.030902 -0.095106
vn -0.000000 0.040674 -0.091355
vn -0.000000 0.050000 -0.086603
vn -0.000000 0.058779 -0.080902
vn -0.000000 0.066913 -0.074314
vn -0.000000 0.074687 -0.066497
vn -0.000000 0.075129 -0.065997
vn -0.000000 0.075840 -0.065179
vn -0.000000 0.076794 -0.064052
vn -0.000000 0.082080 -0.057121
vn -0.000000 0.099656 -0.008285
vn -0.000000 0.099808 -0.006188
vn -0.000000 0.099998 -0.000690
vn -0.000000 0.100000 -0.000172
vn 0.000000 -0.098481 0.017365
vn 0.000000 -0.098481 0.017365
vn 0.000000 -0.100000 0.000000
vn 0.000000 -0.098481 0.017365
vn 0.000000 -0.100000 0.000000
vn 0.000000 -0.098481 0.017365
vn 0.000000 -0.098481 0.017365
vn 0.000000 -0.093969 0.034202
vn 0.000000 -0.093969 0.034202
vn 0.000000 -0.086603 0.050000
vn 0.000000 -0.086603 0.050000
vn 0.000000 -0.076604 0.064279
vn 0.000000 -0.076604 0.064279
vn 0.000000 -0.064279 0.076604
vn 0.000000 -0.064279 0.076604
vn 0.000000 -0.050000 0.086603
vn 0.000000 -0.050000 0.086603
vn 0.000000 -0.034202 0.093969
vn 0.000000 -0.034202 0.093969
vn 0.000000 -0.017365 0.098481
vn 0.000000 -0.017365 0.098481
vn 0.000000 0.000000 0.100000
vn 0.000000 -0.017365 0.098481
vn 0.000000 0.000000 0.100000
vn 0.000000 -0.017365 0.098481
vn 0.000000 -0.017365 0.098481
vn 0.000000 -0.034202 0.093969
vn 0.000000 -0.034202 0.093969
vn 0.000000 -0.050000 0.086603
vn 0.000000 -0.050000 0.086603
vn 0.000000 -0.064279 0.076604
vn 0.000000 -0.064279 0.076604
vn 0.000000 -0.076604 0.064279
vn 0.000000 -0.076604 0.064279
vn 0.000000 -0.086603 0.050000
vn 0.000000 -0.086603 0.050000
vn 0.000000 -0.093969 0.034202
vn 0.000000 -0.093969 0.034202
vn 0.000000 -0.093969 0.034202
vn 0.000000 -0.086603 0.050000
vn 0.000000 -0.076604 0.064279
vn 0.000000 -0.064279 0.076604
vn 0.000000 -0.050000 0.086603
vn 0.000000 -0.034202 0.093969
vn 0.000000 0.000000 0.100000
vn 0.000000 0.000000 0.100000
vn -0.070711 -0.070711 0.000000
vn -0.070711 -0.070711 0.000000
vn -0.070711 -0.070711 0.000000
vn -0.070711 -0.070711 0.000000
vn 0.000000 -0.100000 0.000000
vn 0.000000 -0.100000 0.000000
vn 0.000000 -0.100000 0.000000
vn 0.000000 -0.100000 0.000000
vn 0.000000 0.000000 -0.100000
vn 0.000000 0.000000 -0.100000
vn 0.000000 0.000000 -0.100000
vn 0.000000 0.000000 -0.100000
vn 0.070711 -0.070711 0.000000
vn 0.070711 -0.070711 0.000000
vn 0.070711 -0.070711 0.000000
vn 0.070711 -0.070711 0.000000
vn 0.000000 -0.100000 0.000000
vn 0.000000 -0.100000 0.000000
vn 0.000000 -0.100000 0.000000
vn 0.000000 -0.100000 0.000000
vn 0.000000 0.000000 0.100000
vn 0.000000 0.000000 0.100000
vn 0.000000 0.000000 0.100000
vn 0.000000 0.000000 0.100000
vn 0.000000 0.000000 -0.100000
vn 0.000000 0.000000 -0.100000
vn 0.000000 0.000000 -0.100000
vn 0.000000 0.000000 -0.100000
vn -0.100000 0.000000 0.000000
vn -0.100000 0.000000 0.000000
vn -0.100000 0.000000 0.000000
vn -0.100000 0.000000 0.000000
vn 0.000000 0.000000 0.100000
vn 0.000000 0.000000 0.100000
vn 0.000000 0.000000 0.100000
vn 0.000000 0.000000 0.100000
vn 0.100000 0.000000 0.000000
vn 0.100000 0.000000 0.000000
vn 0.100000 0.000000 0.000000
vn 0.100000 0.000000 0.000000
vn -0.009989 0.000000 -0.099500
vn -0.009227 0.000000 -0.099573
vn 0.000000 0.000000 -0.100000
vn 0.009227 0.000000 -0.099573
vn 0.009989 0.000000 -0.099500
vn 0.020117 0.000000 -0.097956
vn 0.027366 0.000000 -0.096183
vn 0.030172 0.000000 -0.095340
vn 0.039952 0.000000 -0.091673
vn 0.044574 0.000000 -0.089516
vn 0.049284 0.000000 -0.087012
vn 0.060263 0.000000 -0.079802
vn 0.058007 0.000000 -0.081457
vn 0.065970 0.000000 -0.075153
vn 0.073901 0.000000 -0.067370
vn 0.073085 0.000000 -0.068254
vn 0.079559 0.000000 -0.060583
vn 0.085022 0.000000 -0.052643
vn 0.085318 0.000000 -0.052162
vn 0.090215 0.000000 -0.043142
vn 0.093247 0.000000 -0.036124
vn 0.094152 0.000000 -0.033697
vn 0.097078 0.000000 -0.023998
vn 0.098297 0.000000 -0.018375
vn 0.098982 0.000000 -0.014234
vn 0.099894 0.000000 -0.004612
vn 0.100000 0.000000 0.000000
vn 0.099888 0.000000 0.004740
vn 0.099001 0.000000 0.014100
vn 0.098297 0.000000 0.018375
vn 0.097223 0.000000 0.023403
vn 0.094567 0.000000 0.032512
vn 0.093247 0.000000 0.036124
vn 0.091073 0.000000 0.041300
vn 0.086796 0.000000 0.049664
vn 0.085022 0.000000 0.052643
vn 0.081804 0.000000 0.057516
vn 0.073901 0.000000 0.067370
vn 0.070051 0.000000 0.071364
vn 0.063351 0.000000 0.077373
vn 0.060263 0.000000 0.079802
vn 0.055858 0.000000 0.082945
vn 0.047646 0.000000 0.087919
vn 0.044574 0.000000 0.089516
vn 0.038821 0.000000 0.092157
vn 0.027366 0.000000 0.096183
vn 0.029492 0.000000 0.095552
vn 0.019795 0.000000 0.098021
vn 0.009227 0.000000 0.099573
vn 0.009903 0.000000 0.099508
vn 0.000000 0.000000 0.100000
vn -0.009227 0.000000 0.099573
vn -0.009903 0.000000 0.099508
vn -0.019795 0.000000 0.098021
vn -0.027366 0.000000 0.096183
vn -0.029492 0.000000 0.095552
vn -0.038821 0.000000 0.092157
vn -0.044574 0.000000 0.089516
vn -0.047646 0.000000 0.087919
vn -0.055858 0.000000 0.082945
vn -0.060263 0.000000 0.079802
vn -0.063351 0.000000 0.077373
vn -0.070051 0.000000 0.071364
vn -0.073901 0.000000 0.067370
vn -0.081804 0.000000 0.057516
vn -0.085022 0.000000 0.052643
vn -0.086796 0.000000 0.049664
vn -0.091073 0.000000 0.041300
vn -0.093247 0.000000 0.036124
vn -0.094567 0.000000 0.032512
vn -0.097223 0.000000 0.023403
vn -0.098297 0.000000 0.018375
vn -0.099001 0.000000 0.014100
vn -0.099888 0.000000 0.004740
vn -0.100000 0.000000 0.000000
vn -0.099894 0.000000 -0.004612
vn -0.098297 0.000000 -0.018375
vn -0.098982 0.000000 -0.014234
vn -0.097078 0.000000 -0.023998
vn -0.093247 0.000000 -0.036124
vn -0.094152 0.000000 -0.033697
vn -0.090215 0.000000 -0.043142
vn -0.085022 0.000000 -0.052643
vn -0.085318 0.000000 -0.052162
vn -0.079559 0.000000 -0.060583
vn -0.073901 0.000000 -0.067370
vn -0.073085 0.000000 -0.068254
vn -0.065970 0.000000 -0.075153
vn -0.060263 0.000000 -0.079802
vn -0.058007 0.000000 -0.081457
vn -0.049284 0.000000 -0.087012
vn -0.044574 0.000000 -0.089516
vn -0.039952 0.000000 -0.091673
vn -0.027366 0.000000 -0.096183
vn -0.030172 0.000000 -0.095340
vn -0.020117 0.000000 -0.097956
vn 0.000000 0.100000 0.000000
vn 0.000000 0.100000 0.000000
vn 0.000000 0.100000 0.000000
vn 0.000000 0.100000 0.000000
vn 0.000000 0.100000 0.000000
vn 0.000000 0.100000 0.000000
vn 0.000000 0.100000 0.000000
vn 0.000000 0.100000 0.000000
vn 0.000000 0.100000 0.000000
vn 0.000000 0.100000 0.000000
vn 0.000000 0.100000 0.000000
vn 0.000000 0.100000 0.000000
vn 0.000000 0.100000 0.000000
vn 0.000000 0.100000 0.000000
vn 0.000000 0.100000 0.000000
vn 0.000000 0.100000 0.000000
vn 0.000000 0.100000 0.000000
vn 0.000000 0.100000 0.000000
vn 0.000000 0.100000 0.000000
vn 0.000000 0.100000 0.000000
vn 0.000000 0.100000 0.000000
vn 0.000000 0.100000 0.000000
vn 0.000000 0.100000 0.000000
vn 0.000000 0.100000 0.000000
vn 0.000000 0.100000 0.000000
vn 0.000000 0.100000 0.000000
vn 0.000000 0.100000 0.000000
vn 0.000000 0.100000 0.000000
vn 0.000000 0.100000 0.000000
vn 0.000000 0.100000 0.000000
vn 0.000000 0.100000 0.000000
vn 0.000000 0.100000 0.000000
vn 0.000000 0.100000 0.000000
vn 0.000000 0.100000 0.000000
vn 0.000000 0.100000 0.000000
vn 0.000000 0.100000 0.000000
vn 0.000000 0.100000 0.000000
vn 0.000000 0.100000 0.000000
vn 0.000000 0.100000 0.000000
vn 0.000000 0.100000 0.000000
vn 0.000000 0.100000 0.000000
vn 0.000000 0.100000 0.000000
vn 0.000000 0.100000 0.000000
vn 0.000000 0.100000 0.000000
vn 0.000000 0.100000 0.000000
vn 0.000000 0.100000 0.000000
vn 0.000000 0.100000 0.000000
vn 0.000000 0.100000 0.000000
vn 0.000000 0.100000 0.000000
vn 0.000000 0.100000 0.000000
vn 0.000000 0.100000 0.000000
vn 0.000000 0.100000 0.000000
vn 0.000000 0.100000 0.000000
vn 0.000000 0.100000 0.000000
vn 0.000000 0.100000 0.000000
vn 0.000000 0.100000 0.000000
vn 0.000000 0.100000 0.000000
vn 0.000000 0.100000 0.000000
vn 0.000000 0.100000 0.000000
vn -0.096858 0.000000 0.024869
vn -0.096858 0.000000 0.024869
vn -0.100000 0.000000 0.000000
vn -0.100000 0.000000 0.000000
vn -0.096858 0.000000 -0.024869
vn -0.096858 0.000000 -0.024869
vn -0.087631 0.000000 -0.048175
vn -0.087631 0.000000 -0.048175
vn -0.072897 0.000000 -0.068455
vn -0.072897 0.000000 -0.068455
vn -0.053583 0.000000 -0.084433
vn -0.053583 0.000000 -0.084433
vn -0.030902 0.000000 -0.095106
vn -0.030902 0.000000 -0.095106
vn -0.006279 0.000000 -0.099803
vn -0.006279 0.000000 -0.099803
vn 0.018738 0.000000 -0.098229
vn 0.018738 0.000000 -0.098229
vn 0.042578 0.000000 -0.090483
vn 0.042578 0.000000 -0.090483
vn 0.063742 0.000000 -0.077051
vn 0.063742 0.000000 -0.077051
vn 0.080902 0.000000 -0.058779
vn 0.080902 0.000000 -0.058779
vn 0.092978 0.000000 -0.036812
vn 0.092978 0.000000 -0.036812
vn 0.099211 0.000000 -0.012533
vn 0.099211 0.000000 -0.012533
vn 0.099211 0.000000 0.012533
vn 0.099211 0.000000 0.012533
vn 0.092978 0.000000 0.036812
vn 0.092978 0.000000 0.036812
vn 0.080902 0.000000 0.058779
vn 0.080902 0.000000 0.058779
vn 0.063742 0.000000 0.077051
vn 0.063742 0.000000 0.077051
vn 0.042578 0.000000 0.090483
vn 0.042578 0.000000 0.090483
vn 0.018738 0.000000 0.098229
vn 0.018738 0.000000 0.098229
vn -0.006279 0.000000 0.099803
vn -0.006279 0.000000 0.099803
vn -0.030902 0.000000 0.095106
vn -0.030902 0.000000 0.095106
vn -0.053583 0.000000 0.084433
vn -0.053583 0.000000 0.084433
vn -0.072897 0.000000 0.068455
vn -0.072897 0.000000 0.068455
vn -0.087631 0.000000 0.048175
vn -0.087631 0.000000 0.048175
vn 0.000000 -0.100000 0.000000
vn 0.000000 -0.100000 0.000000
vn 0.000000 -0.100000 0.000000
vn 0.000000 -0.100000 0.000000
vn 0.000000 -0.100000 0.000000
vn 0.000000 -0.100000 0.000000
vn 0.000000 -0.100000 0.000000
vn 0.000000 -0.100000 0.000000
vn 0.000000 -0.100000 0.000000
vn 0.000000 -0.100000 0.000000
vn 0.000000 -0.100000 0.000000
vn 0.000000 -0.100000 0.000000
vn 0.000000 -0.100000 0.000000
vn 0.000000 -0.100000 0.000000
vn 0.000000 -0.100000 0.000000
vn 0.000000 -0.100000 0.000000
vn 0.000000 -0.100000 0.000000
vn 0.000000 -0.100000 0.000000
vn 0.000000 -0.100000 0.000000
vn 0.000000 -0.100000 0.000000
vn 0.000000 -0.100000 0.000000
vn 0.000000 -0.100000 0.000000
vn 0.000000 -0.100000 0.000000
vn 0.000000 -0.100000 0.000000
vn 0.000000 -0.100000 0.000000
vn 0.000000 -0.100000 0.000000
vn 0.000000 -0.100000 0.000000
vn 0.000000 -0.100000 0.000000
vn 0.000000 -0.100000 0.000000
vn 0.000000 -0.100000 0.000000
vn 0.000000 -0.100000 0.000000
vn 0.000000 -0.100000 0.000000
vn 0.000000 -0.100000 0.000000
vn 0.000000 -0.100000 0.000000
vn 0.000000 -0.100000 0.000000
vn 0.000000 -0.100000 0.000000
vn 0.000000 -0.100000 0.000000
vn 0.050000 0.086603 -0.000000
vn 0.050000 0.086603 -0.000000
vn 0.050000 0.086603 -0.000000
vn 0.050000 0.086603 -0.000000
vn -0.050000 0.086603 -0.000000
vn -0.050000 0.086603 -0.000000
vn -0.050000 0.086603 -0.000000
vn -0.050000 0.086603 -0.000000
vn -0.100000 0.000000 -0.000000
vn -0.100000 0.000000 -0.000000
vn -0.100000 0.000000 -0.000000
vn -0.100000 0.000000 -0.000000
vn -0.050000 -0.086603 0.000000
vn -0.050000 -0.086603 0.000000
vn -0.050000 -0.086603 0.000000
vn -0.050000 -0.086603 0.000000
vn -0.050000 -0.086603 0.000000
vn -0.050000 -0.086603 0.000000
vn -0.050000 -0.086603 0.000000
vn 0.050000 -0.086603 0.000000
vn 0.050000 -0.086603 0.000000
vn 0.050000 -0.086603 0.000000
vn 0.050000 -0.086603 0.000000
vn 0.050000 -0.086603 0.000000
vn 0.050000 -0.086603 0.000000
vn 0.050000 -0.086603 0.000000
vn 0.100000 0.000000 0.000000
vn 0.100000 0.000000 0.000000
vn 0.100000 0.000000 0.000000
vn 0.100000 0.000000 0.000000
vn 0.000000 0.000000 -0.100000
vn 0.000000 0.000000 -0.100000
vn 0.000000 0.000000 -0.100000
vn 0.000000 0.000000 -0.100000
vn 0.000000 0.000000 -0.100000
vn 0.000000 0.000000 -0.100000
vn 0.000000 0.000000 -0.100000
vn 0.000000 0.000000 -0.100000
vn 0.000000 0.000000 -0.100000
vn 0.000000 -0.070711 0.070711
vn 0.000000 -0.070711 0.070711
vn 0.000000 -0.070711 0.070711
vn 0.000000 -0.070711 0.070711
vn 0.000000 -0.070711 0.070711
vn 0.000000 -0.070711 0.070711
vn 0.000000 -0.070711 0.070711
vn -0.000000 0.022062 -0.097536
vn -0.000000 0.022975 -0.097325
vn -0.000000 0.043037 -0.090265
vn -0.000000 0.030420 -0.095261
vn -0.000000 0.044721 -0.089443
vn -0.000000 0.015393 -0.098808
vn -0.000000 0.044721 -0.089443
vn -0.000000 0.022975 -0.097325
vn -0.000000 0.022062 -0.097536
vn -0.000000 0.015393 -0.098808
vn -0.000000 0.030420 -0.095261
vn 0.000000 0.044721 -0.089443
vn 0.000000 0.044721 -0.089443
vn 0.000000 0.100000 -0.000000
vn 0.000000 0.100000 -0.000000
vn 0.000000 0.100000 -0.000000
vn 0.000000 0.100000 -0.000000
vn -0.070711 -0.000000 0.070711
vn -0.070711 -0.000000 0.070711
vn -0.070711 -0.000000 0.070711
vn -0.070711 -0.000000 0.070711
vn 0.070711 -0.000000 0.070711
vn 0.070711 -0.000000 0.070711
vn 0.070711 -0.000000 0.070711
vn 0.070711 -0.000000 0.070711
vn 0.000000 -0.000000 0.100000
vn 0.000000 -0.000000 0.100000
vn 0.000000 -0.000000 0.100000
vn 0.000000 -0.000000 0.100000
vn 0.000000 -0.000000 0.100000
vn 0.000000 -0.000000 0.100000
vn 0.000000 -0.000000 0.100000
vn 0.000000 -0.000000 0.100000
vn 0.000000 -0.000000 0.100000
vn 0.000000 -0.000000 0.100000
vn 0.000000 -0.000000 0.100000
vn -0.000000 0.100000 -0.000000
vn -0.000000 0.100000 -0.000000
vn -0.000000 0.100000 -0.000000
vn -0.000000 0.100000 -0.000000
vn -0.000000 0.070711 -0.070711
vn -0.000000 0.070711 -0.070711
vn -0.000000 0.070711 -0.070711
vn -0.000000 0.070711 -0.070711
vn -0.000000 0.070711 -0.070711
vn -0.000000 0.070711 -0.070711
vn -0.000000 0.070711 -0.070711
vn -0.000000 0.070711 -0.070711
vn -0.000000 0.070711 -0.070711
vn -0.000000 0.070711 -0.070711
vn 0.000000 0.000000 -0.100000
vn 0.000000 0.000000 -0.100000
vn 0.000000 0.000000 -0.100000
vn 0.000000 0.000000 0.100000
vn 0.000000 0.000000 0.100000
vn 0.000000 0.000000 0.100000
vn 0.000000 0.000000 0.100000
vn 0.000000 0.000000 0.100000
vn 0.000000 0.000000 0.100000
vn 0.000000 0.000000 0.100000
vn 0.000000 0.000000 0.100000
vn -0.100000 0.000000 0.000000
vn -0.100000 0.000000 0.000000
vn -0.096593 0.000000 -0.025882
vn -0.096593 0.000000 -0.025882
vn -0.086603 0.000000 -0.050000
vn -0.086603 0.000000 -0.050000
vn -0.070711 0.000000 -0.070711
vn -0.070711 0.000000 -0.070711
vn -0.086603 0.000000 -0.050000
vn -0.096593 0.000000 -0.025882
vn -0.100000 0.000000 0.000000
vn -0.100000 0.000000 0.000000
vn 0.000000 -0.100000 0.000000
vn 0.000000 -0.100000 0.000000
vn 0.000000 -0.100000 0.000000
vn 0.000000 -0.100000 0.000000
vn 0.000000 -0.100000 0.000000
vn 0.000000 -0.100000 0.000000
vn 0.000000 -0.100000 0.000000
vn 0.000000 -0.100000 0.000000
vn 0.000000 -0.100000 0.000000
vn 0.000000 -0.100000 0.000000
vn 0.000000 -0.100000 0.000000
vn 0.000000 -0.100000 0.000000
vn 0.000000 -0.100000 0.000000
vn 0.000000 -0.100000 0.000000
vn 0.000000 -0.100000 0.000000
vn 0.000000 -0.100000 0.000000
vn 0.000000 -0.100000 0.000000
vn 0.000000 -0.100000 0.000000
vn 0.000000 -0.100000 0.000000
vn 0.000000 -0.100000 0.000000
vn 0.000000 -0.100000 0.000000
vn 0.000000 -0.100000 0.000000
vn 0.000000 -0.100000 0.000000
vn 0.000000 -0.100000 0.000000
vn 0.000000 -0.100000 0.000000
vn 0.000000 -0.100000 0.000000
vn 0.000000 -0.100000 0.000000
vn 0.000000 -0.100000 0.000000
vn 0.000000 -0.100000 0.000000
vn 0.000000 -0.100000 0.000000
vn 0.000000 -0.100000 0.000000
vn 0.000000 -0.100000 0.000000
vn 0.000000 -0.100000 0.000000
vn 0.000000 -0.100000 0.000000
vn 0.000000 -0.100000 0.000000
vn 0.000000 -0.100000 0.000000
vn 0.000000 -0.100000 0.000000
vn 0.000000 -0.100000 0.000000
vn 0.000000 -0.100000 0.000000
vn 0.000000 -0.100000 0.000000
vn 0.000000 -0.100000 0.000000
vn 0.000000 -0.100000 0.000000
vn 0.000000 -0.100000 0.000000
vn 0.000000 -0.100000 0.000000
vn 0.000000 -0.100000 0.000000
vn 0.000000 -0.100000 0.000000
vn 0.000000 -0.100000 0.000000
vn 0.000000 -0.100000 0.000000
vn 0.000000 -0.100000 0.000000
vn 0.000000 -0.100000 0.000000
vn 0.000000 -0.100000 0.000000
vn 0.000000 -0.100000 0.000000
vn 0.070711 0.000000 -0.070711
vn 0.070711 0.000000 -0.070711
vn 0.086603 0.000000 -0.050000
vn 0.086603 0.000000 -0.050000
vn 0.096593 0.000000 -0.025882
vn 0.096593 0.000000 -0.025882
vn 0.100000 0.000000 0.000000
vn 0.100000 0.000000 0.000000
vn 0.096593 0.000000 -0.025882
vn 0.086603 0.000000 -0.050000
vn 0.100000 -0.000000 0.000000
vn 0.100000 -0.000000 0.000000
vn 0.000000 0.000000 0.100000
vn -0.000000 0.000000 0.100000
vn 0.025882 0.000000 0.096593
vn 0.025882 0.000000 0.096593
vn 0.050000 0.000000 0.086603
vn 0.050000 0.000000 0.086603
vn 0.070711 0.000000 0.070711
vn 0.070711 0.000000 0.070711
vn 0.086603 0.000000 0.050000
vn 0.086603 0.000000 0.050000
vn 0.096593 0.000000 0.025882
vn 0.096593 0.000000 0.025882
vn 0.100000 0.000000 -0.000000
vn 0.100000 0.000000 -0.000000
vn 0.096593 0.000000 -0.025882
vn 0.096593 0.000000 -0.025882
vn 0.086603 0.000000 -0.050000
vn 0.086603 0.000000 -0.050000
vn 0.070711 0.000000 -0.070711
vn 0.070711 0.000000 -0.070711
vn 0.086603 0.000000 -0.050000
vn 0.096593 0.000000 -0.025882
vn 0.100000 0.000000 -0.000000
vn 0.096593 0.000000 0.025882
vn 0.086603 0.000000 0.050000
vn 0.070711 0.000000 0.070711
vn 0.050000 0.000000 0.086603
vn 0.025882 0.000000 0.096593
vn 0.000000 -0.000000 0.100000
vn 0.000000 -0.000000 0.100000
vn -0.025882 0.000000 0.096593
vn -0.025882 0.000000 0.096593
vn -0.050000 0.000000 0.086603
vn -0.050000 0.000000 0.086603
vn -0.070711 0.000000 0.070711
vn -0.070711 0.000000 0.070711
vn -0.086603 0.000000 0.050000
vn -0.086603 0.000000 0.050000
vn -0.096593 0.000000 0.025882
vn -0.096593 0.000000 0.025882
vn -0.100000 0.000000 -0.000000
vn -0.100000 0.000000 -0.000000
vn -0.096593 0.000000 -0.025882
vn -0.096593 0.000000 -0.025882
vn -0.086603 0.000000 -0.050000
vn -0.086603 0.000000 -0.050000
vn -0.070711 0.000000 -0.070711
vn -0.070711 0.000000 -0.070711
vn -0.086603 0.000000 -0.050000
vn -0.096593 0.000000 -0.025882
vn -0.100000 0.000000 -0.000000
vn -0.096593 0.000000 0.025882
vn -0.086603 0.000000 0.050000
vn -0.070711 0.000000 0.070711
vn -0.050000 0.000000 0.086603
vn -0.025882 0.000000 0.096593
vn 0.000000 -0.020750 0.097823
vn 0.000000 -0.020750 0.097823
vn 0.000000 -0.020750 0.097823
vn 0.000000 -0.020750 0.097823
vn -0.100000 0.000000 -0.000000
vn -0.100000 0.000000 -0.000000
vn -0.100000 0.000000 -0.000000
vn -0.100000 0.000000 -0.000000
vn 0.000000 -0.000000 0.100000
vn 0.000000 -0.000000 0.100000
vn 0.000000 -0.000000 0.100000
vn -0.000000 0.000000 0.100000
vn -0.000000 0.000000 0.100000
vn -0.000000 0.000000 0.100000
vn 0.000000 0.100000 0.000000
vn 0.000000 0.100000 0.000000
vn 0.000000 0.100000 0.000000
vn 0.000000 0.100000 0.000000
vn 0.000000 0.100000 0.000000
vn 0.000000 0.100000 0.000000
vn 0.000000 -0.000000 0.100000
vn 0.000000 -0.000000 0.100000
vn 0.000000 -0.000000 0.100000
vn 0.000000 -0.000000 0.100000
vn 0.000000 -0.000000 0.100000
vn 0.000000 -0.000000 0.100000
vn 0.000000 -0.000000 0.100000
vn 0.000000 -0.000000 0.100000
vn 0.100000 0.000000 0.000000
vn 0.100000 0.000000 0.000000
vn 0.100000 0.000000 0.000000
vn 0.100000 0.000000 0.000000
vn 0.100000 -0.000000 0.000000
vn 0.100000 -0.000000 0.000000
vn 0.100000 -0.000000 0.000000
vn 0.100000 -0.000000 0.000000
vn 0.100000 -0.000000 0.000000
vn 0.100000 -0.000000 0.000000
vn 0.100000 -0.000000 0.000000
vn 0.100000 -0.000000 0.000000
vn 0.100000 -0.000000 0.000000
vn 0.000000 0.000000 0.100000
vn 0.000000 0.000000 0.100000
vn 0.000000 0.000000 0.100000
vn 0.000000 0.000000 0.100000
vn -0.100000 0.000000 0.000000
vn -0.100000 0.000000 0.000000
vn -0.100000 0.000000 0.000000
vn -0.100000 0.000000 0.000000
vn -0.100000 0.000000 0.000000
vn -0.100000 0.000000 0.000000
vn -0.100000 0.000000 0.000000
vn -0.100000 0.000000 0.000000
vn -0.100000 0.000000 0.000000
vn -0.100000 -0.000000 -0.000000
vn -0.098602 -0.016371 -0.003114
vn -0.099452 -0.000000 -0.010453
vn -0.097100 -0.022252 -0.008739
vn -0.095926 -0.022252 -0.017408
vn -0.089734 -0.043388 -0.008076
vn -0.088649 -0.043388 -0.016087
vn -0.086951 -0.048733 -0.008038
vn -0.076927 -0.062349 -0.013960
vn -0.076088 -0.064246 -0.009107
vn -0.061982 -0.077978 -0.008810
vn -0.094154 -0.033153 -0.005983
vn -0.061347 -0.078183 -0.011133
vn -0.043708 -0.089675 -0.006927
vn -0.042691 -0.090097 -0.007747
vn -0.033565 -0.094039 -0.005489
vn -0.041825 -0.090097 -0.011543
vn -0.021894 -0.097493 -0.003973
vn -0.021450 -0.097493 -0.005920
vn 0.000000 -0.100000 0.000000
vn 0.000000 -0.100000 0.000000
vn -0.022827 -0.097286 -0.003790
vn -0.011257 -0.099347 -0.001872
vn 0.000000 -0.100000 0.000000
vn -0.020833 -0.097493 -0.007819
vn 0.000000 -0.100000 0.000000
vn -0.020048 -0.097493 -0.009655
vn -0.000000 -0.100000 -0.000000
vn -0.019105 -0.097493 -0.011409
vn -0.018002 -0.097493 -0.013079
vn -0.037250 -0.090097 -0.022248
vn -0.035102 -0.090097 -0.025503
vn -0.053528 -0.078183 -0.031972
vn -0.050441 -0.078183 -0.036648
vn -0.067120 -0.062349 -0.040093
vn -0.063251 -0.062349 -0.045955
vn -0.077347 -0.043388 -0.046205
vn -0.072890 -0.043388 -0.052958
vn -0.083694 -0.022252 -0.050001
vn -0.078873 -0.022252 -0.057305
vn -0.086603 -0.000000 -0.050000
vn -0.080902 -0.000000 -0.058779
vn -0.073419 -0.022252 -0.064144
vn -0.074314 -0.000000 -0.066913
vn -0.067374 -0.022252 -0.070467
vn -0.066913 -0.000000 -0.074314
vn -0.060786 -0.022252 -0.076223
vn -0.058779 -0.000000 -0.080902
vn -0.053708 -0.022252 -0.081365
vn -0.050000 -0.000000 -0.086603
vn -0.046199 -0.022252 -0.085852
vn -0.040674 -0.000000 -0.091355
vn -0.038317 -0.022252 -0.089647
vn -0.030902 -0.000000 -0.095106
vn -0.030127 -0.022252 -0.092721
vn -0.021694 -0.022252 -0.095048
vn -0.027841 -0.043388 -0.085687
vn -0.020048 -0.043388 -0.087838
vn -0.024160 -0.062349 -0.074357
vn -0.017397 -0.062349 -0.076223
vn -0.019267 -0.078183 -0.059297
vn -0.013874 -0.078183 -0.060786
vn -0.013408 -0.090097 -0.041265
vn -0.009655 -0.090097 -0.042301
vn -0.006876 -0.097493 -0.021163
vn -0.004952 -0.097493 -0.021694
vn 0.000000 -0.100000 0.000000
vn 0.000000 -0.100000 0.000000
vn -0.000000 -0.100000 -0.000000
vn -0.016757 -0.097493 -0.014641
vn -0.032675 -0.090097 -0.028547
vn -0.029984 -0.090097 -0.031361
vn -0.043087 -0.078183 -0.045066
vn -0.038874 -0.078183 -0.048746
vn -0.048746 -0.062349 -0.061126
vn -0.043071 -0.062349 -0.065250
vn -0.049634 -0.043388 -0.075192
vn -0.042694 -0.043388 -0.079339
vn 0.000000 -0.100000 0.000000
vn -0.015378 -0.097493 -0.016084
vn -0.027052 -0.090097 -0.033922
vn -0.034348 -0.078183 -0.052035
vn -0.037049 -0.062349 -0.068848
vn -0.035410 -0.043388 -0.082847
vn 0.000000 -0.100000 0.000000
vn -0.013874 -0.097493 -0.017397
vn -0.023903 -0.090097 -0.036211
vn -0.029545 -0.078183 -0.054904
vn -0.030728 -0.062349 -0.071892
vn 0.000000 -0.100000 0.000000
vn -0.012259 -0.097493 -0.018571
vn -0.020560 -0.090097 -0.038208
vn -0.024505 -0.078183 -0.057332
vn -0.000000 -0.100000 -0.000000
vn -0.010545 -0.097493 -0.019595
vn -0.017053 -0.090097 -0.039897
vn 0.000000 -0.100000 0.000000
vn -0.008746 -0.097493 -0.020461
vn 0.000000 -0.100000 0.000000
vn -0.002987 -0.097493 -0.022051
vn 0.000000 -0.100000 0.000000
vn -0.000998 -0.097493 -0.022230
vn 0.000000 -0.100000 0.000000
vn 0.000998 -0.097493 -0.022230
vn -0.000000 -0.100000 0.000000
vn 0.002987 -0.097493 -0.022051
vn -0.000000 -0.100000 0.000000
vn 0.004952 -0.097493 -0.021694
vn -0.000000 -0.100000 0.000000
vn 0.006876 -0.097493 -0.021163
vn 0.000000 -0.100000 -0.000000
vn 0.008746 -0.097493 -0.020461
vn -0.000000 -0.100000 0.000000
vn 0.010545 -0.097493 -0.019595
vn -0.000000 -0.100000 0.000000
vn 0.012259 -0.097493 -0.018571
vn 0.000000 -0.100000 -0.000000
vn 0.013874 -0.097493 -0.017397
vn -0.000000 -0.100000 0.000000
vn 0.015378 -0.097493 -0.016084
vn -0.000000 -0.100000 0.000000
vn 0.016757 -0.097493 -0.014641
vn -0.000000 -0.100000 0.000000
vn 0.018002 -0.097493 -0.013079
vn -0.000000 -0.100000 0.000000
vn 0.019105 -0.097493 -0.011409
vn 0.020048 -0.097493 -0.009655
vn 0.039092 -0.090097 -0.018826
vn 0.040622 -0.090097 -0.015246
vn 0.058373 -0.078183 -0.021908
vn 0.060102 -0.078183 -0.016587
vn 0.075366 -0.062349 -0.020800
vn 0.076927 -0.062349 -0.013960
vn 0.088649 -0.043388 -0.016087
vn 0.089734 -0.043388 -0.008076
vn 0.097100 -0.022252 -0.008739
vn 0.094154 -0.033153 -0.005983
vn 0.098602 -0.016371 -0.003114
vn -0.000000 -0.100000 0.000000
vn 0.020833 -0.097493 -0.007819
vn 0.041825 -0.090097 -0.011543
vn 0.061347 -0.078183 -0.011133
vn 0.076088 -0.064246 -0.009107
vn 0.086951 -0.048733 -0.008038
vn -0.000000 -0.100000 0.000000
vn 0.021450 -0.097493 -0.005920
vn 0.042691 -0.090097 -0.007747
vn 0.043708 -0.089675 -0.006927
vn 0.061982 -0.077978 -0.008810
vn -0.000000 -0.100000 0.000000
vn 0.021894 -0.097493 -0.003973
vn 0.033565 -0.094039 -0.005489
vn 0.022827 -0.097286 -0.003790
vn 0.011257 -0.099347 -0.001872
vn -0.000000 -0.100000 0.000000
vn 0.100000 -0.000000 -0.000000
vn 0.099452 -0.000000 -0.010453
vn 0.095926 -0.022252 -0.017408
vn 0.097815 -0.000000 -0.020791
vn 0.093979 -0.022252 -0.025937
vn 0.095106 -0.000000 -0.030902
vn 0.091276 -0.022252 -0.034257
vn 0.091355 -0.000000 -0.040674
vn 0.087838 -0.022252 -0.042301
vn 0.086603 -0.000000 -0.050000
vn 0.083694 -0.022252 -0.050001
vn 0.080902 -0.000000 -0.058779
vn 0.078873 -0.022252 -0.057305
vn 0.073419 -0.022252 -0.064144
vn 0.067849 -0.043388 -0.059278
vn 0.062263 -0.043388 -0.065122
vn 0.054029 -0.062349 -0.056510
vn 0.048746 -0.062349 -0.061126
vn 0.038874 -0.078183 -0.048746
vn 0.034348 -0.078183 -0.052035
vn 0.023903 -0.090097 -0.036211
vn 0.020560 -0.090097 -0.038208
vn 0.074314 -0.000000 -0.066913
vn 0.067374 -0.022252 -0.070467
vn 0.056174 -0.043388 -0.070441
vn 0.043071 -0.062349 -0.065250
vn 0.029545 -0.078183 -0.054904
vn 0.017053 -0.090097 -0.039897
vn 0.066913 -0.000000 -0.074314
vn 0.060786 -0.022252 -0.076223
vn 0.049634 -0.043388 -0.075192
vn 0.037049 -0.062349 -0.068848
vn 0.024505 -0.078183 -0.057332
vn 0.013408 -0.090097 -0.041265
vn 0.058779 -0.000000 -0.080902
vn 0.053708 -0.022252 -0.081365
vn 0.042694 -0.043388 -0.079339
vn 0.030728 -0.062349 -0.071892
vn 0.019267 -0.078183 -0.059297
vn 0.009655 -0.090097 -0.042301
vn 0.050000 -0.000000 -0.086603
vn 0.046199 -0.022252 -0.085852
vn 0.035410 -0.043388 -0.082847
vn 0.024160 -0.062349 -0.074357
vn 0.013874 -0.078183 -0.060786
vn 0.005824 -0.090097 -0.042996
vn 0.040674 -0.000000 -0.091355
vn 0.038317 -0.022252 -0.089647
vn 0.027841 -0.043388 -0.085687
vn 0.017397 -0.062349 -0.076223
vn 0.008369 -0.078183 -0.061785
vn 0.001947 -0.090097 -0.043345
vn 0.030902 -0.000000 -0.095106
vn 0.030127 -0.022252 -0.092721
vn 0.020048 -0.043388 -0.087838
vn 0.010495 -0.062349 -0.077476
vn 0.002797 -0.078183 -0.062286
vn -0.001947 -0.090097 -0.043345
vn 0.021694 -0.022252 -0.095048
vn 0.020791 -0.000000 -0.097815
vn 0.013087 -0.022252 -0.096610
vn 0.010453 -0.000000 -0.099452
vn 0.004374 -0.022252 -0.097395
vn -0.000000 -0.000000 -0.100000
vn -0.004374 -0.022252 -0.097395
vn -0.010453 -0.000000 -0.099452
vn -0.013087 -0.022252 -0.096610
vn -0.020791 -0.000000 -0.097815
vn -0.087838 -0.022252 -0.042301
vn -0.091355 -0.000000 -0.040674
vn -0.091276 -0.022252 -0.034257
vn -0.095106 -0.000000 -0.030902
vn -0.093979 -0.022252 -0.025937
vn -0.097815 -0.000000 -0.020791
vn -0.060102 -0.078183 -0.016587
vn -0.058373 -0.078183 -0.021908
vn -0.040622 -0.090097 -0.015246
vn -0.056174 -0.078183 -0.027052
vn -0.039092 -0.090097 -0.018826
vn -0.075366 -0.062349 -0.020800
vn -0.073198 -0.062349 -0.027472
vn -0.070441 -0.062349 -0.033922
vn -0.086850 -0.043388 -0.023969
vn -0.084352 -0.043388 -0.031658
vn -0.081174 -0.043388 -0.039092
vn -0.046953 -0.078183 -0.041022
vn -0.058877 -0.062349 -0.051440
vn -0.067849 -0.043388 -0.059278
vn -0.054029 -0.062349 -0.056510
vn -0.062263 -0.043388 -0.065122
vn -0.056174 -0.043388 -0.070441
vn -0.005824 -0.090097 -0.042996
vn -0.008369 -0.078183 -0.061785
vn -0.002797 -0.078183 -0.062286
vn -0.010495 -0.062349 -0.077476
vn -0.003508 -0.062349 -0.078104
vn 0.003508 -0.062349 -0.078104
vn -0.012094 -0.043388 -0.089281
vn -0.004042 -0.043388 -0.090006
vn 0.004042 -0.043388 -0.090006
vn 0.012094 -0.043388 -0.089281
vn 0.027052 -0.090097 -0.033922
vn 0.043087 -0.078183 -0.045066
vn 0.058877 -0.062349 -0.051440
vn 0.072890 -0.043388 -0.052958
vn 0.029984 -0.090097 -0.031361
vn 0.046953 -0.078183 -0.041022
vn 0.063251 -0.062349 -0.045955
vn 0.077347 -0.043388 -0.046205
vn 0.032675 -0.090097 -0.028547
vn 0.050441 -0.078183 -0.036648
vn 0.067120 -0.062349 -0.040093
vn 0.081174 -0.043388 -0.039092
vn 0.035102 -0.090097 -0.025503
vn 0.053528 -0.078183 -0.031972
vn 0.070441 -0.062349 -0.033922
vn 0.084352 -0.043388 -0.031658
vn 0.037250 -0.090097 -0.022248
vn 0.056174 -0.078183 -0.027052
vn 0.073198 -0.062349 -0.027472
vn 0.086850 -0.043388 -0.023969
vn 0.000000 -0.070711 -0.070711
vn 0.000000 -0.070711 -0.070711
vn 0.000000 -0.070711 -0.070711
vn 0.000000 -0.070711 -0.070711
vn 0.000000 -0.070711 -0.070711
vn 0.000000 -0.070711 -0.070711
vn 0.000000 -0.070711 -0.070711
vn 0.000000 -0.070711 -0.070711
vn 0.000000 -0.070711 -0.070711
vn 0.000000 -0.070711 -0.070711
vn 0.000000 -0.070711 -0.070711
vn 0.000000 -0.070711 -0.070711
vn 0.000000 -0.070711 -0.070711
vn 0.000000 -0.070711 -0.070711
vn 0.000000 -0.070711 -0.070711
vn 0.000000 -0.070711 -0.070711
vn 0.000000 -0.070711 -0.070711
vn 0.000000 -0.070711 -0.070711
vn 0.000000 -0.070711 -0.070711
vn 0.000000 -0.070711 -0.070711
vn 0.000000 -0.070711 -0.070711
vn 0.000000 -0.070711 -0.070711
vn 0.000000 -0.070711 -0.070711
vn 0.000000 -0.070711 -0.070711
vn 0.000000 -0.070711 -0.070711
vn 0.000000 -0.070711 -0.070711
vn 0.000000 -0.070711 -0.070711
vn 0.000000 -0.070711 -0.070711
vn 0.000000 -0.100000 0.000000
vn 0.000000 -0.100000 0.000000
vn 0.000000 -0.100000 0.000000
vn 0.000000 -0.100000 0.000000
vn -0.100000 0.000000 0.000000
vn -0.100000 0.000000 0.000000
vn -0.100000 0.000000 0.000000
vn -0.100000 0.000000 0.000000
vn -0.100000 0.000000 0.000000
vn -0.100000 0.000000 0.000000
vn -0.100000 0.000000 0.000000
vn 0.100000 -0.000000 0.000000
vn 0.100000 -0.000000 0.000000
vn 0.100000 -0.000000 0.000000
vn 0.100000 -0.000000 0.000000
vn 0.100000 -0.000000 0.000000
vn 0.100000 -0.000000 0.000000
vn 0.100000 -0.000000 0.000000
vn 0.000000 0.070711 -0.070711
vn 0.000000 0.070711 -0.070711
vn 0.000000 0.070711 -0.070711
vn 0.000000 0.070711 -0.070711
vn 0.000000 0.070711 -0.070711
vn 0.000000 0.070711 -0.070711
vn 0.000000 0.070711 -0.070711
vn 0.000000 0.070711 -0.070711
vn 0.000000 0.000000 -0.100000
vn 0.000000 0.000000 -0.100000
vn 0.000000 0.000000 -0.100000
vn 0.000000 0.000000 -0.100000
vn 0.000000 0.000000 -0.100000
vn 0.000000 0.000000 -0.100000
vn 0.000000 0.000000 -0.100000
vn 0.000000 0.000000 -0.100000
vn 0.000000 0.000000 -0.100000
vn 0.000000 0.000000 0.100000
vn 0.000000 0.000000 0.100000
vn 0.000000 0.000000 0.100000
vn 0.000000 0.000000 0.100000
vn -0.000000 0.100000 -0.000000
vn -0.000000 0.100000 -0.000000
vn -0.000000 0.100000 -0.000000
vn -0.000000 0.100000 -0.000000
vn -0.000000 0.100000 -0.000000
vn -0.000000 0.100000 -0.000000
vn -0.000000 0.100000 -0.000000
vn -0.000000 0.100000 -0.000000
vn -0.000000 0.100000 -0.000000
vn -0.000000 0.100000 -0.000000
vn -0.000000 0.100000 -0.000000
vn -0.000000 0.100000 -0.000000
vn -0.000000 0.100000 -0.000000
vn -0.000000 0.100000 -0.000000
vn -0.000000 0.100000 -0.000000
vn -0.000000 0.100000 -0.000000
vn -0.000000 0.100000 -0.000000
vn -0.000000 0.100000 -0.000000
vn -0.000000 0.100000 -0.000000
vn -0.000000 0.100000 -0.000000
vn -0.000000 0.100000 -0.000000
vn -0.000000 0.100000 -0.000000
vn -0.000000 0.100000 -0.000000
vn -0.000000 0.100000 -0.000000
vn -0.000000 0.100000 -0.000000
vn -0.000000 0.100000 -0.000000
vn -0.000000 0.100000 -0.000000
vn -0.000000 0.100000 -0.000000
vn -0.000000 0.100000 -0.000000
vn -0.000000 0.100000 -0.000000
vn -0.000000 0.100000 -0.000000
vn -0.000000 0.100000 -0.000000
vn -0.000000 0.100000 -0.000000
vn -0.000000 0.100000 -0.000000
vn -0.000000 0.100000 -0.000000
vn -0.000000 0.100000 -0.000000
vn -0.000000 0.100000 -0.000000
vn -0.000000 0.100000 -0.000000
vn -0.000000 0.100000 -0.000000
vn -0.000000 0.100000 -0.000000
vn -0.000000 0.100000 -0.000000
vn 0.050000 0.050000 0.070711
vn 0.050000 0.050000 0.070711
vn 0.050000 0.050000 0.070711
vn 0.050000 0.050000 0.070711
vn 0.000000 0.000000 0.100000
vn 0.000000 0.000000 0.100000
vn 0.000000 0.000000 0.100000
vn 0.000000 0.000000 0.100000
vn 0.081650 0.040825 -0.040825
vn 0.081650 0.040825 -0.040825
vn 0.081650 0.040825 -0.040825
vn 0.081650 0.040825 -0.040825
vn 0.081650 0.040825 -0.040825
vn 0.081650 0.040825 -0.040825
vn 0.081650 0.040825 -0.040825
vn 0.070711 0.070711 0.000000
vn 0.070711 0.070711 0.000000
vn 0.070711 0.070711 0.000000
vn 0.070711 0.070711 0.000000
vn 0.070711 0.070711 0.000000
vn 0.070711 0.070711 0.000000
vn 0.070711 0.070711 0.000000
vn 0.070711 0.070711 0.000000
vn 0.070711 0.070711 0.000000
vn -0.081650 0.040825 -0.040825
vn -0.081650 0.040825 -0.040825
vn -0.081650 0.040825 -0.040825
vn -0.081650 0.040825 -0.040825
vn -0.081650 0.040825 -0.040825
vn -0.081650 0.040825 -0.040825
vn -0.081650 0.040825 -0.040825
vn -0.070711 0.000000 -0.070711
vn -0.070711 0.000000 -0.070711
vn -0.070711 0.000000 -0.070711
vn -0.070711 0.000000 -0.070711
vn -0.070711 0.000000 -0.070711
vn -0.070711 0.000000 -0.070711
vn -0.070711 0.000000 -0.070711
vn -0.070711 0.000000 -0.070711
vn -0.050000 0.050000 0.070711
vn -0.050000 0.050000 0.070711
vn -0.050000 0.050000 0.070711
vn -0.050000 0.050000 0.070711
vn -0.070711 0.070711 0.000000
vn -0.070711 0.070711 0.000000
vn -0.070711 0.070711 0.000000
vn -0.070711 0.070711 0.000000
vn -0.070711 0.070711 0.000000
vn -0.070711 0.070711 0.000000
vn -0.070711 0.070711 0.000000
vn -0.070711 0.070711 0.000000
vn -0.070711 0.070711 0.000000
vn 0.070711 -0.000000 -0.070711
vn 0.070711 -0.000000 -0.070711
vn 0.070711 -0.000000 -0.070711
vn 0.070711 -0.000000 -0.070711
vn 0.070711 -0.000000 -0.070711
vn 0.070711 -0.000000 -0.070711
vn 0.070711 -0.000000 -0.070711
vn 0.070711 -0.000000 -0.070711
vn 0.000000 0.000000 0.100000
vn 0.000000 0.000000 0.100000
vn 0.000000 0.000000 0.100000
vn 0.000000 0.000000 0.100000
vn 0.000000 -0.100000 0.000000
vn 0.000000 -0.100000 0.000000
vn 0.000000 -0.100000 0.000000
vn 0.000000 -0.100000 0.000000
vn 0.100000 0.000000 0.000000
vn 0.100000 0.000000 0.000000
vn 0.100000 0.000000 0.000000
vn 0.100000 0.000000 0.000000
vn 0.100000 0.000000 0.000000
vn 0.100000 0.000000 0.000000
vn 0.100000 0.000000 0.000000
vn 0.100000 0.000000 0.000000
vn 0.000000 0.000000 0.100000
vn 0.000000 0.000000 0.100000
vn 0.000000 0.000000 0.100000
vn 0.000000 0.000000 0.100000
vn 0.000000 0.000000 0.100000
vn 0.000000 0.000000 0.100000
vn 0.000000 0.000000 0.100000
vn 0.000000 0.000000 0.100000
vn 0.000000 -0.100000 0.000000
vn 0.000000 -0.100000 0.000000
vn 0.000000 -0.100000 0.000000
vn 0.000000 -0.100000 0.000000
vn -0.100000 0.000000 -0.000000
vn -0.100000 0.000000 -0.000000
vn -0.100000 0.000000 -0.000000
vn -0.100000 0.000000 -0.000000
vn -0.100000 0.000000 -0.000000
vn -0.100000 0.000000 -0.000000
vn -0.100000 0.000000 -0.000000
vn -0.100000 0.000000 -0.000000
vn 0.000000 -0.100000 0.000000
vn 0.000000 -0.100000 0.000000
vn 0.000000 -0.100000 0.000000
vn 0.000000 -0.100000 0.000000
vn 0.000000 -0.100000 0.000000
vn 0.000000 -0.100000 0.000000
vn 0.000000 -0.100000 0.000000
vn -0.100000 0.000000 0.000000
vn -0.100000 0.000000 0.000000
vn -0.100000 0.000000 0.000000
vn -0.100000 0.000000 0.000000
vn 0.000000 0.000000 0.100000
vn 0.000000 0.000000 0.100000
vn 0.000000 0.000000 0.100000
vn 0.000000 0.000000 0.100000
vn 0.100000 0.000000 0.000000
vn 0.100000 0.000000 0.000000
vn 0.100000 0.000000 0.000000
vn 0.100000 0.000000 0.000000
vn 0.000000 0.100000 0.000000
vn 0.000000 0.100000 0.000000
vn 0.000000 0.100000 0.000000
vn 0.000000 0.100000 0.000000
vn 0.000000 0.000000 0.100000
vn 0.000000 0.000000 0.100000
vn 0.000000 0.000000 0.100000
vn 0.000000 0.000000 0.100000
vn 0.000000 0.000000 -0.100000
vn 0.000000 0.000000 -0.100000
vn 0.000000 0.000000 -0.100000
vn 0.000000 0.000000 0.100000
vn 0.000000 0.000000 0.100000
vn 0.000000 0.000000 0.100000
vn 0.000000 0.000000 0.100000
usemtl Steel_-_Satin
f 2/1/1 3/2/2 1/3/3
f 1/3/3 3/2/2 4/4/4
f 1/3/3 4/4/4 5/5/5
f 2/6/6 6/7/7 3/8/8
f 3/8/8 6/7/7 8/9/9
f 8/9/9 6/7/7 7/10/10
f 10/11/11 11/12/12 9/13/13
f 9/13/13 11/12/12 12/14/14
f 9/13/13 12/14/14 13/15/15
f 10/16/16 14/17/17 11/18/18
f 11/18/18 14/17/17 16/19/19
f 16/19/19 14/17/17 15/20/20
f 6/21/21 2/22/22 22/23/23
f 22/23/23 2/22/22 21/24/24
f 21/24/24 2/22/22 18/25/25
f 21/24/24 18/25/25 20/26/26
f 20/26/26 18/25/25 19/27/27
f 1/28/28 17/29/29 2/22/22
f 2/22/22 17/29/29 18/25/25
f 4/30/30 68/31/31 5/32/32
f 5/32/32 68/31/31 69/33/33
f 5/32/32 69/33/33 65/34/34
f 65/34/34 69/33/33 66/35/35
f 65/34/34 66/35/35 53/36/36
f 53/36/36 66/35/35 52/37/37
f 52/37/37 66/35/35 51/38/38
f 51/38/38 66/35/35 67/39/39
f 51/38/38 67/39/39 23/40/40
f 23/40/40 67/39/39 68/31/31
f 23/40/40 68/31/31 4/30/30
f 23/40/40 24/41/41 51/38/38
f 51/38/38 24/41/41 50/42/42
f 50/42/42 24/41/41 25/43/43
f 50/42/42 25/43/43 49/44/44
f 49/44/44 25/43/43 26/45/45
f 49/44/44 26/45/45 27/46/46
f 28/47/47 44/48/48 27/46/46
f 27/46/46 44/48/48 45/49/49
f 27/46/46 45/49/49 46/50/50
f 29/51/51 41/52/52 28/47/47
f 28/47/47 41/52/52 42/53/53
f 28/47/47 42/53/53 43/54/54
f 41/52/52 29/51/51 40/55/55
f 40/55/55 29/51/51 30/56/56
f 40/55/55 30/56/56 39/57/57
f 39/57/57 30/56/56 38/58/58
f 38/58/58 30/56/56 31/59/59
f 38/58/58 31/59/59 37/60/60
f 37/60/60 31/59/59 36/61/61
f 36/61/61 31/59/59 32/62/62
f 36/61/61 32/62/62 35/63/63
f 35/63/63 32/62/62 33/64/64
f 35/63/63 33/64/64 34/65/65
f 43/54/54 44/48/48 28/47/47
f 46/50/50 47/66/66 27/46/46
f 27/46/46 47/66/66 48/67/67
f 27/46/46 48/67/67 49/44/44
f 53/36/36 54/68/68 65/34/34
f 65/34/34 54/68/68 55/69/69
f 65/34/34 55/69/69 56/70/70
f 56/70/70 57/71/71 65/34/34
f 65/34/34 57/71/71 58/72/72
f 65/34/34 58/72/72 59/73/73
f 60/74/74 62/75/75 59/73/73
f 59/73/73 62/75/75 64/76/76
f 59/73/73 64/76/76 65/34/34
f 60/74/74 61/77/77 62/75/75
f 62/75/75 63/78/78 64/76/76
f 14/79/79 10/80/80 75/81/81
f 75/81/81 10/80/80 74/82/82
f 74/82/82 10/80/80 71/83/83
f 74/82/82 71/83/83 72/84/84
f 9/85/85 70/86/86 10/80/80
f 10/80/80 70/86/86 71/83/83
f 72/84/84 73/87/87 74/82/82
f 9/88/88 13/89/89 70/90/90
f 70/90/90 13/89/89 76/91/91
f 1/92/92 5/93/93 17/94/94
f 17/94/94 5/93/93 65/95/95
f 17/94/94 65/95/95 77/96/96
f 78/97/97 105/98/98 77/96/96
f 77/96/96 105/98/98 106/99/99
f 77/96/96 106/99/99 107/100/100
f 79/101/101 102/102/102 78/97/97
f 78/97/97 102/102/102 103/103/103
f 78/97/97 103/103/103 104/104/104
f 80/105/105 96/106/106 79/101/101
f 79/101/101 96/106/106 97/107/107
f 79/101/101 97/107/107 98/108/108
f 81/109/109 75/110/110 80/105/105
f 80/105/105 75/110/110 83/111/111
f 80/105/105 83/111/111 94/112/112
f 94/112/112 83/111/111 93/113/113
f 93/113/113 83/111/111 92/114/114
f 92/114/114 83/111/111 91/115/115
f 91/115/115 83/111/111 90/116/116
f 90/116/116 83/111/111 89/117/117
f 89/117/117 83/111/111 88/118/118
f 88/118/118 83/111/111 85/119/119
f 88/118/118 85/119/119 86/120/120
f 81/109/109 15/121/121 75/110/110
f 75/110/110 15/121/121 14/122/122
f 75/110/110 82/123/123 83/111/111
f 83/111/111 84/124/124 85/119/119
f 86/120/120 87/125/125 88/118/118
f 94/112/112 95/126/126 80/105/105
f 80/105/105 95/126/126 96/106/106
f 98/108/108 99/127/127 79/101/101
f 79/101/101 99/127/127 102/102/102
f 99/127/127 100/128/128 102/102/102
f 102/102/102 100/128/128 101/129/129
f 104/104/104 105/98/98 78/97/97
f 77/96/96 107/100/100 118/130/130
f 118/130/130 107/100/100 108/131/131
f 118/130/130 108/131/131 109/132/132
f 109/132/132 110/133/133 118/130/130
f 118/130/130 110/133/133 111/134/134
f 118/130/130 111/134/134 112/135/135
f 112/135/135 113/136/136 118/130/130
f 118/130/130 113/136/136 116/137/137
f 118/130/130 116/137/137 117/138/138
f 114/139/139 115/140/140 113/136/136
f 113/136/136 115/140/140 116/137/137
f 119/141/141 17/94/94 118/130/130
f 118/130/130 17/94/94 77/96/96
f 12/142/142 134/143/143 13/144/144
f 13/144/144 134/143/143 131/145/145
f 13/144/144 131/145/145 76/146/146
f 76/146/146 131/145/145 132/147/147
f 76/146/146 132/147/147 125/148/148
f 125/148/148 132/147/147 133/149/149
f 125/148/148 133/149/149 124/150/150
f 124/150/150 133/149/149 121/151/151
f 124/150/150 121/151/151 122/152/152
f 12/142/142 120/153/153 134/143/143
f 134/143/143 120/153/153 133/149/149
f 133/149/149 120/153/153 121/151/151
f 122/152/152 123/154/154 124/150/150
f 126/155/155 127/156/156 125/148/148
f 125/148/148 127/156/156 130/157/157
f 125/148/148 130/157/157 76/146/146
f 127/156/156 128/158/158 130/157/157
f 130/157/157 128/158/158 129/159/159
f 135/160/160 136/161/161 138/162/162
f 138/162/162 136/161/161 137/163/163
f 140/164/164 141/165/165 139/166/166
f 139/166/166 141/165/165 142/167/167
f 138/168/168 141/169/169 135/170/170
f 135/170/170 141/169/169 140/171/171
f 136/172/172 139/173/173 137/174/174
f 137/174/174 139/173/173 142/175/175
f 137/176/176 142/177/177 144/178/178
f 144/178/178 142/177/177 143/179/179
f 142/180/180 141/181/181 143/182/182
f 143/182/182 141/181/181 145/183/183
f 187/184/184 16/185/185 139/186/186
f 139/186/186 16/185/185 15/187/187
f 139/186/186 15/187/187 140/188/188
f 140/188/188 15/187/187 81/189/189
f 140/188/188 81/189/189 135/190/190
f 135/190/190 81/189/189 157/191/191
f 135/190/190 157/191/191 158/192/192
f 146/193/193 151/194/194 81/189/189
f 81/189/189 151/194/194 152/195/195
f 81/189/189 152/195/195 153/196/196
f 147/197/197 148/198/198 146/193/193
f 146/193/193 148/198/198 151/194/194
f 149/199/199 150/200/200 148/198/198
f 148/198/198 150/200/200 151/194/194
f 153/196/196 154/201/201 81/189/189
f 81/189/189 154/201/201 155/202/202
f 81/189/189 155/202/202 156/203/203
f 156/203/203 157/191/191 81/189/189
f 158/192/192 159/204/204 135/190/190
f 135/190/190 159/204/204 136/205/205
f 136/205/205 159/204/204 187/184/184
f 136/205/205 187/184/184 139/186/186
f 187/184/184 159/204/204 186/206/206
f 186/206/206 159/204/204 160/207/207
f 186/206/206 160/207/207 185/208/208
f 185/208/208 160/207/207 161/209/209
f 185/208/208 161/209/209 184/210/210
f 184/210/210 161/209/209 183/211/211
f 183/211/211 161/209/209 162/212/212
f 183/211/211 162/212/212 163/213/213
f 163/213/213 164/214/214 183/211/211
f 183/211/211 164/214/214 165/215/215
f 183/211/211 165/215/215 166/216/216
f 183/211/211 166/216/216 182/217/217
f 182/217/217 166/216/216 167/218/218
f 182/217/217 167/218/218 168/219/219
f 168/219/219 169/220/220 182/217/217
f 182/217/217 169/220/220 181/221/221
f 181/221/221 169/220/220 170/222/222
f 181/221/221 170/222/222 180/223/223
f 180/223/223 170/222/222 171/224/224
f 180/223/223 171/224/224 172/225/225
f 180/223/223 172/225/225 179/226/226
f 179/226/226 172/225/225 173/227/227
f 179/226/226 173/227/227 174/228/228
f 179/226/226 174/228/228 178/229/229
f 178/229/229 174/228/228 175/230/230
f 178/229/229 175/230/230 177/231/231
f 177/231/231 175/230/230 176/232/232
f 132/233/233 131/234/234 189/235/235
f 189/235/235 131/234/234 188/236/236
f 190/237/237 188/238/238 134/239/239
f 134/239/239 188/238/238 131/240/240
f 132/241/241 189/242/242 133/243/243
f 133/243/243 189/242/242 191/244/244
f 134/245/245 133/246/246 190/247/247
f 190/247/247 133/246/246 191/248/248
f 191/249/249 189/250/250 193/251/251
f 193/251/251 189/250/250 192/252/252
f 189/253/253 188/254/254 192/255/255
f 192/255/255 188/254/254 194/256/256
f 138/257/257 137/258/258 195/259/259
f 195/259/259 137/258/258 144/260/260
f 188/261/261 190/262/262 194/263/263
f 194/263/263 190/262/262 196/264/264
f 197/265/265 198/266/266 193/267/267
f 193/267/267 198/266/266 196/268/268
f 197/269/269 193/270/270 199/271/271
f 199/271/271 193/270/270 192/272/272
f 200/273/273 199/274/274 194/275/275
f 194/275/275 199/274/274 192/276/276
f 194/277/277 196/278/278 200/279/279
f 200/279/279 196/278/278 198/280/280
f 190/281/281 191/282/282 196/283/283
f 196/283/283 191/282/282 193/284/284
f 198/285/285 197/286/286 200/287/287
f 200/287/287 197/286/286 199/288/288
f 201/289/289 202/290/290 143/291/291
f 143/291/291 202/290/290 144/292/292
f 201/293/293 143/294/294 203/295/295
f 203/295/295 143/294/294 145/296/296
f 204/297/297 203/298/298 195/299/299
f 195/299/299 203/298/298 145/300/300
f 195/301/301 144/302/302 204/303/303
f 204/303/303 144/302/302 202/304/304
f 202/305/305 201/306/306 204/307/307
f 204/307/307 201/306/306 203/308/308
f 141/309/309 138/310/310 145/311/311
f 145/311/311 138/310/310 195/312/312
f 205/313/313 206/314/314 208/315/315
f 208/315/315 206/314/314 207/316/316
f 206/317/317 209/318/318 207/319/319
f 207/319/319 209/318/318 210/320/320
f 209/321/321 211/322/322 210/323/323
f 210/323/323 211/322/322 212/324/324
f 212/325/325 211/326/326 208/327/327
f 208/327/327 211/326/326 205/328/328
f 212/329/329 208/330/330 214/331/331
f 214/331/331 208/330/330 213/332/332
f 208/333/333 207/334/334 213/335/335
f 213/335/335 207/334/334 215/336/336
f 206/337/337 205/338/338 209/339/339
f 209/339/339 205/338/338 211/340/340
f 216/341/341 217/342/342 219/343/343
f 219/343/343 217/342/342 218/344/344
f 217/345/345 220/346/346 218/347/347
f 218/347/347 220/346/346 221/348/348
f 220/349/349 222/350/350 221/351/351
f 221/351/351 222/350/350 223/352/352
f 223/353/353 222/354/354 219/355/355
f 219/355/355 222/354/354 216/356/356
f 223/357/357 219/358/358 225/359/359
f 225/359/359 219/358/358 224/360/360
f 219/361/361 218/362/362 224/363/363
f 224/363/363 218/362/362 226/364/364
f 217/365/365 216/366/366 220/367/367
f 220/367/367 216/366/366 222/368/368
f 66/369/369 225/370/370 67/371/371
f 67/371/371 225/370/370 224/372/372
f 227/373/373 225/374/374 69/375/375
f 69/375/375 225/374/374 66/376/376
f 68/377/377 67/378/378 226/379/379
f 226/379/379 67/378/378 224/380/380
f 69/381/381 68/382/382 227/383/383
f 227/383/383 68/382/382 226/384/384
f 239/385/385 8/386/386 241/387/387
f 241/387/387 8/386/386 7/388/388
f 241/387/387 7/388/388 240/389/389
f 240/389/389 7/388/388 228/390/390
f 240/389/389 228/390/390 243/391/391
f 243/391/391 228/390/390 234/392/392
f 243/391/391 234/392/392 242/393/393
f 242/393/393 234/392/392 235/394/394
f 242/393/393 235/394/394 238/395/395
f 238/395/395 235/394/394 237/396/396
f 237/396/396 235/394/394 236/397/397
f 228/390/390 229/398/398 234/392/392
f 234/392/392 229/398/398 232/399/399
f 234/392/392 232/399/399 233/400/400
f 230/401/401 231/402/402 229/398/398
f 229/398/398 231/402/402 232/399/399
f 238/395/395 239/385/385 242/393/393
f 242/393/393 239/385/385 241/387/387
f 240/403/403 214/404/404 241/405/405
f 241/405/405 214/404/404 213/406/406
f 213/407/407 215/408/408 241/409/409
f 241/409/409 215/408/408 242/410/410
f 243/411/411 242/412/412 244/413/413
f 244/413/413 242/412/412 215/414/414
f 240/415/415 243/416/416 214/417/417
f 214/417/417 243/416/416 244/418/418
f 218/419/419 221/420/420 226/421/421
f 226/421/421 221/420/420 227/422/422
f 221/423/423 223/424/424 227/425/425
f 227/425/425 223/424/424 225/426/426
f 207/427/427 210/428/428 215/429/429
f 215/429/429 210/428/428 244/430/430
f 210/431/431 212/432/432 244/433/433
f 244/433/433 212/432/432 214/434/434
f 245/435/435 246/436/436 247/437/437
f 248/438/438 249/439/439 246/440/440
f 246/440/440 249/439/439 247/441/441
f 231/442/442 245/443/443 232/444/444
f 232/444/444 245/443/443 247/445/445
f 251/446/446 246/447/447 250/448/448
f 250/448/448 246/447/447 245/449/449
f 250/450/450 20/451/451 251/452/452
f 251/452/452 20/451/451 252/453/453
f 251/452/452 252/453/453 254/454/454
f 254/454/454 252/453/453 253/455/455
f 250/450/450 230/456/456 20/451/451
f 20/451/451 230/456/456 21/457/457
f 21/457/457 230/456/456 229/458/458
f 245/459/459 231/460/460 250/461/461
f 250/461/461 231/460/460 230/462/462
f 255/463/463 256/464/464 257/465/465
f 258/466/466 259/467/467 256/468/468
f 256/468/468 259/467/467 257/469/469
f 261/470/470 255/471/471 260/472/472
f 260/472/472 255/471/471 257/473/473
f 127/474/474 256/475/475 128/476/476
f 128/476/476 256/475/475 255/477/477
f 258/478/478 125/479/479 259/480/480
f 259/480/480 125/479/479 262/481/481
f 259/480/480 262/481/481 264/482/482
f 264/482/482 262/481/481 263/483/483
f 258/478/478 126/484/484 125/479/479
f 256/485/485 127/486/486 258/487/487
f 258/487/487 127/486/486 126/488/488
f 57/489/489 265/490/490 58/491/491
f 58/491/491 265/490/490 266/492/492
f 58/491/491 266/492/492 152/493/493
f 152/493/493 266/492/492 267/494/494
f 152/493/493 267/494/494 153/495/495
f 153/495/495 267/494/494 154/496/496
f 154/496/496 267/494/494 270/497/497
f 154/496/496 270/497/497 155/498/498
f 155/498/498 270/497/497 273/499/499
f 155/498/498 273/499/499 156/500/500
f 156/500/500 273/499/499 276/501/501
f 156/500/500 276/501/501 157/502/502
f 157/502/502 276/501/501 279/503/503
f 157/502/502 279/503/503 158/504/504
f 158/504/504 279/503/503 282/505/505
f 158/504/504 282/505/505 159/506/506
f 159/506/506 282/505/505 285/507/507
f 159/506/506 285/507/507 160/508/508
f 160/508/508 285/507/507 284/509/509
f 160/508/508 284/509/509 50/510/510
f 50/510/510 284/509/509 283/511/511
f 50/510/510 283/511/511 51/512/512
f 51/512/512 283/511/511 52/513/513
f 52/513/513 283/511/511 280/514/514
f 52/513/513 280/514/514 53/515/515
f 53/515/515 280/514/514 277/516/516
f 53/515/515 277/516/516 54/517/517
f 54/517/517 277/516/516 274/518/518
f 54/517/517 274/518/518 55/519/519
f 55/519/519 274/518/518 271/520/520
f 55/519/519 271/520/520 56/521/521
f 56/521/521 271/520/520 268/522/522
f 56/521/521 268/522/522 57/489/489
f 57/489/489 268/522/522 265/490/490
f 270/497/497 267/494/494 266/492/492
f 266/492/492 265/490/490 269/523/523
f 269/523/523 265/490/490 268/522/522
f 269/523/523 268/522/522 272/524/524
f 272/524/524 268/522/522 271/520/520
f 272/524/524 271/520/520 275/525/525
f 275/525/525 271/520/520 274/518/518
f 275/525/525 274/518/518 278/526/526
f 278/526/526 274/518/518 277/516/516
f 278/526/526 277/516/516 281/527/527
f 281/527/527 277/516/516 280/514/514
f 281/527/527 280/514/514 284/509/509
f 284/509/509 280/514/514 283/511/511
f 273/499/499 270/497/497 269/523/523
f 269/523/523 270/497/497 266/492/492
f 273/499/499 269/523/523 272/524/524
f 276/501/501 273/499/499 272/524/524
f 276/501/501 272/524/524 275/525/525
f 279/503/503 276/501/501 275/525/525
f 279/503/503 275/525/525 278/526/526
f 282/505/505 279/503/503 278/526/526
f 282/505/505 278/526/526 281/527/527
f 285/507/507 282/505/505 281/527/527
f 285/507/507 281/527/527 284/509/509
f 161/528/528 160/529/508 286/530/529
f 286/530/529 160/529/508 50/531/510
f 286/530/529 50/531/510 49/532/530
f 48/533/531 343/534/532 49/535/530
f 49/535/530 343/534/532 344/536/533
f 49/535/530 344/536/533 345/537/534
f 47/538/535 338/539/536 48/533/531
f 48/533/531 338/539/536 339/540/537
f 48/533/531 339/540/537 340/541/538
f 46/542/539 335/543/540 47/538/535
f 47/538/535 335/543/540 336/544/541
f 47/538/535 336/544/541 337/545/542
f 45/546/543 332/547/544 46/542/539
f 46/542/539 332/547/544 333/548/545
f 46/542/539 333/548/545 334/549/546
f 44/550/547 329/551/548 45/546/543
f 45/546/543 329/551/548 330/552/549
f 45/546/543 330/552/549 331/553/550
f 43/554/551 326/555/552 44/550/547
f 44/550/547 326/555/552 327/556/553
f 44/550/547 327/556/553 328/557/554
f 42/558/555 322/559/556 43/554/551
f 43/554/551 322/559/556 323/560/557
f 43/554/551 323/560/557 324/561/558
f 41/562/559 349/563/560 42/558/555
f 42/558/555 349/563/560 348/564/561
f 42/558/555 348/564/561 317/565/562
f 317/565/562 348/564/561 168/566/563
f 317/565/562 168/566/563 316/567/564
f 316/567/564 168/566/563 315/568/565
f 315/568/565 168/566/563 314/569/566
f 314/569/566 168/566/563 313/570/567
f 313/570/567 168/566/563 312/571/568
f 312/571/568 168/566/563 167/572/569
f 312/571/568 167/572/569 311/573/570
f 311/573/570 167/572/569 310/574/571
f 310/574/571 167/572/569 309/575/572
f 309/575/572 167/572/569 308/576/573
f 308/576/573 167/572/569 166/577/574
f 308/576/573 166/577/574 307/578/575
f 307/578/575 166/577/574 306/579/576
f 306/579/576 166/577/574 305/580/577
f 305/580/577 166/577/574 165/581/578
f 305/580/577 165/581/578 304/582/579
f 304/582/579 165/581/578 303/583/580
f 303/583/580 165/581/578 302/584/581
f 302/584/581 165/581/578 164/585/582
f 302/584/581 164/585/582 301/586/583
f 301/586/583 164/585/582 300/587/584
f 300/587/584 164/585/582 299/588/585
f 299/588/585 164/585/582 163/589/586
f 299/588/585 163/589/586 298/590/587
f 298/590/587 163/589/586 297/591/588
f 297/591/588 163/589/586 296/592/589
f 296/592/589 163/589/586 162/593/590
f 296/592/589 162/593/590 295/594/591
f 295/594/591 162/593/590 294/595/592
f 294/595/592 162/593/590 293/596/593
f 293/596/593 162/593/590 292/597/594
f 292/597/594 162/593/590 291/598/595
f 291/598/595 162/593/590 161/599/528
f 291/598/595 161/599/528 290/600/596
f 290/600/596 161/599/528 289/601/597
f 289/601/597 161/599/528 288/602/598
f 288/602/598 161/599/528 287/603/599
f 287/603/599 161/599/528 286/604/529
f 349/563/560 41/562/559 350/605/600
f 350/605/600 41/562/559 40/606/601
f 350/605/600 40/606/601 351/607/602
f 351/607/602 40/606/601 39/608/603
f 351/607/602 39/608/603 352/609/604
f 352/609/604 39/608/603 38/610/605
f 352/609/604 38/610/605 353/611/606
f 353/611/606 38/610/605 37/612/607
f 353/611/606 37/612/607 354/613/608
f 354/613/608 37/612/607 36/614/609
f 354/613/608 36/614/609 355/615/610
f 355/615/610 36/614/609 35/616/611
f 355/615/610 35/616/611 34/617/612
f 34/617/612 176/618/613 355/615/610
f 355/615/610 176/618/613 175/619/614
f 355/615/610 175/619/614 354/613/608
f 354/613/608 175/619/614 174/620/615
f 354/613/608 174/620/615 353/611/606
f 353/611/606 174/620/615 173/621/616
f 353/611/606 173/621/616 352/609/604
f 352/609/604 173/621/616 172/622/617
f 352/609/604 172/622/617 351/607/602
f 351/607/602 172/622/617 171/623/618
f 351/607/602 171/623/618 350/605/600
f 350/605/600 171/623/618 170/624/619
f 350/605/600 170/624/619 349/563/560
f 349/563/560 170/624/619 169/625/620
f 349/563/560 169/625/620 348/564/561
f 348/564/561 169/625/620 168/566/563
f 317/565/562 318/626/621 42/558/555
f 42/558/555 318/626/621 319/627/622
f 42/558/555 319/627/622 320/628/623
f 320/628/623 321/629/624 42/558/555
f 42/558/555 321/629/624 322/559/556
f 324/561/558 325/630/625 43/554/551
f 43/554/551 325/630/625 326/555/552
f 328/557/554 329/551/548 44/550/547
f 331/553/550 332/547/544 45/546/543
f 334/549/546 335/543/540 46/542/539
f 337/545/542 338/539/536 47/538/535
f 340/541/538 341/631/626 48/533/531
f 48/533/531 341/631/626 342/632/627
f 48/533/531 342/632/627 343/534/532
f 345/537/534 346/633/628 49/535/530
f 49/535/530 346/633/628 347/634/629
f 49/535/530 347/634/629 286/604/529
f 186/635/630 356/636/631 187/637/632
f 187/637/632 356/636/631 357/638/633
f 187/637/632 357/638/633 23/639/634
f 23/639/634 357/638/633 358/640/635
f 23/639/634 358/640/635 24/641/636
f 24/641/636 358/640/635 25/642/637
f 25/642/637 358/640/635 361/643/638
f 25/642/637 361/643/638 26/644/639
f 26/644/639 361/643/638 364/645/640
f 26/644/639 364/645/640 27/646/641
f 27/646/641 364/645/640 367/647/642
f 27/646/641 367/647/642 28/648/643
f 28/648/643 367/647/642 370/649/644
f 28/648/643 370/649/644 29/650/645
f 29/650/645 370/649/644 373/651/646
f 29/650/645 373/651/646 30/652/647
f 30/652/647 373/651/646 376/653/648
f 30/652/647 376/653/648 31/654/649
f 31/654/649 376/653/648 379/655/650
f 31/654/649 379/655/650 32/656/651
f 32/656/651 379/655/650 378/657/652
f 32/656/651 378/657/652 178/658/653
f 178/658/653 378/657/652 377/659/654
f 178/658/653 377/659/654 179/660/655
f 179/660/655 377/659/654 180/661/656
f 180/661/656 377/659/654 374/662/657
f 180/661/656 374/662/657 181/663/658
f 181/663/658 374/662/657 371/664/659
f 181/663/658 371/664/659 182/665/660
f 182/665/660 371/664/659 368/666/661
f 182/665/660 368/666/661 183/667/662
f 183/667/662 368/666/661 365/668/663
f 183/667/662 365/668/663 184/669/664
f 184/669/664 365/668/663 362/670/665
f 184/669/664 362/670/665 185/671/666
f 185/671/666 362/670/665 359/672/667
f 185/671/666 359/672/667 186/635/630
f 186/635/630 359/672/667 356/636/631
f 361/643/638 358/640/635 357/638/633
f 357/638/633 356/636/631 360/673/668
f 360/673/668 356/636/631 359/672/667
f 360/673/668 359/672/667 363/674/669
f 363/674/669 359/672/667 362/670/665
f 363/674/669 362/670/665 366/675/670
f 366/675/670 362/670/665 365/668/663
f 366/675/670 365/668/663 369/676/671
f 369/676/671 365/668/663 368/666/661
f 369/676/671 368/666/661 372/677/672
f 372/677/672 368/666/661 371/664/659
f 372/677/672 371/664/659 375/678/673
f 375/678/673 371/664/659 374/662/657
f 375/678/673 374/662/657 378/657/652
f 378/657/652 374/662/657 377/659/654
f 364/645/640 361/643/638 360/673/668
f 360/673/668 361/643/638 357/638/633
f 364/645/640 360/673/668 363/674/669
f 367/647/642 364/645/640 363/674/669
f 367/647/642 363/674/669 366/675/670
f 370/649/644 367/647/642 366/675/670
f 370/649/644 366/675/670 369/676/671
f 373/651/646 370/649/644 369/676/671
f 373/651/646 369/676/671 372/677/672
f 376/653/648 373/651/646 372/677/672
f 376/653/648 372/677/672 375/678/673
f 379/655/650 376/653/648 375/678/673
f 379/655/650 375/678/673 378/657/652
f 178/679/653 177/680/674 32/681/651
f 32/681/651 177/680/674 33/682/675
f 381/683/676 382/684/677 380/685/678
f 380/685/678 382/684/677 383/686/679
f 382/687/680 381/688/681 385/689/682
f 385/689/682 381/688/681 384/690/683
f 380/691/684 386/692/685 381/693/686
f 381/693/686 386/692/685 384/694/687
f 388/695/688 389/696/689 387/697/690
f 387/697/690 389/696/689 390/698/691
f 389/699/692 388/700/693 392/701/694
f 392/701/694 388/700/693 391/702/695
f 387/703/696 393/704/697 388/705/698
f 388/705/698 393/704/697 391/706/699
f 390/707/700 389/708/701 394/709/702
f 394/709/702 389/708/701 392/710/703
f 393/711/704 394/712/705 391/713/706
f 391/713/706 394/712/705 392/714/707
f 383/715/708 382/716/709 395/717/710
f 395/717/710 382/716/709 385/718/711
f 386/719/712 395/720/713 384/721/714
f 384/721/714 395/720/713 385/722/715
f 347/723/716 404/724/717 286/725/718
f 286/725/718 404/724/717 405/726/719
f 286/725/718 405/726/719 287/727/720
f 287/727/720 405/726/719 288/728/721
f 288/728/721 405/726/719 406/729/722
f 288/728/721 406/729/722 289/730/723
f 289/730/723 406/729/722 290/731/724
f 290/731/724 406/729/722 407/732/725
f 290/731/724 407/732/725 291/733/726
f 291/733/726 407/732/725 408/734/727
f 291/733/726 408/734/727 292/735/728
f 292/735/728 408/734/727 293/736/729
f 293/736/729 408/734/727 409/737/730
f 293/736/729 409/737/730 294/738/731
f 294/738/731 409/737/730 295/739/732
f 295/739/732 409/737/730 410/740/733
f 295/739/732 410/740/733 296/741/734
f 296/741/734 410/740/733 297/742/735
f 297/742/735 410/740/733 411/743/736
f 297/742/735 411/743/736 298/744/737
f 298/744/737 411/743/736 299/745/738
f 299/745/738 411/743/736 412/746/739
f 299/745/738 412/746/739 300/747/740
f 300/747/740 412/746/739 301/748/741
f 301/748/741 412/746/739 413/749/742
f 301/748/741 413/749/742 302/750/743
f 302/750/743 413/749/742 303/751/744
f 303/751/744 413/749/742 414/752/745
f 303/751/744 414/752/745 304/753/746
f 304/753/746 414/752/745 305/754/747
f 305/754/747 414/752/745 415/755/748
f 305/754/747 415/755/748 306/756/749
f 306/756/749 415/755/748 307/757/750
f 307/757/750 415/755/748 416/758/751
f 307/757/750 416/758/751 308/759/752
f 308/759/752 416/758/751 417/760/753
f 308/759/752 417/760/753 309/761/754
f 309/761/754 417/760/753 310/762/755
f 310/762/755 417/760/753 418/763/756
f 310/762/755 418/763/756 311/764/757
f 311/764/757 418/763/756 312/765/758
f 312/765/758 418/763/756 419/766/759
f 312/765/758 419/766/759 313/767/760
f 313/767/760 419/766/759 420/768/761
f 313/767/760 420/768/761 314/769/762
f 314/769/762 420/768/761 315/770/763
f 315/770/763 420/768/761 421/771/764
f 315/770/763 421/771/764 316/772/765
f 316/772/765 421/771/764 317/773/766
f 317/773/766 421/771/764 422/774/767
f 317/773/766 422/774/767 318/775/768
f 318/775/768 422/774/767 319/776/769
f 319/776/769 422/774/767 423/777/770
f 319/776/769 423/777/770 320/778/771
f 320/778/771 423/777/770 321/779/772
f 321/779/772 423/777/770 424/780/773
f 321/779/772 424/780/773 322/781/774
f 322/781/774 424/780/773 323/782/775
f 323/782/775 424/780/773 425/783/776
f 323/782/775 425/783/776 324/784/777
f 324/784/777 425/783/776 325/785/778
f 325/785/778 425/783/776 426/786/779
f 325/785/778 426/786/779 326/787/780
f 326/787/780 426/786/779 427/788/781
f 326/787/780 427/788/781 327/789/782
f 327/789/782 427/788/781 328/790/783
f 328/790/783 427/788/781 428/791/784
f 328/790/783 428/791/784 329/792/785
f 329/792/785 428/791/784 330/793/786
f 330/793/786 428/791/784 429/794/787
f 330/793/786 429/794/787 331/795/788
f 331/795/788 429/794/787 332/796/789
f 332/796/789 429/794/787 396/797/790
f 332/796/789 396/797/790 333/798/791
f 333/799/791 396/800/790 397/801/792
f 333/799/791 397/801/792 334/802/793
f 334/802/793 397/801/792 335/803/794
f 335/803/794 397/801/792 398/804/795
f 335/803/794 398/804/795 336/805/796
f 336/805/796 398/804/795 337/806/797
f 337/806/797 398/804/795 399/807/798
f 337/806/797 399/807/798 338/808/799
f 338/808/799 399/807/798 339/809/800
f 339/809/800 399/807/798 400/810/801
f 339/809/800 400/810/801 340/811/802
f 340/811/802 400/810/801 341/812/803
f 341/812/803 400/810/801 401/813/804
f 341/812/803 401/813/804 342/814/805
f 342/814/805 401/813/804 343/815/806
f 343/815/806 401/813/804 402/816/807
f 343/815/806 402/816/807 344/817/808
f 344/817/808 402/816/807 403/818/809
f 344/817/808 403/818/809 345/819/810
f 345/819/810 403/818/809 346/820/811
f 346/820/811 403/818/809 404/724/717
f 346/820/811 404/724/717 347/723/716
f 431/821/812 397/822/813 430/823/814
f 430/823/814 397/822/813 396/824/815
f 430/823/814 396/824/815 429/825/816
f 397/822/813 431/821/812 398/826/817
f 398/826/817 431/821/812 432/827/818
f 398/826/817 432/827/818 399/828/819
f 399/828/819 432/827/818 433/829/820
f 399/828/819 433/829/820 400/830/821
f 400/830/821 433/829/820 401/831/822
f 401/831/822 433/829/820 434/832/823
f 401/831/822 434/832/823 402/833/824
f 402/833/824 434/832/823 435/834/825
f 402/833/824 435/834/825 403/835/826
f 403/835/826 435/834/825 436/836/827
f 403/835/826 436/836/827 404/837/828
f 404/837/828 436/836/827 405/838/829
f 405/838/829 436/836/827 437/839/830
f 405/838/829 437/839/830 406/840/831
f 406/840/831 437/839/830 438/841/832
f 406/840/831 438/841/832 407/842/833
f 407/842/833 438/841/832 408/843/834
f 408/843/834 438/841/832 439/844/835
f 408/843/834 439/844/835 409/845/836
f 409/845/836 439/844/835 440/846/837
f 409/845/836 440/846/837 410/847/838
f 410/847/838 440/846/837 441/848/839
f 410/847/838 441/848/839 411/849/840
f 411/849/840 441/848/839 412/850/841
f 412/850/841 441/848/839 442/851/842
f 412/850/841 442/851/842 413/852/843
f 413/852/843 442/851/842 443/853/844
f 413/852/843 443/853/844 414/854/845
f 414/854/845 443/853/844 444/855/846
f 414/854/845 444/855/846 415/856/847
f 415/856/847 444/855/846 416/857/848
f 416/857/848 444/855/846 445/858/849
f 416/857/848 445/858/849 417/859/850
f 417/859/850 445/858/849 446/860/851
f 417/859/850 446/860/851 418/861/852
f 418/861/852 446/860/851 447/862/853
f 418/861/852 447/862/853 419/863/854
f 419/863/854 447/862/853 420/864/855
f 420/864/855 447/862/853 448/865/856
f 420/864/855 448/865/856 421/866/857
f 421/866/857 448/865/856 449/867/858
f 421/866/857 449/867/858 422/868/859
f 422/868/859 449/867/858 423/869/860
f 423/869/860 449/867/858 450/870/861
f 423/869/860 450/870/861 424/871/862
f 424/871/862 450/870/861 451/872/863
f 424/871/862 451/872/863 425/873/864
f 425/873/864 451/872/863 452/874/865
f 425/873/864 452/874/865 426/875/866
f 426/875/866 452/874/865 427/876/867
f 427/876/867 452/874/865 453/877/868
f 427/876/867 453/877/868 428/878/869
f 428/878/869 453/877/868 454/879/870
f 428/878/869 454/879/870 429/825/816
f 429/825/816 454/879/870 430/823/814
f 454/880/871 479/881/872 430/882/873
f 430/882/873 479/881/872 455/883/874
f 430/884/873 455/885/874 431/886/875
f 431/886/875 455/885/874 456/887/876
f 431/886/875 456/887/876 432/888/877
f 432/888/877 456/887/876 457/889/878
f 432/888/877 457/889/878 433/890/879
f 433/890/879 457/889/878 458/891/880
f 433/890/879 458/891/880 434/892/881
f 434/892/881 458/891/880 459/893/882
f 434/892/881 459/893/882 435/894/883
f 435/894/883 459/893/882 460/895/884
f 435/894/883 460/895/884 436/896/885
f 436/896/885 460/895/884 461/897/886
f 436/896/885 461/897/886 437/898/887
f 437/898/887 461/897/886 462/899/888
f 437/898/887 462/899/888 438/900/889
f 438/900/889 462/899/888 463/901/890
f 438/900/889 463/901/890 439/902/891
f 439/902/891 463/901/890 464/903/892
f 439/902/891 464/903/892 440/904/893
f 440/904/893 464/903/892 465/905/894
f 440/904/893 465/905/894 441/906/895
f 441/906/895 465/905/894 466/907/896
f 441/906/895 466/907/896 442/908/897
f 442/908/897 466/907/896 467/909/898
f 442/908/897 467/909/898 443/910/899
f 443/910/899 467/909/898 468/911/900
f 443/910/899 468/911/900 444/912/901
f 444/912/901 468/911/900 469/913/902
f 444/912/901 469/913/902 445/914/903
f 445/914/903 469/913/902 470/915/904
f 445/914/903 470/915/904 446/916/905
f 446/916/905 470/915/904 471/917/906
f 446/916/905 471/917/906 447/918/907
f 447/918/907 471/917/906 472/919/908
f 447/918/907 472/919/908 448/920/909
f 448/920/909 472/919/908 473/921/910
f 448/920/909 473/921/910 449/922/911
f 449/922/911 473/921/910 474/923/912
f 449/922/911 474/923/912 450/924/913
f 450/924/913 474/923/912 475/925/914
f 450/924/913 475/925/914 451/926/915
f 451/926/915 475/925/914 476/927/916
f 451/926/915 476/927/916 452/928/917
f 452/928/917 476/927/916 477/929/918
f 452/928/917 477/929/918 453/930/919
f 453/930/919 477/929/918 478/931/920
f 453/930/919 478/931/920 454/880/871
f 454/880/871 478/931/920 479/881/872
f 387/932/921 177/933/922 393/934/923
f 393/934/923 177/933/922 176/935/924
f 393/934/923 176/935/924 394/936/925
f 394/936/925 176/935/924 390/937/926
f 390/937/926 176/935/924 474/938/927
f 390/937/926 474/938/927 473/939/928
f 390/937/926 467/940/929 387/932/921
f 387/932/921 467/940/929 466/941/930
f 387/932/921 466/941/930 465/942/931
f 380/943/932 34/944/933 386/945/934
f 386/945/934 34/944/933 33/946/935
f 386/945/934 33/946/935 395/947/936
f 395/947/936 33/946/935 383/948/937
f 383/948/937 33/946/935 177/933/922
f 383/948/937 177/933/922 461/949/938
f 461/949/938 177/933/922 387/932/921
f 461/949/938 387/932/921 462/950/939
f 462/950/939 387/932/921 463/951/940
f 463/951/940 387/932/921 464/952/941
f 464/952/941 387/932/921 465/942/931
f 383/948/937 455/953/942 380/943/932
f 380/943/932 455/953/942 479/954/943
f 380/943/932 479/954/943 478/955/944
f 478/955/944 477/956/945 380/943/932
f 380/943/932 477/956/945 476/957/946
f 380/943/932 476/957/946 475/958/947
f 475/958/947 474/938/927 380/943/932
f 380/943/932 474/938/927 176/935/924
f 380/943/932 176/935/924 34/944/933
f 473/939/928 472/959/948 390/937/926
f 390/937/926 472/959/948 471/960/949
f 390/937/926 471/960/949 470/961/950
f 470/961/950 469/962/951 390/937/926
f 390/937/926 469/962/951 468/963/952
f 390/937/926 468/963/952 467/940/929
f 461/949/938 460/964/953 383/948/937
f 383/948/937 460/964/953 459/965/954
f 383/948/937 459/965/954 458/966/955
f 458/966/955 457/967/956 383/948/937
f 383/948/937 457/967/956 456/968/957
f 383/948/937 456/968/957 455/953/942
f 480/969/958 481/970/959 483/971/960
f 483/971/960 481/970/959 482/972/961
f 484/973/962 480/974/963 485/975/964
f 485/975/964 480/974/963 483/976/965
f 486/977/966 484/978/967 487/979/968
f 487/979/968 484/978/967 485/980/969
f 486/981/970 487/982/971 488/983/972
f 488/983/972 487/982/971 489/984/973
f 488/983/972 489/984/973 492/985/974
f 492/985/974 489/984/973 491/986/975
f 491/986/975 489/984/973 490/987/976
f 493/988/977 494/989/978 497/990/979
f 497/990/979 494/989/978 496/991/980
f 496/991/980 494/989/978 495/992/981
f 496/991/980 495/992/981 491/993/982
f 491/993/982 490/994/983 496/991/980
f 481/995/984 493/996/985 482/997/986
f 482/997/986 493/996/985 497/998/987
f 152/999/493 480/1000/988 58/1001/491
f 58/1001/491 480/1000/988 484/1002/989
f 58/1001/491 484/1002/989 59/1003/990
f 59/1003/990 484/1002/989 486/1004/991
f 59/1003/990 486/1004/991 488/1005/992
f 480/1000/988 152/999/493 481/1006/993
f 481/1006/993 152/999/493 151/1007/994
f 481/1006/993 151/1007/994 493/1008/995
f 493/1008/995 151/1007/994 494/1009/996
f 496/1010/997 490/1011/998 501/1012/999
f 501/1012/999 490/1011/998 500/1013/1000
f 500/1013/1000 490/1011/998 499/1014/1001
f 499/1014/1001 490/1011/998 498/1015/1002
f 498/1015/1002 490/1011/998 489/1016/1003
f 495/1017/1004 502/1018/1005 491/1019/1006
f 491/1019/1006 502/1018/1005 149/1020/1007
f 491/1019/1006 149/1020/1007 148/1021/1008
f 494/1022/996 151/1023/994 495/1017/1004
f 495/1017/1004 151/1023/994 502/1018/1005
f 151/1023/994 150/1024/1009 502/1018/1005
f 502/1018/1005 150/1024/1009 149/1020/1007
f 148/1021/1008 62/1025/1010 491/1019/1006
f 491/1019/1006 62/1025/1010 503/1026/1011
f 491/1019/1006 503/1026/1011 492/1027/1012
f 492/1027/1012 503/1026/1011 488/1028/992
f 488/1028/992 503/1026/1011 60/1029/1013
f 488/1028/992 60/1029/1013 59/1030/990
f 62/1025/1010 61/1031/1014 503/1026/1011
f 503/1026/1011 61/1031/1014 60/1029/1013
f 62/1032/1010 148/1033/1008 63/1034/1015
f 63/1034/1015 148/1033/1008 147/1035/1016
f 147/1036/1017 146/1037/1018 63/1038/1019
f 63/1038/1019 146/1037/1018 64/1039/1020
f 78/1040/1021 77/1041/1022 498/1042/1023
f 498/1042/1023 77/1041/1022 499/1043/1024
f 500/1044/1025 80/1045/1026 501/1046/1027
f 501/1046/1027 80/1045/1026 79/1047/1028
f 496/1048/1029 501/1049/1030 497/1050/1031
f 497/1050/1031 501/1049/1030 482/1051/1032
f 482/1051/1032 501/1049/1030 79/1052/1033
f 482/1051/1032 79/1052/1033 483/1053/1034
f 483/1053/1034 79/1052/1033 78/1054/1035
f 483/1053/1034 78/1054/1035 485/1055/1036
f 485/1055/1036 78/1054/1035 498/1056/1037
f 485/1055/1036 498/1056/1037 487/1057/1038
f 487/1057/1038 498/1056/1037 489/1058/1039
f 6/1059/1040 22/1060/1041 7/1061/1042
f 7/1061/1042 22/1060/1041 228/1062/1043
f 505/1063/1044 18/1064/1045 504/1065/1046
f 504/1065/1046 18/1064/1045 17/1066/1047
f 504/1065/1046 17/1066/1047 119/1067/1048
f 82/1068/1049 75/1069/1050 506/1070/1051
f 506/1070/1051 75/1069/1050 74/1071/1052
f 506/1070/1051 74/1071/1052 507/1072/1053
f 507/1073/1054 74/1074/1055 73/1075/1056
f 77/1076/1057 65/1077/1058 499/1078/1059
f 499/1078/1059 65/1077/1058 64/1079/1060
f 499/1078/1059 64/1079/1060 146/1080/1061
f 499/1078/1059 146/1080/1061 500/1081/1062
f 500/1081/1062 146/1080/1061 81/1082/1063
f 500/1081/1062 81/1082/1063 80/1083/1064
f 511/1084/1065 116/1085/1066 512/1086/1067
f 512/1086/1067 116/1085/1066 115/1087/1068
f 512/1086/1067 115/1087/1068 513/1088/1069
f 513/1088/1069 115/1087/1068 114/1089/1070
f 513/1088/1069 114/1089/1070 113/1090/1071
f 113/1090/1071 508/1091/1072 513/1088/1069
f 513/1088/1069 508/1091/1072 509/1092/1073
f 513/1088/1069 509/1092/1073 512/1086/1067
f 512/1086/1067 509/1092/1073 510/1093/1074
f 512/1086/1067 510/1093/1074 511/1084/1065
f 511/1094/1065 514/1095/1075 116/1096/1066
f 116/1096/1066 514/1095/1075 117/1097/1076
f 8/1098/1077 516/1099/1078 3/1100/1079
f 3/1100/1079 516/1099/1078 517/1101/1080
f 3/1100/1079 517/1101/1080 4/1102/1081
f 4/1102/1081 517/1101/1080 519/1103/1082
f 4/1102/1081 519/1103/1082 23/1104/634
f 23/1104/634 519/1103/1082 525/1105/1083
f 23/1104/634 525/1105/1083 526/1106/1084
f 8/1098/1077 239/1107/1085 516/1099/1078
f 516/1099/1078 239/1107/1085 515/1108/1086
f 517/1101/1080 518/1109/1087 519/1103/1082
f 514/1110/1088 508/1111/1089 519/1103/1082
f 519/1103/1082 508/1111/1089 520/1112/1090
f 519/1103/1082 520/1112/1090 521/1113/1091
f 514/1110/1088 511/1114/1092 508/1111/1089
f 508/1111/1089 511/1114/1092 510/1115/1093
f 508/1111/1089 510/1115/1093 509/1116/1094
f 521/1113/1091 522/1117/1095 519/1103/1082
f 519/1103/1082 522/1117/1095 523/1118/1096
f 519/1103/1082 523/1118/1096 524/1119/1097
f 524/1119/1097 525/1105/1083 519/1103/1082
f 526/1106/1084 527/1120/1098 23/1104/634
f 23/1104/634 527/1120/1098 528/1121/1099
f 23/1104/634 528/1121/1099 529/1122/1100
f 529/1122/1100 530/1123/1101 23/1104/634
f 23/1104/634 530/1123/1101 533/1124/1102
f 23/1104/634 533/1124/1102 187/1125/632
f 187/1125/632 533/1124/1102 534/1126/1103
f 187/1125/632 534/1126/1103 535/1127/1104
f 531/1128/1105 532/1129/1106 530/1123/1101
f 530/1123/1101 532/1129/1106 533/1124/1102
f 535/1127/1104 536/1130/1107 187/1125/632
f 187/1125/632 536/1130/1107 537/1131/1108
f 187/1125/632 537/1131/1108 538/1132/1109
f 187/1125/632 538/1132/1109 549/1133/1110
f 549/1133/1110 538/1132/1109 539/1134/1111
f 549/1133/1110 539/1134/1111 540/1135/1112
f 540/1135/1112 541/1136/1113 549/1133/1110
f 549/1133/1110 541/1136/1113 542/1137/1114
f 549/1133/1110 542/1137/1114 543/1138/1115
f 543/1138/1115 544/1139/1116 549/1133/1110
f 549/1133/1110 544/1139/1116 548/1140/1117
f 548/1140/1117 544/1139/1116 547/1141/1118
f 547/1141/1118 544/1139/1116 546/1142/1119
f 546/1142/1119 544/1139/1116 545/1143/1120
f 550/1144/1121 551/1145/1122 549/1133/1110
f 549/1133/1110 551/1145/1122 16/1146/1123
f 549/1133/1110 16/1146/1123 187/1125/632
f 16/1146/1123 551/1145/1122 11/1147/1124
f 11/1147/1124 551/1145/1122 552/1148/1125
f 11/1147/1124 552/1148/1125 12/1149/1126
f 12/1149/1126 552/1148/1125 120/1150/1127
f 120/1150/1127 552/1148/1125 553/1151/1128
f 544/1152/1129 88/1153/1130 554/1154/1131
f 554/1154/1131 88/1153/1130 87/1155/1132
f 554/1154/1131 87/1155/1132 555/1156/1133
f 555/1156/1133 87/1155/1132 86/1157/1134
f 555/1156/1133 86/1157/1134 85/1158/1135
f 85/1158/1135 547/1159/1136 555/1156/1133
f 555/1156/1133 547/1159/1136 546/1160/1137
f 555/1156/1133 546/1160/1137 554/1154/1131
f 554/1154/1131 546/1160/1137 545/1161/1138
f 554/1154/1131 545/1161/1138 544/1152/1129
f 85/1162/1135 84/1163/1139 547/1164/1136
f 547/1164/1136 84/1163/1139 548/1165/1140
f 534/1166/1141 98/1167/1142 556/1168/1143
f 556/1168/1143 98/1167/1142 97/1169/1144
f 556/1168/1143 97/1169/1144 557/1170/1145
f 557/1170/1145 97/1169/1144 96/1171/1146
f 557/1170/1145 96/1171/1146 558/1172/1147
f 558/1172/1147 96/1171/1146 95/1173/1148
f 558/1172/1147 95/1173/1148 559/1174/1149
f 559/1174/1149 95/1173/1148 94/1175/1150
f 559/1174/1149 94/1175/1150 560/1176/1151
f 560/1176/1151 94/1175/1150 93/1177/1152
f 560/1176/1151 93/1177/1152 561/1178/1153
f 561/1178/1153 93/1177/1152 92/1179/1154
f 561/1178/1153 92/1179/1154 562/1180/1155
f 562/1180/1155 92/1179/1154 91/1181/1156
f 562/1180/1155 91/1181/1156 563/1182/1157
f 563/1182/1157 91/1181/1156 90/1183/1158
f 563/1182/1157 90/1183/1158 89/1184/1159
f 89/1184/1159 543/1185/1160 563/1182/1157
f 563/1182/1157 543/1185/1160 542/1186/1161
f 563/1182/1157 542/1186/1161 562/1180/1155
f 562/1180/1155 542/1186/1161 541/1187/1162
f 562/1180/1155 541/1187/1162 561/1178/1153
f 561/1178/1153 541/1187/1162 540/1188/1163
f 561/1178/1153 540/1188/1163 560/1176/1151
f 560/1176/1151 540/1188/1163 539/1189/1164
f 560/1176/1151 539/1189/1164 559/1174/1149
f 559/1174/1149 539/1189/1164 538/1190/1165
f 559/1174/1149 538/1190/1165 558/1172/1147
f 558/1172/1147 538/1190/1165 537/1191/1166
f 558/1172/1147 537/1191/1166 557/1170/1145
f 557/1170/1145 537/1191/1166 536/1192/1167
f 557/1170/1145 536/1192/1167 556/1168/1143
f 556/1168/1143 536/1192/1167 535/1193/1168
f 556/1168/1143 535/1193/1168 534/1166/1141
f 544/1194/1129 543/1195/1160 88/1196/1130
f 88/1196/1130 543/1195/1160 89/1197/1159
f 103/1198/1169 529/1199/1170 564/1200/1171
f 564/1200/1171 529/1199/1170 528/1201/1172
f 564/1200/1171 528/1201/1172 565/1202/1173
f 565/1202/1173 528/1201/1172 527/1203/1174
f 565/1202/1173 527/1203/1174 566/1204/1175
f 566/1204/1175 527/1203/1174 526/1205/1176
f 566/1204/1175 526/1205/1176 567/1206/1177
f 567/1206/1177 526/1205/1176 525/1207/1178
f 567/1206/1177 525/1207/1178 568/1208/1179
f 568/1208/1179 525/1207/1178 524/1209/1180
f 568/1208/1179 524/1209/1180 569/1210/1181
f 569/1210/1181 524/1209/1180 523/1211/1182
f 569/1210/1181 523/1211/1182 570/1212/1183
f 570/1212/1183 523/1211/1182 522/1213/1184
f 570/1212/1183 522/1213/1184 571/1214/1185
f 571/1214/1185 522/1213/1184 521/1215/1186
f 571/1214/1185 521/1215/1186 520/1216/1187
f 520/1216/1187 112/1217/1188 571/1214/1185
f 571/1214/1185 112/1217/1188 111/1218/1189
f 571/1214/1185 111/1218/1189 570/1212/1183
f 570/1212/1183 111/1218/1189 110/1219/1190
f 570/1212/1183 110/1219/1190 569/1210/1181
f 569/1210/1181 110/1219/1190 109/1220/1191
f 569/1210/1181 109/1220/1191 568/1208/1179
f 568/1208/1179 109/1220/1191 108/1221/1192
f 568/1208/1179 108/1221/1192 567/1206/1177
f 567/1206/1177 108/1221/1192 107/1222/1193
f 567/1206/1177 107/1222/1193 566/1204/1175
f 566/1204/1175 107/1222/1193 106/1223/1194
f 566/1204/1175 106/1223/1194 565/1202/1173
f 565/1202/1173 106/1223/1194 105/1224/1195
f 565/1202/1173 105/1224/1195 564/1200/1171
f 564/1200/1171 105/1224/1195 104/1225/1196
f 564/1200/1171 104/1225/1196 103/1198/1169
f 113/1226/1071 112/1227/1188 508/1228/1072
f 508/1228/1072 112/1227/1188 520/1229/1187
f 100/1230/1197 532/1231/1198 101/1232/1199
f 101/1232/1199 532/1231/1198 531/1233/1200
f 100/1234/1201 99/1235/1202 532/1236/1203
f 532/1236/1203 99/1235/1202 533/1237/1204
f 572/1238/1205 573/1239/1206 574/1240/1207
f 575/1241/1208 576/1242/1209 577/1243/1210
f 576/1244/1211 578/1245/1212 577/1246/1213
f 579/1247/1214 572/1248/1215 574/1249/1216
f 118/1250/1217 117/1251/1218 519/1252/1219
f 519/1252/1219 117/1251/1218 514/1253/1220
f 84/1254/1221 83/1255/1222 548/1256/1223
f 548/1256/1223 83/1255/1222 549/1257/1224
f 101/1258/1225 531/1259/1226 102/1260/1227
f 102/1260/1227 531/1259/1226 530/1261/1228
f 550/1262/1229 549/1263/1230 580/1264/1231
f 580/1264/1231 549/1263/1230 82/1265/1232
f 580/1264/1231 82/1265/1232 506/1266/1233
f 549/1263/1230 83/1267/1234 82/1265/1232
f 506/1266/1233 581/1268/1235 580/1264/1231
f 580/1264/1231 581/1268/1235 582/1269/1236
f 580/1264/1231 582/1269/1236 583/1270/1237
f 103/1271/1169 102/1272/1238 529/1273/1170
f 529/1273/1170 102/1272/1238 530/1274/1239
f 534/1275/1141 533/1276/1240 98/1277/1142
f 98/1277/1142 533/1276/1240 99/1278/1241
f 118/1279/1242 519/1280/1243 119/1281/1244
f 119/1281/1244 519/1280/1243 584/1282/1245
f 119/1281/1244 584/1282/1245 504/1283/1246
f 504/1283/1246 584/1282/1245 587/1284/1247
f 587/1284/1247 584/1282/1245 586/1285/1248
f 586/1285/1248 584/1282/1245 585/1286/1249
f 519/1280/1243 518/1287/1250 584/1282/1245
f 588/1288/1251 589/1289/1252 667/1290/1253
f 667/1290/1253 589/1289/1252 671/1291/1254
f 667/1290/1253 671/1291/1254 677/1292/1255
f 677/1292/1255 671/1291/1254 670/1293/1256
f 677/1292/1255 670/1293/1256 676/1294/1257
f 676/1294/1257 670/1293/1256 591/1295/1258
f 676/1294/1257 591/1295/1258 675/1296/1259
f 675/1296/1259 591/1295/1258 592/1297/1260
f 675/1296/1259 592/1297/1260 593/1298/1261
f 589/1289/1252 590/1299/1262 671/1291/1254
f 671/1291/1254 590/1299/1262 670/1293/1256
f 590/1299/1262 591/1295/1258 670/1293/1256
f 675/1296/1259 593/1298/1261 674/1300/1263
f 674/1300/1263 593/1298/1261 594/1301/1264
f 674/1300/1263 594/1301/1264 672/1302/1265
f 672/1302/1265 594/1301/1264 595/1303/1266
f 672/1302/1265 595/1303/1266 673/1304/1267
f 673/1304/1267 595/1303/1266 678/1305/1268
f 673/1304/1267 678/1305/1268 679/1306/1269
f 679/1306/1269 678/1305/1268 599/1307/1270
f 679/1306/1269 599/1307/1270 600/1308/1271
f 595/1303/1266 596/1309/1272 678/1305/1268
f 678/1305/1268 596/1309/1272 597/1310/1273
f 678/1305/1268 597/1310/1273 599/1307/1270
f 599/1307/1270 597/1310/1273 598/1311/1274
f 679/1306/1269 600/1308/1271 684/1312/1275
f 684/1312/1275 600/1308/1271 601/1313/1276
f 684/1312/1275 601/1313/1276 690/1314/1277
f 690/1314/1277 601/1313/1276 602/1315/1278
f 690/1314/1277 602/1315/1278 705/1316/1279
f 705/1316/1279 602/1315/1278 668/1317/1280
f 705/1316/1279 668/1317/1280 704/1318/1281
f 704/1318/1281 668/1317/1280 696/1319/1282
f 704/1318/1281 696/1319/1282 703/1320/1283
f 703/1320/1283 696/1319/1282 697/1321/1284
f 703/1320/1283 697/1321/1284 702/1322/1285
f 702/1322/1285 697/1321/1284 698/1323/1286
f 702/1322/1285 698/1323/1286 701/1324/1287
f 701/1324/1287 698/1323/1286 699/1325/1288
f 701/1324/1287 699/1325/1288 700/1326/1289
f 700/1326/1289 699/1325/1288 669/1327/1290
f 700/1326/1289 669/1327/1290 663/1328/1291
f 663/1328/1291 669/1327/1290 662/1329/1292
f 662/1329/1292 669/1327/1290 711/1330/1293
f 662/1329/1292 711/1330/1293 661/1331/1294
f 661/1331/1294 711/1330/1293 717/1332/1295
f 661/1331/1294 717/1332/1295 660/1333/1296
f 660/1333/1296 717/1332/1295 723/1334/1297
f 660/1333/1296 723/1334/1297 659/1335/1298
f 659/1335/1298 723/1334/1297 729/1336/1299
f 659/1335/1298 729/1336/1299 658/1337/1300
f 658/1337/1300 729/1336/1299 735/1338/1301
f 658/1337/1300 735/1338/1301 657/1339/1302
f 657/1339/1302 735/1338/1301 741/1340/1303
f 657/1339/1302 741/1340/1303 656/1341/1304
f 656/1341/1304 741/1340/1303 747/1342/1305
f 656/1341/1304 747/1342/1305 753/1343/1306
f 753/1343/1306 747/1342/1305 746/1344/1307
f 753/1343/1306 746/1344/1307 752/1345/1308
f 752/1345/1308 746/1344/1307 745/1346/1309
f 752/1345/1308 745/1346/1309 751/1347/1310
f 751/1347/1310 745/1346/1309 744/1348/1311
f 751/1347/1310 744/1348/1311 750/1349/1312
f 750/1349/1312 744/1348/1311 743/1350/1313
f 750/1349/1312 743/1350/1313 749/1351/1314
f 749/1351/1314 743/1350/1313 742/1352/1315
f 749/1351/1314 742/1352/1315 748/1353/1316
f 748/1353/1316 742/1352/1315 610/1354/1317
f 748/1353/1316 610/1354/1317 611/1355/1318
f 602/1315/1278 603/1356/1319 668/1317/1280
f 668/1317/1280 603/1356/1319 706/1357/1320
f 668/1317/1280 706/1357/1320 707/1358/1321
f 707/1358/1321 706/1357/1320 713/1359/1322
f 707/1358/1321 713/1359/1322 714/1360/1323
f 714/1360/1323 713/1359/1322 720/1361/1324
f 714/1360/1323 720/1361/1324 721/1362/1325
f 721/1362/1325 720/1361/1324 727/1363/1326
f 721/1362/1325 727/1363/1326 728/1364/1327
f 728/1364/1327 727/1363/1326 734/1365/1328
f 728/1364/1327 734/1365/1328 735/1338/1301
f 735/1338/1301 734/1365/1328 741/1340/1303
f 603/1356/1319 604/1366/1329 706/1357/1320
f 706/1357/1320 604/1366/1329 712/1367/1330
f 706/1357/1320 712/1367/1330 713/1359/1322
f 713/1359/1322 712/1367/1330 719/1368/1331
f 713/1359/1322 719/1368/1331 720/1361/1324
f 720/1361/1324 719/1368/1331 726/1369/1332
f 720/1361/1324 726/1369/1332 727/1363/1326
f 727/1363/1326 726/1369/1332 733/1370/1333
f 727/1363/1326 733/1370/1333 734/1365/1328
f 734/1365/1328 733/1370/1333 740/1371/1334
f 734/1365/1328 740/1371/1334 741/1340/1303
f 741/1340/1303 740/1371/1334 747/1342/1305
f 604/1366/1329 605/1372/1335 712/1367/1330
f 712/1367/1330 605/1372/1335 718/1373/1336
f 712/1367/1330 718/1373/1336 719/1368/1331
f 719/1368/1331 718/1373/1336 725/1374/1337
f 719/1368/1331 725/1374/1337 726/1369/1332
f 726/1369/1332 725/1374/1337 732/1375/1338
f 726/1369/1332 732/1375/1338 733/1370/1333
f 733/1370/1333 732/1375/1338 739/1376/1339
f 733/1370/1333 739/1376/1339 740/1371/1334
f 740/1371/1334 739/1376/1339 746/1344/1307
f 740/1371/1334 746/1344/1307 747/1342/1305
f 605/1372/1335 606/1377/1340 718/1373/1336
f 718/1373/1336 606/1377/1340 724/1378/1341
f 718/1373/1336 724/1378/1341 725/1374/1337
f 725/1374/1337 724/1378/1341 731/1379/1342
f 725/1374/1337 731/1379/1342 732/1375/1338
f 732/1375/1338 731/1379/1342 738/1380/1343
f 732/1375/1338 738/1380/1343 739/1376/1339
f 739/1376/1339 738/1380/1343 745/1346/1309
f 739/1376/1339 745/1346/1309 746/1344/1307
f 606/1377/1340 607/1381/1344 724/1378/1341
f 724/1378/1341 607/1381/1344 730/1382/1345
f 724/1378/1341 730/1382/1345 731/1379/1342
f 731/1379/1342 730/1382/1345 737/1383/1346
f 731/1379/1342 737/1383/1346 738/1380/1343
f 738/1380/1343 737/1383/1346 744/1348/1311
f 738/1380/1343 744/1348/1311 745/1346/1309
f 607/1381/1344 608/1384/1347 730/1382/1345
f 730/1382/1345 608/1384/1347 736/1385/1348
f 730/1382/1345 736/1385/1348 737/1383/1346
f 737/1383/1346 736/1385/1348 743/1350/1313
f 737/1383/1346 743/1350/1313 744/1348/1311
f 608/1384/1347 609/1386/1349 736/1385/1348
f 736/1385/1348 609/1386/1349 742/1352/1315
f 736/1385/1348 742/1352/1315 743/1350/1313
f 609/1386/1349 610/1354/1317 742/1352/1315
f 748/1353/1316 611/1355/1318 754/1387/1350
f 754/1387/1350 611/1355/1318 612/1388/1351
f 754/1387/1350 612/1388/1351 760/1389/1352
f 760/1389/1352 612/1388/1351 613/1390/1353
f 760/1389/1352 613/1390/1353 766/1391/1354
f 766/1391/1354 613/1390/1353 614/1392/1355
f 766/1391/1354 614/1392/1355 772/1393/1356
f 772/1393/1356 614/1392/1355 615/1394/1357
f 772/1393/1356 615/1394/1357 778/1395/1358
f 778/1395/1358 615/1394/1357 616/1396/1359
f 778/1395/1358 616/1396/1359 784/1397/1360
f 784/1397/1360 616/1396/1359 617/1398/1361
f 784/1397/1360 617/1398/1361 790/1399/1362
f 790/1399/1362 617/1398/1361 618/1400/1363
f 790/1399/1362 618/1400/1363 796/1401/1364
f 796/1401/1364 618/1400/1363 619/1402/1365
f 796/1401/1364 619/1402/1365 802/1403/1366
f 802/1403/1366 619/1402/1365 620/1404/1367
f 802/1403/1366 620/1404/1367 808/1405/1368
f 808/1405/1368 620/1404/1367 621/1406/1369
f 808/1405/1368 621/1406/1369 814/1407/1370
f 814/1407/1370 621/1406/1369 622/1408/1371
f 814/1407/1370 622/1408/1371 820/1409/1372
f 820/1409/1372 622/1408/1371 623/1410/1373
f 820/1409/1372 623/1410/1373 826/1411/1374
f 826/1411/1374 623/1410/1373 624/1412/1375
f 826/1411/1374 624/1412/1375 843/1413/1376
f 843/1413/1376 624/1412/1375 832/1414/1377
f 843/1413/1376 832/1414/1377 833/1415/1378
f 833/1415/1378 832/1414/1377 845/1416/1379
f 833/1415/1378 845/1416/1379 846/1417/1380
f 846/1417/1380 845/1416/1379 852/1418/1381
f 846/1417/1380 852/1418/1381 853/1419/1382
f 853/1419/1382 852/1418/1381 858/1420/1383
f 853/1419/1382 858/1420/1383 859/1421/1384
f 859/1421/1384 858/1420/1383 862/1422/1385
f 859/1421/1384 862/1422/1385 863/1423/1386
f 863/1423/1386 862/1422/1385 636/1424/1387
f 863/1423/1386 636/1424/1387 637/1425/1388
f 624/1412/1375 625/1426/1389 832/1414/1377
f 832/1414/1377 625/1426/1389 844/1427/1390
f 832/1414/1377 844/1427/1390 845/1416/1379
f 845/1416/1379 844/1427/1390 851/1428/1391
f 845/1416/1379 851/1428/1391 852/1418/1381
f 852/1418/1381 851/1428/1391 857/1429/1392
f 852/1418/1381 857/1429/1392 858/1420/1383
f 858/1420/1383 857/1429/1392 634/1430/1393
f 858/1420/1383 634/1430/1393 635/1431/1394
f 625/1426/1389 626/1432/1395 844/1427/1390
f 844/1427/1390 626/1432/1395 850/1433/1396
f 844/1427/1390 850/1433/1396 851/1428/1391
f 851/1428/1391 850/1433/1396 856/1434/1397
f 851/1428/1391 856/1434/1397 857/1429/1392
f 857/1429/1392 856/1434/1397 632/1435/1398
f 857/1429/1392 632/1435/1398 633/1436/1399
f 626/1432/1395 627/1437/1400 850/1433/1396
f 850/1433/1396 627/1437/1400 861/1438/1401
f 850/1433/1396 861/1438/1401 631/1439/1402
f 631/1439/1402 861/1438/1401 630/1440/1403
f 630/1440/1403 861/1438/1401 629/1441/1404
f 629/1441/1404 861/1438/1401 627/1437/1400
f 629/1441/1404 627/1437/1400 628/1442/1405
f 850/1433/1396 631/1439/1402 856/1434/1397
f 856/1434/1397 631/1439/1402 632/1435/1398
f 633/1436/1399 634/1430/1393 857/1429/1392
f 858/1420/1383 635/1431/1394 862/1422/1385
f 862/1422/1385 635/1431/1394 636/1424/1387
f 638/1443/1406 639/1444/1407 637/1425/1388
f 637/1425/1388 639/1444/1407 863/1423/1386
f 863/1423/1386 639/1444/1407 860/1445/1408
f 860/1445/1408 639/1444/1407 640/1446/1409
f 860/1445/1408 640/1446/1409 855/1447/1410
f 855/1447/1410 640/1446/1409 641/1448/1411
f 855/1447/1410 641/1448/1411 849/1449/1412
f 849/1449/1412 641/1448/1411 642/1450/1413
f 849/1449/1412 642/1450/1413 837/1451/1414
f 837/1451/1414 642/1450/1413 643/1452/1415
f 837/1451/1414 643/1452/1415 838/1453/1416
f 838/1453/1416 643/1452/1415 644/1454/1417
f 838/1453/1416 644/1454/1417 831/1455/1418
f 831/1455/1418 644/1454/1417 825/1456/1419
f 831/1455/1418 825/1456/1419 824/1457/1420
f 824/1457/1420 825/1456/1419 818/1458/1421
f 824/1457/1420 818/1458/1421 817/1459/1422
f 817/1459/1422 818/1458/1421 811/1460/1423
f 817/1459/1422 811/1460/1423 810/1461/1424
f 810/1461/1424 811/1460/1423 804/1462/1425
f 810/1461/1424 804/1462/1425 803/1463/1426
f 803/1463/1426 804/1462/1425 797/1464/1427
f 803/1463/1426 797/1464/1427 796/1401/1364
f 796/1401/1364 797/1464/1427 790/1399/1362
f 644/1454/1417 645/1465/1428 825/1456/1419
f 825/1456/1419 645/1465/1428 819/1466/1429
f 825/1456/1419 819/1466/1429 818/1458/1421
f 818/1458/1421 819/1466/1429 812/1467/1430
f 818/1458/1421 812/1467/1430 811/1460/1423
f 811/1460/1423 812/1467/1430 805/1468/1431
f 811/1460/1423 805/1468/1431 804/1462/1425
f 804/1462/1425 805/1468/1431 798/1469/1432
f 804/1462/1425 798/1469/1432 797/1464/1427
f 797/1464/1427 798/1469/1432 791/1470/1433
f 797/1464/1427 791/1470/1433 790/1399/1362
f 790/1399/1362 791/1470/1433 784/1397/1360
f 645/1465/1428 646/1471/1434 819/1466/1429
f 819/1466/1429 646/1471/1434 813/1472/1435
f 819/1466/1429 813/1472/1435 812/1467/1430
f 812/1467/1430 813/1472/1435 806/1473/1436
f 812/1467/1430 806/1473/1436 805/1468/1431
f 805/1468/1431 806/1473/1436 799/1474/1437
f 805/1468/1431 799/1474/1437 798/1469/1432
f 798/1469/1432 799/1474/1437 792/1475/1438
f 798/1469/1432 792/1475/1438 791/1470/1433
f 791/1470/1433 792/1475/1438 785/1476/1439
f 791/1470/1433 785/1476/1439 784/1397/1360
f 784/1397/1360 785/1476/1439 778/1395/1358
f 646/1471/1434 647/1477/1440 813/1472/1435
f 813/1472/1435 647/1477/1440 807/1478/1441
f 813/1472/1435 807/1478/1441 806/1473/1436
f 806/1473/1436 807/1478/1441 800/1479/1442
f 806/1473/1436 800/1479/1442 799/1474/1437
f 799/1474/1437 800/1479/1442 793/1480/1443
f 799/1474/1437 793/1480/1443 792/1475/1438
f 792/1475/1438 793/1480/1443 786/1481/1444
f 792/1475/1438 786/1481/1444 785/1476/1439
f 785/1476/1439 786/1481/1444 779/1482/1445
f 785/1476/1439 779/1482/1445 778/1395/1358
f 778/1395/1358 779/1482/1445 772/1393/1356
f 647/1477/1440 648/1483/1446 807/1478/1441
f 807/1478/1441 648/1483/1446 801/1484/1447
f 807/1478/1441 801/1484/1447 800/1479/1442
f 800/1479/1442 801/1484/1447 794/1485/1448
f 800/1479/1442 794/1485/1448 793/1480/1443
f 793/1480/1443 794/1485/1448 787/1486/1449
f 793/1480/1443 787/1486/1449 786/1481/1444
f 786/1481/1444 787/1486/1449 780/1487/1450
f 786/1481/1444 780/1487/1450 779/1482/1445
f 779/1482/1445 780/1487/1450 773/1488/1451
f 779/1482/1445 773/1488/1451 772/1393/1356
f 772/1393/1356 773/1488/1451 766/1391/1354
f 648/1483/1446 649/1489/1452 801/1484/1447
f 801/1484/1447 649/1489/1452 795/1490/1453
f 801/1484/1447 795/1490/1453 794/1485/1448
f 794/1485/1448 795/1490/1453 788/1491/1454
f 794/1485/1448 788/1491/1454 787/1486/1449
f 787/1486/1449 788/1491/1454 781/1492/1455
f 787/1486/1449 781/1492/1455 780/1487/1450
f 780/1487/1450 781/1492/1455 774/1493/1456
f 780/1487/1450 774/1493/1456 773/1488/1451
f 773/1488/1451 774/1493/1456 767/1494/1457
f 773/1488/1451 767/1494/1457 766/1391/1354
f 766/1391/1354 767/1494/1457 760/1389/1352
f 649/1489/1452 650/1495/1458 795/1490/1453
f 795/1490/1453 650/1495/1458 789/1496/1459
f 795/1490/1453 789/1496/1459 788/1491/1454
f 788/1491/1454 789/1496/1459 782/1497/1460
f 788/1491/1454 782/1497/1460 781/1492/1455
f 781/1492/1455 782/1497/1460 775/1498/1461
f 781/1492/1455 775/1498/1461 774/1493/1456
f 774/1493/1456 775/1498/1461 768/1499/1462
f 774/1493/1456 768/1499/1462 767/1494/1457
f 767/1494/1457 768/1499/1462 761/1500/1463
f 767/1494/1457 761/1500/1463 760/1389/1352
f 760/1389/1352 761/1500/1463 754/1387/1350
f 789/1496/1459 650/1495/1458 783/1501/1464
f 783/1501/1464 650/1495/1458 651/1502/1465
f 783/1501/1464 651/1502/1465 777/1503/1466
f 777/1503/1466 651/1502/1465 652/1504/1467
f 777/1503/1466 652/1504/1467 771/1505/1468
f 771/1505/1468 652/1504/1467 653/1506/1469
f 771/1505/1468 653/1506/1469 765/1507/1470
f 765/1507/1470 653/1506/1469 654/1508/1471
f 765/1507/1470 654/1508/1471 759/1509/1472
f 759/1509/1472 654/1508/1471 655/1510/1473
f 759/1509/1472 655/1510/1473 753/1343/1306
f 753/1343/1306 655/1510/1473 656/1341/1304
f 700/1326/1289 663/1328/1291 695/1511/1474
f 695/1511/1474 663/1328/1291 664/1512/1475
f 695/1511/1474 664/1512/1475 689/1513/1476
f 689/1513/1476 664/1512/1475 665/1514/1477
f 689/1513/1476 665/1514/1477 683/1515/1478
f 683/1515/1478 665/1514/1477 666/1516/1479
f 683/1515/1478 666/1516/1479 677/1292/1255
f 677/1292/1255 666/1516/1479 667/1290/1253
f 674/1300/1263 672/1302/1265 680/1517/1480
f 680/1517/1480 672/1302/1265 673/1304/1267
f 680/1517/1480 673/1304/1267 686/1518/1481
f 686/1518/1481 673/1304/1267 685/1519/1482
f 686/1518/1481 685/1519/1482 692/1520/1483
f 692/1520/1483 685/1519/1482 691/1521/1484
f 692/1520/1483 691/1521/1484 703/1320/1283
f 703/1320/1283 691/1521/1484 704/1318/1281
f 675/1296/1259 674/1300/1263 681/1522/1485
f 681/1522/1485 674/1300/1263 680/1517/1480
f 681/1522/1485 680/1517/1480 687/1523/1486
f 687/1523/1486 680/1517/1480 686/1518/1481
f 687/1523/1486 686/1518/1481 693/1524/1487
f 693/1524/1487 686/1518/1481 692/1520/1483
f 693/1524/1487 692/1520/1483 702/1322/1285
f 702/1322/1285 692/1520/1483 703/1320/1283
f 683/1515/1478 677/1292/1255 676/1294/1257
f 676/1294/1257 675/1296/1259 682/1525/1488
f 682/1525/1488 675/1296/1259 681/1522/1485
f 682/1525/1488 681/1522/1485 688/1526/1489
f 688/1526/1489 681/1522/1485 687/1523/1486
f 688/1526/1489 687/1523/1486 694/1527/1490
f 694/1527/1490 687/1523/1486 693/1524/1487
f 694/1527/1490 693/1524/1487 701/1324/1287
f 701/1324/1287 693/1524/1487 702/1322/1285
f 685/1519/1482 673/1304/1267 679/1306/1269
f 689/1513/1476 683/1515/1478 682/1525/1488
f 682/1525/1488 683/1515/1478 676/1294/1257
f 689/1513/1476 682/1525/1488 688/1526/1489
f 691/1521/1484 685/1519/1482 684/1312/1275
f 684/1312/1275 685/1519/1482 679/1306/1269
f 695/1511/1474 689/1513/1476 688/1526/1489
f 695/1511/1474 688/1526/1489 694/1527/1490
f 704/1318/1281 691/1521/1484 690/1314/1277
f 690/1314/1277 691/1521/1484 684/1312/1275
f 705/1316/1279 704/1318/1281 690/1314/1277
f 700/1326/1289 695/1511/1474 694/1527/1490
f 700/1326/1289 694/1527/1490 701/1324/1287
f 668/1317/1280 707/1358/1321 696/1319/1282
f 696/1319/1282 707/1358/1321 708/1528/1491
f 696/1319/1282 708/1528/1491 697/1321/1284
f 697/1321/1284 708/1528/1491 709/1529/1492
f 697/1321/1284 709/1529/1492 698/1323/1286
f 698/1323/1286 709/1529/1492 710/1530/1493
f 698/1323/1286 710/1530/1493 699/1325/1288
f 699/1325/1288 710/1530/1493 711/1330/1293
f 699/1325/1288 711/1330/1293 669/1327/1290
f 707/1358/1321 714/1360/1323 708/1528/1491
f 708/1528/1491 714/1360/1323 715/1531/1494
f 708/1528/1491 715/1531/1494 709/1529/1492
f 709/1529/1492 715/1531/1494 716/1532/1495
f 709/1529/1492 716/1532/1495 710/1530/1493
f 710/1530/1493 716/1532/1495 717/1332/1295
f 710/1530/1493 717/1332/1295 711/1330/1293
f 714/1360/1323 721/1362/1325 715/1531/1494
f 715/1531/1494 721/1362/1325 722/1533/1496
f 715/1531/1494 722/1533/1496 716/1532/1495
f 716/1532/1495 722/1533/1496 723/1334/1297
f 716/1532/1495 723/1334/1297 717/1332/1295
f 729/1336/1299 723/1334/1297 722/1533/1496
f 729/1336/1299 722/1533/1496 728/1364/1327
f 728/1364/1327 722/1533/1496 721/1362/1325
f 735/1338/1301 729/1336/1299 728/1364/1327
f 749/1351/1314 748/1353/1316 755/1534/1497
f 755/1534/1497 748/1353/1316 754/1387/1350
f 755/1534/1497 754/1387/1350 761/1500/1463
f 750/1349/1312 749/1351/1314 756/1535/1498
f 756/1535/1498 749/1351/1314 755/1534/1497
f 756/1535/1498 755/1534/1497 762/1536/1499
f 762/1536/1499 755/1534/1497 761/1500/1463
f 762/1536/1499 761/1500/1463 768/1499/1462
f 751/1347/1310 750/1349/1312 757/1537/1500
f 757/1537/1500 750/1349/1312 756/1535/1498
f 757/1537/1500 756/1535/1498 763/1538/1501
f 763/1538/1501 756/1535/1498 762/1536/1499
f 763/1538/1501 762/1536/1499 769/1539/1502
f 769/1539/1502 762/1536/1499 768/1499/1462
f 769/1539/1502 768/1499/1462 775/1498/1461
f 759/1509/1472 753/1343/1306 752/1345/1308
f 752/1345/1308 751/1347/1310 758/1540/1503
f 758/1540/1503 751/1347/1310 757/1537/1500
f 758/1540/1503 757/1537/1500 764/1541/1504
f 764/1541/1504 757/1537/1500 763/1538/1501
f 764/1541/1504 763/1538/1501 770/1542/1505
f 770/1542/1505 763/1538/1501 769/1539/1502
f 770/1542/1505 769/1539/1502 776/1543/1506
f 776/1543/1506 769/1539/1502 775/1498/1461
f 776/1543/1506 775/1498/1461 782/1497/1460
f 765/1507/1470 759/1509/1472 758/1540/1503
f 758/1540/1503 759/1509/1472 752/1345/1308
f 765/1507/1470 758/1540/1503 764/1541/1504
f 771/1505/1468 765/1507/1470 764/1541/1504
f 771/1505/1468 764/1541/1504 770/1542/1505
f 777/1503/1466 771/1505/1468 770/1542/1505
f 777/1503/1466 770/1542/1505 776/1543/1506
f 783/1501/1464 777/1503/1466 776/1543/1506
f 783/1501/1464 776/1543/1506 782/1497/1460
f 789/1496/1459 783/1501/1464 782/1497/1460
f 796/1401/1364 802/1403/1366 803/1463/1426
f 803/1463/1426 802/1403/1366 809/1544/1507
f 803/1463/1426 809/1544/1507 810/1461/1424
f 810/1461/1424 809/1544/1507 816/1545/1508
f 810/1461/1424 816/1545/1508 817/1459/1422
f 817/1459/1422 816/1545/1508 823/1546/1509
f 817/1459/1422 823/1546/1509 824/1457/1420
f 824/1457/1420 823/1546/1509 830/1547/1510
f 824/1457/1420 830/1547/1510 831/1455/1418
f 831/1455/1418 830/1547/1510 838/1453/1416
f 802/1403/1366 808/1405/1368 809/1544/1507
f 809/1544/1507 808/1405/1368 815/1548/1511
f 809/1544/1507 815/1548/1511 816/1545/1508
f 816/1545/1508 815/1548/1511 822/1549/1512
f 816/1545/1508 822/1549/1512 823/1546/1509
f 823/1546/1509 822/1549/1512 829/1550/1513
f 823/1546/1509 829/1550/1513 830/1547/1510
f 830/1547/1510 829/1550/1513 839/1551/1514
f 830/1547/1510 839/1551/1514 838/1453/1416
f 838/1453/1416 839/1551/1514 837/1451/1414
f 808/1405/1368 814/1407/1370 815/1548/1511
f 815/1548/1511 814/1407/1370 821/1552/1515
f 815/1548/1511 821/1552/1515 822/1549/1512
f 822/1549/1512 821/1552/1515 828/1553/1516
f 822/1549/1512 828/1553/1516 829/1550/1513
f 829/1550/1513 828/1553/1516 840/1554/1517
f 829/1550/1513 840/1554/1517 839/1551/1514
f 839/1551/1514 840/1554/1517 836/1555/1518
f 839/1551/1514 836/1555/1518 837/1451/1414
f 837/1451/1414 836/1555/1518 849/1449/1412
f 814/1407/1370 820/1409/1372 821/1552/1515
f 821/1552/1515 820/1409/1372 827/1556/1519
f 821/1552/1515 827/1556/1519 828/1553/1516
f 828/1553/1516 827/1556/1519 841/1557/1520
f 828/1553/1516 841/1557/1520 840/1554/1517
f 840/1554/1517 841/1557/1520 835/1558/1521
f 840/1554/1517 835/1558/1521 836/1555/1518
f 836/1555/1518 835/1558/1521 848/1559/1522
f 836/1555/1518 848/1559/1522 849/1449/1412
f 849/1449/1412 848/1559/1522 855/1447/1410
f 820/1409/1372 826/1411/1374 827/1556/1519
f 827/1556/1519 826/1411/1374 842/1560/1523
f 827/1556/1519 842/1560/1523 841/1557/1520
f 841/1557/1520 842/1560/1523 834/1561/1524
f 841/1557/1520 834/1561/1524 835/1558/1521
f 835/1558/1521 834/1561/1524 847/1562/1525
f 835/1558/1521 847/1562/1525 848/1559/1522
f 848/1559/1522 847/1562/1525 854/1563/1526
f 848/1559/1522 854/1563/1526 855/1447/1410
f 855/1447/1410 854/1563/1526 860/1445/1408
f 843/1413/1376 833/1415/1378 842/1560/1523
f 842/1560/1523 833/1415/1378 834/1561/1524
f 847/1562/1525 834/1561/1524 846/1417/1380
f 846/1417/1380 834/1561/1524 833/1415/1378
f 826/1411/1374 843/1413/1376 842/1560/1523
f 854/1563/1526 847/1562/1525 853/1419/1382
f 853/1419/1382 847/1562/1525 846/1417/1380
f 860/1445/1408 854/1563/1526 859/1421/1384
f 859/1421/1384 854/1563/1526 853/1419/1382
f 863/1423/1386 860/1445/1408 859/1421/1384
f 638/1564/1527 637/1565/1528 553/1566/1529
f 553/1566/1529 637/1565/1528 636/1567/1530
f 553/1566/1529 636/1567/1530 120/1568/1531
f 120/1568/1531 636/1567/1530 635/1569/1532
f 120/1568/1531 635/1569/1532 634/1570/1533
f 120/1568/1531 634/1570/1533 121/1571/1534
f 121/1571/1534 634/1570/1533 633/1572/1535
f 121/1571/1534 633/1572/1535 628/1573/1536
f 628/1573/1536 633/1572/1535 632/1574/1537
f 628/1573/1536 632/1574/1537 631/1575/1538
f 631/1575/1538 630/1576/1539 628/1573/1536
f 628/1573/1536 630/1576/1539 629/1577/1540
f 597/1578/1541 596/1579/1542 598/1580/1543
f 598/1580/1543 596/1579/1542 595/1581/1544
f 598/1580/1543 595/1581/1544 594/1582/1545
f 594/1582/1545 593/1583/1546 598/1580/1543
f 598/1580/1543 593/1583/1546 238/1584/1547
f 238/1584/1547 593/1583/1546 592/1585/1548
f 238/1584/1547 592/1585/1548 239/1586/1549
f 239/1586/1549 592/1585/1548 591/1587/1550
f 239/1586/1549 591/1587/1550 590/1588/1551
f 239/1586/1549 590/1588/1551 515/1589/1552
f 515/1589/1552 590/1588/1551 589/1590/1553
f 515/1589/1552 589/1590/1553 588/1591/1554
f 628/1592/1405 627/1593/1400 121/1594/1555
f 121/1594/1555 627/1593/1400 626/1595/1395
f 121/1594/1555 626/1595/1395 625/1596/1389
f 625/1596/1389 624/1597/1375 121/1594/1555
f 121/1594/1555 624/1597/1375 623/1598/1373
f 121/1594/1555 623/1598/1373 622/1599/1371
f 121/1594/1555 622/1599/1371 122/1600/1556
f 122/1600/1556 622/1599/1371 621/1601/1369
f 122/1600/1556 621/1601/1369 620/1602/1367
f 620/1602/1367 619/1603/1365 122/1600/1556
f 122/1600/1556 619/1603/1365 618/1604/1363
f 122/1600/1556 618/1604/1363 617/1605/1361
f 617/1605/1361 616/1606/1359 122/1600/1556
f 122/1600/1556 616/1606/1359 615/1607/1357
f 122/1600/1556 615/1607/1357 614/1608/1355
f 614/1608/1355 613/1609/1353 122/1600/1556
f 122/1600/1556 613/1609/1353 237/1610/1557
f 237/1610/1557 613/1609/1353 612/1611/1351
f 237/1610/1557 612/1611/1351 611/1612/1318
f 611/1612/1318 610/1613/1317 237/1610/1557
f 237/1610/1557 610/1613/1317 609/1614/1349
f 237/1610/1557 609/1614/1349 608/1615/1347
f 608/1615/1347 607/1616/1344 237/1610/1557
f 237/1610/1557 607/1616/1344 606/1617/1340
f 237/1610/1557 606/1617/1340 605/1618/1335
f 605/1618/1335 604/1619/1329 237/1610/1557
f 237/1610/1557 604/1619/1329 238/1620/1558
f 238/1620/1558 604/1619/1329 603/1621/1319
f 238/1620/1558 603/1621/1319 602/1622/1278
f 602/1622/1278 601/1623/1276 238/1620/1558
f 238/1620/1558 601/1623/1276 600/1624/1271
f 238/1620/1558 600/1624/1271 599/1625/1270
f 599/1625/1270 598/1626/1274 238/1620/1558
f 868/1627/1559 864/1628/1560 253/1629/1561
f 253/1629/1561 864/1628/1560 865/1630/1562
f 253/1629/1561 865/1630/1562 866/1631/1563
f 252/1632/1564 867/1633/1565 253/1629/1561
f 253/1629/1561 867/1633/1565 868/1627/1559
f 262/1634/1566 869/1635/1567 263/1636/1568
f 263/1636/1568 869/1635/1567 870/1637/1569
f 263/1636/1568 870/1637/1569 871/1638/1570
f 871/1638/1570 872/1639/1571 263/1636/1568
f 263/1636/1568 872/1639/1571 873/1640/1572
f 21/1641/1573 229/1642/1574 22/1643/1575
f 22/1643/1575 229/1642/1574 228/1644/1576
f 71/1645/1577 70/1646/1578 130/1647/1579
f 130/1647/1579 70/1646/1578 76/1648/1580
f 129/1649/1581 261/1650/1582 72/1651/1583
f 72/1651/1583 261/1650/1582 260/1652/1584
f 72/1651/1583 260/1652/1584 873/1653/1585
f 873/1653/1585 260/1652/1584 264/1654/1586
f 873/1653/1585 264/1654/1586 263/1655/1587
f 72/1651/1583 71/1656/1588 129/1649/1581
f 129/1649/1581 71/1656/1588 130/1657/1589
f 236/1658/1590 123/1659/1591 237/1660/1592
f 237/1660/1592 123/1659/1591 122/1661/1593
f 864/1662/1594 665/1663/1595 865/1664/1596
f 865/1664/1596 665/1663/1595 664/1665/1597
f 865/1664/1596 664/1665/1597 663/1666/1598
f 515/1667/1599 588/1668/1600 864/1662/1594
f 864/1662/1594 588/1668/1600 667/1669/1601
f 864/1662/1594 667/1669/1601 666/1670/1602
f 666/1670/1602 665/1663/1595 864/1662/1594
f 663/1666/1598 662/1671/1603 865/1664/1596
f 865/1664/1596 662/1671/1603 661/1672/1604
f 865/1664/1596 661/1672/1604 660/1673/1605
f 660/1673/1605 659/1674/1606 865/1664/1596
f 865/1664/1596 659/1674/1606 658/1675/1607
f 865/1664/1596 658/1675/1607 657/1676/1608
f 657/1676/1608 656/1677/1609 865/1664/1596
f 865/1664/1596 656/1677/1609 655/1678/1610
f 865/1664/1596 655/1678/1610 654/1679/1611
f 654/1679/1611 653/1680/1612 865/1664/1596
f 865/1664/1596 653/1680/1612 869/1681/1613
f 865/1664/1596 869/1681/1613 236/1682/1614
f 236/1682/1614 869/1681/1613 123/1683/1615
f 123/1683/1615 869/1681/1613 124/1684/1616
f 653/1680/1612 652/1685/1617 869/1681/1613
f 869/1681/1613 652/1685/1617 651/1686/1618
f 869/1681/1613 651/1686/1618 650/1687/1619
f 650/1687/1619 649/1688/1620 869/1681/1613
f 869/1681/1613 649/1688/1620 648/1689/1621
f 869/1681/1613 648/1689/1621 647/1690/1622
f 647/1690/1622 646/1691/1623 869/1681/1613
f 869/1681/1613 646/1691/1623 645/1692/1624
f 869/1681/1613 645/1692/1624 644/1693/1625
f 644/1693/1625 643/1694/1626 869/1681/1613
f 869/1681/1613 643/1694/1626 642/1695/1627
f 869/1681/1613 642/1695/1627 641/1696/1628
f 869/1681/1613 641/1696/1628 870/1697/1629
f 870/1697/1629 641/1696/1628 640/1698/1630
f 870/1697/1629 640/1698/1630 639/1699/1631
f 639/1699/1631 638/1700/1632 870/1697/1629
f 870/1697/1629 638/1700/1632 553/1701/1633
f 236/1682/1614 235/1702/1634 865/1664/1596
f 582/1703/1635 581/1704/1636 875/1705/1637
f 875/1705/1637 581/1704/1636 874/1706/1638
f 875/1707/1639 876/1708/1640 582/1709/1641
f 582/1709/1641 876/1708/1640 583/1710/1642
f 579/1711/1643 872/1712/1644 572/1713/1645
f 572/1713/1645 872/1712/1644 871/1714/1646
f 572/1713/1645 871/1714/1646 573/1715/1647
f 877/1716/1648 878/1717/1649 579/1711/1643
f 579/1711/1643 878/1717/1649 872/1712/1644
f 581/1718/1650 506/1719/1651 874/1720/1652
f 874/1720/1652 506/1719/1651 507/1721/1653
f 874/1720/1652 507/1721/1653 73/1722/1654
f 874/1720/1652 73/1722/1654 878/1723/1655
f 878/1723/1655 73/1722/1654 72/1724/1656
f 878/1723/1655 72/1724/1656 873/1725/1657
f 873/1725/1657 872/1726/1658 878/1723/1655
f 575/1727/1659 868/1728/1660 576/1729/1661
f 576/1729/1661 868/1728/1660 867/1730/1662
f 576/1729/1661 867/1730/1662 578/1731/1663
f 578/1731/1663 867/1730/1662 879/1732/1664
f 578/1731/1663 879/1732/1664 880/1733/1665
f 864/1734/1666 868/1735/1667 515/1736/1668
f 515/1736/1668 868/1735/1667 575/1737/1669
f 515/1736/1668 575/1737/1669 578/1738/1670
f 578/1738/1670 575/1737/1669 577/1739/1671
f 880/1740/1672 516/1741/1673 578/1738/1670
f 578/1738/1670 516/1741/1673 515/1736/1668
f 586/1742/1674 881/1743/1675 587/1744/1676
f 587/1744/1676 881/1743/1675 882/1745/1677
f 867/1746/1678 252/1747/1679 879/1748/1680
f 879/1748/1680 252/1747/1679 20/1749/1681
f 879/1748/1680 20/1749/1681 19/1750/1682
f 879/1748/1680 19/1750/1682 882/1751/1683
f 882/1751/1683 19/1750/1682 505/1752/1684
f 882/1751/1683 505/1752/1684 504/1753/1685
f 504/1753/1685 587/1754/1686 882/1751/1683
f 877/1755/1687 579/1756/1688 552/1757/1689
f 552/1757/1689 579/1756/1688 553/1758/1690
f 553/1758/1690 579/1756/1688 573/1759/1691
f 553/1758/1690 573/1759/1691 871/1760/1692
f 579/1756/1688 574/1761/1693 573/1759/1691
f 871/1760/1692 870/1762/1694 553/1758/1690
f 881/1763/1695 586/1764/1696 883/1765/1697
f 883/1765/1697 586/1764/1696 585/1766/1698
f 583/1767/1699 876/1768/1700 580/1769/1701
f 580/1769/1701 876/1768/1700 884/1770/1702
f 875/1771/1703 877/1772/1704 876/1773/1705
f 876/1773/1705 877/1772/1704 552/1774/1706
f 876/1773/1705 552/1774/1706 551/1775/1707
f 875/1771/1703 874/1776/1708 877/1772/1704
f 877/1772/1704 874/1776/1708 878/1777/1709
f 551/1775/1707 884/1778/1710 876/1773/1705
f 580/1779/1711 884/1780/1712 550/1781/1713
f 550/1781/1713 884/1780/1712 551/1782/1714
f 518/1783/1715 517/1784/1716 584/1785/1717
f 584/1785/1717 517/1784/1716 885/1786/1718
f 883/1787/1719 585/1788/1720 885/1789/1721
f 885/1789/1721 585/1788/1720 584/1790/1722
f 517/1791/1723 516/1792/1724 883/1793/1725
f 883/1793/1725 516/1792/1724 880/1794/1726
f 883/1793/1725 880/1794/1726 881/1795/1727
f 881/1795/1727 880/1794/1726 882/1796/1728
f 882/1796/1728 880/1794/1726 879/1797/1729
f 883/1793/1725 885/1798/1730 517/1791/1723
f 233/1799/1731 249/1800/1732 234/1801/1733
f 234/1801/1733 249/1800/1732 248/1802/1734
f 234/1801/1733 248/1802/1734 866/1803/1735
f 866/1803/1735 248/1802/1734 254/1804/1736
f 866/1803/1735 254/1804/1736 253/1805/1737
f 251/1806/1738 254/1807/1739 246/1808/1740
f 246/1808/1740 254/1807/1739 248/1809/1741
f 249/1810/1742 233/1811/1743 247/1812/1744
f 247/1812/1744 233/1811/1743 232/1813/1745
f 257/1814/1746 259/1815/1747 260/1816/1748
f 260/1816/1748 259/1815/1747 264/1817/1749
f 261/1818/1750 129/1819/1751 255/1820/1752
f 255/1820/1752 129/1819/1751 128/1821/1753
f 262/1822/1754 125/1823/1755 869/1824/1756
f 869/1824/1756 125/1823/1755 124/1825/1757
f 18/1826/1758 505/1827/1759 19/1828/1760
f 234/1829/1761 866/1830/1762 235/1831/1763
f 235/1831/1763 866/1830/1762 865/1832/1764
# 885 vertices
# 1832 texture params
# 1764 normals
# 1778 facets

# 1 groups
